path;offset;bytes;extract
ai/000.bin;0x151B6;34 53 5F 00;湖の巫女 リアン
ai/000.bin;0x151B6;DC A5 CF 01;  クインテットウォール : %d/%d枚
ai/000.bin;0x151B6;51 5B 2F 06;ヘキサゴナル・メイガス
ai/000.bin;0x151B6;18 51 8C 06;深淵の海賊王 ブルーハート
ai/000.bin;0x151B6;DD 9F CC 07;蒼嵐竜 メイルストローム
ai/000.bin;0x151B6;8D 9F AA 08;  シールドの要求値 : 
ai/000.bin;0x151B6;99 38 0E 09;エメラルドウィッチ ララ
ai/000.bin;0x151B6;76 AE E0 09;ドラゴニック・オーバーロード “The Яe-birth”
ai/000.bin;0x151B6;02 DC 8B 0D;モーント・ブラウクリューガー
ai/000.bin;0x151B6;B1 2D 5D 0E;  対象のパワー : %d(%d)%s
ai/000.bin;0x151B6;24 A1 3B 11;ライジング・ライオネット
ai/000.bin;0x151B6;CA 98 65 11;神界獣 フェンリル
ai/000.bin;0x151B6;2F 96 22 12;ダンシング・ウルフ
ai/000.bin;0x151B6;2F CE 1C 13;花占いの女神 サクヤ
ai/000.bin;0x151B6;9F 3C 4E 15; + %d
ai/000.bin;0x151B6;24 7A 2C 18;希望の火 エルモ
ai/000.bin;0x151B6;26 7B 30 1A;ネコ執事
ai/000.bin;0x151B6;8D 20 89 1A;AI未設定 : %s %d
ai/000.bin;0x151B6;53 C3 3F 1B;戦場の歌姫 オルティア
ai/000.bin;0x151B6;95 31 10 1D;封竜 カルゼ
ai/000.bin;0x151B6;C0 17 EB 1D;マジェスティ・ロードブラスター
ai/000.bin;0x151B6;49 58 50 21;次元ロボ ダイジェット
ai/000.bin;0x151B6;8E BC BB 21;  シールドの目標値 : 
ai/000.bin;0x151B6;00 8C ED 21;みるびる
ai/000.bin;0x151B6;50 41 74 23;希望の子 トゥルエル
ai/000.bin;0x151B6;39 5F 97 27;新鋭の騎士 ダヴィド
ai/000.bin;0x151B6;BE 51 F9 27;餓竜 バトルレックス
ai/000.bin;0x151B6;F7 2E E0 29;～%d
ai/000.bin;0x151B6;A6 8F 2A 2A;喧嘩屋 ファイティング・ドラコキッド
ai/000.bin;0x151B6;44 62 0C 2D;無音の射手 コンダクタンス
ai/000.bin;0x151B6;14 30 63 2D;!!!! AI ERROR !!!!\n  
ai/000.bin;0x151B6;9D D8 DB 30;オラクルガーディアン シーサー
ai/000.bin;0x151B6;68 C9 B9 31;ドリーミング・ドラゴン
ai/000.bin;0x151B6;EE 81 9E 32;豪腕拿捕の巨人兵
ai/000.bin;0x151B6;C5 4D EE 32;ブラスター・ダーク “Diablo”
ai/000.bin;0x151B6;F1 28 16 33;枚しか選んでいない
ai/000.bin;0x151B6;BC 1F 35 33;  ブースター : %s
ai/000.bin;0x151B6;0F 84 8F 33;月光の魔女 ヴァハ
ai/000.bin;0x151B6;B8 BC F2 37;伏魔忍鬼 カガミジシ
ai/000.bin;0x151B6;6E 42 D6 38;AI(%d) : アタック情報
ai/000.bin;0x151B6;B3 AD 45 3A;ブラスター
ai/000.bin;0x151B6;5F 07 F5 3E;選択の魔女 エリウ
ai/000.bin;0x151B6;2B 9E 47 42;秘薬の魔女 アリアンロッド
ai/000.bin;0x151B6;03 D4 54 45; ヒットされない
ai/000.bin;0x151B6;2D 3A A7 45;AI(%d) : ガードステップ情報
ai/000.bin;0x151B6;2C A5 7B 4D;枚選択する必要があるが、
ai/000.bin;0x151B6;9F A5 E0 4F;ＣＥＯ アマテラス
ai/000.bin;0x151B6;3A D0 5B 51;メッチャバトラー ビクトール
ai/000.bin;0x151B6;A6 11 33 52;暗黒竜 ファントム・ブラスター “Diablo”
ai/000.bin;0x151B6;72 A4 48 52;マグナム・アサルト
ai/000.bin;0x151B6;A2 CA 0A 55;士官候補生 アンドレイ
ai/000.bin;0x151B6;3C E0 6F 55;ドラゴニック・オーバーロード
ai/000.bin;0x151B6;B6 EB DA 55;蒼嵐水将 デスピナ
ai/000.bin;0x151B6;DE C1 45 56;解放者
ai/000.bin;0x151B6;F7 6D 78 57;スタンプ・ラッコ
ai/000.bin;0x151B6;3C 63 E3 57;髑髏の魔女 ネヴァン
ai/000.bin;0x151B6;C5 AF 0D 60;真紅の伝承 メタトロン
ai/000.bin;0x151B6;75 87 53 62;変革の騎士 ラディナス
ai/000.bin;0x151B6;29 1A 85 62;メイデン・オブ・ドリーミングアロマ
ai/000.bin;0x151B6;47 87 68 63;AI(%d) : 思考時間 %.3f秒 (行動カテゴリ:%d)
ai/000.bin;0x151B6;55 C8 81 63;  完全ガード : %d/%d枚
ai/000.bin;0x151B6;42 D7 DA 63;  ガーディアン候補
ai/000.bin;0x151B6;93 11 EA 68;ブルースケイル・ディアー
ai/000.bin;0x151B6;33 8E E7 69;Duo 理想の妹 メーア
ai/000.bin;0x151B6;B0 4A D0 6A;カラミティタワー・ワイバーン
ai/000.bin;0x151B6;E8 83 60 6B;デアデビル・サムラーイ
ai/000.bin;0x151B6;4B D4 AE 6B;  合計シールド : 
ai/000.bin;0x151B6;DC 4C 2C 6E;立春の花乙姫 プリマヴェーラ
ai/000.bin;0x151B6;88 DD 98 6F;フォートレス・アンモナイト
ai/000.bin;0x151B6;11 E8 1D 70;神託の女王 ヒミコ
ai/000.bin;0x151B6;E4 FB 3C 72;蒼嵐候補生 アノス
ai/000.bin;0x151B6;BF 35 68 72;タイダル・アサルト
ai/000.bin;0x151B6;29 EF C2 73;  対象(%d) : %s
ai/000.bin;0x151B6;5A 1C 38 7C;宝石騎士 ぷりずみー
ai/000.bin;0x151B6;7C 3A 8B 81;解放者 バーニング・ブロー
ai/000.bin;0x151B6;E1 95 2F 85;聖棍の探索者 オクタウィウス
ai/000.bin;0x151B6;DA 63 6D 85;次元ロボ ダイブレイブ
ai/000.bin;0x151B6;46 DE 4B 88;ダークメタル・ドラゴン
ai/000.bin;0x151B6;6A D5 6E 8A;カタナライザー
ai/000.bin;0x151B6;D1 DD 00 8D;ダーク・キャット
ai/000.bin;0x151B6;A0 D8 63 8D;大宇宙勇機 グランギャロップ
ai/000.bin;0x151B6;1F 10 24 8F;上
ai/000.bin;0x151B6;6C E6 93 8F;真黒の賢者 カロン
ai/000.bin;0x151B6;5D 93 52 90;木漏れ日の貴婦人
ai/000.bin;0x151B6;BB E2 E9 90;永劫不敗 アシュラ・カイザー
ai/000.bin;0x151B6;E1 26 37 94;魔竜戦鬼 チャトゥラ
ai/000.bin;0x151B6;6A 0F 95 94;  アタッカーのパワー : %d(%d)
ai/000.bin;0x151B6;7F BB 35 95;覇天皇竜 ドラゴニック・オーバーロード “The Ace”
ai/000.bin;0x151B6;E1 3B 61 98;猛将 ザカリー
ai/000.bin;0x151B6;17 6F DB 98;ドラゴンモンク ゴジョー
ai/000.bin;0x151B6;0C DD 47 9B;バトルシスター ぱるふぇ
ai/000.bin;0x151B6;1A 2D D2 9C;マイスガード フォーマルハウト
ai/000.bin;0x151B6;CA 30 36 9F;指揮官 ゲイリー・ギャノン
ai/000.bin;0x151B6;69 08 3B A2;蒼波竜 テトラドライブ・ドラゴン
ai/000.bin;0x151B6;F1 51 AA A2;スチームファイター バリフ
ai/000.bin;0x151B6;A4 F3 D7 A7;  アタッカーのクリティカル : %d
ai/000.bin;0x151B6;BD FD F6 A7;メチャバトラー ランボール
ai/000.bin;0x151B6;43 39 46 AB;蒼嵐水将 スピロス
ai/000.bin;0x151B6;37 A8 35 AC;ペタル・フェアリー
ai/000.bin;0x151B6;9F 77 42 AC;フレアウィップ・ドラゴン
ai/000.bin;0x151B6;DC 8C AB AC;炎の吐息 キャリー
ai/000.bin;0x151B6;A3 70 B0 B3;撃退者 ブラッドマスター
ai/000.bin;0x151B6;39 6A 36 B5;超鋼闘機 ヘヴィデューク
ai/000.bin;0x151B6;F7 48 21 B9;ドラゴンナイト ジャラール
ai/000.bin;0x151B6;4D 11 72 B9;グラスビーズ・ドラゴン
ai/000.bin;0x151B6;88 EF 6D BC;イニグマン・トルネード
ai/000.bin;0x151B6;7F 60 32 BD;お天気お姉さん らむね
ai/000.bin;0x151B6;ED F8 CC BD;ファイナル・レンチ
ai/000.bin;0x151B6;11 9F 48 BE;修羅忍竜 ダラニコンゴウ
ai/000.bin;0x151B6;1D 17 4A BF;スターライト・ヘッジホッグ
ai/000.bin;0x151B6;CF AA 4F C1;煉獄竜 ドラゴニック・ネオフレイム
ai/000.bin;0x151B6;7C 17 CE C1;ラナンキュラスの花乙女 アーシャ
ai/000.bin;0x151B6;32 A7 9C C5;カップルダガー・セイラー
ai/000.bin;0x151B6;15 6E A2 C8;ウィステリアナイト
ai/000.bin;0x151B6;90 9C 38 CB;ドローイング・ドレッド
ai/000.bin;0x151B6;AB 51 A7 CB;AI(%d) : レシピ (フラグ:%08x)
ai/000.bin;0x151B6;D8 71 CC CE;ラック・バード
ai/000.bin;0x151B6;74 62 BC D2;フィールド・ドリラー
ai/000.bin;0x151B6;D7 DA C1 D6;AI(%d) : 思考開始 (行動カテゴリ:%d)
ai/000.bin;0x151B6;04 75 4F D7;蒼嵐兵 ラスカル・スイーパー
ai/000.bin;0x151B6;D3 27 A4 D7;ドラゴンナイト ネシャート
ai/000.bin;0x151B6;7C 46 0A D9;忍竜 ドレッドマスター
ai/000.bin;0x151B6;E2 CC 7C D9;エクスカルペイト・ザ・ブラスター
ai/000.bin;0x151B6;6B 1D DB DC;マシニング・モスキート mkⅡ
ai/000.bin;0x151B6;69 E8 61 E1;オーバーロード
ai/000.bin;0x151B6;7D 1F 65 E6;獣神 ナイトジャッカル
ai/000.bin;0x151B6;51 EB 60 E7;メイデン・オブ・レインボーウッド
ai/000.bin;0x151B6;57 CD 2E E8;    
ai/000.bin;0x151B6;19 BA 6C E8;時空竜 ミステリーフレア・ドラゴン
ai/000.bin;0x151B6;CC 1A C6 E8;AI未設定 : attrib = %s
ai/000.bin;0x151B6;DC 5C 61 E9;マシンガン・グロリア
ai/000.bin;0x151B6;83 A0 BD E9;ぐりんがる・探索者
ai/000.bin;0x151B6;39 17 8B F0;星空の解放者 ギネヴィア
ai/000.bin;0x151B6;4B 16 BE F0;鋭気の騎士 エクター
ai/000.bin;0x151B6;BF 43 2B F1;  アタッカー : %s
ai/000.bin;0x151B6;27 25 50 F1;ベアダウン・サムラーイ
ai/000.bin;0x151B6;FC BA BC F1;ドクドク・マッシュルーム
ai/000.bin;0x151B6;37 CA 90 F3;エッグ・ジャグラー
ai/000.bin;0x151B6;1B 60 84 F5;メイデン・オブ・ライブラ
ai/000.bin;0x151B6;FC B0 EB F6;清めの神器 ピュア・エンジェル
ai/000.bin;0x151B6;89 20 23 F8;下
ai/000.bin;0x151B6;DD 4C B3 F8;ターン開始 AI(%d)
ai/001.bin;0xE6B8;34 53 5F 00;湖の巫女 リアン
ai/001.bin;0xE6B8;DC A5 CF 01;  クインテットウォール : %d/%d枚
ai/001.bin;0xE6B8;51 5B 2F 06;ヘキサゴナル・メイガス
ai/001.bin;0xE6B8;DD 9F CC 07;蒼嵐竜 メイルストローム
ai/001.bin;0xE6B8;8D 9F AA 08;  シールドの要求値 : 
ai/001.bin;0xE6B8;76 AE E0 09;ドラゴニック・オーバーロード “The Яe-birth”
ai/001.bin;0xE6B8;02 DC 8B 0D;モーント・ブラウクリューガー
ai/001.bin;0xE6B8;B1 2D 5D 0E;  対象のパワー : %d(%d)%s
ai/001.bin;0xE6B8;24 A1 3B 11;ライジング・ライオネット
ai/001.bin;0xE6B8;CA 98 65 11;神界獣 フェンリル
ai/001.bin;0xE6B8;2F 96 22 12;ダンシング・ウルフ
ai/001.bin;0xE6B8;2F CE 1C 13;花占いの女神 サクヤ
ai/001.bin;0xE6B8;9F 3C 4E 15; + %d
ai/001.bin;0xE6B8;26 7B 30 1A;ネコ執事
ai/001.bin;0xE6B8;8D 20 89 1A;AI未設定 : %s %d
ai/001.bin;0xE6B8;C0 17 EB 1D;マジェスティ・ロードブラスター
ai/001.bin;0xE6B8;49 58 50 21;次元ロボ ダイジェット
ai/001.bin;0xE6B8;8E BC BB 21;  シールドの目標値 : 
ai/001.bin;0xE6B8;00 8C ED 21;みるびる
ai/001.bin;0xE6B8;50 41 74 23;希望の子 トゥルエル
ai/001.bin;0xE6B8;39 5F 97 27;新鋭の騎士 ダヴィド
ai/001.bin;0xE6B8;BE 51 F9 27;餓竜 バトルレックス
ai/001.bin;0xE6B8;F7 2E E0 29;～%d
ai/001.bin;0xE6B8;A6 8F 2A 2A;喧嘩屋 ファイティング・ドラコキッド
ai/001.bin;0xE6B8;CC 14 9E 2B;世界樹の巫女 エレイン
ai/001.bin;0xE6B8;44 62 0C 2D;無音の射手 コンダクタンス
ai/001.bin;0xE6B8;14 30 63 2D;!!!! AI ERROR !!!!\n  
ai/001.bin;0xE6B8;EE 81 9E 32;豪腕拿捕の巨人兵
ai/001.bin;0xE6B8;C5 4D EE 32;ブラスター・ダーク “Diablo”
ai/001.bin;0xE6B8;F1 28 16 33;枚しか選んでいない
ai/001.bin;0xE6B8;BC 1F 35 33;  ブースター : %s
ai/001.bin;0xE6B8;B8 BC F2 37;伏魔忍鬼 カガミジシ
ai/001.bin;0xE6B8;6E 42 D6 38;AI(%d) : アタック情報
ai/001.bin;0xE6B8;B3 AD 45 3A;ブラスター
ai/001.bin;0xE6B8;2A D7 66 43;スターライト・ユニコーン
ai/001.bin;0xE6B8;03 D4 54 45; ヒットされない
ai/001.bin;0xE6B8;2D 3A A7 45;AI(%d) : ガードステップ情報
ai/001.bin;0xE6B8;2C A5 7B 4D;枚選択する必要があるが、
ai/001.bin;0xE6B8;9F A5 E0 4F;ＣＥＯ アマテラス
ai/001.bin;0xE6B8;3A D0 5B 51;メッチャバトラー ビクトール
ai/001.bin;0xE6B8;A6 11 33 52;暗黒竜 ファントム・ブラスター “Diablo”
ai/001.bin;0xE6B8;3C E0 6F 55;ドラゴニック・オーバーロード
ai/001.bin;0xE6B8;DE C1 45 56;解放者
ai/001.bin;0xE6B8;F7 6D 78 57;スタンプ・ラッコ
ai/001.bin;0xE6B8;C5 AF 0D 60;真紅の伝承 メタトロン
ai/001.bin;0xE6B8;80 B0 30 62;竪琴の騎士 トリスタン
ai/001.bin;0xE6B8;75 87 53 62;変革の騎士 ラディナス
ai/001.bin;0xE6B8;47 87 68 63;AI(%d) : 思考時間 %.3f秒 (行動カテゴリ:%d)
ai/001.bin;0xE6B8;55 C8 81 63;  完全ガード : %d/%d枚
ai/001.bin;0xE6B8;42 D7 DA 63;  ガーディアン候補
ai/001.bin;0xE6B8;33 8E E7 69;Duo 理想の妹 メーア
ai/001.bin;0xE6B8;E8 83 60 6B;デアデビル・サムラーイ
ai/001.bin;0xE6B8;4B D4 AE 6B;  合計シールド : 
ai/001.bin;0xE6B8;DC 4C 2C 6E;立春の花乙姫 プリマヴェーラ
ai/001.bin;0xE6B8;11 E8 1D 70;神託の女王 ヒミコ
ai/001.bin;0xE6B8;34 2D 13 71;孤高の騎士 ガンスロッド
ai/001.bin;0xE6B8;E4 FB 3C 72;蒼嵐候補生 アノス
ai/001.bin;0xE6B8;29 EF C2 73;  対象(%d) : %s
ai/001.bin;0xE6B8;0F DA 93 75;武器商人 ゴヴァノン
ai/001.bin;0xE6B8;6E C1 EE 75;小さな賢者 マロン
ai/001.bin;0xE6B8;FA 66 76 77;薔薇の騎士 モルガーナ
ai/001.bin;0xE6B8;5A 1C 38 7C;宝石騎士 ぷりずみー
ai/001.bin;0xE6B8;7C 3A 8B 81;解放者 バーニング・ブロー
ai/001.bin;0xE6B8;E1 95 2F 85;聖棍の探索者 オクタウィウス
ai/001.bin;0xE6B8;DA 63 6D 85;次元ロボ ダイブレイブ
ai/001.bin;0xE6B8;C6 59 9B 86;ふろうがる
ai/001.bin;0xE6B8;46 DE 4B 88;ダークメタル・ドラゴン
ai/001.bin;0xE6B8;6A D5 6E 8A;カタナライザー
ai/001.bin;0xE6B8;A0 D8 63 8D;大宇宙勇機 グランギャロップ
ai/001.bin;0xE6B8;00 F9 E6 8E;盟約の騎士 ランドルフ
ai/001.bin;0xE6B8;1F 10 24 8F;上
ai/001.bin;0xE6B8;6C E6 93 8F;真黒の賢者 カロン
ai/001.bin;0xE6B8;BB E2 E9 90;永劫不敗 アシュラ・カイザー
ai/001.bin;0xE6B8;E1 26 37 94;魔竜戦鬼 チャトゥラ
ai/001.bin;0xE6B8;6A 0F 95 94;  アタッカーのパワー : %d(%d)
ai/001.bin;0xE6B8;7F BB 35 95;覇天皇竜 ドラゴニック・オーバーロード “The Ace”
ai/001.bin;0xE6B8;0C DD 47 9B;バトルシスター ぱるふぇ
ai/001.bin;0xE6B8;1A 2D D2 9C;マイスガード フォーマルハウト
ai/001.bin;0xE6B8;69 08 3B A2;蒼波竜 テトラドライブ・ドラゴン
ai/001.bin;0xE6B8;F1 51 AA A2;スチームファイター バリフ
ai/001.bin;0xE6B8;A4 F3 D7 A7;  アタッカーのクリティカル : %d
ai/001.bin;0xE6B8;BD FD F6 A7;メチャバトラー ランボール
ai/001.bin;0xE6B8;9F 77 42 AC;フレアウィップ・ドラゴン
ai/001.bin;0xE6B8;DD 1B C6 AC;スターダスト・トランペッター
ai/001.bin;0xE6B8;39 6A 36 B5;超鋼闘機 ヘヴィデューク
ai/001.bin;0xE6B8;F7 48 21 B9;ドラゴンナイト ジャラール
ai/001.bin;0xE6B8;A1 A1 07 BB;紅蓮の蝶 ブリジッド
ai/001.bin;0xE6B8;88 EF 6D BC;イニグマン・トルネード
ai/001.bin;0xE6B8;ED F8 CC BD;ファイナル・レンチ
ai/001.bin;0xE6B8;11 9F 48 BE;修羅忍竜 ダラニコンゴウ
ai/001.bin;0xE6B8;CF AA 4F C1;煉獄竜 ドラゴニック・ネオフレイム
ai/001.bin;0xE6B8;7C 17 CE C1;ラナンキュラスの花乙女 アーシャ
ai/001.bin;0xE6B8;15 6E A2 C8;ウィステリアナイト
ai/001.bin;0xE6B8;AB 51 A7 CB;AI(%d) : レシピ (フラグ:%08x)
ai/001.bin;0xE6B8;B0 72 E5 CB;ブラスター・ブレード
ai/001.bin;0xE6B8;9D 57 C2 D1;沈黙の騎士 ギャラティン
ai/001.bin;0xE6B8;D7 DA C1 D6;AI(%d) : 思考開始 (行動カテゴリ:%d)
ai/001.bin;0xE6B8;7C 46 0A D9;忍竜 ドレッドマスター
ai/001.bin;0xE6B8;E2 CC 7C D9;エクスカルペイト・ザ・ブラスター
ai/001.bin;0xE6B8;6B 1D DB DC;マシニング・モスキート mkⅡ
ai/001.bin;0xE6B8;AF 82 E7 DC;断罪の騎士 ボールス
ai/001.bin;0xE6B8;69 E8 61 E1;オーバーロード
ai/001.bin;0xE6B8;66 21 B6 E2;ういんがる
ai/001.bin;0xE6B8;7D 1F 65 E6;獣神 ナイトジャッカル
ai/001.bin;0xE6B8;57 CD 2E E8;    
ai/001.bin;0xE6B8;CC 1A C6 E8;AI未設定 : attrib = %s
ai/001.bin;0xE6B8;83 A0 BD E9;ぐりんがる・探索者
ai/001.bin;0xE6B8;39 17 8B F0;星空の解放者 ギネヴィア
ai/001.bin;0xE6B8;4B 16 BE F0;鋭気の騎士 エクター
ai/001.bin;0xE6B8;BF 43 2B F1;  アタッカー : %s
ai/001.bin;0xE6B8;27 25 50 F1;ベアダウン・サムラーイ
ai/001.bin;0xE6B8;FC B0 EB F6;清めの神器 ピュア・エンジェル
ai/001.bin;0xE6B8;89 20 23 F8;下
ai/001.bin;0xE6B8;DD 4C B3 F8;ターン開始 AI(%d)
ai/001.bin;0xE6B8;97 B0 A0 FB;幸運の運び手 エポナ
ai/002.bin;0xE7C6;DC A5 CF 01;  クインテットウォール : %d/%d枚
ai/002.bin;0xE7C6;51 5B 2F 06;ヘキサゴナル・メイガス
ai/002.bin;0xE7C6;DD 9F CC 07;蒼嵐竜 メイルストローム
ai/002.bin;0xE7C6;8D 9F AA 08;  シールドの要求値 : 
ai/002.bin;0xE7C6;76 AE E0 09;ドラゴニック・オーバーロード “The Яe-birth”
ai/002.bin;0xE7C6;02 DC 8B 0D;モーント・ブラウクリューガー
ai/002.bin;0xE7C6;B1 2D 5D 0E;  対象のパワー : %d(%d)%s
ai/002.bin;0xE7C6;24 A1 3B 11;ライジング・ライオネット
ai/002.bin;0xE7C6;CA 98 65 11;神界獣 フェンリル
ai/002.bin;0xE7C6;2F 96 22 12;ダンシング・ウルフ
ai/002.bin;0xE7C6;2F CE 1C 13;花占いの女神 サクヤ
ai/002.bin;0xE7C6;9F 3C 4E 15; + %d
ai/002.bin;0xE7C6;AF FB 60 16;ワイバーンストライク テージャス
ai/002.bin;0xE7C6;F7 00 FA 17;ワイバーンストライク ジャラン
ai/002.bin;0xE7C6;24 7A 2C 18;希望の火 エルモ
ai/002.bin;0xE7C6;8A E5 A7 19;バーサーク・ドラゴン
ai/002.bin;0xE7C6;26 7B 30 1A;ネコ執事
ai/002.bin;0xE7C6;8D 20 89 1A;AI未設定 : %s %d
ai/002.bin;0xE7C6;95 31 10 1D;封竜 カルゼ
ai/002.bin;0xE7C6;43 68 8A 1D;ドラゴンナイト ネハーレン
ai/002.bin;0xE7C6;49 58 50 21;次元ロボ ダイジェット
ai/002.bin;0xE7C6;8E BC BB 21;  シールドの目標値 : 
ai/002.bin;0xE7C6;50 41 74 23;希望の子 トゥルエル
ai/002.bin;0xE7C6;39 5F 97 27;新鋭の騎士 ダヴィド
ai/002.bin;0xE7C6;BE 51 F9 27;餓竜 バトルレックス
ai/002.bin;0xE7C6;F7 2E E0 29;～%d
ai/002.bin;0xE7C6;A6 8F 2A 2A;喧嘩屋 ファイティング・ドラコキッド
ai/002.bin;0xE7C6;44 62 0C 2D;無音の射手 コンダクタンス
ai/002.bin;0xE7C6;14 30 63 2D;!!!! AI ERROR !!!!\n  
ai/002.bin;0xE7C6;EE 81 9E 32;豪腕拿捕の巨人兵
ai/002.bin;0xE7C6;C5 4D EE 32;ブラスター・ダーク “Diablo”
ai/002.bin;0xE7C6;F1 28 16 33;枚しか選んでいない
ai/002.bin;0xE7C6;BC 1F 35 33;  ブースター : %s
ai/002.bin;0xE7C6;79 9C 06 34;ドラゴンモンク ゲンジョウ
ai/002.bin;0xE7C6;B8 BC F2 37;伏魔忍鬼 カガミジシ
ai/002.bin;0xE7C6;6E 42 D6 38;AI(%d) : アタック情報
ai/002.bin;0xE7C6;B3 AD 45 3A;ブラスター
ai/002.bin;0xE7C6;03 D4 54 45; ヒットされない
ai/002.bin;0xE7C6;2D 3A A7 45;AI(%d) : ガードステップ情報
ai/002.bin;0xE7C6;2C A5 7B 4D;枚選択する必要があるが、
ai/002.bin;0xE7C6;9F A5 E0 4F;ＣＥＯ アマテラス
ai/002.bin;0xE7C6;3A D0 5B 51;メッチャバトラー ビクトール
ai/002.bin;0xE7C6;A6 11 33 52;暗黒竜 ファントム・ブラスター “Diablo”
ai/002.bin;0xE7C6;3C E0 6F 55;ドラゴニック・オーバーロード
ai/002.bin;0xE7C6;DE C1 45 56;解放者
ai/002.bin;0xE7C6;F7 6D 78 57;スタンプ・ラッコ
ai/002.bin;0xE7C6;C5 AF 0D 60;真紅の伝承 メタトロン
ai/002.bin;0xE7C6;47 87 68 63;AI(%d) : 思考時間 %.3f秒 (行動カテゴリ:%d)
ai/002.bin;0xE7C6;55 C8 81 63;  完全ガード : %d/%d枚
ai/002.bin;0xE7C6;42 D7 DA 63;  ガーディアン候補
ai/002.bin;0xE7C6;B3 A1 C5 64;リザードソルジャー ガンルー
ai/002.bin;0xE7C6;33 8E E7 69;Duo 理想の妹 メーア
ai/002.bin;0xE7C6;B0 4A D0 6A;カラミティタワー・ワイバーン
ai/002.bin;0xE7C6;E8 83 60 6B;デアデビル・サムラーイ
ai/002.bin;0xE7C6;4B D4 AE 6B;  合計シールド : 
ai/002.bin;0xE7C6;DC 4C 2C 6E;立春の花乙姫 プリマヴェーラ
ai/002.bin;0xE7C6;11 E8 1D 70;神託の女王 ヒミコ
ai/002.bin;0xE7C6;57 49 B8 70;魔竜導師 ラクシャ
ai/002.bin;0xE7C6;E4 FB 3C 72;蒼嵐候補生 アノス
ai/002.bin;0xE7C6;29 EF C2 73;  対象(%d) : %s
ai/002.bin;0xE7C6;7C 3A 8B 81;解放者 バーニング・ブロー
ai/002.bin;0xE7C6;DA 63 6D 85;次元ロボ ダイブレイブ
ai/002.bin;0xE7C6;46 DE 4B 88;ダークメタル・ドラゴン
ai/002.bin;0xE7C6;E7 DC 30 8A;リザードランナー アンドゥー
ai/002.bin;0xE7C6;6A D5 6E 8A;カタナライザー
ai/002.bin;0xE7C6;A0 D8 63 8D;大宇宙勇機 グランギャロップ
ai/002.bin;0xE7C6;1F 10 24 8F;上
ai/002.bin;0xE7C6;6C E6 93 8F;真黒の賢者 カロン
ai/002.bin;0xE7C6;BB E2 E9 90;永劫不敗 アシュラ・カイザー
ai/002.bin;0xE7C6;E1 26 37 94;魔竜戦鬼 チャトゥラ
ai/002.bin;0xE7C6;6A 0F 95 94;  アタッカーのパワー : %d(%d)
ai/002.bin;0xE7C6;7F BB 35 95;覇天皇竜 ドラゴニック・オーバーロード “The Ace”
ai/002.bin;0xE7C6;17 6F DB 98;ドラゴンモンク ゴジョー
ai/002.bin;0xE7C6;0C DD 47 9B;バトルシスター ぱるふぇ
ai/002.bin;0xE7C6;1A 2D D2 9C;マイスガード フォーマルハウト
ai/002.bin;0xE7C6;69 08 3B A2;蒼波竜 テトラドライブ・ドラゴン
ai/002.bin;0xE7C6;F1 51 AA A2;スチームファイター バリフ
ai/002.bin;0xE7C6;A4 F3 D7 A7;  アタッカーのクリティカル : %d
ai/002.bin;0xE7C6;BD FD F6 A7;メチャバトラー ランボール
ai/002.bin;0xE7C6;9F 77 42 AC;フレアウィップ・ドラゴン
ai/002.bin;0xE7C6;E8 2D 61 B3;鎧の化身 バー
ai/002.bin;0xE7C6;39 6A 36 B5;超鋼闘機 ヘヴィデューク
ai/002.bin;0xE7C6;F7 48 21 B9;ドラゴンナイト ジャラール
ai/002.bin;0xE7C6;8A 34 67 B9;ドラゴンダンサー モニカ
ai/002.bin;0xE7C6;88 EF 6D BC;イニグマン・トルネード
ai/002.bin;0xE7C6;ED F8 CC BD;ファイナル・レンチ
ai/002.bin;0xE7C6;11 9F 48 BE;修羅忍竜 ダラニコンゴウ
ai/002.bin;0xE7C6;CF AA 4F C1;煉獄竜 ドラゴニック・ネオフレイム
ai/002.bin;0xE7C6;7C 17 CE C1;ラナンキュラスの花乙女 アーシャ
ai/002.bin;0xE7C6;15 6E A2 C8;ウィステリアナイト
ai/002.bin;0xE7C6;AB 51 A7 CB;AI(%d) : レシピ (フラグ:%08x)
ai/002.bin;0xE7C6;D7 DA C1 D6;AI(%d) : 思考開始 (行動カテゴリ:%d)
ai/002.bin;0xE7C6;D3 27 A4 D7;ドラゴンナイト ネシャート
ai/002.bin;0xE7C6;7C 46 0A D9;忍竜 ドレッドマスター
ai/002.bin;0xE7C6;6B 1D DB DC;マシニング・モスキート mkⅡ
ai/002.bin;0xE7C6;46 CC 54 E0;魔竜戦鬼 ヤクシャ
ai/002.bin;0xE7C6;69 E8 61 E1;オーバーロード
ai/002.bin;0xE7C6;7D 1F 65 E6;獣神 ナイトジャッカル
ai/002.bin;0xE7C6;57 CD 2E E8;    
ai/002.bin;0xE7C6;CC 1A C6 E8;AI未設定 : attrib = %s
ai/002.bin;0xE7C6;7E 7A 8B EE;魔竜聖母 ジョカ
ai/002.bin;0xE7C6;39 17 8B F0;星空の解放者 ギネヴィア
ai/002.bin;0xE7C6;4B 16 BE F0;鋭気の騎士 エクター
ai/002.bin;0xE7C6;BF 43 2B F1;  アタッカー : %s
ai/002.bin;0xE7C6;27 25 50 F1;ベアダウン・サムラーイ
ai/002.bin;0xE7C6;FC B0 EB F6;清めの神器 ピュア・エンジェル
ai/002.bin;0xE7C6;89 20 23 F8;下
ai/002.bin;0xE7C6;DD 4C B3 F8;ターン開始 AI(%d)
ai/002.bin;0xE7C6;8E 8E D8 FD;ドラゴンモンク ゴクウ
ai/003.bin;0xE7A2;DC A5 CF 01;  クインテットウォール : %d/%d枚
ai/003.bin;0xE7A2;51 5B 2F 06;ヘキサゴナル・メイガス
ai/003.bin;0xE7A2;DD 9F CC 07;蒼嵐竜 メイルストローム
ai/003.bin;0xE7A2;8D 9F AA 08;  シールドの要求値 : 
ai/003.bin;0xE7A2;76 AE E0 09;ドラゴニック・オーバーロード “The Яe-birth”
ai/003.bin;0xE7A2;02 DC 8B 0D;モーント・ブラウクリューガー
ai/003.bin;0xE7A2;B1 2D 5D 0E;  対象のパワー : %d(%d)%s
ai/003.bin;0xE7A2;24 A1 3B 11;ライジング・ライオネット
ai/003.bin;0xE7A2;CA 98 65 11;神界獣 フェンリル
ai/003.bin;0xE7A2;2F 96 22 12;ダンシング・ウルフ
ai/003.bin;0xE7A2;2F CE 1C 13;花占いの女神 サクヤ
ai/003.bin;0xE7A2;9F 3C 4E 15; + %d
ai/003.bin;0xE7A2;26 7B 30 1A;ネコ執事
ai/003.bin;0xE7A2;8D 20 89 1A;AI未設定 : %s %d
ai/003.bin;0xE7A2;49 58 50 21;次元ロボ ダイジェット
ai/003.bin;0xE7A2;8E BC BB 21;  シールドの目標値 : 
ai/003.bin;0xE7A2;50 41 74 23;希望の子 トゥルエル
ai/003.bin;0xE7A2;EB 18 03 26;デスメタル・ドロイド
ai/003.bin;0xE7A2;39 5F 97 27;新鋭の騎士 ダヴィド
ai/003.bin;0xE7A2;BE 51 F9 27;餓竜 バトルレックス
ai/003.bin;0xE7A2;F7 2E E0 29;～%d
ai/003.bin;0xE7A2;A6 8F 2A 2A;喧嘩屋 ファイティング・ドラコキッド
ai/003.bin;0xE7A2;44 62 0C 2D;無音の射手 コンダクタンス
ai/003.bin;0xE7A2;14 30 63 2D;!!!! AI ERROR !!!!\n  
ai/003.bin;0xE7A2;EE 81 9E 32;豪腕拿捕の巨人兵
ai/003.bin;0xE7A2;C5 4D EE 32;ブラスター・ダーク “Diablo”
ai/003.bin;0xE7A2;F1 28 16 33;枚しか選んでいない
ai/003.bin;0xE7A2;BC 1F 35 33;  ブースター : %s
ai/003.bin;0xE7A2;B8 BC F2 37;伏魔忍鬼 カガミジシ
ai/003.bin;0xE7A2;BC 38 83 38;ＮＧＭプロトタイプ
ai/003.bin;0xE7A2;6E 42 D6 38;AI(%d) : アタック情報
ai/003.bin;0xE7A2;B3 AD 45 3A;ブラスター
ai/003.bin;0xE7A2;FD 78 8F 3D;キング・オブ・ソード
ai/003.bin;0xE7A2;A5 2D A8 40;叫んで踊れる実況 シャウト
ai/003.bin;0xE7A2;03 D4 54 45; ヒットされない
ai/003.bin;0xE7A2;2D 3A A7 45;AI(%d) : ガードステップ情報
ai/003.bin;0xE7A2;2C A5 7B 4D;枚選択する必要があるが、
ai/003.bin;0xE7A2;9F A5 E0 4F;ＣＥＯ アマテラス
ai/003.bin;0xE7A2;3A D0 5B 51;メッチャバトラー ビクトール
ai/003.bin;0xE7A2;A6 11 33 52;暗黒竜 ファントム・ブラスター “Diablo”
ai/003.bin;0xE7A2;3C E0 6F 55;ドラゴニック・オーバーロード
ai/003.bin;0xE7A2;DE C1 45 56;解放者
ai/003.bin;0xE7A2;F7 6D 78 57;スタンプ・ラッコ
ai/003.bin;0xE7A2;ED 6E 33 58;オアシス・ガール
ai/003.bin;0xE7A2;C5 AF 0D 60;真紅の伝承 メタトロン
ai/003.bin;0xE7A2;47 87 68 63;AI(%d) : 思考時間 %.3f秒 (行動カテゴリ:%d)
ai/003.bin;0xE7A2;55 C8 81 63;  完全ガード : %d/%d枚
ai/003.bin;0xE7A2;42 D7 DA 63;  ガーディアン候補
ai/003.bin;0xE7A2;33 8E E7 69;Duo 理想の妹 メーア
ai/003.bin;0xE7A2;40 96 74 6A;シャイニング・レディ
ai/003.bin;0xE7A2;E8 83 60 6B;デアデビル・サムラーイ
ai/003.bin;0xE7A2;4B D4 AE 6B;  合計シールド : 
ai/003.bin;0xE7A2;DC 4C 2C 6E;立春の花乙姫 プリマヴェーラ
ai/003.bin;0xE7A2;11 E8 1D 70;神託の女王 ヒミコ
ai/003.bin;0xE7A2;E4 FB 3C 72;蒼嵐候補生 アノス
ai/003.bin;0xE7A2;29 EF C2 73;  対象(%d) : %s
ai/003.bin;0xE7A2;60 BE 05 81;クイーン・オブ・ハート
ai/003.bin;0xE7A2;7C 3A 8B 81;解放者 バーニング・ブロー
ai/003.bin;0xE7A2;91 C4 9E 83;超電磁生命体 ストーム
ai/003.bin;0xE7A2;DA 63 6D 85;次元ロボ ダイブレイブ
ai/003.bin;0xE7A2;46 DE 4B 88;ダークメタル・ドラゴン
ai/003.bin;0xE7A2;6A D5 6E 8A;カタナライザー
ai/003.bin;0xE7A2;A0 D8 63 8D;大宇宙勇機 グランギャロップ
ai/003.bin;0xE7A2;5F 02 08 8E;タフ・ボーイ
ai/003.bin;0xE7A2;1F 10 24 8F;上
ai/003.bin;0xE7A2;6C E6 93 8F;真黒の賢者 カロン
ai/003.bin;0xE7A2;D6 7A B7 8F;ゴールド・ルチル
ai/003.bin;0xE7A2;BB E2 E9 90;永劫不敗 アシュラ・カイザー
ai/003.bin;0xE7A2;E1 26 37 94;魔竜戦鬼 チャトゥラ
ai/003.bin;0xE7A2;6A 0F 95 94;  アタッカーのパワー : %d(%d)
ai/003.bin;0xE7A2;7F BB 35 95;覇天皇竜 ドラゴニック・オーバーロード “The Ace”
ai/003.bin;0xE7A2;BB DC 97 95;バトルライザー
ai/003.bin;0xE7A2;0C DD 47 9B;バトルシスター ぱるふぇ
ai/003.bin;0xE7A2;1A 2D D2 9C;マイスガード フォーマルハウト
ai/003.bin;0xE7A2;69 08 3B A2;蒼波竜 テトラドライブ・ドラゴン
ai/003.bin;0xE7A2;F1 51 AA A2;スチームファイター バリフ
ai/003.bin;0xE7A2;A4 F3 D7 A7;  アタッカーのクリティカル : %d
ai/003.bin;0xE7A2;BD FD F6 A7;メチャバトラー ランボール
ai/003.bin;0xE7A2;9F 77 42 AC;フレアウィップ・ドラゴン
ai/003.bin;0xE7A2;63 2E 05 B5;ラウンドガール クララ
ai/003.bin;0xE7A2;39 6A 36 B5;超鋼闘機 ヘヴィデューク
ai/003.bin;0xE7A2;F7 48 21 B9;ドラゴンナイト ジャラール
ai/003.bin;0xE7A2;88 EF 6D BC;イニグマン・トルネード
ai/003.bin;0xE7A2;ED F8 CC BD;ファイナル・レンチ
ai/003.bin;0xE7A2;13 A0 16 BE;バターリング・ミノタウロス
ai/003.bin;0xE7A2;11 9F 48 BE;修羅忍竜 ダラニコンゴウ
ai/003.bin;0xE7A2;1D 17 4A BF;スターライト・ヘッジホッグ
ai/003.bin;0xE7A2;CF AA 4F C1;煉獄竜 ドラゴニック・ネオフレイム
ai/003.bin;0xE7A2;7C 17 CE C1;ラナンキュラスの花乙女 アーシャ
ai/003.bin;0xE7A2;15 6E A2 C8;ウィステリアナイト
ai/003.bin;0xE7A2;AB 51 A7 CB;AI(%d) : レシピ (フラグ:%08x)
ai/003.bin;0xE7A2;D7 DA C1 D6;AI(%d) : 思考開始 (行動カテゴリ:%d)
ai/003.bin;0xE7A2;7C 46 0A D9;忍竜 ドレッドマスター
ai/003.bin;0xE7A2;6B 1D DB DC;マシニング・モスキート mkⅡ
ai/003.bin;0xE7A2;69 E8 61 E1;オーバーロード
ai/003.bin;0xE7A2;7D 1F 65 E6;獣神 ナイトジャッカル
ai/003.bin;0xE7A2;51 49 33 E7;キャノン・ボール
ai/003.bin;0xE7A2;57 CD 2E E8;    
ai/003.bin;0xE7A2;CC 1A C6 E8;AI未設定 : attrib = %s
ai/003.bin;0xE7A2;39 17 8B F0;星空の解放者 ギネヴィア
ai/003.bin;0xE7A2;4B 16 BE F0;鋭気の騎士 エクター
ai/003.bin;0xE7A2;BF 43 2B F1;  アタッカー : %s
ai/003.bin;0xE7A2;27 25 50 F1;ベアダウン・サムラーイ
ai/003.bin;0xE7A2;B0 FF 0D F4;Mr.インビンシブル
ai/003.bin;0xE7A2;FC B0 EB F6;清めの神器 ピュア・エンジェル
ai/003.bin;0xE7A2;89 20 23 F8;下
ai/003.bin;0xE7A2;DD 4C B3 F8;ターン開始 AI(%d)
ai/004.bin;0xE65A;DC A5 CF 01;  クインテットウォール : %d/%d枚
ai/004.bin;0xE65A;51 5B 2F 06;ヘキサゴナル・メイガス
ai/004.bin;0xE65A;DD 9F CC 07;蒼嵐竜 メイルストローム
ai/004.bin;0xE65A;8D 9F AA 08;  シールドの要求値 : 
ai/004.bin;0xE65A;99 38 0E 09;エメラルドウィッチ ララ
ai/004.bin;0xE65A;76 AE E0 09;ドラゴニック・オーバーロード “The Яe-birth”
ai/004.bin;0xE65A;02 DC 8B 0D;モーント・ブラウクリューガー
ai/004.bin;0xE65A;B1 2D 5D 0E;  対象のパワー : %d(%d)%s
ai/004.bin;0xE65A;24 A1 3B 11;ライジング・ライオネット
ai/004.bin;0xE65A;CA 98 65 11;神界獣 フェンリル
ai/004.bin;0xE65A;2F 96 22 12;ダンシング・ウルフ
ai/004.bin;0xE65A;2F CE 1C 13;花占いの女神 サクヤ
ai/004.bin;0xE65A;9F 3C 4E 15; + %d
ai/004.bin;0xE65A;A4 3B 6B 17;メテオブレイク・ウィザード
ai/004.bin;0xE65A;26 7B 30 1A;ネコ執事
ai/004.bin;0xE65A;8D 20 89 1A;AI未設定 : %s %d
ai/004.bin;0xE65A;49 58 50 21;次元ロボ ダイジェット
ai/004.bin;0xE65A;8E BC BB 21;  シールドの目標値 : 
ai/004.bin;0xE65A;5F 88 F1 22;オラクルガーディアン ジェミニ
ai/004.bin;0xE65A;50 41 74 23;希望の子 トゥルエル
ai/004.bin;0xE65A;39 5F 97 27;新鋭の騎士 ダヴィド
ai/004.bin;0xE65A;BE 51 F9 27;餓竜 バトルレックス
ai/004.bin;0xE65A;F7 2E E0 29;～%d
ai/004.bin;0xE65A;A6 8F 2A 2A;喧嘩屋 ファイティング・ドラコキッド
ai/004.bin;0xE65A;44 62 0C 2D;無音の射手 コンダクタンス
ai/004.bin;0xE65A;14 30 63 2D;!!!! AI ERROR !!!!\n  
ai/004.bin;0xE65A;9D D8 DB 30;オラクルガーディアン シーサー
ai/004.bin;0xE65A;EE 81 9E 32;豪腕拿捕の巨人兵
ai/004.bin;0xE65A;C5 4D EE 32;ブラスター・ダーク “Diablo”
ai/004.bin;0xE65A;F1 28 16 33;枚しか選んでいない
ai/004.bin;0xE65A;BC 1F 35 33;  ブースター : %s
ai/004.bin;0xE65A;B8 BC F2 37;伏魔忍鬼 カガミジシ
ai/004.bin;0xE65A;6E 42 D6 38;AI(%d) : アタック情報
ai/004.bin;0xE65A;7B 8B 02 39;オラクルガーディアン ニケ
ai/004.bin;0xE65A;B3 AD 45 3A;ブラスター
ai/004.bin;0xE65A;DE B5 C6 3E;オラクルガーディアン ワイズマン
ai/004.bin;0xE65A;14 75 AA 43;バトルシスター めーぷる
ai/004.bin;0xE65A;03 D4 54 45; ヒットされない
ai/004.bin;0xE65A;2D 3A A7 45;AI(%d) : ガードステップ情報
ai/004.bin;0xE65A;2C A5 7B 4D;枚選択する必要があるが、
ai/004.bin;0xE65A;9F A5 E0 4F;ＣＥＯ アマテラス
ai/004.bin;0xE65A;3A D0 5B 51;メッチャバトラー ビクトール
ai/004.bin;0xE65A;A6 11 33 52;暗黒竜 ファントム・ブラスター “Diablo”
ai/004.bin;0xE65A;3C E0 6F 55;ドラゴニック・オーバーロード
ai/004.bin;0xE65A;DE C1 45 56;解放者
ai/004.bin;0xE65A;F7 6D 78 57;スタンプ・ラッコ
ai/004.bin;0xE65A;6B 5E 01 5E;ドリーム・イーター
ai/004.bin;0xE65A;C5 AF 0D 60;真紅の伝承 メタトロン
ai/004.bin;0xE65A;47 87 68 63;AI(%d) : 思考時間 %.3f秒 (行動カテゴリ:%d)
ai/004.bin;0xE65A;55 C8 81 63;  完全ガード : %d/%d枚
ai/004.bin;0xE65A;42 D7 DA 63;  ガーディアン候補
ai/004.bin;0xE65A;93 11 EA 68;ブルースケイル・ディアー
ai/004.bin;0xE65A;33 8E E7 69;Duo 理想の妹 メーア
ai/004.bin;0xE65A;E8 83 60 6B;デアデビル・サムラーイ
ai/004.bin;0xE65A;4B D4 AE 6B;  合計シールド : 
ai/004.bin;0xE65A;DC 4C 2C 6E;立春の花乙姫 プリマヴェーラ
ai/004.bin;0xE65A;11 E8 1D 70;神託の女王 ヒミコ
ai/004.bin;0xE65A;E4 FB 3C 72;蒼嵐候補生 アノス
ai/004.bin;0xE65A;29 EF C2 73;  対象(%d) : %s
ai/004.bin;0xE65A;7C 3A 8B 81;解放者 バーニング・ブロー
ai/004.bin;0xE65A;DA 63 6D 85;次元ロボ ダイブレイブ
ai/004.bin;0xE65A;46 DE 4B 88;ダークメタル・ドラゴン
ai/004.bin;0xE65A;6A D5 6E 8A;カタナライザー
ai/004.bin;0xE65A;D1 DD 00 8D;ダーク・キャット
ai/004.bin;0xE65A;A0 D8 63 8D;大宇宙勇機 グランギャロップ
ai/004.bin;0xE65A;1F 10 24 8F;上
ai/004.bin;0xE65A;6C E6 93 8F;真黒の賢者 カロン
ai/004.bin;0xE65A;09 A7 0B 90;ロゼンジ・メイガス
ai/004.bin;0xE65A;BB E2 E9 90;永劫不敗 アシュラ・カイザー
ai/004.bin;0xE65A;E1 26 37 94;魔竜戦鬼 チャトゥラ
ai/004.bin;0xE65A;6A 0F 95 94;  アタッカーのパワー : %d(%d)
ai/004.bin;0xE65A;7F BB 35 95;覇天皇竜 ドラゴニック・オーバーロード “The Ace”
ai/004.bin;0xE65A;7E E8 0B 9B;ソードダンサー・エンジェル
ai/004.bin;0xE65A;0C DD 47 9B;バトルシスター ぱるふぇ
ai/004.bin;0xE65A;1A 2D D2 9C;マイスガード フォーマルハウト
ai/004.bin;0xE65A;48 EB E4 A0;オラクルガーディアン アポロン
ai/004.bin;0xE65A;69 08 3B A2;蒼波竜 テトラドライブ・ドラゴン
ai/004.bin;0xE65A;F1 51 AA A2;スチームファイター バリフ
ai/004.bin;0xE65A;A4 F3 D7 A7;  アタッカーのクリティカル : %d
ai/004.bin;0xE65A;BD FD F6 A7;メチャバトラー ランボール
ai/004.bin;0xE65A;37 A8 35 AC;ペタル・フェアリー
ai/004.bin;0xE65A;9F 77 42 AC;フレアウィップ・ドラゴン
ai/004.bin;0xE65A;39 6A 36 B5;超鋼闘機 ヘヴィデューク
ai/004.bin;0xE65A;F7 48 21 B9;ドラゴンナイト ジャラール
ai/004.bin;0xE65A;88 EF 6D BC;イニグマン・トルネード
ai/004.bin;0xE65A;7F 60 32 BD;お天気お姉さん らむね
ai/004.bin;0xE65A;ED F8 CC BD;ファイナル・レンチ
ai/004.bin;0xE65A;11 9F 48 BE;修羅忍竜 ダラニコンゴウ
ai/004.bin;0xE65A;CF AA 4F C1;煉獄竜 ドラゴニック・ネオフレイム
ai/004.bin;0xE65A;7C 17 CE C1;ラナンキュラスの花乙女 アーシャ
ai/004.bin;0xE65A;15 6E A2 C8;ウィステリアナイト
ai/004.bin;0xE65A;AB 51 A7 CB;AI(%d) : レシピ (フラグ:%08x)
ai/004.bin;0xE65A;D8 71 CC CE;ラック・バード
ai/004.bin;0xE65A;D7 DA C1 D6;AI(%d) : 思考開始 (行動カテゴリ:%d)
ai/004.bin;0xE65A;7C 46 0A D9;忍竜 ドレッドマスター
ai/004.bin;0xE65A;6B 1D DB DC;マシニング・モスキート mkⅡ
ai/004.bin;0xE65A;71 0B B9 E0;セキュリティ・ガーディアン
ai/004.bin;0xE65A;69 E8 61 E1;オーバーロード
ai/004.bin;0xE65A;7D 1F 65 E6;獣神 ナイトジャッカル
ai/004.bin;0xE65A;57 CD 2E E8;    
ai/004.bin;0xE65A;CC 1A C6 E8;AI未設定 : attrib = %s
ai/004.bin;0xE65A;B2 ED 31 EE;ビクトリー・メーカー
ai/004.bin;0xE65A;39 17 8B F0;星空の解放者 ギネヴィア
ai/004.bin;0xE65A;4B 16 BE F0;鋭気の騎士 エクター
ai/004.bin;0xE65A;BF 43 2B F1;  アタッカー : %s
ai/004.bin;0xE65A;27 25 50 F1;ベアダウン・サムラーイ
ai/004.bin;0xE65A;1B 60 84 F5;メイデン・オブ・ライブラ
ai/004.bin;0xE65A;FC B0 EB F6;清めの神器 ピュア・エンジェル
ai/004.bin;0xE65A;89 20 23 F8;下
ai/004.bin;0xE65A;DD 4C B3 F8;ターン開始 AI(%d)
ai/004.bin;0xE65A;11 31 6F FA;お天気お姉さん みるく
ai/005.bin;0xE54D;DC A5 CF 01;  クインテットウォール : %d/%d枚
ai/005.bin;0xE54D;51 5B 2F 06;ヘキサゴナル・メイガス
ai/005.bin;0xE54D;7E 8C 3B 06;すれいがる・ダブルエッジ
ai/005.bin;0xE54D;DD 9F CC 07;蒼嵐竜 メイルストローム
ai/005.bin;0xE54D;8D 9F AA 08;  シールドの要求値 : 
ai/005.bin;0xE54D;76 AE E0 09;ドラゴニック・オーバーロード “The Яe-birth”
ai/005.bin;0xE54D;02 DC 8B 0D;モーント・ブラウクリューガー
ai/005.bin;0xE54D;B1 2D 5D 0E;  対象のパワー : %d(%d)%s
ai/005.bin;0xE54D;24 A1 3B 11;ライジング・ライオネット
ai/005.bin;0xE54D;CA 98 65 11;神界獣 フェンリル
ai/005.bin;0xE54D;2F 96 22 12;ダンシング・ウルフ
ai/005.bin;0xE54D;2F CE 1C 13;花占いの女神 サクヤ
ai/005.bin;0xE54D;9F 3C 4E 15; + %d
ai/005.bin;0xE54D;26 7B 30 1A;ネコ執事
ai/005.bin;0xE54D;8D 20 89 1A;AI未設定 : %s %d
ai/005.bin;0xE54D;49 58 50 21;次元ロボ ダイジェット
ai/005.bin;0xE54D;8E BC BB 21;  シールドの目標値 : 
ai/005.bin;0xE54D;50 41 74 23;希望の子 トゥルエル
ai/005.bin;0xE54D;39 5F 97 27;新鋭の騎士 ダヴィド
ai/005.bin;0xE54D;BE 51 F9 27;餓竜 バトルレックス
ai/005.bin;0xE54D;F7 2E E0 29;～%d
ai/005.bin;0xE54D;A6 8F 2A 2A;喧嘩屋 ファイティング・ドラコキッド
ai/005.bin;0xE54D;04 C4 C8 2C;美技の騎士 ガレス
ai/005.bin;0xE54D;44 62 0C 2D;無音の射手 コンダクタンス
ai/005.bin;0xE54D;14 30 63 2D;!!!! AI ERROR !!!!\n  
ai/005.bin;0xE54D;EE 81 9E 32;豪腕拿捕の巨人兵
ai/005.bin;0xE54D;C5 4D EE 32;ブラスター・ダーク “Diablo”
ai/005.bin;0xE54D;F1 28 16 33;枚しか選んでいない
ai/005.bin;0xE54D;BC 1F 35 33;  ブースター : %s
ai/005.bin;0xE54D;FE EC AE 35;フォーチューン・ベル
ai/005.bin;0xE54D;B8 BC F2 37;伏魔忍鬼 カガミジシ
ai/005.bin;0xE54D;6E 42 D6 38;AI(%d) : アタック情報
ai/005.bin;0xE54D;B3 AD 45 3A;ブラスター
ai/005.bin;0xE54D;65 CA EA 3B;草原に吹く風 サグラモール
ai/005.bin;0xE54D;03 D4 54 45; ヒットされない
ai/005.bin;0xE54D;2D 3A A7 45;AI(%d) : ガードステップ情報
ai/005.bin;0xE54D;6A AF 03 4C;戦場の嵐 サグラモール
ai/005.bin;0xE54D;2C A5 7B 4D;枚選択する必要があるが、
ai/005.bin;0xE54D;9F A5 E0 4F;ＣＥＯ アマテラス
ai/005.bin;0xE54D;3A D0 5B 51;メッチャバトラー ビクトール
ai/005.bin;0xE54D;A6 11 33 52;暗黒竜 ファントム・ブラスター “Diablo”
ai/005.bin;0xE54D;79 7F 5D 53;サイレント・パニッシャー
ai/005.bin;0xE54D;3C E0 6F 55;ドラゴニック・オーバーロード
ai/005.bin;0xE54D;DE C1 45 56;解放者
ai/005.bin;0xE54D;F7 6D 78 57;スタンプ・ラッコ
ai/005.bin;0xE54D;C5 AF 0D 60;真紅の伝承 メタトロン
ai/005.bin;0xE54D;47 87 68 63;AI(%d) : 思考時間 %.3f秒 (行動カテゴリ:%d)
ai/005.bin;0xE54D;55 C8 81 63;  完全ガード : %d/%d枚
ai/005.bin;0xE54D;42 D7 DA 63;  ガーディアン候補
ai/005.bin;0xE54D;33 8E E7 69;Duo 理想の妹 メーア
ai/005.bin;0xE54D;E8 83 60 6B;デアデビル・サムラーイ
ai/005.bin;0xE54D;4B D4 AE 6B;  合計シールド : 
ai/005.bin;0xE54D;DC 4C 2C 6E;立春の花乙姫 プリマヴェーラ
ai/005.bin;0xE54D;11 E8 1D 70;神託の女王 ヒミコ
ai/005.bin;0xE54D;E4 FB 3C 72;蒼嵐候補生 アノス
ai/005.bin;0xE54D;29 EF C2 73;  対象(%d) : %s
ai/005.bin;0xE54D;33 4E 2F 7E;すれいがる・ソード
ai/005.bin;0xE54D;C5 AD E3 7E;シルバーファング・ウィッチ
ai/005.bin;0xE54D;7C 3A 8B 81;解放者 バーニング・ブロー
ai/005.bin;0xE54D;DA 63 6D 85;次元ロボ ダイブレイブ
ai/005.bin;0xE54D;92 33 2B 87;ブレッシング・オウル
ai/005.bin;0xE54D;46 DE 4B 88;ダークメタル・ドラゴン
ai/005.bin;0xE54D;6A D5 6E 8A;カタナライザー
ai/005.bin;0xE54D;A0 D8 63 8D;大宇宙勇機 グランギャロップ
ai/005.bin;0xE54D;1F 10 24 8F;上
ai/005.bin;0xE54D;6B E6 7C 8F;エリクサー・ソムリエ
ai/005.bin;0xE54D;6C E6 93 8F;真黒の賢者 カロン
ai/005.bin;0xE54D;BB E2 E9 90;永劫不敗 アシュラ・カイザー
ai/005.bin;0xE54D;E1 26 37 94;魔竜戦鬼 チャトゥラ
ai/005.bin;0xE54D;6A 0F 95 94;  アタッカーのパワー : %d(%d)
ai/005.bin;0xE54D;7F BB 35 95;覇天皇竜 ドラゴニック・オーバーロード “The Ace”
ai/005.bin;0xE54D;0C DD 47 9B;バトルシスター ぱるふぇ
ai/005.bin;0xE54D;1A 2D D2 9C;マイスガード フォーマルハウト
ai/005.bin;0xE54D;1A C3 54 9F;神技の騎士 ボーマン
ai/005.bin;0xE54D;69 08 3B A2;蒼波竜 テトラドライブ・ドラゴン
ai/005.bin;0xE54D;F1 51 AA A2;スチームファイター バリフ
ai/005.bin;0xE54D;A4 F3 D7 A7;  アタッカーのクリティカル : %d
ai/005.bin;0xE54D;BD FD F6 A7;メチャバトラー ランボール
ai/005.bin;0xE54D;9F 77 42 AC;フレアウィップ・ドラゴン
ai/005.bin;0xE54D;39 6A 36 B5;超鋼闘機 ヘヴィデューク
ai/005.bin;0xE54D;F7 48 21 B9;ドラゴンナイト ジャラール
ai/005.bin;0xE54D;88 EF 6D BC;イニグマン・トルネード
ai/005.bin;0xE54D;ED F8 CC BD;ファイナル・レンチ
ai/005.bin;0xE54D;11 9F 48 BE;修羅忍竜 ダラニコンゴウ
ai/005.bin;0xE54D;AF 49 B4 BE;断崖の旋風 サグラモール
ai/005.bin;0xE54D;CF AA 4F C1;煉獄竜 ドラゴニック・ネオフレイム
ai/005.bin;0xE54D;7C 17 CE C1;ラナンキュラスの花乙女 アーシャ
ai/005.bin;0xE54D;27 74 F6 C2;降魔剣士 ハウガン
ai/005.bin;0xE54D;27 EF 3D C7;大いなる銀狼 ガルモール
ai/005.bin;0xE54D;15 6E A2 C8;ウィステリアナイト
ai/005.bin;0xE54D;AB 51 A7 CB;AI(%d) : レシピ (フラグ:%08x)
ai/005.bin;0xE54D;D7 DA C1 D6;AI(%d) : 思考開始 (行動カテゴリ:%d)
ai/005.bin;0xE54D;7C 46 0A D9;忍竜 ドレッドマスター
ai/005.bin;0xE54D;6B 1D DB DC;マシニング・モスキート mkⅡ
ai/005.bin;0xE54D;69 E8 61 E1;オーバーロード
ai/005.bin;0xE54D;7D 1F 65 E6;獣神 ナイトジャッカル
ai/005.bin;0xE54D;10 A7 56 E7;ちゃーじがる
ai/005.bin;0xE54D;57 CD 2E E8;    
ai/005.bin;0xE54D;CC 1A C6 E8;AI未設定 : attrib = %s
ai/005.bin;0xE54D;73 B6 3A ED;守護聖獣 ネメアライオン
ai/005.bin;0xE54D;39 17 8B F0;星空の解放者 ギネヴィア
ai/005.bin;0xE54D;4B 16 BE F0;鋭気の騎士 エクター
ai/005.bin;0xE54D;BF 43 2B F1;  アタッカー : %s
ai/005.bin;0xE54D;27 25 50 F1;ベアダウン・サムラーイ
ai/005.bin;0xE54D;50 58 57 F3;突撃するチャリオットナイト
ai/005.bin;0xE54D;FC B0 EB F6;清めの神器 ピュア・エンジェル
ai/005.bin;0xE54D;89 20 23 F8;下
ai/005.bin;0xE54D;DD 4C B3 F8;ターン開始 AI(%d)
ai/005.bin;0xE54D;7F 21 AA FC;武器商人 グイディオン
ai/006.bin;0xE549;DC A5 CF 01;  クインテットウォール : %d/%d枚
ai/006.bin;0xE549;51 5B 2F 06;ヘキサゴナル・メイガス
ai/006.bin;0xE549;67 FB 92 07;プラズマバイト・ドラゴン
ai/006.bin;0xE549;DD 9F CC 07;蒼嵐竜 メイルストローム
ai/006.bin;0xE549;8D 9F AA 08;  シールドの要求値 : 
ai/006.bin;0xE549;76 AE E0 09;ドラゴニック・オーバーロード “The Яe-birth”
ai/006.bin;0xE549;02 DC 8B 0D;モーント・ブラウクリューガー
ai/006.bin;0xE549;B1 2D 5D 0E;  対象のパワー : %d(%d)%s
ai/006.bin;0xE549;24 A1 3B 11;ライジング・ライオネット
ai/006.bin;0xE549;CA 98 65 11;神界獣 フェンリル
ai/006.bin;0xE549;2F 96 22 12;ダンシング・ウルフ
ai/006.bin;0xE549;2F CE 1C 13;花占いの女神 サクヤ
ai/006.bin;0xE549;9F 3C 4E 15; + %d
ai/006.bin;0xE549;C6 07 4D 16;魔竜仙女 セイオウボ
ai/006.bin;0xE549;79 A1 12 17;サンダーブレイク・ドラゴン
ai/006.bin;0xE549;26 7B 30 1A;ネコ執事
ai/006.bin;0xE549;8D 20 89 1A;AI未設定 : %s %d
ai/006.bin;0xE549;A8 2A BA 1E;ブライトジェット・ドラゴン
ai/006.bin;0xE549;49 58 50 21;次元ロボ ダイジェット
ai/006.bin;0xE549;8E BC BB 21;  シールドの目標値 : 
ai/006.bin;0xE549;50 41 74 23;希望の子 トゥルエル
ai/006.bin;0xE549;19 14 1B 24;紫電一閃のジン
ai/006.bin;0xE549;39 5F 97 27;新鋭の騎士 ダヴィド
ai/006.bin;0xE549;BE 51 F9 27;餓竜 バトルレックス
ai/006.bin;0xE549;F7 2E E0 29;～%d
ai/006.bin;0xE549;A6 8F 2A 2A;喧嘩屋 ファイティング・ドラコキッド
ai/006.bin;0xE549;44 62 0C 2D;無音の射手 コンダクタンス
ai/006.bin;0xE549;14 30 63 2D;!!!! AI ERROR !!!!\n  
ai/006.bin;0xE549;EE 81 9E 32;豪腕拿捕の巨人兵
ai/006.bin;0xE549;C5 4D EE 32;ブラスター・ダーク “Diablo”
ai/006.bin;0xE549;F1 28 16 33;枚しか選んでいない
ai/006.bin;0xE549;BC 1F 35 33;  ブースター : %s
ai/006.bin;0xE549;7E 4D 38 36;オールド・ドラゴンメイジ
ai/006.bin;0xE549;B8 BC F2 37;伏魔忍鬼 カガミジシ
ai/006.bin;0xE549;6E 42 D6 38;AI(%d) : アタック情報
ai/006.bin;0xE549;B3 AD 45 3A;ブラスター
ai/006.bin;0xE549;03 D4 54 45; ヒットされない
ai/006.bin;0xE549;2D 3A A7 45;AI(%d) : ガードステップ情報
ai/006.bin;0xE549;2C A5 7B 4D;枚選択する必要があるが、
ai/006.bin;0xE549;9F A5 E0 4F;ＣＥＯ アマテラス
ai/006.bin;0xE549;3A D0 5B 51;メッチャバトラー ビクトール
ai/006.bin;0xE549;A6 11 33 52;暗黒竜 ファントム・ブラスター “Diablo”
ai/006.bin;0xE549;3C E0 6F 55;ドラゴニック・オーバーロード
ai/006.bin;0xE549;DE C1 45 56;解放者
ai/006.bin;0xE549;F7 6D 78 57;スタンプ・ラッコ
ai/006.bin;0xE549;C5 AF 0D 60;真紅の伝承 メタトロン
ai/006.bin;0xE549;47 87 68 63;AI(%d) : 思考時間 %.3f秒 (行動カテゴリ:%d)
ai/006.bin;0xE549;55 C8 81 63;  完全ガード : %d/%d枚
ai/006.bin;0xE549;42 D7 DA 63;  ガーディアン候補
ai/006.bin;0xE549;99 6F 5C 67;シールドブレード・ドラグーン
ai/006.bin;0xE549;33 8E E7 69;Duo 理想の妹 メーア
ai/006.bin;0xE549;E8 83 60 6B;デアデビル・サムラーイ
ai/006.bin;0xE549;4B D4 AE 6B;  合計シールド : 
ai/006.bin;0xE549;8A 10 A2 6C;希望の雷 ヘレナ
ai/006.bin;0xE549;05 39 22 6D;ドラゴンダンサー ライライ
ai/006.bin;0xE549;DC 4C 2C 6E;立春の花乙姫 プリマヴェーラ
ai/006.bin;0xE549;11 E8 1D 70;神託の女王 ヒミコ
ai/006.bin;0xE549;E4 FB 3C 72;蒼嵐候補生 アノス
ai/006.bin;0xE549;29 EF C2 73;  対象(%d) : %s
ai/006.bin;0xE549;E8 C6 78 80;レッドリバー・ドラグーン
ai/006.bin;0xE549;7C 3A 8B 81;解放者 バーニング・ブロー
ai/006.bin;0xE549;DA 63 6D 85;次元ロボ ダイブレイブ
ai/006.bin;0xE549;46 DE 4B 88;ダークメタル・ドラゴン
ai/006.bin;0xE549;6A D5 6E 8A;カタナライザー
ai/006.bin;0xE549;A0 D8 63 8D;大宇宙勇機 グランギャロップ
ai/006.bin;0xE549;1F 10 24 8F;上
ai/006.bin;0xE549;6C E6 93 8F;真黒の賢者 カロン
ai/006.bin;0xE549;1A 03 D0 8F;電光石火のジン
ai/006.bin;0xE549;BB E2 E9 90;永劫不敗 アシュラ・カイザー
ai/006.bin;0xE549;E1 26 37 94;魔竜戦鬼 チャトゥラ
ai/006.bin;0xE549;6A 0F 95 94;  アタッカーのパワー : %d(%d)
ai/006.bin;0xE549;7F BB 35 95;覇天皇竜 ドラゴニック・オーバーロード “The Ace”
ai/006.bin;0xE549;0C DD 47 9B;バトルシスター ぱるふぇ
ai/006.bin;0xE549;1A 2D D2 9C;マイスガード フォーマルハウト
ai/006.bin;0xE549;69 08 3B A2;蒼波竜 テトラドライブ・ドラゴン
ai/006.bin;0xE549;F1 51 AA A2;スチームファイター バリフ
ai/006.bin;0xE549;A4 F3 D7 A7;  アタッカーのクリティカル : %d
ai/006.bin;0xE549;BD FD F6 A7;メチャバトラー ランボール
ai/006.bin;0xE549;9F 77 42 AC;フレアウィップ・ドラゴン
ai/006.bin;0xE549;D9 64 A3 AC;リザードソルジャー リキ
ai/006.bin;0xE549;39 6A 36 B5;超鋼闘機 ヘヴィデューク
ai/006.bin;0xE549;F7 48 21 B9;ドラゴンナイト ジャラール
ai/006.bin;0xE549;88 EF 6D BC;イニグマン・トルネード
ai/006.bin;0xE549;ED F8 CC BD;ファイナル・レンチ
ai/006.bin;0xE549;11 9F 48 BE;修羅忍竜 ダラニコンゴウ
ai/006.bin;0xE549;CF AA 4F C1;煉獄竜 ドラゴニック・ネオフレイム
ai/006.bin;0xE549;7C 17 CE C1;ラナンキュラスの花乙女 アーシャ
ai/006.bin;0xE549;15 6E A2 C8;ウィステリアナイト
ai/006.bin;0xE549;AB 51 A7 CB;AI(%d) : レシピ (フラグ:%08x)
ai/006.bin;0xE549;CE 5F 73 D0;リザードソルジャー シシン
ai/006.bin;0xE549;D7 DA C1 D6;AI(%d) : 思考開始 (行動カテゴリ:%d)
ai/006.bin;0xE549;7C 46 0A D9;忍竜 ドレッドマスター
ai/006.bin;0xE549;6A FE D1 D9;疾風迅雷のジン
ai/006.bin;0xE549;6B 1D DB DC;マシニング・モスキート mkⅡ
ai/006.bin;0xE549;9B 74 3A E0;風伯童子 ハヤテ
ai/006.bin;0xE549;2F 92 79 E0;サンダーストーム・ドラグーン
ai/006.bin;0xE549;69 E8 61 E1;オーバーロード
ai/006.bin;0xE549;7D 1F 65 E6;獣神 ナイトジャッカル
ai/006.bin;0xE549;57 CD 2E E8;    
ai/006.bin;0xE549;CC 1A C6 E8;AI未設定 : attrib = %s
ai/006.bin;0xE549;E7 68 2D EC;ワイバーン輸送兵団
ai/006.bin;0xE549;27 ED 83 EF;イエロージェム・カーバンクル
ai/006.bin;0xE549;39 17 8B F0;星空の解放者 ギネヴィア
ai/006.bin;0xE549;4B 16 BE F0;鋭気の騎士 エクター
ai/006.bin;0xE549;BF 43 2B F1;  アタッカー : %s
ai/006.bin;0xE549;27 25 50 F1;ベアダウン・サムラーイ
ai/006.bin;0xE549;FC B0 EB F6;清めの神器 ピュア・エンジェル
ai/006.bin;0xE549;89 20 23 F8;下
ai/006.bin;0xE549;DD 4C B3 F8;ターン開始 AI(%d)
ai/007.bin;0xE64B;DC A5 CF 01;  クインテットウォール : %d/%d枚
ai/007.bin;0xE64B;51 5B 2F 06;ヘキサゴナル・メイガス
ai/007.bin;0xE64B;DD 9F CC 07;蒼嵐竜 メイルストローム
ai/007.bin;0xE64B;8D 9F AA 08;  シールドの要求値 : 
ai/007.bin;0xE64B;76 AE E0 09;ドラゴニック・オーバーロード “The Яe-birth”
ai/007.bin;0xE64B;C6 FF 80 0C;バトルシップ・インテリジェンス
ai/007.bin;0xE64B;02 DC 8B 0D;モーント・ブラウクリューガー
ai/007.bin;0xE64B;B1 2D 5D 0E;  対象のパワー : %d(%d)%s
ai/007.bin;0xE64B;24 A1 3B 11;ライジング・ライオネット
ai/007.bin;0xE64B;CA 98 65 11;神界獣 フェンリル
ai/007.bin;0xE64B;2F 96 22 12;ダンシング・ウルフ
ai/007.bin;0xE64B;88 9A A9 12;ティアーナイト キプロス
ai/007.bin;0xE64B;2F CE 1C 13;花占いの女神 サクヤ
ai/007.bin;0xE64B;9F 3C 4E 15; + %d
ai/007.bin;0xE64B;26 7B 30 1A;ネコ執事
ai/007.bin;0xE64B;8D 20 89 1A;AI未設定 : %s %d
ai/007.bin;0xE64B;53 C3 3F 1B;戦場の歌姫 オルティア
ai/007.bin;0xE64B;49 58 50 21;次元ロボ ダイジェット
ai/007.bin;0xE64B;8E BC BB 21;  シールドの目標値 : 
ai/007.bin;0xE64B;50 41 74 23;希望の子 トゥルエル
ai/007.bin;0xE64B;39 5F 97 27;新鋭の騎士 ダヴィド
ai/007.bin;0xE64B;BE 51 F9 27;餓竜 バトルレックス
ai/007.bin;0xE64B;F7 2E E0 29;～%d
ai/007.bin;0xE64B;A6 8F 2A 2A;喧嘩屋 ファイティング・ドラコキッド
ai/007.bin;0xE64B;44 62 0C 2D;無音の射手 コンダクタンス
ai/007.bin;0xE64B;14 30 63 2D;!!!! AI ERROR !!!!\n  
ai/007.bin;0xE64B;EE 81 9E 32;豪腕拿捕の巨人兵
ai/007.bin;0xE64B;C5 4D EE 32;ブラスター・ダーク “Diablo”
ai/007.bin;0xE64B;F1 28 16 33;枚しか選んでいない
ai/007.bin;0xE64B;BC 1F 35 33;  ブースター : %s
ai/007.bin;0xE64B;B8 BC F2 37;伏魔忍鬼 カガミジシ
ai/007.bin;0xE64B;6E 42 D6 38;AI(%d) : アタック情報
ai/007.bin;0xE64B;B3 AD 45 3A;ブラスター
ai/007.bin;0xE64B;A1 6B 76 3E;輝石通信のラッコ兵
ai/007.bin;0xE64B;11 2A 22 43;戦場の歌姫 ドロテア
ai/007.bin;0xE64B;03 D4 54 45; ヒットされない
ai/007.bin;0xE64B;2D 3A A7 45;AI(%d) : ガードステップ情報
ai/007.bin;0xE64B;2C A5 7B 4D;枚選択する必要があるが、
ai/007.bin;0xE64B;69 84 A9 4D;スプラッシュ・アサルト
ai/007.bin;0xE64B;D1 3C 1C 4E;潮騒の水将 アルゴス
ai/007.bin;0xE64B;9F A5 E0 4F;ＣＥＯ アマテラス
ai/007.bin;0xE64B;3A D0 5B 51;メッチャバトラー ビクトール
ai/007.bin;0xE64B;A6 11 33 52;暗黒竜 ファントム・ブラスター “Diablo”
ai/007.bin;0xE64B;72 A4 48 52;マグナム・アサルト
ai/007.bin;0xE64B;A2 CA 0A 55;士官候補生 アンドレイ
ai/007.bin;0xE64B;3C E0 6F 55;ドラゴニック・オーバーロード
ai/007.bin;0xE64B;B6 EB DA 55;蒼嵐水将 デスピナ
ai/007.bin;0xE64B;DE C1 45 56;解放者
ai/007.bin;0xE64B;F7 6D 78 57;スタンプ・ラッコ
ai/007.bin;0xE64B;8C 67 0C 5E;満潮の水将 クセノフォン
ai/007.bin;0xE64B;C5 AF 0D 60;真紅の伝承 メタトロン
ai/007.bin;0xE64B;47 87 68 63;AI(%d) : 思考時間 %.3f秒 (行動カテゴリ:%d)
ai/007.bin;0xE64B;55 C8 81 63;  完全ガード : %d/%d枚
ai/007.bin;0xE64B;42 D7 DA 63;  ガーディアン候補
ai/007.bin;0xE64B;33 8E E7 69;Duo 理想の妹 メーア
ai/007.bin;0xE64B;E8 83 60 6B;デアデビル・サムラーイ
ai/007.bin;0xE64B;4B D4 AE 6B;  合計シールド : 
ai/007.bin;0xE64B;DC 4C 2C 6E;立春の花乙姫 プリマヴェーラ
ai/007.bin;0xE64B;11 E8 1D 70;神託の女王 ヒミコ
ai/007.bin;0xE64B;E4 FB 3C 72;蒼嵐候補生 アノス
ai/007.bin;0xE64B;BF 35 68 72;タイダル・アサルト
ai/007.bin;0xE64B;29 EF C2 73;  対象(%d) : %s
ai/007.bin;0xE64B;84 D7 AC 7F;ティアーナイト ラザロス
ai/007.bin;0xE64B;7C 3A 8B 81;解放者 バーニング・ブロー
ai/007.bin;0xE64B;0E 62 A6 83;ネイブルゲイザー・ドラゴン
ai/007.bin;0xE64B;DA 63 6D 85;次元ロボ ダイブレイブ
ai/007.bin;0xE64B;60 66 9E 86;高速遊撃のイルカ兵
ai/007.bin;0xE64B;46 DE 4B 88;ダークメタル・ドラゴン
ai/007.bin;0xE64B;6A D5 6E 8A;カタナライザー
ai/007.bin;0xE64B;A0 D8 63 8D;大宇宙勇機 グランギャロップ
ai/007.bin;0xE64B;1F 10 24 8F;上
ai/007.bin;0xE64B;6C E6 93 8F;真黒の賢者 カロン
ai/007.bin;0xE64B;BB E2 E9 90;永劫不敗 アシュラ・カイザー
ai/007.bin;0xE64B;E1 26 37 94;魔竜戦鬼 チャトゥラ
ai/007.bin;0xE64B;6A 0F 95 94;  アタッカーのパワー : %d(%d)
ai/007.bin;0xE64B;7F BB 35 95;覇天皇竜 ドラゴニック・オーバーロード “The Ace”
ai/007.bin;0xE64B;0C DD 47 9B;バトルシスター ぱるふぇ
ai/007.bin;0xE64B;1A 2D D2 9C;マイスガード フォーマルハウト
ai/007.bin;0xE64B;69 08 3B A2;蒼波竜 テトラドライブ・ドラゴン
ai/007.bin;0xE64B;F1 51 AA A2;スチームファイター バリフ
ai/007.bin;0xE64B;A4 F3 D7 A7;  アタッカーのクリティカル : %d
ai/007.bin;0xE64B;BD FD F6 A7;メチャバトラー ランボール
ai/007.bin;0xE64B;43 39 46 AB;蒼嵐水将 スピロス
ai/007.bin;0xE64B;9F 77 42 AC;フレアウィップ・ドラゴン
ai/007.bin;0xE64B;50 44 CD AE;初陣の士官候補生
ai/007.bin;0xE64B;39 6A 36 B5;超鋼闘機 ヘヴィデューク
ai/007.bin;0xE64B;BD 16 80 B6;戦場の歌姫 シンシア
ai/007.bin;0xE64B;F7 48 21 B9;ドラゴンナイト ジャラール
ai/007.bin;0xE64B;80 35 8B BA;アクセラレイテッド・コマンド
ai/007.bin;0xE64B;88 EF 6D BC;イニグマン・トルネード
ai/007.bin;0xE64B;ED F8 CC BD;ファイナル・レンチ
ai/007.bin;0xE64B;11 9F 48 BE;修羅忍竜 ダラニコンゴウ
ai/007.bin;0xE64B;CF AA 4F C1;煉獄竜 ドラゴニック・ネオフレイム
ai/007.bin;0xE64B;7C 17 CE C1;ラナンキュラスの花乙女 アーシャ
ai/007.bin;0xE64B;59 A9 75 C4;無限海溝の巨人兵
ai/007.bin;0xE64B;E0 E0 80 C5;要の碇 ダビド
ai/007.bin;0xE64B;32 A7 9C C5;カップルダガー・セイラー
ai/007.bin;0xE64B;15 6E A2 C8;ウィステリアナイト
ai/007.bin;0xE64B;AB 51 A7 CB;AI(%d) : レシピ (フラグ:%08x)
ai/007.bin;0xE64B;D7 DA C1 D6;AI(%d) : 思考開始 (行動カテゴリ:%d)
ai/007.bin;0xE64B;AF 81 DE D6;コーラル・アサルト
ai/007.bin;0xE64B;04 75 4F D7;蒼嵐兵 ラスカル・スイーパー
ai/007.bin;0xE64B;7C 46 0A D9;忍竜 ドレッドマスター
ai/007.bin;0xE64B;6B 1D DB DC;マシニング・モスキート mkⅡ
ai/007.bin;0xE64B;69 E8 61 E1;オーバーロード
ai/007.bin;0xE64B;7D 1F 65 E6;獣神 ナイトジャッカル
ai/007.bin;0xE64B;57 CD 2E E8;    
ai/007.bin;0xE64B;CC 1A C6 E8;AI未設定 : attrib = %s
ai/007.bin;0xE64B;81 49 DD EC;虹色秘薬の医療士官
ai/007.bin;0xE64B;39 17 8B F0;星空の解放者 ギネヴィア
ai/007.bin;0xE64B;4B 16 BE F0;鋭気の騎士 エクター
ai/007.bin;0xE64B;BF 43 2B F1;  アタッカー : %s
ai/007.bin;0xE64B;27 25 50 F1;ベアダウン・サムラーイ
ai/007.bin;0xE64B;FC B0 EB F6;清めの神器 ピュア・エンジェル
ai/007.bin;0xE64B;80 D8 AD F7;ティアーナイト テオ
ai/007.bin;0xE64B;89 20 23 F8;下
ai/007.bin;0xE64B;DD 4C B3 F8;ターン開始 AI(%d)
ai/008.bin;0xE534;DC A5 CF 01;  クインテットウォール : %d/%d枚
ai/008.bin;0xE534;51 5B 2F 06;ヘキサゴナル・メイガス
ai/008.bin;0xE534;DD 9F CC 07;蒼嵐竜 メイルストローム
ai/008.bin;0xE534;12 77 8C 08;ぞーいがる・解放者
ai/008.bin;0xE534;8D 9F AA 08;  シールドの要求値 : 
ai/008.bin;0xE534;76 AE E0 09;ドラゴニック・オーバーロード “The Яe-birth”
ai/008.bin;0xE534;02 DC 8B 0D;モーント・ブラウクリューガー
ai/008.bin;0xE534;B1 2D 5D 0E;  対象のパワー : %d(%d)%s
ai/008.bin;0xE534;24 A1 3B 11;ライジング・ライオネット
ai/008.bin;0xE534;CA 98 65 11;神界獣 フェンリル
ai/008.bin;0xE534;2F 96 22 12;ダンシング・ウルフ
ai/008.bin;0xE534;2F CE 1C 13;花占いの女神 サクヤ
ai/008.bin;0xE534;9F 3C 4E 15; + %d
ai/008.bin;0xE534;26 7B 30 1A;ネコ執事
ai/008.bin;0xE534;8D 20 89 1A;AI未設定 : %s %d
ai/008.bin;0xE534;49 58 50 21;次元ロボ ダイジェット
ai/008.bin;0xE534;8E BC BB 21;  シールドの目標値 : 
ai/008.bin;0xE534;50 41 74 23;希望の子 トゥルエル
ai/008.bin;0xE534;39 5F 97 27;新鋭の騎士 ダヴィド
ai/008.bin;0xE534;BE 51 F9 27;餓竜 バトルレックス
ai/008.bin;0xE534;0F B7 A8 29;ぽめるがる・解放者
ai/008.bin;0xE534;F7 2E E0 29;～%d
ai/008.bin;0xE534;A6 8F 2A 2A;喧嘩屋 ファイティング・ドラコキッド
ai/008.bin;0xE534;04 C4 C8 2C;美技の騎士 ガレス
ai/008.bin;0xE534;44 62 0C 2D;無音の射手 コンダクタンス
ai/008.bin;0xE534;14 30 63 2D;!!!! AI ERROR !!!!\n  
ai/008.bin;0xE534;EE 81 9E 32;豪腕拿捕の巨人兵
ai/008.bin;0xE534;C5 4D EE 32;ブラスター・ダーク “Diablo”
ai/008.bin;0xE534;F1 28 16 33;枚しか選んでいない
ai/008.bin;0xE534;BC 1F 35 33;  ブースター : %s
ai/008.bin;0xE534;B8 BC F2 37;伏魔忍鬼 カガミジシ
ai/008.bin;0xE534;6E 42 D6 38;AI(%d) : アタック情報
ai/008.bin;0xE534;B3 AD 45 3A;ブラスター
ai/008.bin;0xE534;03 D4 54 45; ヒットされない
ai/008.bin;0xE534;2D 3A A7 45;AI(%d) : ガードステップ情報
ai/008.bin;0xE534;C4 05 FE 45;ディグニファイド・ゴールド・ドラゴン
ai/008.bin;0xE534;7D 02 AC 47;乱舞の解放者 メイルシオン
ai/008.bin;0xE534;2C A5 7B 4D;枚選択する必要があるが、
ai/008.bin;0xE534;9F A5 E0 4F;ＣＥＯ アマテラス
ai/008.bin;0xE534;3A D0 5B 51;メッチャバトラー ビクトール
ai/008.bin;0xE534;A6 11 33 52;暗黒竜 ファントム・ブラスター “Diablo”
ai/008.bin;0xE534;3C E0 6F 55;ドラゴニック・オーバーロード
ai/008.bin;0xE534;DE C1 45 56;解放者
ai/008.bin;0xE534;F7 6D 78 57;スタンプ・ラッコ
ai/008.bin;0xE534;E0 BF 5C 58;王道の解放者 ファロン
ai/008.bin;0xE534;E2 4C 9E 59;孤高の解放者 ガンスロッド
ai/008.bin;0xE534;49 32 EB 5E;未来の解放者 リュー
ai/008.bin;0xE534;C5 AF 0D 60;真紅の伝承 メタトロン
ai/008.bin;0xE534;47 87 68 63;AI(%d) : 思考時間 %.3f秒 (行動カテゴリ:%d)
ai/008.bin;0xE534;55 C8 81 63;  完全ガード : %d/%d枚
ai/008.bin;0xE534;42 D7 DA 63;  ガーディアン候補
ai/008.bin;0xE534;BB D6 EC 63;御使いの解放者
ai/008.bin;0xE534;1D 65 C1 69;武装の解放者 グイディオン
ai/008.bin;0xE534;33 8E E7 69;Duo 理想の妹 メーア
ai/008.bin;0xE534;E8 83 60 6B;デアデビル・サムラーイ
ai/008.bin;0xE534;4B D4 AE 6B;  合計シールド : 
ai/008.bin;0xE534;DC 4C 2C 6E;立春の花乙姫 プリマヴェーラ
ai/008.bin;0xE534;11 E8 1D 70;神託の女王 ヒミコ
ai/008.bin;0xE534;E4 FB 3C 72;蒼嵐候補生 アノス
ai/008.bin;0xE534;29 EF C2 73;  対象(%d) : %s
ai/008.bin;0xE534;7B 10 F7 78;沈黙の解放者 ギャラティン
ai/008.bin;0xE534;7C 3A 8B 81;解放者 バーニング・ブロー
ai/008.bin;0xE534;DA 63 6D 85;次元ロボ ダイブレイブ
ai/008.bin;0xE534;46 DE 4B 88;ダークメタル・ドラゴン
ai/008.bin;0xE534;6A D5 6E 8A;カタナライザー
ai/008.bin;0xE534;A0 D8 63 8D;大宇宙勇機 グランギャロップ
ai/008.bin;0xE534;1F 10 24 8F;上
ai/008.bin;0xE534;6C E6 93 8F;真黒の賢者 カロン
ai/008.bin;0xE534;BB E2 E9 90;永劫不敗 アシュラ・カイザー
ai/008.bin;0xE534;E1 26 37 94;魔竜戦鬼 チャトゥラ
ai/008.bin;0xE534;6A 0F 95 94;  アタッカーのパワー : %d(%d)
ai/008.bin;0xE534;7F BB 35 95;覇天皇竜 ドラゴニック・オーバーロード “The Ace”
ai/008.bin;0xE534;0C DD 47 9B;バトルシスター ぱるふぇ
ai/008.bin;0xE534;1A 2D D2 9C;マイスガード フォーマルハウト
ai/008.bin;0xE534;C6 76 17 9F;霊薬の解放者
ai/008.bin;0xE534;69 08 3B A2;蒼波竜 テトラドライブ・ドラゴン
ai/008.bin;0xE534;F1 51 AA A2;スチームファイター バリフ
ai/008.bin;0xE534;A4 F3 D7 A7;  アタッカーのクリティカル : %d
ai/008.bin;0xE534;BD FD F6 A7;メチャバトラー ランボール
ai/008.bin;0xE534;9F 77 42 AC;フレアウィップ・ドラゴン
ai/008.bin;0xE534;39 6A 36 B5;超鋼闘機 ヘヴィデューク
ai/008.bin;0xE534;F7 48 21 B9;ドラゴンナイト ジャラール
ai/008.bin;0xE534;93 5B F5 B9;猛撃の解放者
ai/008.bin;0xE534;88 EF 6D BC;イニグマン・トルネード
ai/008.bin;0xE534;ED F8 CC BD;ファイナル・レンチ
ai/008.bin;0xE534;11 9F 48 BE;修羅忍竜 ダラニコンゴウ
ai/008.bin;0xE534;CF AA 4F C1;煉獄竜 ドラゴニック・ネオフレイム
ai/008.bin;0xE534;7C 17 CE C1;ラナンキュラスの花乙女 アーシャ
ai/008.bin;0xE534;AB 7A C2 C4;運命の解放者
ai/008.bin;0xE534;15 6E A2 C8;ウィステリアナイト
ai/008.bin;0xE534;AB 51 A7 CB;AI(%d) : レシピ (フラグ:%08x)
ai/008.bin;0xE534;B1 31 54 D1;ブラスター・ブレード・解放者
ai/008.bin;0xE534;D7 DA C1 D6;AI(%d) : 思考開始 (行動カテゴリ:%d)
ai/008.bin;0xE534;7C 46 0A D9;忍竜 ドレッドマスター
ai/008.bin;0xE534;6B 1D DB DC;マシニング・モスキート mkⅡ
ai/008.bin;0xE534;68 8C 48 DF;小さな解放者 マロン
ai/008.bin;0xE534;69 E8 61 E1;オーバーロード
ai/008.bin;0xE534;7D 1F 65 E6;獣神 ナイトジャッカル
ai/008.bin;0xE534;57 CD 2E E8;    
ai/008.bin;0xE534;CC 1A C6 E8;AI未設定 : attrib = %s
ai/008.bin;0xE534;F2 0E 92 EA;ズームダウン・イーグル
ai/008.bin;0xE534;39 17 8B F0;星空の解放者 ギネヴィア
ai/008.bin;0xE534;4B 16 BE F0;鋭気の騎士 エクター
ai/008.bin;0xE534;BF 43 2B F1;  アタッカー : %s
ai/008.bin;0xE534;27 25 50 F1;ベアダウン・サムラーイ
ai/008.bin;0xE534;FC B0 EB F6;清めの神器 ピュア・エンジェル
ai/008.bin;0xE534;89 20 23 F8;下
ai/008.bin;0xE534;DD 4C B3 F8;ターン開始 AI(%d)
ai/009.bin;0xE530;3F BF 4A 01;抹消者 イエロージェム・カーバンクル
ai/009.bin;0xE530;DC A5 CF 01;  クインテットウォール : %d/%d枚
ai/009.bin;0xE530;FF BD 31 02;抹消者 サンダーブーム・ドラゴン
ai/009.bin;0xE530;51 5B 2F 06;ヘキサゴナル・メイガス
ai/009.bin;0xE530;DD 9F CC 07;蒼嵐竜 メイルストローム
ai/009.bin;0xE530;8D 9F AA 08;  シールドの要求値 : 
ai/009.bin;0xE530;76 AE E0 09;ドラゴニック・オーバーロード “The Яe-birth”
ai/009.bin;0xE530;02 DC 8B 0D;モーント・ブラウクリューガー
ai/009.bin;0xE530;B1 2D 5D 0E;  対象のパワー : %d(%d)%s
ai/009.bin;0xE530;24 A1 3B 11;ライジング・ライオネット
ai/009.bin;0xE530;CA 98 65 11;神界獣 フェンリル
ai/009.bin;0xE530;2F 96 22 12;ダンシング・ウルフ
ai/009.bin;0xE530;2F CE 1C 13;花占いの女神 サクヤ
ai/009.bin;0xE530;9F 3C 4E 15; + %d
ai/009.bin;0xE530;26 7B 30 1A;ネコ執事
ai/009.bin;0xE530;8D 20 89 1A;AI未設定 : %s %d
ai/009.bin;0xE530;3B C4 BE 20;抹消者 ドラゴンメイジ
ai/009.bin;0xE530;49 58 50 21;次元ロボ ダイジェット
ai/009.bin;0xE530;8E BC BB 21;  シールドの目標値 : 
ai/009.bin;0xE530;50 41 74 23;希望の子 トゥルエル
ai/009.bin;0xE530;39 5F 97 27;新鋭の騎士 ダヴィド
ai/009.bin;0xE530;BE 51 F9 27;餓竜 バトルレックス
ai/009.bin;0xE530;F7 2E E0 29;～%d
ai/009.bin;0xE530;A6 8F 2A 2A;喧嘩屋 ファイティング・ドラコキッド
ai/009.bin;0xE530;28 39 81 2B;ドラゴンダンサー・ヴェロニカ
ai/009.bin;0xE530;20 57 F4 2C;真火の抹消者 コウガイジ
ai/009.bin;0xE530;44 62 0C 2D;無音の射手 コンダクタンス
ai/009.bin;0xE530;14 30 63 2D;!!!! AI ERROR !!!!\n  
ai/009.bin;0xE530;EE 81 9E 32;豪腕拿捕の巨人兵
ai/009.bin;0xE530;C5 4D EE 32;ブラスター・ダーク “Diablo”
ai/009.bin;0xE530;F1 28 16 33;枚しか選んでいない
ai/009.bin;0xE530;BC 1F 35 33;  ブースター : %s
ai/009.bin;0xE530;B8 BC F2 37;伏魔忍鬼 カガミジシ
ai/009.bin;0xE530;6E 42 D6 38;AI(%d) : アタック情報
ai/009.bin;0xE530;B3 AD 45 3A;ブラスター
ai/009.bin;0xE530;03 D4 54 45; ヒットされない
ai/009.bin;0xE530;2D 3A A7 45;AI(%d) : ガードステップ情報
ai/009.bin;0xE530;3D C6 6F 4A;抹消者 デモリッション・ドラゴン
ai/009.bin;0xE530;2C A5 7B 4D;枚選択する必要があるが、
ai/009.bin;0xE530;9F A5 E0 4F;ＣＥＯ アマテラス
ai/009.bin;0xE530;3A D0 5B 51;メッチャバトラー ビクトール
ai/009.bin;0xE530;C9 67 26 52;砂塵の抹消者 トコウ
ai/009.bin;0xE530;A6 11 33 52;暗黒竜 ファントム・ブラスター “Diablo”
ai/009.bin;0xE530;68 36 74 53;風伯の抹消者 ハヤテ
ai/009.bin;0xE530;55 62 89 54;ディスチャージング・ドラゴン
ai/009.bin;0xE530;3C E0 6F 55;ドラゴニック・オーバーロード
ai/009.bin;0xE530;DE C1 45 56;解放者
ai/009.bin;0xE530;F7 6D 78 57;スタンプ・ラッコ
ai/009.bin;0xE530;18 D0 AE 59;暗殺剣の抹消者 スウセイ
ai/009.bin;0xE530;C5 AF 0D 60;真紅の伝承 メタトロン
ai/009.bin;0xE530;47 87 68 63;AI(%d) : 思考時間 %.3f秒 (行動カテゴリ:%d)
ai/009.bin;0xE530;55 C8 81 63;  完全ガード : %d/%d枚
ai/009.bin;0xE530;42 D7 DA 63;  ガーディアン候補
ai/009.bin;0xE530;33 8E E7 69;Duo 理想の妹 メーア
ai/009.bin;0xE530;E8 83 60 6B;デアデビル・サムラーイ
ai/009.bin;0xE530;4B D4 AE 6B;  合計シールド : 
ai/009.bin;0xE530;DC 4C 2C 6E;立春の花乙姫 プリマヴェーラ
ai/009.bin;0xE530;11 E8 1D 70;神託の女王 ヒミコ
ai/009.bin;0xE530;E4 FB 3C 72;蒼嵐候補生 アノス
ai/009.bin;0xE530;29 EF C2 73;  対象(%d) : %s
ai/009.bin;0xE530;E8 C6 78 80;レッドリバー・ドラグーン
ai/009.bin;0xE530;7C 3A 8B 81;解放者 バーニング・ブロー
ai/009.bin;0xE530;DA 63 6D 85;次元ロボ ダイブレイブ
ai/009.bin;0xE530;46 DE 4B 88;ダークメタル・ドラゴン
ai/009.bin;0xE530;6A D5 6E 8A;カタナライザー
ai/009.bin;0xE530;A0 D8 63 8D;大宇宙勇機 グランギャロップ
ai/009.bin;0xE530;1F 10 24 8F;上
ai/009.bin;0xE530;6C E6 93 8F;真黒の賢者 カロン
ai/009.bin;0xE530;BB E2 E9 90;永劫不敗 アシュラ・カイザー
ai/009.bin;0xE530;43 8C 15 92;弾幕の抹消者 シオン
ai/009.bin;0xE530;4A 0B A1 93;雷刃の抹消者 ジーム
ai/009.bin;0xE530;E1 26 37 94;魔竜戦鬼 チャトゥラ
ai/009.bin;0xE530;6A 0F 95 94;  アタッカーのパワー : %d(%d)
ai/009.bin;0xE530;7F BB 35 95;覇天皇竜 ドラゴニック・オーバーロード “The Ace”
ai/009.bin;0xE530;0C DD 47 9B;バトルシスター ぱるふぇ
ai/009.bin;0xE530;1A 2D D2 9C;マイスガード フォーマルハウト
ai/009.bin;0xE530;69 08 3B A2;蒼波竜 テトラドライブ・ドラゴン
ai/009.bin;0xE530;F1 51 AA A2;スチームファイター バリフ
ai/009.bin;0xE530;A4 F3 D7 A7;  アタッカーのクリティカル : %d
ai/009.bin;0xE530;BD FD F6 A7;メチャバトラー ランボール
ai/009.bin;0xE530;9F 77 42 AC;フレアウィップ・ドラゴン
ai/009.bin;0xE530;39 6A 36 B5;超鋼闘機 ヘヴィデューク
ai/009.bin;0xE530;F7 48 21 B9;ドラゴンナイト ジャラール
ai/009.bin;0xE530;88 EF 6D BC;イニグマン・トルネード
ai/009.bin;0xE530;ED F8 CC BD;ファイナル・レンチ
ai/009.bin;0xE530;11 9F 48 BE;修羅忍竜 ダラニコンゴウ
ai/009.bin;0xE530;CF AA 4F C1;煉獄竜 ドラゴニック・ネオフレイム
ai/009.bin;0xE530;7C 17 CE C1;ラナンキュラスの花乙女 アーシャ
ai/009.bin;0xE530;15 6E A2 C8;ウィステリアナイト
ai/009.bin;0xE530;35 33 3D CB;蠱毒の抹消者 セイオウボ
ai/009.bin;0xE530;AB 51 A7 CB;AI(%d) : レシピ (フラグ:%08x)
ai/009.bin;0xE530;D7 DA C1 D6;AI(%d) : 思考開始 (行動カテゴリ:%d)
ai/009.bin;0xE530;7C 46 0A D9;忍竜 ドレッドマスター
ai/009.bin;0xE530;6B 1D DB DC;マシニング・モスキート mkⅡ
ai/009.bin;0xE530;F4 42 77 DF;抹消者 スパークレイン・ドラゴン
ai/009.bin;0xE530;69 E8 61 E1;オーバーロード
ai/009.bin;0xE530;7D 1F 65 E6;獣神 ナイトジャッカル
ai/009.bin;0xE530;57 CD 2E E8;    
ai/009.bin;0xE530;CC 1A C6 E8;AI未設定 : attrib = %s
ai/009.bin;0xE530;39 17 8B F0;星空の解放者 ギネヴィア
ai/009.bin;0xE530;4B 16 BE F0;鋭気の騎士 エクター
ai/009.bin;0xE530;BF 43 2B F1;  アタッカー : %s
ai/009.bin;0xE530;27 25 50 F1;ベアダウン・サムラーイ
ai/009.bin;0xE530;E0 32 86 F1;抹消者 ボーイングソード・ドラゴン
ai/009.bin;0xE530;FC B0 EB F6;清めの神器 ピュア・エンジェル
ai/009.bin;0xE530;F2 7D 4C F7;石弾の抹消者 ホウキ
ai/009.bin;0xE530;89 20 23 F8;下
ai/009.bin;0xE530;DD 4C B3 F8;ターン開始 AI(%d)
ai/010.bin;0xE7BE;DC A5 CF 01;  クインテットウォール : %d/%d枚
ai/010.bin;0xE7BE;51 5B 2F 06;ヘキサゴナル・メイガス
ai/010.bin;0xE7BE;DD 9F CC 07;蒼嵐竜 メイルストローム
ai/010.bin;0xE7BE;8D 9F AA 08;  シールドの要求値 : 
ai/010.bin;0xE7BE;76 AE E0 09;ドラゴニック・オーバーロード “The Яe-birth”
ai/010.bin;0xE7BE;02 DC 8B 0D;モーント・ブラウクリューガー
ai/010.bin;0xE7BE;B1 2D 5D 0E;  対象のパワー : %d(%d)%s
ai/010.bin;0xE7BE;B2 AF 4D 10;厳格なる撃退者
ai/010.bin;0xE7BE;24 A1 3B 11;ライジング・ライオネット
ai/010.bin;0xE7BE;CA 98 65 11;神界獣 フェンリル
ai/010.bin;0xE7BE;2F 96 22 12;ダンシング・ウルフ
ai/010.bin;0xE7BE;2F CE 1C 13;花占いの女神 サクヤ
ai/010.bin;0xE7BE;9F 3C 4E 15; + %d
ai/010.bin;0xE7BE;26 7B 30 1A;ネコ執事
ai/010.bin;0xE7BE;8D 20 89 1A;AI未設定 : %s %d
ai/010.bin;0xE7BE;49 58 50 21;次元ロボ ダイジェット
ai/010.bin;0xE7BE;8E BC BB 21;  シールドの目標値 : 
ai/010.bin;0xE7BE;50 41 74 23;希望の子 トゥルエル
ai/010.bin;0xE7BE;39 5F 97 27;新鋭の騎士 ダヴィド
ai/010.bin;0xE7BE;BE 51 F9 27;餓竜 バトルレックス
ai/010.bin;0xE7BE;F7 2E E0 29;～%d
ai/010.bin;0xE7BE;A6 8F 2A 2A;喧嘩屋 ファイティング・ドラコキッド
ai/010.bin;0xE7BE;44 62 0C 2D;無音の射手 コンダクタンス
ai/010.bin;0xE7BE;14 30 63 2D;!!!! AI ERROR !!!!\n  
ai/010.bin;0xE7BE;EE 81 9E 32;豪腕拿捕の巨人兵
ai/010.bin;0xE7BE;C5 4D EE 32;ブラスター・ダーク “Diablo”
ai/010.bin;0xE7BE;F1 28 16 33;枚しか選んでいない
ai/010.bin;0xE7BE;BC 1F 35 33;  ブースター : %s
ai/010.bin;0xE7BE;0F 84 8F 33;月光の魔女 ヴァハ
ai/010.bin;0xE7BE;B8 BC F2 37;伏魔忍鬼 カガミジシ
ai/010.bin;0xE7BE;6E 42 D6 38;AI(%d) : アタック情報
ai/010.bin;0xE7BE;B3 AD 45 3A;ブラスター
ai/010.bin;0xE7BE;DD A7 77 3D;虚空の撃退者 マスカレード
ai/010.bin;0xE7BE;5F 07 F5 3E;選択の魔女 エリウ
ai/010.bin;0xE7BE;2B 9E 47 42;秘薬の魔女 アリアンロッド
ai/010.bin;0xE7BE;03 D4 54 45; ヒットされない
ai/010.bin;0xE7BE;2D 3A A7 45;AI(%d) : ガードステップ情報
ai/010.bin;0xE7BE;EF 54 31 46;幽幻の撃退者 モルドレッド・ファントム
ai/010.bin;0xE7BE;2C A5 7B 4D;枚選択する必要があるが、
ai/010.bin;0xE7BE;DC 23 30 4E;暗闇の撃退者 ルゴス
ai/010.bin;0xE7BE;9F A5 E0 4F;ＣＥＯ アマテラス
ai/010.bin;0xE7BE;3A D0 5B 51;メッチャバトラー ビクトール
ai/010.bin;0xE7BE;A6 11 33 52;暗黒竜 ファントム・ブラスター “Diablo”
ai/010.bin;0xE7BE;2F 06 33 53;黒の賢者 カロン
ai/010.bin;0xE7BE;3C E0 6F 55;ドラゴニック・オーバーロード
ai/010.bin;0xE7BE;DE C1 45 56;解放者
ai/010.bin;0xE7BE;F7 6D 78 57;スタンプ・ラッコ
ai/010.bin;0xE7BE;3C 63 E3 57;髑髏の魔女 ネヴァン
ai/010.bin;0xE7BE;FF F7 DB 58;時を告げる撃退者
ai/010.bin;0xE7BE;C5 AF 0D 60;真紅の伝承 メタトロン
ai/010.bin;0xE7BE;47 87 68 63;AI(%d) : 思考時間 %.3f秒 (行動カテゴリ:%d)
ai/010.bin;0xE7BE;55 C8 81 63;  完全ガード : %d/%d枚
ai/010.bin;0xE7BE;42 D7 DA 63;  ガーディアン候補
ai/010.bin;0xE7BE;33 8E E7 69;Duo 理想の妹 メーア
ai/010.bin;0xE7BE;E8 83 60 6B;デアデビル・サムラーイ
ai/010.bin;0xE7BE;4B D4 AE 6B;  合計シールド : 
ai/010.bin;0xE7BE;21 86 C9 6C;冒涜の撃退者 ベリト
ai/010.bin;0xE7BE;DC 4C 2C 6E;立春の花乙姫 プリマヴェーラ
ai/010.bin;0xE7BE;11 E8 1D 70;神託の女王 ヒミコ
ai/010.bin;0xE7BE;E4 FB 3C 72;蒼嵐候補生 アノス
ai/010.bin;0xE7BE;F4 19 48 73;撃退者の城塞 ファタリテート
ai/010.bin;0xE7BE;29 EF C2 73;  対象(%d) : %s
ai/010.bin;0xE7BE;7C 3A 8B 81;解放者 バーニング・ブロー
ai/010.bin;0xE7BE;DA 63 6D 85;次元ロボ ダイブレイブ
ai/010.bin;0xE7BE;46 DE 4B 88;ダークメタル・ドラゴン
ai/010.bin;0xE7BE;6A D5 6E 8A;カタナライザー
ai/010.bin;0xE7BE;A0 D8 63 8D;大宇宙勇機 グランギャロップ
ai/010.bin;0xE7BE;1F 10 24 8F;上
ai/010.bin;0xE7BE;6C E6 93 8F;真黒の賢者 カロン
ai/010.bin;0xE7BE;BB E2 E9 90;永劫不敗 アシュラ・カイザー
ai/010.bin;0xE7BE;E1 26 37 94;魔竜戦鬼 チャトゥラ
ai/010.bin;0xE7BE;6A 0F 95 94;  アタッカーのパワー : %d(%d)
ai/010.bin;0xE7BE;7F BB 35 95;覇天皇竜 ドラゴニック・オーバーロード “The Ace”
ai/010.bin;0xE7BE;0C DD 47 9B;バトルシスター ぱるふぇ
ai/010.bin;0xE7BE;1A 2D D2 9C;マイスガード フォーマルハウト
ai/010.bin;0xE7BE;69 08 3B A2;蒼波竜 テトラドライブ・ドラゴン
ai/010.bin;0xE7BE;F1 51 AA A2;スチームファイター バリフ
ai/010.bin;0xE7BE;A4 F3 D7 A7;  アタッカーのクリティカル : %d
ai/010.bin;0xE7BE;BD FD F6 A7;メチャバトラー ランボール
ai/010.bin;0xE7BE;B9 2A FF AB;暗黒医術の撃退者
ai/010.bin;0xE7BE;9F 77 42 AC;フレアウィップ・ドラゴン
ai/010.bin;0xE7BE;E2 45 52 B1;恐慌の撃退者 フリッツ
ai/010.bin;0xE7BE;A3 70 B0 B3;撃退者 ブラッドマスター
ai/010.bin;0xE7BE;39 6A 36 B5;超鋼闘機 ヘヴィデューク
ai/010.bin;0xE7BE;F7 48 21 B9;ドラゴンナイト ジャラール
ai/010.bin;0xE7BE;9A 47 7E B9;ブランバウ・撃退者
ai/010.bin;0xE7BE;88 EF 6D BC;イニグマン・トルネード
ai/010.bin;0xE7BE;ED F8 CC BD;ファイナル・レンチ
ai/010.bin;0xE7BE;11 9F 48 BE;修羅忍竜 ダラニコンゴウ
ai/010.bin;0xE7BE;CF AA 4F C1;煉獄竜 ドラゴニック・ネオフレイム
ai/010.bin;0xE7BE;7C 17 CE C1;ラナンキュラスの花乙女 アーシャ
ai/010.bin;0xE7BE;BF 68 21 C3;コイルバウ・撃退者
ai/010.bin;0xE7BE;15 6E A2 C8;ウィステリアナイト
ai/010.bin;0xE7BE;AB 51 A7 CB;AI(%d) : レシピ (フラグ:%08x)
ai/010.bin;0xE7BE;D7 DA C1 D6;AI(%d) : 思考開始 (行動カテゴリ:%d)
ai/010.bin;0xE7BE;7C 46 0A D9;忍竜 ドレッドマスター
ai/010.bin;0xE7BE;F8 AA 7D D9;迷宮の撃退者 アラウン
ai/010.bin;0xE7BE;2C AD 93 DC;ヴェノマスブレス・ドラゴン
ai/010.bin;0xE7BE;6B 1D DB DC;マシニング・モスキート mkⅡ
ai/010.bin;0xE7BE;69 E8 61 E1;オーバーロード
ai/010.bin;0xE7BE;F5 53 42 E6;無常の撃退者 マスカレード
ai/010.bin;0xE7BE;7D 1F 65 E6;獣神 ナイトジャッカル
ai/010.bin;0xE7BE;57 CD 2E E8;    
ai/010.bin;0xE7BE;CC 1A C6 E8;AI未設定 : attrib = %s
ai/010.bin;0xE7BE;E7 F6 5F EC;氷結の撃退者
ai/010.bin;0xE7BE;CA DF F8 ED;ブラスター・ダーク・撃退者
ai/010.bin;0xE7BE;39 17 8B F0;星空の解放者 ギネヴィア
ai/010.bin;0xE7BE;4B 16 BE F0;鋭気の騎士 エクター
ai/010.bin;0xE7BE;BF 43 2B F1;  アタッカー : %s
ai/010.bin;0xE7BE;27 25 50 F1;ベアダウン・サムラーイ
ai/010.bin;0xE7BE;FC B0 EB F6;清めの神器 ピュア・エンジェル
ai/010.bin;0xE7BE;89 20 23 F8;下
ai/010.bin;0xE7BE;DD 4C B3 F8;ターン開始 AI(%d)
ai/011.bin;0xE532;DC A5 CF 01;  クインテットウォール : %d/%d枚
ai/011.bin;0xE532;DD 44 B0 04;虚ろの双刃 バイナリスター
ai/011.bin;0xE532;51 5B 2F 06;ヘキサゴナル・メイガス
ai/011.bin;0xE532;DD 9F CC 07;蒼嵐竜 メイルストローム
ai/011.bin;0xE532;8D 9F AA 08;  シールドの要求値 : 
ai/011.bin;0xE532;76 AE E0 09;ドラゴニック・オーバーロード “The Яe-birth”
ai/011.bin;0xE532;99 99 04 0B;星輝兵 メテオライガー
ai/011.bin;0xE532;02 DC 8B 0D;モーント・ブラウクリューガー
ai/011.bin;0xE532;B1 2D 5D 0E;  対象のパワー : %d(%d)%s
ai/011.bin;0xE532;24 A1 3B 11;ライジング・ライオネット
ai/011.bin;0xE532;CA 98 65 11;神界獣 フェンリル
ai/011.bin;0xE532;2F 96 22 12;ダンシング・ウルフ
ai/011.bin;0xE532;2F CE 1C 13;花占いの女神 サクヤ
ai/011.bin;0xE532;9F 3C 4E 15; + %d
ai/011.bin;0xE532;26 7B 30 1A;ネコ執事
ai/011.bin;0xE532;8D 20 89 1A;AI未設定 : %s %d
ai/011.bin;0xE532;49 58 50 21;次元ロボ ダイジェット
ai/011.bin;0xE532;8E BC BB 21;  シールドの目標値 : 
ai/011.bin;0xE532;50 41 74 23;希望の子 トゥルエル
ai/011.bin;0xE532;F7 09 48 24;絶影の星輝兵 ストロンチウム
ai/011.bin;0xE532;39 5F 97 27;新鋭の騎士 ダヴィド
ai/011.bin;0xE532;BE 51 F9 27;餓竜 バトルレックス
ai/011.bin;0xE532;F7 2E E0 29;～%d
ai/011.bin;0xE532;A6 8F 2A 2A;喧嘩屋 ファイティング・ドラコキッド
ai/011.bin;0xE532;44 62 0C 2D;無音の射手 コンダクタンス
ai/011.bin;0xE532;14 30 63 2D;!!!! AI ERROR !!!!\n  
ai/011.bin;0xE532;B9 1E DD 2D;新星の星輝兵 アクチニウム
ai/011.bin;0xE532;EE 81 9E 32;豪腕拿捕の巨人兵
ai/011.bin;0xE532;C5 4D EE 32;ブラスター・ダーク “Diablo”
ai/011.bin;0xE532;F1 28 16 33;枚しか選んでいない
ai/011.bin;0xE532;BC 1F 35 33;  ブースター : %s
ai/011.bin;0xE532;B8 BC F2 37;伏魔忍鬼 カガミジシ
ai/011.bin;0xE532;6E 42 D6 38;AI(%d) : アタック情報
ai/011.bin;0xE532;B3 AD 45 3A;ブラスター
ai/011.bin;0xE532;03 D4 54 45; ヒットされない
ai/011.bin;0xE532;2D 3A A7 45;AI(%d) : ガードステップ情報
ai/011.bin;0xE532;2C A5 7B 4D;枚選択する必要があるが、
ai/011.bin;0xE532;9F A5 E0 4F;ＣＥＯ アマテラス
ai/011.bin;0xE532;3A D0 5B 51;メッチャバトラー ビクトール
ai/011.bin;0xE532;A6 11 33 52;暗黒竜 ファントム・ブラスター “Diablo”
ai/011.bin;0xE532;3C E0 6F 55;ドラゴニック・オーバーロード
ai/011.bin;0xE532;DE C1 45 56;解放者
ai/011.bin;0xE532;F7 6D 78 57;スタンプ・ラッコ
ai/011.bin;0xE532;BF A7 24 5A;星輝兵 オーロライーグル
ai/011.bin;0xE532;60 AE F2 5C;星輝兵 インフィニットゼロ・ドラゴン
ai/011.bin;0xE532;C5 AF 0D 60;真紅の伝承 メタトロン
ai/011.bin;0xE532;47 87 68 63;AI(%d) : 思考時間 %.3f秒 (行動カテゴリ:%d)
ai/011.bin;0xE532;55 C8 81 63;  完全ガード : %d/%d枚
ai/011.bin;0xE532;42 D7 DA 63;  ガーディアン候補
ai/011.bin;0xE532;33 8E E7 69;Duo 理想の妹 メーア
ai/011.bin;0xE532;E6 0A A3 6A;襲撃の星輝兵 フランシウム
ai/011.bin;0xE532;E8 83 60 6B;デアデビル・サムラーイ
ai/011.bin;0xE532;4B D4 AE 6B;  合計シールド : 
ai/011.bin;0xE532;DC 4C 2C 6E;立春の花乙姫 プリマヴェーラ
ai/011.bin;0xE532;11 E8 1D 70;神託の女王 ヒミコ
ai/011.bin;0xE532;F0 D9 D2 70;飛将の星輝兵 クリプトン
ai/011.bin;0xE532;E4 FB 3C 72;蒼嵐候補生 アノス
ai/011.bin;0xE532;29 EF C2 73;  対象(%d) : %s
ai/011.bin;0xE532;7C 3A 8B 81;解放者 バーニング・ブロー
ai/011.bin;0xE532;DA 63 6D 85;次元ロボ ダイブレイブ
ai/011.bin;0xE532;46 DE 4B 88;ダークメタル・ドラゴン
ai/011.bin;0xE532;6A D5 6E 8A;カタナライザー
ai/011.bin;0xE532;A0 D8 63 8D;大宇宙勇機 グランギャロップ
ai/011.bin;0xE532;1F 10 24 8F;上
ai/011.bin;0xE532;6C E6 93 8F;真黒の賢者 カロン
ai/011.bin;0xE532;BB E2 E9 90;永劫不敗 アシュラ・カイザー
ai/011.bin;0xE532;E4 E9 0E 94;鍵盤の星輝兵 ビスマス
ai/011.bin;0xE532;E1 26 37 94;魔竜戦鬼 チャトゥラ
ai/011.bin;0xE532;6A 0F 95 94;  アタッカーのパワー : %d(%d)
ai/011.bin;0xE532;7F BB 35 95;覇天皇竜 ドラゴニック・オーバーロード “The Ace”
ai/011.bin;0xE532;DF 67 86 97;星輝兵 パルサーベアー
ai/011.bin;0xE532;0C DD 47 9B;バトルシスター ぱるふぇ
ai/011.bin;0xE532;1A 2D D2 9C;マイスガード フォーマルハウト
ai/011.bin;0xE532;D8 68 20 A0;星輝兵 メビウスブレス・ドラゴン
ai/011.bin;0xE532;FE E1 B6 A0;追撃の星輝兵 フェルミウム
ai/011.bin;0xE532;69 08 3B A2;蒼波竜 テトラドライブ・ドラゴン
ai/011.bin;0xE532;F1 51 AA A2;スチームファイター バリフ
ai/011.bin;0xE532;A4 F3 D7 A7;  アタッカーのクリティカル : %d
ai/011.bin;0xE532;BD FD F6 A7;メチャバトラー ランボール
ai/011.bin;0xE532;9F 77 42 AC;フレアウィップ・ドラゴン
ai/011.bin;0xE532;39 6A 36 B5;超鋼闘機 ヘヴィデューク
ai/011.bin;0xE532;F7 48 21 B9;ドラゴンナイト ジャラール
ai/011.bin;0xE532;8D 55 D4 B9;無双の星輝兵 ラドン
ai/011.bin;0xE532;88 EF 6D BC;イニグマン・トルネード
ai/011.bin;0xE532;ED F8 CC BD;ファイナル・レンチ
ai/011.bin;0xE532;11 9F 48 BE;修羅忍竜 ダラニコンゴウ
ai/011.bin;0xE532;CF AA 4F C1;煉獄竜 ドラゴニック・ネオフレイム
ai/011.bin;0xE532;7C 17 CE C1;ラナンキュラスの花乙女 アーシャ
ai/011.bin;0xE532;15 6E A2 C8;ウィステリアナイト
ai/011.bin;0xE532;77 B6 99 CA;魔弾の星輝兵 ネオン
ai/011.bin;0xE532;AB 51 A7 CB;AI(%d) : レシピ (フラグ:%08x)
ai/011.bin;0xE532;D7 DA C1 D6;AI(%d) : 思考開始 (行動カテゴリ:%d)
ai/011.bin;0xE532;68 7C B9 D7;トワイライトバロン
ai/011.bin;0xE532;7C 46 0A D9;忍竜 ドレッドマスター
ai/011.bin;0xE532;C2 90 C6 DB;星輝兵 ネビュラキャプター
ai/011.bin;0xE532;6B 1D DB DC;マシニング・モスキート mkⅡ
ai/011.bin;0xE532;69 E8 61 E1;オーバーロード
ai/011.bin;0xE532;7D 1F 65 E6;獣神 ナイトジャッカル
ai/011.bin;0xE532;57 CD 2E E8;    
ai/011.bin;0xE532;CC 1A C6 E8;AI未設定 : attrib = %s
ai/011.bin;0xE532;39 17 8B F0;星空の解放者 ギネヴィア
ai/011.bin;0xE532;4B 16 BE F0;鋭気の騎士 エクター
ai/011.bin;0xE532;BF 43 2B F1;  アタッカー : %s
ai/011.bin;0xE532;27 25 50 F1;ベアダウン・サムラーイ
ai/011.bin;0xE532;FC B0 EB F6;清めの神器 ピュア・エンジェル
ai/011.bin;0xE532;89 20 23 F8;下
ai/011.bin;0xE532;DD 4C B3 F8;ターン開始 AI(%d)
ai/011.bin;0xE532;E2 D8 A8 FF;星輝兵 ステラガレージ
ai/012.bin;0xE538;DC A5 CF 01;  クインテットウォール : %d/%d枚
ai/012.bin;0xE538;51 5B 2F 06;ヘキサゴナル・メイガス
ai/012.bin;0xE538;DD 9F CC 07;蒼嵐竜 メイルストローム
ai/012.bin;0xE538;8D 9F AA 08;  シールドの要求値 : 
ai/012.bin;0xE538;76 AE E0 09;ドラゴニック・オーバーロード “The Яe-birth”
ai/012.bin;0xE538;02 DC 8B 0D;モーント・ブラウクリューガー
ai/012.bin;0xE538;B1 2D 5D 0E;  対象のパワー : %d(%d)%s
ai/012.bin;0xE538;24 A1 3B 11;ライジング・ライオネット
ai/012.bin;0xE538;CA 98 65 11;神界獣 フェンリル
ai/012.bin;0xE538;2F 96 22 12;ダンシング・ウルフ
ai/012.bin;0xE538;2F CE 1C 13;花占いの女神 サクヤ
ai/012.bin;0xE538;9F 3C 4E 15; + %d
ai/012.bin;0xE538;C0 3B E1 16;次元ロボ ダイタイガー
ai/012.bin;0xE538;FB 9C E9 17;次元ロボ ゴーフライト
ai/012.bin;0xE538;26 7B 30 1A;ネコ執事
ai/012.bin;0xE538;8D 20 89 1A;AI未設定 : %s %d
ai/012.bin;0xE538;C0 15 ED 1A;次元ロボ ダイドラゴン
ai/012.bin;0xE538;49 58 50 21;次元ロボ ダイジェット
ai/012.bin;0xE538;8E BC BB 21;  シールドの目標値 : 
ai/012.bin;0xE538;50 41 74 23;希望の子 トゥルエル
ai/012.bin;0xE538;3E B4 A9 24;次元ロボ ダイドリラー
ai/012.bin;0xE538;39 5F 97 27;新鋭の騎士 ダヴィド
ai/012.bin;0xE538;BE 51 F9 27;餓竜 バトルレックス
ai/012.bin;0xE538;F7 2E E0 29;～%d
ai/012.bin;0xE538;A6 8F 2A 2A;喧嘩屋 ファイティング・ドラコキッド
ai/012.bin;0xE538;44 62 0C 2D;無音の射手 コンダクタンス
ai/012.bin;0xE538;14 30 63 2D;!!!! AI ERROR !!!!\n  
ai/012.bin;0xE538;EE 81 9E 32;豪腕拿捕の巨人兵
ai/012.bin;0xE538;C5 4D EE 32;ブラスター・ダーク “Diablo”
ai/012.bin;0xE538;F1 28 16 33;枚しか選んでいない
ai/012.bin;0xE538;BC 1F 35 33;  ブースター : %s
ai/012.bin;0xE538;6F 97 CC 33;次元ロボ ダイクレーン
ai/012.bin;0xE538;B8 BC F2 37;伏魔忍鬼 カガミジシ
ai/012.bin;0xE538;6E 42 D6 38;AI(%d) : アタック情報
ai/012.bin;0xE538;B3 AD 45 3A;ブラスター
ai/012.bin;0xE538;03 D4 54 45; ヒットされない
ai/012.bin;0xE538;2D 3A A7 45;AI(%d) : ガードステップ情報
ai/012.bin;0xE538;2C A5 7B 4D;枚選択する必要があるが、
ai/012.bin;0xE538;98 17 DB 4F;次元ロボ ゴーユーシャ
ai/012.bin;0xE538;9F A5 E0 4F;ＣＥＯ アマテラス
ai/012.bin;0xE538;3A D0 5B 51;メッチャバトラー ビクトール
ai/012.bin;0xE538;A6 11 33 52;暗黒竜 ファントム・ブラスター “Diablo”
ai/012.bin;0xE538;7F 2E 5C 53;次元ロボ ダイマリナー
ai/012.bin;0xE538;3C E0 6F 55;ドラゴニック・オーバーロード
ai/012.bin;0xE538;DE C1 45 56;解放者
ai/012.bin;0xE538;F7 6D 78 57;スタンプ・ラッコ
ai/012.bin;0xE538;19 8E 4B 5D;電星合体 コスモグレート
ai/012.bin;0xE538;C5 AF 0D 60;真紅の伝承 メタトロン
ai/012.bin;0xE538;47 87 68 63;AI(%d) : 思考時間 %.3f秒 (行動カテゴリ:%d)
ai/012.bin;0xE538;55 C8 81 63;  完全ガード : %d/%d枚
ai/012.bin;0xE538;42 D7 DA 63;  ガーディアン候補
ai/012.bin;0xE538;EC 3B 48 64;次元ロボ ダイバトルス
ai/012.bin;0xE538;E5 D2 62 65;次元ロボ ゴーレスキュー
ai/012.bin;0xE538;33 8E E7 69;Duo 理想の妹 メーア
ai/012.bin;0xE538;E8 83 60 6B;デアデビル・サムラーイ
ai/012.bin;0xE538;4B D4 AE 6B;  合計シールド : 
ai/012.bin;0xE538;DC 4C 2C 6E;立春の花乙姫 プリマヴェーラ
ai/012.bin;0xE538;11 E8 1D 70;神託の女王 ヒミコ
ai/012.bin;0xE538;E4 FB 3C 72;蒼嵐候補生 アノス
ai/012.bin;0xE538;29 EF C2 73;  対象(%d) : %s
ai/012.bin;0xE538;26 9A 44 77;超次元ロボ ダイユーシャ
ai/012.bin;0xE538;7C 3A 8B 81;解放者 バーニング・ブロー
ai/012.bin;0xE538;DA 63 6D 85;次元ロボ ダイブレイブ
ai/012.bin;0xE538;46 DE 4B 88;ダークメタル・ドラゴン
ai/012.bin;0xE538;6A D5 6E 8A;カタナライザー
ai/012.bin;0xE538;A0 D8 63 8D;大宇宙勇機 グランギャロップ
ai/012.bin;0xE538;1F 10 24 8F;上
ai/012.bin;0xE538;6C E6 93 8F;真黒の賢者 カロン
ai/012.bin;0xE538;BB E2 E9 90;永劫不敗 アシュラ・カイザー
ai/012.bin;0xE538;E1 26 37 94;魔竜戦鬼 チャトゥラ
ai/012.bin;0xE538;6A 0F 95 94;  アタッカーのパワー : %d(%d)
ai/012.bin;0xE538;7F BB 35 95;覇天皇竜 ドラゴニック・オーバーロード “The Ace”
ai/012.bin;0xE538;8D 03 EC 97;次元ロボ カイザード
ai/012.bin;0xE538;0C DD 47 9B;バトルシスター ぱるふぇ
ai/012.bin;0xE538;1A 2D D2 9C;マイスガード フォーマルハウト
ai/012.bin;0xE538;69 08 3B A2;蒼波竜 テトラドライブ・ドラゴン
ai/012.bin;0xE538;F1 51 AA A2;スチームファイター バリフ
ai/012.bin;0xE538;A4 F3 D7 A7;  アタッカーのクリティカル : %d
ai/012.bin;0xE538;BD FD F6 A7;メチャバトラー ランボール
ai/012.bin;0xE538;9F 77 42 AC;フレアウィップ・ドラゴン
ai/012.bin;0xE538;39 6A 36 B5;超鋼闘機 ヘヴィデューク
ai/012.bin;0xE538;F7 48 21 B9;ドラゴンナイト ジャラール
ai/012.bin;0xE538;BF BE 4A B9;カレンロイド デイジー
ai/012.bin;0xE538;88 EF 6D BC;イニグマン・トルネード
ai/012.bin;0xE538;ED F8 CC BD;ファイナル・レンチ
ai/012.bin;0xE538;11 9F 48 BE;修羅忍竜 ダラニコンゴウ
ai/012.bin;0xE538;CF AA 4F C1;煉獄竜 ドラゴニック・ネオフレイム
ai/012.bin;0xE538;7C 17 CE C1;ラナンキュラスの花乙女 アーシャ
ai/012.bin;0xE538;15 6E A2 C8;ウィステリアナイト
ai/012.bin;0xE538;AB 51 A7 CB;AI(%d) : レシピ (フラグ:%08x)
ai/012.bin;0xE538;8D BE C6 CC;超次元ロボ ダイレディ
ai/012.bin;0xE538;D7 DA C1 D6;AI(%d) : 思考開始 (行動カテゴリ:%d)
ai/012.bin;0xE538;7C 46 0A D9;忍竜 ドレッドマスター
ai/012.bin;0xE538;6B 1D DB DC;マシニング・モスキート mkⅡ
ai/012.bin;0xE538;69 E8 61 E1;オーバーロード
ai/012.bin;0xE538;7D 1F 65 E6;獣神 ナイトジャッカル
ai/012.bin;0xE538;57 CD 2E E8;    
ai/012.bin;0xE538;CC 1A C6 E8;AI未設定 : attrib = %s
ai/012.bin;0xE538;8E 3E F0 ED;次元ロボ ダイファイター
ai/012.bin;0xE538;F1 76 1B EE;超次元ロボ ダイカイザー
ai/012.bin;0xE538;39 17 8B F0;星空の解放者 ギネヴィア
ai/012.bin;0xE538;4B 16 BE F0;鋭気の騎士 エクター
ai/012.bin;0xE538;BF 43 2B F1;  アタッカー : %s
ai/012.bin;0xE538;27 25 50 F1;ベアダウン・サムラーイ
ai/012.bin;0xE538;FC B0 EB F6;清めの神器 ピュア・エンジェル
ai/012.bin;0xE538;89 20 23 F8;下
ai/012.bin;0xE538;DD 4C B3 F8;ターン開始 AI(%d)
ai/013.bin;0xE61A;DC A5 CF 01;  クインテットウォール : %d/%d枚
ai/013.bin;0xE61A;51 5B 2F 06;ヘキサゴナル・メイガス
ai/013.bin;0xE61A;DD 9F CC 07;蒼嵐竜 メイルストローム
ai/013.bin;0xE61A;8D 9F AA 08;  シールドの要求値 : 
ai/013.bin;0xE61A;76 AE E0 09;ドラゴニック・オーバーロード “The Яe-birth”
ai/013.bin;0xE61A;02 DC 8B 0D;モーント・ブラウクリューガー
ai/013.bin;0xE61A;B1 2D 5D 0E;  対象のパワー : %d(%d)%s
ai/013.bin;0xE61A;24 A1 3B 11;ライジング・ライオネット
ai/013.bin;0xE61A;CA 98 65 11;神界獣 フェンリル
ai/013.bin;0xE61A;2F 96 22 12;ダンシング・ウルフ
ai/013.bin;0xE61A;2F CE 1C 13;花占いの女神 サクヤ
ai/013.bin;0xE61A;9F 3C 4E 15; + %d
ai/013.bin;0xE61A;56 31 FB 18;狼の魔女 サフラン
ai/013.bin;0xE61A;26 7B 30 1A;ネコ執事
ai/013.bin;0xE61A;8D 20 89 1A;AI未設定 : %s %d
ai/013.bin;0xE61A;C6 CF 8F 1D;大鍋の魔女 ローリエ
ai/013.bin;0xE61A;49 58 50 21;次元ロボ ダイジェット
ai/013.bin;0xE61A;8E BC BB 21;  シールドの目標値 : 
ai/013.bin;0xE61A;50 41 74 23;希望の子 トゥルエル
ai/013.bin;0xE61A;39 5F 97 27;新鋭の騎士 ダヴィド
ai/013.bin;0xE61A;C4 22 BE 27;パトロール・ガーディアン
ai/013.bin;0xE61A;BE 51 F9 27;餓竜 バトルレックス
ai/013.bin;0xE61A;F7 2E E0 29;～%d
ai/013.bin;0xE61A;A6 8F 2A 2A;喧嘩屋 ファイティング・ドラコキッド
ai/013.bin;0xE61A;E7 7C 37 2A;叡智の神器 アンジェリカ
ai/013.bin;0xE61A;44 62 0C 2D;無音の射手 コンダクタンス
ai/013.bin;0xE61A;14 30 63 2D;!!!! AI ERROR !!!!\n  
ai/013.bin;0xE61A;68 C9 B9 31;ドリーミング・ドラゴン
ai/013.bin;0xE61A;EE 81 9E 32;豪腕拿捕の巨人兵
ai/013.bin;0xE61A;C5 4D EE 32;ブラスター・ダーク “Diablo”
ai/013.bin;0xE61A;F1 28 16 33;枚しか選んでいない
ai/013.bin;0xE61A;BC 1F 35 33;  ブースター : %s
ai/013.bin;0xE61A;77 63 61 35;戦巫女 サホヒメ
ai/013.bin;0xE61A;B8 BC F2 37;伏魔忍鬼 カガミジシ
ai/013.bin;0xE61A;6E 42 D6 38;AI(%d) : アタック情報
ai/013.bin;0xE61A;B3 AD 45 3A;ブラスター
ai/013.bin;0xE61A;03 D4 54 45; ヒットされない
ai/013.bin;0xE61A;2D 3A A7 45;AI(%d) : ガードステップ情報
ai/013.bin;0xE61A;2C A5 7B 4D;枚選択する必要があるが、
ai/013.bin;0xE61A;9F A5 E0 4F;ＣＥＯ アマテラス
ai/013.bin;0xE61A;3A D0 5B 51;メッチャバトラー ビクトール
ai/013.bin;0xE61A;A6 11 33 52;暗黒竜 ファントム・ブラスター “Diablo”
ai/013.bin;0xE61A;8B 92 A4 53;戦巫女 タツタヒメ
ai/013.bin;0xE61A;3C E0 6F 55;ドラゴニック・オーバーロード
ai/013.bin;0xE61A;DE C1 45 56;解放者
ai/013.bin;0xE61A;F7 6D 78 57;スタンプ・ラッコ
ai/013.bin;0xE61A;A4 3E 79 5B;樹木の女神 ユピテール
ai/013.bin;0xE61A;C5 AF 0D 60;真紅の伝承 メタトロン
ai/013.bin;0xE61A;47 87 68 63;AI(%d) : 思考時間 %.3f秒 (行動カテゴリ:%d)
ai/013.bin;0xE61A;55 C8 81 63;  完全ガード : %d/%d枚
ai/013.bin;0xE61A;42 D7 DA 63;  ガーディアン候補
ai/013.bin;0xE61A;33 8E E7 69;Duo 理想の妹 メーア
ai/013.bin;0xE61A;E8 83 60 6B;デアデビル・サムラーイ
ai/013.bin;0xE61A;4B D4 AE 6B;  合計シールド : 
ai/013.bin;0xE61A;DC 4C 2C 6E;立春の花乙姫 プリマヴェーラ
ai/013.bin;0xE61A;11 E8 1D 70;神託の女王 ヒミコ
ai/013.bin;0xE61A;E4 FB 3C 72;蒼嵐候補生 アノス
ai/013.bin;0xE61A;29 EF C2 73;  対象(%d) : %s
ai/013.bin;0xE61A;7C 3A 8B 81;解放者 バーニング・ブロー
ai/013.bin;0xE61A;DA 63 6D 85;次元ロボ ダイブレイブ
ai/013.bin;0xE61A;46 DE 4B 88;ダークメタル・ドラゴン
ai/013.bin;0xE61A;6A D5 6E 8A;カタナライザー
ai/013.bin;0xE61A;6E 24 4B 8D;リフレクター・エンジェル
ai/013.bin;0xE61A;A0 D8 63 8D;大宇宙勇機 グランギャロップ
ai/013.bin;0xE61A;1F 10 24 8F;上
ai/013.bin;0xE61A;6C E6 93 8F;真黒の賢者 カロン
ai/013.bin;0xE61A;BB E2 E9 90;永劫不敗 アシュラ・カイザー
ai/013.bin;0xE61A;E1 26 37 94;魔竜戦鬼 チャトゥラ
ai/013.bin;0xE61A;6A 0F 95 94;  アタッカーのパワー : %d(%d)
ai/013.bin;0xE61A;7F BB 35 95;覇天皇竜 ドラゴニック・オーバーロード “The Ace”
ai/013.bin;0xE61A;0C DD 47 9B;バトルシスター ぱるふぇ
ai/013.bin;0xE61A;1A 2D D2 9C;マイスガード フォーマルハウト
ai/013.bin;0xE61A;69 08 3B A2;蒼波竜 テトラドライブ・ドラゴン
ai/013.bin;0xE61A;F1 51 AA A2;スチームファイター バリフ
ai/013.bin;0xE61A;DF 45 38 A3;戦巫女 ミヅハ
ai/013.bin;0xE61A;A4 F3 D7 A7;  アタッカーのクリティカル : %d
ai/013.bin;0xE61A;BD FD F6 A7;メチャバトラー ランボール
ai/013.bin;0xE61A;A4 66 BE A9;バンデット・ダニー
ai/013.bin;0xE61A;9F 77 42 AC;フレアウィップ・ドラゴン
ai/013.bin;0xE61A;EF 89 44 AD;檸檬の魔女 リモンチーノ
ai/013.bin;0xE61A;40 7D FC B2;林檎の魔女 シードル
ai/013.bin;0xE61A;39 6A 36 B5;超鋼闘機 ヘヴィデューク
ai/013.bin;0xE61A;85 19 5B B6;戦巫女 ミヒカリヒメ
ai/013.bin;0xE61A;F7 48 21 B9;ドラゴンナイト ジャラール
ai/013.bin;0xE61A;88 EF 6D BC;イニグマン・トルネード
ai/013.bin;0xE61A;ED F8 CC BD;ファイナル・レンチ
ai/013.bin;0xE61A;11 9F 48 BE;修羅忍竜 ダラニコンゴウ
ai/013.bin;0xE61A;CF AA 4F C1;煉獄竜 ドラゴニック・ネオフレイム
ai/013.bin;0xE61A;7C 17 CE C1;ラナンキュラスの花乙女 アーシャ
ai/013.bin;0xE61A;15 6E A2 C8;ウィステリアナイト
ai/013.bin;0xE61A;AB 51 A7 CB;AI(%d) : レシピ (フラグ:%08x)
ai/013.bin;0xE61A;40 9D AD D2;猫の魔女 クミン
ai/013.bin;0xE61A;65 46 40 D3;エクセステンス・エンジェル
ai/013.bin;0xE61A;D7 DA C1 D6;AI(%d) : 思考開始 (行動カテゴリ:%d)
ai/013.bin;0xE61A;7C 46 0A D9;忍竜 ドレッドマスター
ai/013.bin;0xE61A;A7 6A 59 D9;戦巫女 イヅナヒメ
ai/013.bin;0xE61A;6B 1D DB DC;マシニング・モスキート mkⅡ
ai/013.bin;0xE61A;69 E8 61 E1;オーバーロード
ai/013.bin;0xE61A;1D A0 D6 E1;戦巫女 シタテルヒメ
ai/013.bin;0xE61A;7D 1F 65 E6;獣神 ナイトジャッカル
ai/013.bin;0xE61A;57 CD 2E E8;    
ai/013.bin;0xE61A;CC 1A C6 E8;AI未設定 : attrib = %s
ai/013.bin;0xE61A;39 17 8B F0;星空の解放者 ギネヴィア
ai/013.bin;0xE61A;4B 16 BE F0;鋭気の騎士 エクター
ai/013.bin;0xE61A;BF 43 2B F1;  アタッカー : %s
ai/013.bin;0xE61A;27 25 50 F1;ベアダウン・サムラーイ
ai/013.bin;0xE61A;FC B0 EB F6;清めの神器 ピュア・エンジェル
ai/013.bin;0xE61A;89 20 23 F8;下
ai/013.bin;0xE61A;DD 4C B3 F8;ターン開始 AI(%d)
ai/014.bin;0xE6D1;34 53 5F 00;湖の巫女 リアン
ai/014.bin;0xE6D1;DC A5 CF 01;  クインテットウォール : %d/%d枚
ai/014.bin;0xE6D1;51 5B 2F 06;ヘキサゴナル・メイガス
ai/014.bin;0xE6D1;DD 9F CC 07;蒼嵐竜 メイルストローム
ai/014.bin;0xE6D1;8D 9F AA 08;  シールドの要求値 : 
ai/014.bin;0xE6D1;76 AE E0 09;ドラゴニック・オーバーロード “The Яe-birth”
ai/014.bin;0xE6D1;02 DC 8B 0D;モーント・ブラウクリューガー
ai/014.bin;0xE6D1;B1 2D 5D 0E;  対象のパワー : %d(%d)%s
ai/014.bin;0xE6D1;6A 43 6F 10;めっせがる・探索者
ai/014.bin;0xE6D1;24 A1 3B 11;ライジング・ライオネット
ai/014.bin;0xE6D1;CA 98 65 11;神界獣 フェンリル
ai/014.bin;0xE6D1;2F 96 22 12;ダンシング・ウルフ
ai/014.bin;0xE6D1;2F CE 1C 13;花占いの女神 サクヤ
ai/014.bin;0xE6D1;9F 3C 4E 15; + %d
ai/014.bin;0xE6D1;25 C0 34 18;探索者 ユースフルメイジ
ai/014.bin;0xE6D1;26 7B 30 1A;ネコ執事
ai/014.bin;0xE6D1;8D 20 89 1A;AI未設定 : %s %d
ai/014.bin;0xE6D1;C0 17 EB 1D;マジェスティ・ロードブラスター
ai/014.bin;0xE6D1;66 0A 23 21;探索者 ルーンイーグル
ai/014.bin;0xE6D1;49 58 50 21;次元ロボ ダイジェット
ai/014.bin;0xE6D1;8E BC BB 21;  シールドの目標値 : 
ai/014.bin;0xE6D1;00 8C ED 21;みるびる
ai/014.bin;0xE6D1;50 41 74 23;希望の子 トゥルエル
ai/014.bin;0xE6D1;39 5F 97 27;新鋭の騎士 ダヴィド
ai/014.bin;0xE6D1;BE 51 F9 27;餓竜 バトルレックス
ai/014.bin;0xE6D1;2C 98 1E 29;爛漫の探索者 セルディック
ai/014.bin;0xE6D1;F7 2E E0 29;～%d
ai/014.bin;0xE6D1;A6 8F 2A 2A;喧嘩屋 ファイティング・ドラコキッド
ai/014.bin;0xE6D1;44 62 0C 2D;無音の射手 コンダクタンス
ai/014.bin;0xE6D1;14 30 63 2D;!!!! AI ERROR !!!!\n  
ai/014.bin;0xE6D1;36 BE 20 31;探索者 セイクリッド・ういんがる
ai/014.bin;0xE6D1;86 48 23 31;天賦の探索者 ヴァルロッド
ai/014.bin;0xE6D1;EE 81 9E 32;豪腕拿捕の巨人兵
ai/014.bin;0xE6D1;C5 4D EE 32;ブラスター・ダーク “Diablo”
ai/014.bin;0xE6D1;F1 28 16 33;枚しか選んでいない
ai/014.bin;0xE6D1;BC 1F 35 33;  ブースター : %s
ai/014.bin;0xE6D1;B8 BC F2 37;伏魔忍鬼 カガミジシ
ai/014.bin;0xE6D1;6E 42 D6 38;AI(%d) : アタック情報
ai/014.bin;0xE6D1;B3 AD 45 3A;ブラスター
ai/014.bin;0xE6D1;03 D4 54 45; ヒットされない
ai/014.bin;0xE6D1;2D 3A A7 45;AI(%d) : ガードステップ情報
ai/014.bin;0xE6D1;6C 8C 8A 49;ブラスター・ブレード・探索者
ai/014.bin;0xE6D1;2C A5 7B 4D;枚選択する必要があるが、
ai/014.bin;0xE6D1;9F A5 E0 4F;ＣＥＯ アマテラス
ai/014.bin;0xE6D1;3A D0 5B 51;メッチャバトラー ビクトール
ai/014.bin;0xE6D1;A6 11 33 52;暗黒竜 ファントム・ブラスター “Diablo”
ai/014.bin;0xE6D1;C0 88 6A 54;警鐘の探索者 マリス
ai/014.bin;0xE6D1;3C E0 6F 55;ドラゴニック・オーバーロード
ai/014.bin;0xE6D1;DE C1 45 56;解放者
ai/014.bin;0xE6D1;F7 6D 78 57;スタンプ・ラッコ
ai/014.bin;0xE6D1;C5 AF 0D 60;真紅の伝承 メタトロン
ai/014.bin;0xE6D1;75 87 53 62;変革の騎士 ラディナス
ai/014.bin;0xE6D1;47 87 68 63;AI(%d) : 思考時間 %.3f秒 (行動カテゴリ:%d)
ai/014.bin;0xE6D1;55 C8 81 63;  完全ガード : %d/%d枚
ai/014.bin;0xE6D1;42 D7 DA 63;  ガーディアン候補
ai/014.bin;0xE6D1;33 8E E7 69;Duo 理想の妹 メーア
ai/014.bin;0xE6D1;E8 83 60 6B;デアデビル・サムラーイ
ai/014.bin;0xE6D1;4B D4 AE 6B;  合計シールド : 
ai/014.bin;0xE6D1;3A 71 C5 6D;誠実の探索者 シンリック
ai/014.bin;0xE6D1;DC 4C 2C 6E;立春の花乙姫 プリマヴェーラ
ai/014.bin;0xE6D1;D0 85 E3 6E;青炎の探索者 タラニス
ai/014.bin;0xE6D1;11 E8 1D 70;神託の女王 ヒミコ
ai/014.bin;0xE6D1;E4 FB 3C 72;蒼嵐候補生 アノス
ai/014.bin;0xE6D1;29 EF C2 73;  対象(%d) : %s
ai/014.bin;0xE6D1;5A 1C 38 7C;宝石騎士 ぷりずみー
ai/014.bin;0xE6D1;66 F5 8C 7E;必殺の探索者 モドロン
ai/014.bin;0xE6D1;7C 3A 8B 81;解放者 バーニング・ブロー
ai/014.bin;0xE6D1;E1 95 2F 85;聖棍の探索者 オクタウィウス
ai/014.bin;0xE6D1;DA 63 6D 85;次元ロボ ダイブレイブ
ai/014.bin;0xE6D1;46 DE 4B 88;ダークメタル・ドラゴン
ai/014.bin;0xE6D1;6A D5 6E 8A;カタナライザー
ai/014.bin;0xE6D1;A0 D8 63 8D;大宇宙勇機 グランギャロップ
ai/014.bin;0xE6D1;1F 10 24 8F;上
ai/014.bin;0xE6D1;6C E6 93 8F;真黒の賢者 カロン
ai/014.bin;0xE6D1;BB E2 E9 90;永劫不敗 アシュラ・カイザー
ai/014.bin;0xE6D1;E1 26 37 94;魔竜戦鬼 チャトゥラ
ai/014.bin;0xE6D1;6A 0F 95 94;  アタッカーのパワー : %d(%d)
ai/014.bin;0xE6D1;7F BB 35 95;覇天皇竜 ドラゴニック・オーバーロード “The Ace”
ai/014.bin;0xE6D1;0C DD 47 9B;バトルシスター ぱるふぇ
ai/014.bin;0xE6D1;1A 2D D2 9C;マイスガード フォーマルハウト
ai/014.bin;0xE6D1;69 08 3B A2;蒼波竜 テトラドライブ・ドラゴン
ai/014.bin;0xE6D1;F1 51 AA A2;スチームファイター バリフ
ai/014.bin;0xE6D1;A4 F3 D7 A7;  アタッカーのクリティカル : %d
ai/014.bin;0xE6D1;BD FD F6 A7;メチャバトラー ランボール
ai/014.bin;0xE6D1;9F 77 42 AC;フレアウィップ・ドラゴン
ai/014.bin;0xE6D1;81 43 79 AD;雄心の探索者 マーク
ai/014.bin;0xE6D1;39 6A 36 B5;超鋼闘機 ヘヴィデューク
ai/014.bin;0xE6D1;F7 48 21 B9;ドラゴンナイト ジャラール
ai/014.bin;0xE6D1;4E 31 67 BB;挑発の探索者 ブルメンタル
ai/014.bin;0xE6D1;88 EF 6D BC;イニグマン・トルネード
ai/014.bin;0xE6D1;ED F8 CC BD;ファイナル・レンチ
ai/014.bin;0xE6D1;11 9F 48 BE;修羅忍竜 ダラニコンゴウ
ai/014.bin;0xE6D1;CF AA 4F C1;煉獄竜 ドラゴニック・ネオフレイム
ai/014.bin;0xE6D1;7C 17 CE C1;ラナンキュラスの花乙女 アーシャ
ai/014.bin;0xE6D1;15 6E A2 C8;ウィステリアナイト
ai/014.bin;0xE6D1;AB 51 A7 CB;AI(%d) : レシピ (フラグ:%08x)
ai/014.bin;0xE6D1;20 91 08 D0;正道の探索者 ガンガレン
ai/014.bin;0xE6D1;D7 DA C1 D6;AI(%d) : 思考開始 (行動カテゴリ:%d)
ai/014.bin;0xE6D1;7C 46 0A D9;忍竜 ドレッドマスター
ai/014.bin;0xE6D1;E2 CC 7C D9;エクスカルペイト・ザ・ブラスター
ai/014.bin;0xE6D1;8F 8C AF DC;探索者 ラヴィングヒーラー
ai/014.bin;0xE6D1;6B 1D DB DC;マシニング・モスキート mkⅡ
ai/014.bin;0xE6D1;76 02 7A DF;秘剣の探索者 ヴォルティガーン
ai/014.bin;0xE6D1;69 E8 61 E1;オーバーロード
ai/014.bin;0xE6D1;7D 1F 65 E6;獣神 ナイトジャッカル
ai/014.bin;0xE6D1;57 CD 2E E8;    
ai/014.bin;0xE6D1;CC 1A C6 E8;AI未設定 : attrib = %s
ai/014.bin;0xE6D1;83 A0 BD E9;ぐりんがる・探索者
ai/014.bin;0xE6D1;19 34 4A EC;ぶらどがる・探索者
ai/014.bin;0xE6D1;39 17 8B F0;星空の解放者 ギネヴィア
ai/014.bin;0xE6D1;4B 16 BE F0;鋭気の騎士 エクター
ai/014.bin;0xE6D1;BF 43 2B F1;  アタッカー : %s
ai/014.bin;0xE6D1;27 25 50 F1;ベアダウン・サムラーイ
ai/014.bin;0xE6D1;FC B0 EB F6;清めの神器 ピュア・エンジェル
ai/014.bin;0xE6D1;89 20 23 F8;下
ai/014.bin;0xE6D1;DD 4C B3 F8;ターン開始 AI(%d)
ai/015.bin;0xE530;DC A5 CF 01;  クインテットウォール : %d/%d枚
ai/015.bin;0xE530;51 5B 2F 06;ヘキサゴナル・メイガス
ai/015.bin;0xE530;B6 E4 7D 06;喧嘩屋 スカイビート・ドラゴン
ai/015.bin;0xE530;DD 9F CC 07;蒼嵐竜 メイルストローム
ai/015.bin;0xE530;8D 9F AA 08;  シールドの要求値 : 
ai/015.bin;0xE530;76 AE E0 09;ドラゴニック・オーバーロード “The Яe-birth”
ai/015.bin;0xE530;02 DC 8B 0D;モーント・ブラウクリューガー
ai/015.bin;0xE530;70 D6 8E 0D;喧嘩屋 グリーンジェム・カーバンクル
ai/015.bin;0xE530;B1 2D 5D 0E;  対象のパワー : %d(%d)%s
ai/015.bin;0xE530;24 A1 3B 11;ライジング・ライオネット
ai/015.bin;0xE530;CA 98 65 11;神界獣 フェンリル
ai/015.bin;0xE530;2F 96 22 12;ダンシング・ウルフ
ai/015.bin;0xE530;66 68 7C 12;喧嘩屋 ワイルドフィスト・ドラゴン
ai/015.bin;0xE530;2F CE 1C 13;花占いの女神 サクヤ
ai/015.bin;0xE530;9F 3C 4E 15; + %d
ai/015.bin;0xE530;26 7B 30 1A;ネコ執事
ai/015.bin;0xE530;8D 20 89 1A;AI未設定 : %s %d
ai/015.bin;0xE530;49 58 50 21;次元ロボ ダイジェット
ai/015.bin;0xE530;8E BC BB 21;  シールドの目標値 : 
ai/015.bin;0xE530;50 41 74 23;希望の子 トゥルエル
ai/015.bin;0xE530;39 5F 97 27;新鋭の騎士 ダヴィド
ai/015.bin;0xE530;BE 51 F9 27;餓竜 バトルレックス
ai/015.bin;0xE530;F7 2E E0 29;～%d
ai/015.bin;0xE530;A6 8F 2A 2A;喧嘩屋 ファイティング・ドラコキッド
ai/015.bin;0xE530;79 28 68 2A;喧嘩屋 スタリング・ドラコキッド
ai/015.bin;0xE530;44 62 0C 2D;無音の射手 コンダクタンス
ai/015.bin;0xE530;14 30 63 2D;!!!! AI ERROR !!!!\n  
ai/015.bin;0xE530;4D 22 7C 32;魔竜喧嘩屋 サーガラ
ai/015.bin;0xE530;EE 81 9E 32;豪腕拿捕の巨人兵
ai/015.bin;0xE530;C5 4D EE 32;ブラスター・ダーク “Diablo”
ai/015.bin;0xE530;F1 28 16 33;枚しか選んでいない
ai/015.bin;0xE530;BC 1F 35 33;  ブースター : %s
ai/015.bin;0xE530;B8 BC F2 37;伏魔忍鬼 カガミジシ
ai/015.bin;0xE530;6E 42 D6 38;AI(%d) : アタック情報
ai/015.bin;0xE530;B3 AD 45 3A;ブラスター
ai/015.bin;0xE530;03 D4 54 45; ヒットされない
ai/015.bin;0xE530;2D 3A A7 45;AI(%d) : ガードステップ情報
ai/015.bin;0xE530;2C A5 7B 4D;枚選択する必要があるが、
ai/015.bin;0xE530;9F A5 E0 4F;ＣＥＯ アマテラス
ai/015.bin;0xE530;3A D0 5B 51;メッチャバトラー ビクトール
ai/015.bin;0xE530;A6 11 33 52;暗黒竜 ファントム・ブラスター “Diablo”
ai/015.bin;0xE530;3C E0 6F 55;ドラゴニック・オーバーロード
ai/015.bin;0xE530;DE C1 45 56;解放者
ai/015.bin;0xE530;F7 6D 78 57;スタンプ・ラッコ
ai/015.bin;0xE530;25 33 A7 5C;棍棒の喧嘩屋 ソゴ
ai/015.bin;0xE530;C5 AF 0D 60;真紅の伝承 メタトロン
ai/015.bin;0xE530;47 87 68 63;AI(%d) : 思考時間 %.3f秒 (行動カテゴリ:%d)
ai/015.bin;0xE530;55 C8 81 63;  完全ガード : %d/%d枚
ai/015.bin;0xE530;42 D7 DA 63;  ガーディアン候補
ai/015.bin;0xE530;73 48 68 69;喧嘩屋 プラズマキック・ドラゴン
ai/015.bin;0xE530;33 8E E7 69;Duo 理想の妹 メーア
ai/015.bin;0xE530;E8 83 60 6B;デアデビル・サムラーイ
ai/015.bin;0xE530;4B D4 AE 6B;  合計シールド : 
ai/015.bin;0xE530;DC 4C 2C 6E;立春の花乙姫 プリマヴェーラ
ai/015.bin;0xE530;11 E8 1D 70;神託の女王 ヒミコ
ai/015.bin;0xE530;E4 FB 3C 72;蒼嵐候補生 アノス
ai/015.bin;0xE530;29 EF C2 73;  対象(%d) : %s
ai/015.bin;0xE530;B8 22 1A 7E;喧嘩屋 オールドハンド・ドラゴン
ai/015.bin;0xE530;40 CF AF 7F;喧嘩屋 スカイハウル・ドラゴン
ai/015.bin;0xE530;7C 3A 8B 81;解放者 バーニング・ブロー
ai/015.bin;0xE530;DA 63 6D 85;次元ロボ ダイブレイブ
ai/015.bin;0xE530;46 DE 4B 88;ダークメタル・ドラゴン
ai/015.bin;0xE530;6A D5 6E 8A;カタナライザー
ai/015.bin;0xE530;A0 D8 63 8D;大宇宙勇機 グランギャロップ
ai/015.bin;0xE530;1F 10 24 8F;上
ai/015.bin;0xE530;6C E6 93 8F;真黒の賢者 カロン
ai/015.bin;0xE530;BB E2 E9 90;永劫不敗 アシュラ・カイザー
ai/015.bin;0xE530;74 8D B9 93;流離の喧嘩屋 テイリン
ai/015.bin;0xE530;E1 26 37 94;魔竜戦鬼 チャトゥラ
ai/015.bin;0xE530;6A 0F 95 94;  アタッカーのパワー : %d(%d)
ai/015.bin;0xE530;7F BB 35 95;覇天皇竜 ドラゴニック・オーバーロード “The Ace”
ai/015.bin;0xE530;0C DD 47 9B;バトルシスター ぱるふぇ
ai/015.bin;0xE530;1A 2D D2 9C;マイスガード フォーマルハウト
ai/015.bin;0xE530;69 08 3B A2;蒼波竜 テトラドライブ・ドラゴン
ai/015.bin;0xE530;F1 51 AA A2;スチームファイター バリフ
ai/015.bin;0xE530;A4 F3 D7 A7;  アタッカーのクリティカル : %d
ai/015.bin;0xE530;BD FD F6 A7;メチャバトラー ランボール
ai/015.bin;0xE530;9F 77 42 AC;フレアウィップ・ドラゴン
ai/015.bin;0xE530;39 6A 36 B5;超鋼闘機 ヘヴィデューク
ai/015.bin;0xE530;F7 48 21 B9;ドラゴンナイト ジャラール
ai/015.bin;0xE530;88 EF 6D BC;イニグマン・トルネード
ai/015.bin;0xE530;ED F8 CC BD;ファイナル・レンチ
ai/015.bin;0xE530;11 9F 48 BE;修羅忍竜 ダラニコンゴウ
ai/015.bin;0xE530;2A C7 67 BE;喧嘩屋 ドコウソン
ai/015.bin;0xE530;CF AA 4F C1;煉獄竜 ドラゴニック・ネオフレイム
ai/015.bin;0xE530;7C 17 CE C1;ラナンキュラスの花乙女 アーシャ
ai/015.bin;0xE530;B3 92 9E C4;獄鎖の喧嘩屋 コウテンカ
ai/015.bin;0xE530;CF AC 70 C6;豪腕の喧嘩屋 コウヒコ
ai/015.bin;0xE530;4A 7A 79 C7;喧嘩屋 ワイルドクローク・ドラゴン
ai/015.bin;0xE530;15 6E A2 C8;ウィステリアナイト
ai/015.bin;0xE530;AB 51 A7 CB;AI(%d) : レシピ (フラグ:%08x)
ai/015.bin;0xE530;37 0B F4 CE;喧嘩屋 スカイ・ドラコキッド
ai/015.bin;0xE530;D7 DA C1 D6;AI(%d) : 思考開始 (行動カテゴリ:%d)
ai/015.bin;0xE530;7C 46 0A D9;忍竜 ドレッドマスター
ai/015.bin;0xE530;6B 1D DB DC;マシニング・モスキート mkⅡ
ai/015.bin;0xE530;69 E8 61 E1;オーバーロード
ai/015.bin;0xE530;7D 1F 65 E6;獣神 ナイトジャッカル
ai/015.bin;0xE530;C6 C4 55 E7;喧嘩屋 ライトニングロード・ドラゴン
ai/015.bin;0xE530;57 CD 2E E8;    
ai/015.bin;0xE530;CC 1A C6 E8;AI未設定 : attrib = %s
ai/015.bin;0xE530;39 17 8B F0;星空の解放者 ギネヴィア
ai/015.bin;0xE530;4B 16 BE F0;鋭気の騎士 エクター
ai/015.bin;0xE530;BF 43 2B F1;  アタッカー : %s
ai/015.bin;0xE530;27 25 50 F1;ベアダウン・サムラーイ
ai/015.bin;0xE530;89 94 CA F6;喧嘩屋 ライトニング・ライダー
ai/015.bin;0xE530;FC B0 EB F6;清めの神器 ピュア・エンジェル
ai/015.bin;0xE530;89 20 23 F8;下
ai/015.bin;0xE530;DD 4C B3 F8;ターン開始 AI(%d)
ai/016.bin;0xE534;DC A5 CF 01;  クインテットウォール : %d/%d枚
ai/016.bin;0xE534;51 5B 2F 06;ヘキサゴナル・メイガス
ai/016.bin;0xE534;DD 9F CC 07;蒼嵐竜 メイルストローム
ai/016.bin;0xE534;8D 9F AA 08;  シールドの要求値 : 
ai/016.bin;0xE534;76 AE E0 09;ドラゴニック・オーバーロード “The Яe-birth”
ai/016.bin;0xE534;E3 E2 B5 0C;気勢の解放者 カドヴァーン
ai/016.bin;0xE534;02 DC 8B 0D;モーント・ブラウクリューガー
ai/016.bin;0xE534;B1 2D 5D 0E;  対象のパワー : %d(%d)%s
ai/016.bin;0xE534;24 A1 3B 11;ライジング・ライオネット
ai/016.bin;0xE534;CA 98 65 11;神界獣 フェンリル
ai/016.bin;0xE534;2F 96 22 12;ダンシング・ウルフ
ai/016.bin;0xE534;2F CE 1C 13;花占いの女神 サクヤ
ai/016.bin;0xE534;9F 3C 4E 15; + %d
ai/016.bin;0xE534;C6 46 1A 17;大願の解放者 エーサス
ai/016.bin;0xE534;26 7B 30 1A;ネコ執事
ai/016.bin;0xE534;8D 20 89 1A;AI未設定 : %s %d
ai/016.bin;0xE534;49 58 50 21;次元ロボ ダイジェット
ai/016.bin;0xE534;8E BC BB 21;  シールドの目標値 : 
ai/016.bin;0xE534;50 41 74 23;希望の子 トゥルエル
ai/016.bin;0xE534;39 5F 97 27;新鋭の騎士 ダヴィド
ai/016.bin;0xE534;BE 51 F9 27;餓竜 バトルレックス
ai/016.bin;0xE534;F7 2E E0 29;～%d
ai/016.bin;0xE534;E9 14 01 2A;備えの解放者 カラドクス
ai/016.bin;0xE534;A6 8F 2A 2A;喧嘩屋 ファイティング・ドラコキッド
ai/016.bin;0xE534;44 62 0C 2D;無音の射手 コンダクタンス
ai/016.bin;0xE534;14 30 63 2D;!!!! AI ERROR !!!!\n  
ai/016.bin;0xE534;86 A7 A1 2D;聖木の解放者 エルキア  
ai/016.bin;0xE534;EE 81 9E 32;豪腕拿捕の巨人兵
ai/016.bin;0xE534;C5 4D EE 32;ブラスター・ダーク “Diablo”
ai/016.bin;0xE534;F1 28 16 33;枚しか選んでいない
ai/016.bin;0xE534;BC 1F 35 33;  ブースター : %s
ai/016.bin;0xE534;B8 BC F2 37;伏魔忍鬼 カガミジシ
ai/016.bin;0xE534;6E 42 D6 38;AI(%d) : アタック情報
ai/016.bin;0xE534;B8 F9 6B 39;ぼーどがる・解放者
ai/016.bin;0xE534;B3 AD 45 3A;ブラスター
ai/016.bin;0xE534;5E 76 6A 44;解放者 ブルーフレイム・ドラゴン
ai/016.bin;0xE534;03 D4 54 45; ヒットされない
ai/016.bin;0xE534;2D 3A A7 45;AI(%d) : ガードステップ情報
ai/016.bin;0xE534;9E BD DA 4B;誓いの解放者 アグロヴァル
ai/016.bin;0xE534;8A 88 05 4C;はんとがる・解放者
ai/016.bin;0xE534;2C A5 7B 4D;枚選択する必要があるが、
ai/016.bin;0xE534;9F A5 E0 4F;ＣＥＯ アマテラス
ai/016.bin;0xE534;3A D0 5B 51;メッチャバトラー ビクトール
ai/016.bin;0xE534;A6 11 33 52;暗黒竜 ファントム・ブラスター “Diablo”
ai/016.bin;0xE534;3C E0 6F 55;ドラゴニック・オーバーロード
ai/016.bin;0xE534;DE C1 45 56;解放者
ai/016.bin;0xE534;F7 6D 78 57;スタンプ・ラッコ
ai/016.bin;0xE534;E0 BF 5C 58;王道の解放者 ファロン
ai/016.bin;0xE534;C5 AF 0D 60;真紅の伝承 メタトロン
ai/016.bin;0xE534;47 87 68 63;AI(%d) : 思考時間 %.3f秒 (行動カテゴリ:%d)
ai/016.bin;0xE534;55 C8 81 63;  完全ガード : %d/%d枚
ai/016.bin;0xE534;42 D7 DA 63;  ガーディアン候補
ai/016.bin;0xE534;3A 44 FE 65;俊英の解放者 ウォルティメール
ai/016.bin;0xE534;33 8E E7 69;Duo 理想の妹 メーア
ai/016.bin;0xE534;95 A1 C2 6A;抗いの解放者 ポリウス
ai/016.bin;0xE534;E8 83 60 6B;デアデビル・サムラーイ
ai/016.bin;0xE534;4B D4 AE 6B;  合計シールド : 
ai/016.bin;0xE534;DC 4C 2C 6E;立春の花乙姫 プリマヴェーラ
ai/016.bin;0xE534;E2 2F 40 6F;解放者 ラッキー・チャーミー
ai/016.bin;0xE534;11 E8 1D 70;神託の女王 ヒミコ
ai/016.bin;0xE534;E4 FB 3C 72;蒼嵐候補生 アノス
ai/016.bin;0xE534;29 EF C2 73;  対象(%d) : %s
ai/016.bin;0xE534;FA 6F BF 78;森閑の解放者 カードル
ai/016.bin;0xE534;7C 3A 8B 81;解放者 バーニング・ブロー
ai/016.bin;0xE534;DA 63 6D 85;次元ロボ ダイブレイブ
ai/016.bin;0xE534;46 DE 4B 88;ダークメタル・ドラゴン
ai/016.bin;0xE534;6A D5 6E 8A;カタナライザー
ai/016.bin;0xE534;2A 52 D7 8C;不撓の解放者 カレティクス
ai/016.bin;0xE534;A0 D8 63 8D;大宇宙勇機 グランギャロップ
ai/016.bin;0xE534;1F 10 24 8F;上
ai/016.bin;0xE534;6C E6 93 8F;真黒の賢者 カロン
ai/016.bin;0xE534;BB E2 E9 90;永劫不敗 アシュラ・カイザー
ai/016.bin;0xE534;E1 26 37 94;魔竜戦鬼 チャトゥラ
ai/016.bin;0xE534;6A 0F 95 94;  アタッカーのパワー : %d(%d)
ai/016.bin;0xE534;7F BB 35 95;覇天皇竜 ドラゴニック・オーバーロード “The Ace”
ai/016.bin;0xE534;0C DD 47 9B;バトルシスター ぱるふぇ
ai/016.bin;0xE534;1A 2D D2 9C;マイスガード フォーマルハウト
ai/016.bin;0xE534;69 08 3B A2;蒼波竜 テトラドライブ・ドラゴン
ai/016.bin;0xE534;F1 51 AA A2;スチームファイター バリフ
ai/016.bin;0xE534;A4 F3 D7 A7;  アタッカーのクリティカル : %d
ai/016.bin;0xE534;BD FD F6 A7;メチャバトラー ランボール
ai/016.bin;0xE534;9F 77 42 AC;フレアウィップ・ドラゴン
ai/016.bin;0xE534;1F AE 98 AC;青き炎の解放者 パーシヴァル
ai/016.bin;0xE534;39 6A 36 B5;超鋼闘機 ヘヴィデューク
ai/016.bin;0xE534;F7 48 21 B9;ドラゴンナイト ジャラール
ai/016.bin;0xE534;88 EF 6D BC;イニグマン・トルネード
ai/016.bin;0xE534;ED F8 CC BD;ファイナル・レンチ
ai/016.bin;0xE534;11 9F 48 BE;修羅忍竜 ダラニコンゴウ
ai/016.bin;0xE534;CF AA 4F C1;煉獄竜 ドラゴニック・ネオフレイム
ai/016.bin;0xE534;7C 17 CE C1;ラナンキュラスの花乙女 アーシャ
ai/016.bin;0xE534;15 6E A2 C8;ウィステリアナイト
ai/016.bin;0xE534;AB 51 A7 CB;AI(%d) : レシピ (フラグ:%08x)
ai/016.bin;0xE534;D7 DA C1 D6;AI(%d) : 思考開始 (行動カテゴリ:%d)
ai/016.bin;0xE534;7C 46 0A D9;忍竜 ドレッドマスター
ai/016.bin;0xE534;6B 1D DB DC;マシニング・モスキート mkⅡ
ai/016.bin;0xE534;68 8C 48 DF;小さな解放者 マロン
ai/016.bin;0xE534;69 E8 61 E1;オーバーロード
ai/016.bin;0xE534;7D 1F 65 E6;獣神 ナイトジャッカル
ai/016.bin;0xE534;57 CD 2E E8;    
ai/016.bin;0xE534;CC 1A C6 E8;AI未設定 : attrib = %s
ai/016.bin;0xE534;52 A3 46 EE;賢慮の解放者 ジュロン
ai/016.bin;0xE534;39 17 8B F0;星空の解放者 ギネヴィア
ai/016.bin;0xE534;4B 16 BE F0;鋭気の騎士 エクター
ai/016.bin;0xE534;BF 43 2B F1;  アタッカー : %s
ai/016.bin;0xE534;27 25 50 F1;ベアダウン・サムラーイ
ai/016.bin;0xE534;FC B0 EB F6;清めの神器 ピュア・エンジェル
ai/016.bin;0xE534;89 20 23 F8;下
ai/016.bin;0xE534;DD 4C B3 F8;ターン開始 AI(%d)
ai/017.bin;0xE532;DC A5 CF 01;  クインテットウォール : %d/%d枚
ai/017.bin;0xE532;51 5B 2F 06;ヘキサゴナル・メイガス
ai/017.bin;0xE532;96 4D C3 06;星輝兵 グラヴィトン
ai/017.bin;0xE532;DD 9F CC 07;蒼嵐竜 メイルストローム
ai/017.bin;0xE532;8D 9F AA 08;  シールドの要求値 : 
ai/017.bin;0xE532;76 AE E0 09;ドラゴニック・オーバーロード “The Яe-birth”
ai/017.bin;0xE532;70 19 82 0A;投擲の星輝兵 トゥリウム
ai/017.bin;0xE532;02 DC 8B 0D;モーント・ブラウクリューガー
ai/017.bin;0xE532;B1 2D 5D 0E;  対象のパワー : %d(%d)%s
ai/017.bin;0xE532;24 A1 3B 11;ライジング・ライオネット
ai/017.bin;0xE532;CA 98 65 11;神界獣 フェンリル
ai/017.bin;0xE532;2F 96 22 12;ダンシング・ウルフ
ai/017.bin;0xE532;2F CE 1C 13;花占いの女神 サクヤ
ai/017.bin;0xE532;9F 3C 4E 15; + %d
ai/017.bin;0xE532;26 7B 30 1A;ネコ執事
ai/017.bin;0xE532;8D 20 89 1A;AI未設定 : %s %d
ai/017.bin;0xE532;49 58 50 21;次元ロボ ダイジェット
ai/017.bin;0xE532;8E BC BB 21;  シールドの目標値 : 
ai/017.bin;0xE532;50 41 74 23;希望の子 トゥルエル
ai/017.bin;0xE532;39 5F 97 27;新鋭の騎士 ダヴィド
ai/017.bin;0xE532;BE 51 F9 27;餓竜 バトルレックス
ai/017.bin;0xE532;F7 2E E0 29;～%d
ai/017.bin;0xE532;A6 8F 2A 2A;喧嘩屋 ファイティング・ドラコキッド
ai/017.bin;0xE532;44 62 0C 2D;無音の射手 コンダクタンス
ai/017.bin;0xE532;14 30 63 2D;!!!! AI ERROR !!!!\n  
ai/017.bin;0xE532;8E 49 BC 30;渦動の星輝兵 モリブデン
ai/017.bin;0xE532;EE 81 9E 32;豪腕拿捕の巨人兵
ai/017.bin;0xE532;C5 4D EE 32;ブラスター・ダーク “Diablo”
ai/017.bin;0xE532;F1 28 16 33;枚しか選んでいない
ai/017.bin;0xE532;BC 1F 35 33;  ブースター : %s
ai/017.bin;0xE532;1C 38 B1 33;星輝兵 アポロネイル・ドラゴン
ai/017.bin;0xE532;B8 BC F2 37;伏魔忍鬼 カガミジシ
ai/017.bin;0xE532;6E 42 D6 38;AI(%d) : アタック情報
ai/017.bin;0xE532;B3 AD 45 3A;ブラスター
ai/017.bin;0xE532;C7 B1 52 42;星輝兵 クランブルメア
ai/017.bin;0xE532;03 D4 54 45; ヒットされない
ai/017.bin;0xE532;2D 3A A7 45;AI(%d) : ガードステップ情報
ai/017.bin;0xE532;2C A5 7B 4D;枚選択する必要があるが、
ai/017.bin;0xE532;9F A5 E0 4F;ＣＥＯ アマテラス
ai/017.bin;0xE532;3A D0 5B 51;メッチャバトラー ビクトール
ai/017.bin;0xE532;A6 11 33 52;暗黒竜 ファントム・ブラスター “Diablo”
ai/017.bin;0xE532;90 99 1F 55;星輝兵 サテライト・ミラージュ
ai/017.bin;0xE532;3C E0 6F 55;ドラゴニック・オーバーロード
ai/017.bin;0xE532;DE C1 45 56;解放者
ai/017.bin;0xE532;F7 6D 78 57;スタンプ・ラッコ
ai/017.bin;0xE532;C5 AF 0D 60;真紅の伝承 メタトロン
ai/017.bin;0xE532;47 87 68 63;AI(%d) : 思考時間 %.3f秒 (行動カテゴリ:%d)
ai/017.bin;0xE532;55 C8 81 63;  完全ガード : %d/%d枚
ai/017.bin;0xE532;42 D7 DA 63;  ガーディアン候補
ai/017.bin;0xE532;DA 71 F6 67;星輝兵 ガンマダイル
ai/017.bin;0xE532;33 8E E7 69;Duo 理想の妹 メーア
ai/017.bin;0xE532;E8 83 60 6B;デアデビル・サムラーイ
ai/017.bin;0xE532;4B D4 AE 6B;  合計シールド : 
ai/017.bin;0xE532;DC 4C 2C 6E;立春の花乙姫 プリマヴェーラ
ai/017.bin;0xE532;11 E8 1D 70;神託の女王 ヒミコ
ai/017.bin;0xE532;E4 FB 3C 72;蒼嵐候補生 アノス
ai/017.bin;0xE532;29 EF C2 73;  対象(%d) : %s
ai/017.bin;0xE532;3D 73 3A 79;星輝兵 ピクシー・パウダー
ai/017.bin;0xE532;7C 3A 8B 81;解放者 バーニング・ブロー
ai/017.bin;0xE532;DA 16 E5 82;重爆の星輝兵 バークリウム
ai/017.bin;0xE532;DA 63 6D 85;次元ロボ ダイブレイブ
ai/017.bin;0xE532;08 A6 37 87;空隙の星輝兵 クオンタム
ai/017.bin;0xE532;46 DE 4B 88;ダークメタル・ドラゴン
ai/017.bin;0xE532;6A D5 6E 8A;カタナライザー
ai/017.bin;0xE532;E5 18 90 8A;星輝兵 シニスター・イーグル
ai/017.bin;0xE532;A0 D8 63 8D;大宇宙勇機 グランギャロップ
ai/017.bin;0xE532;1F 10 24 8F;上
ai/017.bin;0xE532;6C E6 93 8F;真黒の賢者 カロン
ai/017.bin;0xE532;BB E2 E9 90;永劫不敗 アシュラ・カイザー
ai/017.bin;0xE532;E1 26 37 94;魔竜戦鬼 チャトゥラ
ai/017.bin;0xE532;6A 0F 95 94;  アタッカーのパワー : %d(%d)
ai/017.bin;0xE532;7F BB 35 95;覇天皇竜 ドラゴニック・オーバーロード “The Ace”
ai/017.bin;0xE532;0C DD 47 9B;バトルシスター ぱるふぇ
ai/017.bin;0xE532;9F 7A AC 9C;爆撃の星輝兵 マグネシウム
ai/017.bin;0xE532;1A 2D D2 9C;マイスガード フォーマルハウト
ai/017.bin;0xE532;D6 EC 5E 9E;星輝兵 ガーネットスター・ドラゴン
ai/017.bin;0xE532;69 08 3B A2;蒼波竜 テトラドライブ・ドラゴン
ai/017.bin;0xE532;F1 51 AA A2;スチームファイター バリフ
ai/017.bin;0xE532;A4 F3 D7 A7;  アタッカーのクリティカル : %d
ai/017.bin;0xE532;BD FD F6 A7;メチャバトラー ランボール
ai/017.bin;0xE532;9F 77 42 AC;フレアウィップ・ドラゴン
ai/017.bin;0xE532;39 6A 36 B5;超鋼闘機 ヘヴィデューク
ai/017.bin;0xE532;F7 48 21 B9;ドラゴンナイト ジャラール
ai/017.bin;0xE532;8D 55 D4 B9;無双の星輝兵 ラドン
ai/017.bin;0xE532;88 EF 6D BC;イニグマン・トルネード
ai/017.bin;0xE532;ED F8 CC BD;ファイナル・レンチ
ai/017.bin;0xE532;11 9F 48 BE;修羅忍竜 ダラニコンゴウ
ai/017.bin;0xE532;CF AA 4F C1;煉獄竜 ドラゴニック・ネオフレイム
ai/017.bin;0xE532;7C 17 CE C1;ラナンキュラスの花乙女 アーシャ
ai/017.bin;0xE532;15 6E A2 C8;ウィステリアナイト
ai/017.bin;0xE532;77 B6 99 CA;魔弾の星輝兵 ネオン
ai/017.bin;0xE532;AB 51 A7 CB;AI(%d) : レシピ (フラグ:%08x)
ai/017.bin;0xE532;15 5D BE CE;伴星の星輝兵 フォトン
ai/017.bin;0xE532;D7 DA C1 D6;AI(%d) : 思考開始 (行動カテゴリ:%d)
ai/017.bin;0xE532;7C 46 0A D9;忍竜 ドレッドマスター
ai/017.bin;0xE532;6B 1D DB DC;マシニング・モスキート mkⅡ
ai/017.bin;0xE532;69 E8 61 E1;オーバーロード
ai/017.bin;0xE532;7D 1F 65 E6;獣神 ナイトジャッカル
ai/017.bin;0xE532;57 CD 2E E8;    
ai/017.bin;0xE532;CC 1A C6 E8;AI未設定 : attrib = %s
ai/017.bin;0xE532;7F 09 BB EC;星輝兵 ストロングホールド
ai/017.bin;0xE532;39 17 8B F0;星空の解放者 ギネヴィア
ai/017.bin;0xE532;4B 16 BE F0;鋭気の騎士 エクター
ai/017.bin;0xE532;BF 43 2B F1;  アタッカー : %s
ai/017.bin;0xE532;27 25 50 F1;ベアダウン・サムラーイ
ai/017.bin;0xE532;FC B0 EB F6;清めの神器 ピュア・エンジェル
ai/017.bin;0xE532;89 20 23 F8;下
ai/017.bin;0xE532;DD 4C B3 F8;ターン開始 AI(%d)
ai/018.bin;0xE532;DC A5 CF 01;  クインテットウォール : %d/%d枚
ai/018.bin;0xE532;51 5B 2F 06;ヘキサゴナル・メイガス
ai/018.bin;0xE532;DD 9F CC 07;蒼嵐竜 メイルストローム
ai/018.bin;0xE532;8D 9F AA 08;  シールドの要求値 : 
ai/018.bin;0xE532;76 AE E0 09;ドラゴニック・オーバーロード “The Яe-birth”
ai/018.bin;0xE532;02 DC 8B 0D;モーント・ブラウクリューガー
ai/018.bin;0xE532;76 0E 98 0D;蹂躙する根絶者 ヲルグ
ai/018.bin;0xE532;B1 2D 5D 0E;  対象のパワー : %d(%d)%s
ai/018.bin;0xE532;24 A1 3B 11;ライジング・ライオネット
ai/018.bin;0xE532;CA 98 65 11;神界獣 フェンリル
ai/018.bin;0xE532;2F 96 22 12;ダンシング・ウルフ
ai/018.bin;0xE532;E2 3F 57 12;怨嗟する根絶者 ヴヱラ
ai/018.bin;0xE532;2F CE 1C 13;花占いの女神 サクヤ
ai/018.bin;0xE532;7A FA 23 14;慢心する根絶者 ギヲ
ai/018.bin;0xE532;9F 3C 4E 15; + %d
ai/018.bin;0xE532;68 FD C4 16;心酔する根絶者 グヰム
ai/018.bin;0xE532;26 7B 30 1A;ネコ執事
ai/018.bin;0xE532;8D 20 89 1A;AI未設定 : %s %d
ai/018.bin;0xE532;49 58 50 21;次元ロボ ダイジェット
ai/018.bin;0xE532;8E BC BB 21;  シールドの目標値 : 
ai/018.bin;0xE532;50 41 74 23;希望の子 トゥルエル
ai/018.bin;0xE532;39 5F 97 27;新鋭の騎士 ダヴィド
ai/018.bin;0xE532;BE 51 F9 27;餓竜 バトルレックス
ai/018.bin;0xE532;F7 2E E0 29;～%d
ai/018.bin;0xE532;A6 8F 2A 2A;喧嘩屋 ファイティング・ドラコキッド
ai/018.bin;0xE532;44 62 0C 2D;無音の射手 コンダクタンス
ai/018.bin;0xE532;14 30 63 2D;!!!! AI ERROR !!!!\n  
ai/018.bin;0xE532;EE 81 9E 32;豪腕拿捕の巨人兵
ai/018.bin;0xE532;C5 4D EE 32;ブラスター・ダーク “Diablo”
ai/018.bin;0xE532;F1 28 16 33;枚しか選んでいない
ai/018.bin;0xE532;BC 1F 35 33;  ブースター : %s
ai/018.bin;0xE532;3C 4A 3A 36;威圧する根絶者 ヲクシズ
ai/018.bin;0xE532;B8 BC F2 37;伏魔忍鬼 カガミジシ
ai/018.bin;0xE532;6E 42 D6 38;AI(%d) : アタック情報
ai/018.bin;0xE532;B3 AD 45 3A;ブラスター
ai/018.bin;0xE532;64 44 0F 3D;有毒の根絶者 ヱッダ
ai/018.bin;0xE532;53 23 25 42;蠢く根絶者 ルルヱルル
ai/018.bin;0xE532;03 D4 54 45; ヒットされない
ai/018.bin;0xE532;2D 3A A7 45;AI(%d) : ガードステップ情報
ai/018.bin;0xE532;2C A5 7B 4D;枚選択する必要があるが、
ai/018.bin;0xE532;9F A5 E0 4F;ＣＥＯ アマテラス
ai/018.bin;0xE532;3A D0 5B 51;メッチャバトラー ビクトール
ai/018.bin;0xE532;A6 11 33 52;暗黒竜 ファントム・ブラスター “Diablo”
ai/018.bin;0xE532;3C E0 6F 55;ドラゴニック・オーバーロード
ai/018.bin;0xE532;DE C1 45 56;解放者
ai/018.bin;0xE532;F7 6D 78 57;スタンプ・ラッコ
ai/018.bin;0xE532;5B 68 7C 5E;責苛む根絶者 ゴヲト
ai/018.bin;0xE532;C5 AF 0D 60;真紅の伝承 メタトロン
ai/018.bin;0xE532;47 87 68 63;AI(%d) : 思考時間 %.3f秒 (行動カテゴリ:%d)
ai/018.bin;0xE532;55 C8 81 63;  完全ガード : %d/%d枚
ai/018.bin;0xE532;42 D7 DA 63;  ガーディアン候補
ai/018.bin;0xE532;33 8E E7 69;Duo 理想の妹 メーア
ai/018.bin;0xE532;E8 83 60 6B;デアデビル・サムラーイ
ai/018.bin;0xE532;4B D4 AE 6B;  合計シールド : 
ai/018.bin;0xE532;DC 4C 2C 6E;立春の花乙姫 プリマヴェーラ
ai/018.bin;0xE532;11 E8 1D 70;神託の女王 ヒミコ
ai/018.bin;0xE532;E4 FB 3C 72;蒼嵐候補生 アノス
ai/018.bin;0xE532;29 EF C2 73;  対象(%d) : %s
ai/018.bin;0xE532;7C 3A 8B 81;解放者 バーニング・ブロー
ai/018.bin;0xE532;DA 63 6D 85;次元ロボ ダイブレイブ
ai/018.bin;0xE532;46 DE 4B 88;ダークメタル・ドラゴン
ai/018.bin;0xE532;6A D5 6E 8A;カタナライザー
ai/018.bin;0xE532;A0 D8 63 8D;大宇宙勇機 グランギャロップ
ai/018.bin;0xE532;1F 10 24 8F;上
ai/018.bin;0xE532;6C E6 93 8F;真黒の賢者 カロン
ai/018.bin;0xE532;34 2E F0 8F;多足の根絶者 ヲロロン
ai/018.bin;0xE532;BB E2 E9 90;永劫不敗 アシュラ・カイザー
ai/018.bin;0xE532;E1 26 37 94;魔竜戦鬼 チャトゥラ
ai/018.bin;0xE532;6A 0F 95 94;  アタッカーのパワー : %d(%d)
ai/018.bin;0xE532;7F BB 35 95;覇天皇竜 ドラゴニック・オーバーロード “The Ace”
ai/018.bin;0xE532;7A DC D7 96;朽ち果てる根絶者 ヰズレット
ai/018.bin;0xE532;FE 92 42 99;謳歌する根絶者 マヱストル
ai/018.bin;0xE532;0C DD 47 9B;バトルシスター ぱるふぇ
ai/018.bin;0xE532;1A 2D D2 9C;マイスガード フォーマルハウト
ai/018.bin;0xE532;E8 7A 6B 9D;並列する根絶者 ゲヰール
ai/018.bin;0xE532;69 08 3B A2;蒼波竜 テトラドライブ・ドラゴン
ai/018.bin;0xE532;F1 51 AA A2;スチームファイター バリフ
ai/018.bin;0xE532;A4 F3 D7 A7;  アタッカーのクリティカル : %d
ai/018.bin;0xE532;BD FD F6 A7;メチャバトラー ランボール
ai/018.bin;0xE532;BB AC 90 AB;速攻する根絶者 ガタリヲ
ai/018.bin;0xE532;9F 77 42 AC;フレアウィップ・ドラゴン
ai/018.bin;0xE532;65 FA 28 AD;追撃する根絶者 ヱゴット
ai/018.bin;0xE532;9D 88 5B AD;咀嚼する根絶者 ボロヲ
ai/018.bin;0xE532;39 6A 36 B5;超鋼闘機 ヘヴィデューク
ai/018.bin;0xE532;F7 48 21 B9;ドラゴンナイト ジャラール
ai/018.bin;0xE532;88 EF 6D BC;イニグマン・トルネード
ai/018.bin;0xE532;52 63 96 BC;突貫する根絶者 ヰギー
ai/018.bin;0xE532;ED F8 CC BD;ファイナル・レンチ
ai/018.bin;0xE532;11 9F 48 BE;修羅忍竜 ダラニコンゴウ
ai/018.bin;0xE532;CF AA 4F C1;煉獄竜 ドラゴニック・ネオフレイム
ai/018.bin;0xE532;7C 17 CE C1;ラナンキュラスの花乙女 アーシャ
ai/018.bin;0xE532;15 6E A2 C8;ウィステリアナイト
ai/018.bin;0xE532;AB 51 A7 CB;AI(%d) : レシピ (フラグ:%08x)
ai/018.bin;0xE532;D7 DA C1 D6;AI(%d) : 思考開始 (行動カテゴリ:%d)
ai/018.bin;0xE532;7C 46 0A D9;忍竜 ドレッドマスター
ai/018.bin;0xE532;92 F2 76 DB;享受する根絶者 ヰゴール
ai/018.bin;0xE532;6B 1D DB DC;マシニング・モスキート mkⅡ
ai/018.bin;0xE532;69 E8 61 E1;オーバーロード
ai/018.bin;0xE532;7D 1F 65 E6;獣神 ナイトジャッカル
ai/018.bin;0xE532;57 CD 2E E8;    
ai/018.bin;0xE532;CC 1A C6 E8;AI未設定 : attrib = %s
ai/018.bin;0xE532;39 17 8B F0;星空の解放者 ギネヴィア
ai/018.bin;0xE532;4B 16 BE F0;鋭気の騎士 エクター
ai/018.bin;0xE532;BF 43 2B F1;  アタッカー : %s
ai/018.bin;0xE532;27 25 50 F1;ベアダウン・サムラーイ
ai/018.bin;0xE532;FC B0 EB F6;清めの神器 ピュア・エンジェル
ai/018.bin;0xE532;89 20 23 F8;下
ai/018.bin;0xE532;DD 4C B3 F8;ターン開始 AI(%d)
ai/019.bin;0xE662;DC A5 CF 01;  クインテットウォール : %d/%d枚
ai/019.bin;0xE662;26 9F A5 02;Gunnergear Dracokid
ai/019.bin;0xE662;8D 81 BB 03;スチームソルジャー トーゲ
ai/019.bin;0xE662;51 5B 2F 06;ヘキサゴナル・メイガス
ai/019.bin;0xE662;DD 9F CC 07;蒼嵐竜 メイルストローム
ai/019.bin;0xE662;8D 9F AA 08;  シールドの要求値 : 
ai/019.bin;0xE662;76 AE E0 09;ドラゴニック・オーバーロード “The Яe-birth”
ai/019.bin;0xE662;02 DC 8B 0D;モーント・ブラウクリューガー
ai/019.bin;0xE662;B1 2D 5D 0E;  対象のパワー : %d(%d)%s
ai/019.bin;0xE662;24 A1 3B 11;ライジング・ライオネット
ai/019.bin;0xE662;CA 98 65 11;神界獣 フェンリル
ai/019.bin;0xE662;2F 96 22 12;ダンシング・ウルフ
ai/019.bin;0xE662;2F CE 1C 13;花占いの女神 サクヤ
ai/019.bin;0xE662;9F 3C 4E 15; + %d
ai/019.bin;0xE662;26 7B 30 1A;ネコ執事
ai/019.bin;0xE662;8D 20 89 1A;AI未設定 : %s %d
ai/019.bin;0xE662;49 58 50 21;次元ロボ ダイジェット
ai/019.bin;0xE662;8E BC BB 21;  シールドの目標値 : 
ai/019.bin;0xE662;50 41 74 23;希望の子 トゥルエル
ai/019.bin;0xE662;39 5F 97 27;新鋭の騎士 ダヴィド
ai/019.bin;0xE662;BE 51 F9 27;餓竜 バトルレックス
ai/019.bin;0xE662;5A 00 2D 29;引っ込み思案のギアレイヴン
ai/019.bin;0xE662;F7 2E E0 29;～%d
ai/019.bin;0xE662;A6 8F 2A 2A;喧嘩屋 ファイティング・ドラコキッド
ai/019.bin;0xE662;44 62 0C 2D;無音の射手 コンダクタンス
ai/019.bin;0xE662;14 30 63 2D;!!!! AI ERROR !!!!\n  
ai/019.bin;0xE662;9A C1 68 30;スチームファイター アンバー
ai/019.bin;0xE662;EE 81 9E 32;豪腕拿捕の巨人兵
ai/019.bin;0xE662;C5 4D EE 32;ブラスター・ダーク “Diablo”
ai/019.bin;0xE662;F1 28 16 33;枚しか選んでいない
ai/019.bin;0xE662;BC 1F 35 33;  ブースター : %s
ai/019.bin;0xE662;D4 80 E1 37;スチームナイト ウバル・トゥトゥ
ai/019.bin;0xE662;B8 BC F2 37;伏魔忍鬼 カガミジシ
ai/019.bin;0xE662;6E 42 D6 38;AI(%d) : アタック情報
ai/019.bin;0xE662;B3 AD 45 3A;ブラスター
ai/019.bin;0xE662;03 D4 54 45; ヒットされない
ai/019.bin;0xE662;2D 3A A7 45;AI(%d) : ガードステップ情報
ai/019.bin;0xE662;5C 11 0E 4C;スチームバトラー ダダシグ
ai/019.bin;0xE662;2C A5 7B 4D;枚選択する必要があるが、
ai/019.bin;0xE662;9F A5 E0 4F;ＣＥＯ アマテラス
ai/019.bin;0xE662;3A D0 5B 51;メッチャバトラー ビクトール
ai/019.bin;0xE662;A6 11 33 52;暗黒竜 ファントム・ブラスター “Diablo”
ai/019.bin;0xE662;3C E0 6F 55;ドラゴニック・オーバーロード
ai/019.bin;0xE662;DE C1 45 56;解放者
ai/019.bin;0xE662;F7 6D 78 57;スタンプ・ラッコ
ai/019.bin;0xE662;C5 AF 0D 60;真紅の伝承 メタトロン
ai/019.bin;0xE662;47 87 68 63;AI(%d) : 思考時間 %.3f秒 (行動カテゴリ:%d)
ai/019.bin;0xE662;55 C8 81 63;  完全ガード : %d/%d枚
ai/019.bin;0xE662;42 D7 DA 63;  ガーディアン候補
ai/019.bin;0xE662;33 8E E7 69;Duo 理想の妹 メーア
ai/019.bin;0xE662;E8 83 60 6B;デアデビル・サムラーイ
ai/019.bin;0xE662;4B D4 AE 6B;  合計シールド : 
ai/019.bin;0xE662;DC 4C 2C 6E;立春の花乙姫 プリマヴェーラ
ai/019.bin;0xE662;11 E8 1D 70;神託の女王 ヒミコ
ai/019.bin;0xE662;E4 FB 3C 72;蒼嵐候補生 アノス
ai/019.bin;0xE662;29 EF C2 73;  対象(%d) : %s
ai/019.bin;0xE662;65 B1 B8 76;腹時計付きのギアラビット
ai/019.bin;0xE662;7C 3A 8B 81;解放者 バーニング・ブロー
ai/019.bin;0xE662;DA 63 6D 85;次元ロボ ダイブレイブ
ai/019.bin;0xE662;46 DE 4B 88;ダークメタル・ドラゴン
ai/019.bin;0xE662;6A D5 6E 8A;カタナライザー
ai/019.bin;0xE662;A0 D8 63 8D;大宇宙勇機 グランギャロップ
ai/019.bin;0xE662;1F 10 24 8F;上
ai/019.bin;0xE662;6C E6 93 8F;真黒の賢者 カロン
ai/019.bin;0xE662;BB E2 E9 90;永劫不敗 アシュラ・カイザー
ai/019.bin;0xE662;E1 26 37 94;魔竜戦鬼 チャトゥラ
ai/019.bin;0xE662;6A 0F 95 94;  アタッカーのパワー : %d(%d)
ai/019.bin;0xE662;7F BB 35 95;覇天皇竜 ドラゴニック・オーバーロード “The Ace”
ai/019.bin;0xE662;6F EB F7 95;メーザーギア・ドラゴン
ai/019.bin;0xE662;0C DD 47 9B;バトルシスター ぱるふぇ
ai/019.bin;0xE662;01 35 FF 9B;剛腕粉砕の時空巨兵
ai/019.bin;0xE662;1A 2D D2 9C;マイスガード フォーマルハウト
ai/019.bin;0xE662;69 08 3B A2;蒼波竜 テトラドライブ・ドラゴン
ai/019.bin;0xE662;F1 51 AA A2;スチームファイター バリフ
ai/019.bin;0xE662;A4 F3 D7 A7;  アタッカーのクリティカル : %d
ai/019.bin;0xE662;BD FD F6 A7;メチャバトラー ランボール
ai/019.bin;0xE662;9F 77 42 AC;フレアウィップ・ドラゴン
ai/019.bin;0xE662;39 6A 36 B5;超鋼闘機 ヘヴィデューク
ai/019.bin;0xE662;09 C0 E2 B6;ツインメーザー・ドラゴン
ai/019.bin;0xE662;F7 48 21 B9;ドラゴンナイト ジャラール
ai/019.bin;0xE662;88 EF 6D BC;イニグマン・トルネード
ai/019.bin;0xE662;ED F8 CC BD;ファイナル・レンチ
ai/019.bin;0xE662;11 9F 48 BE;修羅忍竜 ダラニコンゴウ
ai/019.bin;0xE662;83 0C AC BE;スモークギア・ドラゴン
ai/019.bin;0xE662;04 0C B6 BE;スチームライダー バーナム
ai/019.bin;0xE662;3D FB ED C0;クロノジェット・ドラゴン
ai/019.bin;0xE662;CF AA 4F C1;煉獄竜 ドラゴニック・ネオフレイム
ai/019.bin;0xE662;7C 17 CE C1;ラナンキュラスの花乙女 アーシャ
ai/019.bin;0xE662;15 6E A2 C8;ウィステリアナイト
ai/019.bin;0xE662;AB 51 A7 CB;AI(%d) : レシピ (フラグ:%08x)
ai/019.bin;0xE662;61 37 62 CC;スチームナイト シュ・シン
ai/019.bin;0xE662;D7 DA C1 D6;AI(%d) : 思考開始 (行動カテゴリ:%d)
ai/019.bin;0xE662;7C 46 0A D9;忍竜 ドレッドマスター
ai/019.bin;0xE662;78 6A 0D DA;スチームメイデン ウルル
ai/019.bin;0xE662;6B 1D DB DC;マシニング・モスキート mkⅡ
ai/019.bin;0xE662;5A CA ED DD;ブラスウイング・ドラゴン
ai/019.bin;0xE662;69 E8 61 E1;オーバーロード
ai/019.bin;0xE662;7D 1F 65 E6;獣神 ナイトジャッカル
ai/019.bin;0xE662;57 CD 2E E8;    
ai/019.bin;0xE662;19 BA 6C E8;時空竜 ミステリーフレア・ドラゴン
ai/019.bin;0xE662;CC 1A C6 E8;AI未設定 : attrib = %s
ai/019.bin;0xE662;5E C0 46 EB;山盛り甲羅のギアタートル
ai/019.bin;0xE662;69 F1 59 EF;ラッキーポット・ドラコキッド
ai/019.bin;0xE662;39 17 8B F0;星空の解放者 ギネヴィア
ai/019.bin;0xE662;4B 16 BE F0;鋭気の騎士 エクター
ai/019.bin;0xE662;BF 43 2B F1;  アタッカー : %s
ai/019.bin;0xE662;27 25 50 F1;ベアダウン・サムラーイ
ai/019.bin;0xE662;FC B0 EB F6;清めの神器 ピュア・エンジェル
ai/019.bin;0xE662;89 20 23 F8;下
ai/019.bin;0xE662;DD 4C B3 F8;ターン開始 AI(%d)
ai/020.bin;0xE703;34 53 5F 00;湖の巫女 リアン
ai/020.bin;0xE703;DC A5 CF 01;  クインテットウォール : %d/%d枚
ai/020.bin;0xE703;51 5B 2F 06;ヘキサゴナル・メイガス
ai/020.bin;0xE703;DD 9F CC 07;蒼嵐竜 メイルストローム
ai/020.bin;0xE703;8D 9F AA 08;  シールドの要求値 : 
ai/020.bin;0xE703;76 AE E0 09;ドラゴニック・オーバーロード “The Яe-birth”
ai/020.bin;0xE703;6C F1 AB 0A;オーラシューター・ドラゴン
ai/020.bin;0xE703;13 73 1F 0C;ナイト・オブ・スチールウイング
ai/020.bin;0xE703;02 DC 8B 0D;モーント・ブラウクリューガー
ai/020.bin;0xE703;C9 06 D4 0D;まぁるがる
ai/020.bin;0xE703;B1 2D 5D 0E;  対象のパワー : %d(%d)%s
ai/020.bin;0xE703;24 A1 3B 11;ライジング・ライオネット
ai/020.bin;0xE703;CA 98 65 11;神界獣 フェンリル
ai/020.bin;0xE703;2F 96 22 12;ダンシング・ウルフ
ai/020.bin;0xE703;2F CE 1C 13;花占いの女神 サクヤ
ai/020.bin;0xE703;9F 3C 4E 15; + %d
ai/020.bin;0xE703;26 7B 30 1A;ネコ執事
ai/020.bin;0xE703;8D 20 89 1A;AI未設定 : %s %d
ai/020.bin;0xE703;C0 17 EB 1D;マジェスティ・ロードブラスター
ai/020.bin;0xE703;49 58 50 21;次元ロボ ダイジェット
ai/020.bin;0xE703;8E BC BB 21;  シールドの目標値 : 
ai/020.bin;0xE703;00 8C ED 21;みるびる
ai/020.bin;0xE703;50 41 74 23;希望の子 トゥルエル
ai/020.bin;0xE703;DC 7B 31 24;天駆ける塔のアーチャー
ai/020.bin;0xE703;39 5F 97 27;新鋭の騎士 ダヴィド
ai/020.bin;0xE703;BE 51 F9 27;餓竜 バトルレックス
ai/020.bin;0xE703;F7 2E E0 29;～%d
ai/020.bin;0xE703;A6 8F 2A 2A;喧嘩屋 ファイティング・ドラコキッド
ai/020.bin;0xE703;44 62 0C 2D;無音の射手 コンダクタンス
ai/020.bin;0xE703;14 30 63 2D;!!!! AI ERROR !!!!\n  
ai/020.bin;0xE703;EE 81 9E 32;豪腕拿捕の巨人兵
ai/020.bin;0xE703;C5 4D EE 32;ブラスター・ダーク “Diablo”
ai/020.bin;0xE703;F1 28 16 33;枚しか選んでいない
ai/020.bin;0xE703;BC 1F 35 33;  ブースター : %s
ai/020.bin;0xE703;63 BD 80 33;ナイト・オブ・ツインソード
ai/020.bin;0xE703;4E 68 BC 34;絶剣の騎士 リヴァーロ
ai/020.bin;0xE703;B8 BC F2 37;伏魔忍鬼 カガミジシ
ai/020.bin;0xE703;6E 42 D6 38;AI(%d) : アタック情報
ai/020.bin;0xE703;B3 AD 45 3A;ブラスター
ai/020.bin;0xE703;24 82 DE 40;閃きの騎士 ミーリウス
ai/020.bin;0xE703;03 D4 54 45; ヒットされない
ai/020.bin;0xE703;2D 3A A7 45;AI(%d) : ガードステップ情報
ai/020.bin;0xE703;2C A5 7B 4D;枚選択する必要があるが、
ai/020.bin;0xE703;9F A5 E0 4F;ＣＥＯ アマテラス
ai/020.bin;0xE703;3A D0 5B 51;メッチャバトラー ビクトール
ai/020.bin;0xE703;A6 11 33 52;暗黒竜 ファントム・ブラスター “Diablo”
ai/020.bin;0xE703;3C E0 6F 55;ドラゴニック・オーバーロード
ai/020.bin;0xE703;DE C1 45 56;解放者
ai/020.bin;0xE703;F7 6D 78 57;スタンプ・ラッコ
ai/020.bin;0xE703;C5 AF 0D 60;真紅の伝承 メタトロン
ai/020.bin;0xE703;29 CF 10 62;繊月の騎士 フェレックス
ai/020.bin;0xE703;75 87 53 62;変革の騎士 ラディナス
ai/020.bin;0xE703;47 87 68 63;AI(%d) : 思考時間 %.3f秒 (行動カテゴリ:%d)
ai/020.bin;0xE703;55 C8 81 63;  完全ガード : %d/%d枚
ai/020.bin;0xE703;42 D7 DA 63;  ガーディアン候補
ai/020.bin;0xE703;DD 23 C4 67;ナイト・オブ・フェスティバル
ai/020.bin;0xE703;33 8E E7 69;Duo 理想の妹 メーア
ai/020.bin;0xE703;E8 83 60 6B;デアデビル・サムラーイ
ai/020.bin;0xE703;4B D4 AE 6B;  合計シールド : 
ai/020.bin;0xE703;DC 4C 2C 6E;立春の花乙姫 プリマヴェーラ
ai/020.bin;0xE703;11 E8 1D 70;神託の女王 ヒミコ
ai/020.bin;0xE703;E4 FB 3C 72;蒼嵐候補生 アノス
ai/020.bin;0xE703;86 B1 55 73;小妖精の突撃隊長
ai/020.bin;0xE703;29 EF C2 73;  対象(%d) : %s
ai/020.bin;0xE703;5A 1C 38 7C;宝石騎士 ぷりずみー
ai/020.bin;0xE703;7C 3A 8B 81;解放者 バーニング・ブロー
ai/020.bin;0xE703;E1 95 2F 85;聖棍の探索者 オクタウィウス
ai/020.bin;0xE703;DA 63 6D 85;次元ロボ ダイブレイブ
ai/020.bin;0xE703;68 C9 7B 87;バーニングメイン・ライオン
ai/020.bin;0xE703;46 DE 4B 88;ダークメタル・ドラゴン
ai/020.bin;0xE703;6A D5 6E 8A;カタナライザー
ai/020.bin;0xE703;A0 D8 63 8D;大宇宙勇機 グランギャロップ
ai/020.bin;0xE703;1F 10 24 8F;上
ai/020.bin;0xE703;6C E6 93 8F;真黒の賢者 カロン
ai/020.bin;0xE703;BB E2 E9 90;永劫不敗 アシュラ・カイザー
ai/020.bin;0xE703;E1 26 37 94;魔竜戦鬼 チャトゥラ
ai/020.bin;0xE703;6A 0F 95 94;  アタッカーのパワー : %d(%d)
ai/020.bin;0xE703;7F BB 35 95;覇天皇竜 ドラゴニック・オーバーロード “The Ace”
ai/020.bin;0xE703;57 21 C3 97;ミルキーウェイ・ユニコーン
ai/020.bin;0xE703;5D 10 30 98;朧の聖騎士 ガブレード
ai/020.bin;0xE703;0C DD 47 9B;バトルシスター ぱるふぇ
ai/020.bin;0xE703;1A 2D D2 9C;マイスガード フォーマルハウト
ai/020.bin;0xE703;69 08 3B A2;蒼波竜 テトラドライブ・ドラゴン
ai/020.bin;0xE703;F1 51 AA A2;スチームファイター バリフ
ai/020.bin;0xE703;A4 F3 D7 A7;  アタッカーのクリティカル : %d
ai/020.bin;0xE703;BD FD F6 A7;メチャバトラー ランボール
ai/020.bin;0xE703;9F 77 42 AC;フレアウィップ・ドラゴン
ai/020.bin;0xE703;39 6A 36 B5;超鋼闘機 ヘヴィデューク
ai/020.bin;0xE703;F7 48 21 B9;ドラゴンナイト ジャラール
ai/020.bin;0xE703;88 EF 6D BC;イニグマン・トルネード
ai/020.bin;0xE703;ED F8 CC BD;ファイナル・レンチ
ai/020.bin;0xE703;11 9F 48 BE;修羅忍竜 ダラニコンゴウ
ai/020.bin;0xE703;CF AA 4F C1;煉獄竜 ドラゴニック・ネオフレイム
ai/020.bin;0xE703;7C 17 CE C1;ラナンキュラスの花乙女 アーシャ
ai/020.bin;0xE703;15 6E A2 C8;ウィステリアナイト
ai/020.bin;0xE703;AB 51 A7 CB;AI(%d) : レシピ (フラグ:%08x)
ai/020.bin;0xE703;E7 C2 F9 CC;ヒーリング・ペガサス
ai/020.bin;0xE703;92 63 36 D5;レインボー・ガーディアン
ai/020.bin;0xE703;D7 DA C1 D6;AI(%d) : 思考開始 (行動カテゴリ:%d)
ai/020.bin;0xE703;7C 46 0A D9;忍竜 ドレッドマスター
ai/020.bin;0xE703;E2 CC 7C D9;エクスカルペイト・ザ・ブラスター
ai/020.bin;0xE703;F1 1B 75 DA;碩学の賢者 クンロン
ai/020.bin;0xE703;6B 1D DB DC;マシニング・モスキート mkⅡ
ai/020.bin;0xE703;69 E8 61 E1;オーバーロード
ai/020.bin;0xE703;7D 1F 65 E6;獣神 ナイトジャッカル
ai/020.bin;0xE703;57 CD 2E E8;    
ai/020.bin;0xE703;CC 1A C6 E8;AI未設定 : attrib = %s
ai/020.bin;0xE703;83 A0 BD E9;ぐりんがる・探索者
ai/020.bin;0xE703;39 17 8B F0;星空の解放者 ギネヴィア
ai/020.bin;0xE703;4B 16 BE F0;鋭気の騎士 エクター
ai/020.bin;0xE703;BF 43 2B F1;  アタッカー : %s
ai/020.bin;0xE703;27 25 50 F1;ベアダウン・サムラーイ
ai/020.bin;0xE703;D7 AF 7D F5;青天の騎士 アルトマイル
ai/020.bin;0xE703;B3 0E F1 F5;ミスリルガード・ライオン
ai/020.bin;0xE703;FC B0 EB F6;清めの神器 ピュア・エンジェル
ai/020.bin;0xE703;89 20 23 F8;下
ai/020.bin;0xE703;DD 4C B3 F8;ターン開始 AI(%d)
ai/020.bin;0xE703;BF 4D 6C F9;流転の騎士 ブレードゥ
ai/021.bin;0xE861;DC A5 CF 01;  クインテットウォール : %d/%d枚
ai/021.bin;0xE861;51 5B 2F 06;ヘキサゴナル・メイガス
ai/021.bin;0xE861;DD 9F CC 07;蒼嵐竜 メイルストローム
ai/021.bin;0xE861;8D 9F AA 08;  シールドの要求値 : 
ai/021.bin;0xE861;76 AE E0 09;ドラゴニック・オーバーロード “The Яe-birth”
ai/021.bin;0xE861;02 DC 8B 0D;モーント・ブラウクリューガー
ai/021.bin;0xE861;B1 2D 5D 0E;  対象のパワー : %d(%d)%s
ai/021.bin;0xE861;24 A1 3B 11;ライジング・ライオネット
ai/021.bin;0xE861;CA 98 65 11;神界獣 フェンリル
ai/021.bin;0xE861;2F 96 22 12;ダンシング・ウルフ
ai/021.bin;0xE861;2F CE 1C 13;花占いの女神 サクヤ
ai/021.bin;0xE861;9F 3C 4E 15; + %d
ai/021.bin;0xE861;26 7B 30 1A;ネコ執事
ai/021.bin;0xE861;8D 20 89 1A;AI未設定 : %s %d
ai/021.bin;0xE861;49 58 50 21;次元ロボ ダイジェット
ai/021.bin;0xE861;8E BC BB 21;  シールドの目標値 : 
ai/021.bin;0xE861;50 41 74 23;希望の子 トゥルエル
ai/021.bin;0xE861;39 5F 97 27;新鋭の騎士 ダヴィド
ai/021.bin;0xE861;BE 51 F9 27;餓竜 バトルレックス
ai/021.bin;0xE861;9C C6 00 28;ウーント・タナップ
ai/021.bin;0xE861;F7 2E E0 29;～%d
ai/021.bin;0xE861;A6 8F 2A 2A;喧嘩屋 ファイティング・ドラコキッド
ai/021.bin;0xE861;44 62 0C 2D;無音の射手 コンダクタンス
ai/021.bin;0xE861;14 30 63 2D;!!!! AI ERROR !!!!\n  
ai/021.bin;0xE861;EE 81 9E 32;豪腕拿捕の巨人兵
ai/021.bin;0xE861;C5 4D EE 32;ブラスター・ダーク “Diablo”
ai/021.bin;0xE861;F1 28 16 33;枚しか選んでいない
ai/021.bin;0xE861;BC 1F 35 33;  ブースター : %s
ai/021.bin;0xE861;B8 BC F2 37;伏魔忍鬼 カガミジシ
ai/021.bin;0xE861;6E 42 D6 38;AI(%d) : アタック情報
ai/021.bin;0xE861;F6 99 15 39;メイデン・オブ・デイブレイク
ai/021.bin;0xE861;B3 AD 45 3A;ブラスター
ai/021.bin;0xE861;03 D4 54 45; ヒットされない
ai/021.bin;0xE861;2D 3A A7 45;AI(%d) : ガードステップ情報
ai/021.bin;0xE861;EE 9C 3B 4D;100％・オーランジュ
ai/021.bin;0xE861;2C A5 7B 4D;枚選択する必要があるが、
ai/021.bin;0xE861;9F A5 E0 4F;ＣＥＯ アマテラス
ai/021.bin;0xE861;3A D0 5B 51;メッチャバトラー ビクトール
ai/021.bin;0xE861;A6 11 33 52;暗黒竜 ファントム・ブラスター “Diablo”
ai/021.bin;0xE861;3C E0 6F 55;ドラゴニック・オーバーロード
ai/021.bin;0xE861;DE C1 45 56;解放者
ai/021.bin;0xE861;F7 6D 78 57;スタンプ・ラッコ
ai/021.bin;0xE861;C5 AF 0D 60;真紅の伝承 メタトロン
ai/021.bin;0xE861;29 1A 85 62;メイデン・オブ・ドリーミングアロマ
ai/021.bin;0xE861;47 87 68 63;AI(%d) : 思考時間 %.3f秒 (行動カテゴリ:%d)
ai/021.bin;0xE861;55 C8 81 63;  完全ガード : %d/%d枚
ai/021.bin;0xE861;42 D7 DA 63;  ガーディアン候補
ai/021.bin;0xE861;DD A1 75 65;ガーデナー・エルフ
ai/021.bin;0xE861;DA 78 CB 68;メイデン・オブ・サフラワー
ai/021.bin;0xE861;33 8E E7 69;Duo 理想の妹 メーア
ai/021.bin;0xE861;E8 83 60 6B;デアデビル・サムラーイ
ai/021.bin;0xE861;4B D4 AE 6B;  合計シールド : 
ai/021.bin;0xE861;10 F3 CF 6C;メイデン・オブ・グラジオラス
ai/021.bin;0xE861;DC 4C 2C 6E;立春の花乙姫 プリマヴェーラ
ai/021.bin;0xE861;77 7D 44 6E;カコカワ・キウイ
ai/021.bin;0xE861;11 E8 1D 70;神託の女王 ヒミコ
ai/021.bin;0xE861;E4 FB 3C 72;蒼嵐候補生 アノス
ai/021.bin;0xE861;29 EF C2 73;  対象(%d) : %s
ai/021.bin;0xE861;A6 68 BC 7B;春色の花乙姫 アルボレア
ai/021.bin;0xE861;43 8A DF 7B;開花の乙女 ケラ
ai/021.bin;0xE861;7C 3A 8B 81;解放者 バーニング・ブロー
ai/021.bin;0xE861;DA 63 6D 85;次元ロボ ダイブレイブ
ai/021.bin;0xE861;46 DE 4B 88;ダークメタル・ドラゴン
ai/021.bin;0xE861;6A D5 6E 8A;カタナライザー
ai/021.bin;0xE861;A0 D8 63 8D;大宇宙勇機 グランギャロップ
ai/021.bin;0xE861;1F 10 24 8F;上
ai/021.bin;0xE861;6C E6 93 8F;真黒の賢者 カロン
ai/021.bin;0xE861;5D 93 52 90;木漏れ日の貴婦人
ai/021.bin;0xE861;BB E2 E9 90;永劫不敗 アシュラ・カイザー
ai/021.bin;0xE861;BD 7D A6 91;春待ちの乙女 オズ
ai/021.bin;0xE861;E1 26 37 94;魔竜戦鬼 チャトゥラ
ai/021.bin;0xE861;6A 0F 95 94;  アタッカーのパワー : %d(%d)
ai/021.bin;0xE861;7F BB 35 95;覇天皇竜 ドラゴニック・オーバーロード “The Ace”
ai/021.bin;0xE861;0C DD 47 9B;バトルシスター ぱるふぇ
ai/021.bin;0xE861;1A 2D D2 9C;マイスガード フォーマルハウト
ai/021.bin;0xE861;69 08 3B A2;蒼波竜 テトラドライブ・ドラゴン
ai/021.bin;0xE861;F1 51 AA A2;スチームファイター バリフ
ai/021.bin;0xE861;9D B9 A4 A3;ジャングルロード・ドラゴン
ai/021.bin;0xE861;01 6D 5C A6;コーラルベリー・スクワイア
ai/021.bin;0xE861;A4 F3 D7 A7;  アタッカーのクリティカル : %d
ai/021.bin;0xE861;BD FD F6 A7;メチャバトラー ランボール
ai/021.bin;0xE861;BE A9 8C A8;萌芽の乙女 ディアン
ai/021.bin;0xE861;24 ED 3B AB;メイデン・オブ・ディモルフォーセ
ai/021.bin;0xE861;9F 77 42 AC;フレアウィップ・ドラゴン
ai/021.bin;0xE861;47 71 A2 B2;グレースナイト
ai/021.bin;0xE861;39 6A 36 B5;超鋼闘機 ヘヴィデューク
ai/021.bin;0xE861;F7 48 21 B9;ドラゴンナイト ジャラール
ai/021.bin;0xE861;4D 11 72 B9;グラスビーズ・ドラゴン
ai/021.bin;0xE861;88 EF 6D BC;イニグマン・トルネード
ai/021.bin;0xE861;ED F8 CC BD;ファイナル・レンチ
ai/021.bin;0xE861;11 9F 48 BE;修羅忍竜 ダラニコンゴウ
ai/021.bin;0xE861;0E 8F 46 C1;フルブルーム・ドラゴン
ai/021.bin;0xE861;CF AA 4F C1;煉獄竜 ドラゴニック・ネオフレイム
ai/021.bin;0xE861;7C 17 CE C1;ラナンキュラスの花乙女 アーシャ
ai/021.bin;0xE861;8B 75 AB C6;ラベンダーナイト
ai/021.bin;0xE861;15 6E A2 C8;ウィステリアナイト
ai/021.bin;0xE861;AB 51 A7 CB;AI(%d) : レシピ (フラグ:%08x)
ai/021.bin;0xE861;D7 DA C1 D6;AI(%d) : 思考開始 (行動カテゴリ:%d)
ai/021.bin;0xE861;7C 46 0A D9;忍竜 ドレッドマスター
ai/021.bin;0xE861;6B 1D DB DC;マシニング・モスキート mkⅡ
ai/021.bin;0xE861;69 E8 61 E1;オーバーロード
ai/021.bin;0xE861;7D 1F 65 E6;獣神 ナイトジャッカル
ai/021.bin;0xE861;51 EB 60 E7;メイデン・オブ・レインボーウッド
ai/021.bin;0xE861;57 CD 2E E8;    
ai/021.bin;0xE861;CC 1A C6 E8;AI未設定 : attrib = %s
ai/021.bin;0xE861;39 17 8B F0;星空の解放者 ギネヴィア
ai/021.bin;0xE861;4B 16 BE F0;鋭気の騎士 エクター
ai/021.bin;0xE861;BF 43 2B F1;  アタッカー : %s
ai/021.bin;0xE861;27 25 50 F1;ベアダウン・サムラーイ
ai/021.bin;0xE861;FC BA BC F1;ドクドク・マッシュルーム
ai/021.bin;0xE861;FC B0 EB F6;清めの神器 ピュア・エンジェル
ai/021.bin;0xE861;89 20 23 F8;下
ai/021.bin;0xE861;DD 4C B3 F8;ターン開始 AI(%d)
ai/021.bin;0xE861;18 FC 13 F9;フェアリーライト・ドラゴン
ai/022.bin;0xE664;DC A5 CF 01;  クインテットウォール : %d/%d枚
ai/022.bin;0xE664;6D 07 F9 03;光学拳闘の巨人兵
ai/022.bin;0xE664;51 5B 2F 06;ヘキサゴナル・メイガス
ai/022.bin;0xE664;DD 9F CC 07;蒼嵐竜 メイルストローム
ai/022.bin;0xE664;8D 9F AA 08;  シールドの要求値 : 
ai/022.bin;0xE664;76 AE E0 09;ドラゴニック・オーバーロード “The Яe-birth”
ai/022.bin;0xE664;02 DC 8B 0D;モーント・ブラウクリューガー
ai/022.bin;0xE664;B1 2D 5D 0E;  対象のパワー : %d(%d)%s
ai/022.bin;0xE664;E2 F3 7C 0F;マインスター・トルーパー
ai/022.bin;0xE664;24 A1 3B 11;ライジング・ライオネット
ai/022.bin;0xE664;CA 98 65 11;神界獣 フェンリル
ai/022.bin;0xE664;2F 96 22 12;ダンシング・ウルフ
ai/022.bin;0xE664;2F CE 1C 13;花占いの女神 サクヤ
ai/022.bin;0xE664;9F 3C 4E 15; + %d
ai/022.bin;0xE664;26 7B 30 1A;ネコ執事
ai/022.bin;0xE664;8D 20 89 1A;AI未設定 : %s %d
ai/022.bin;0xE664;53 C3 3F 1B;戦場の歌姫 オルティア
ai/022.bin;0xE664;49 58 50 21;次元ロボ ダイジェット
ai/022.bin;0xE664;8E BC BB 21;  シールドの目標値 : 
ai/022.bin;0xE664;50 41 74 23;希望の子 トゥルエル
ai/022.bin;0xE664;39 5F 97 27;新鋭の騎士 ダヴィド
ai/022.bin;0xE664;BE 51 F9 27;餓竜 バトルレックス
ai/022.bin;0xE664;F7 2E E0 29;～%d
ai/022.bin;0xE664;A6 8F 2A 2A;喧嘩屋 ファイティング・ドラコキッド
ai/022.bin;0xE664;44 62 0C 2D;無音の射手 コンダクタンス
ai/022.bin;0xE664;14 30 63 2D;!!!! AI ERROR !!!!\n  
ai/022.bin;0xE664;EE 81 9E 32;豪腕拿捕の巨人兵
ai/022.bin;0xE664;C5 4D EE 32;ブラスター・ダーク “Diablo”
ai/022.bin;0xE664;F1 28 16 33;枚しか選んでいない
ai/022.bin;0xE664;BC 1F 35 33;  ブースター : %s
ai/022.bin;0xE664;B8 BC F2 37;伏魔忍鬼 カガミジシ
ai/022.bin;0xE664;6E 42 D6 38;AI(%d) : アタック情報
ai/022.bin;0xE664;B3 AD 45 3A;ブラスター
ai/022.bin;0xE664;F6 25 75 41;嵐を超える者 サヴァス
ai/022.bin;0xE664;03 D4 54 45; ヒットされない
ai/022.bin;0xE664;2D 3A A7 45;AI(%d) : ガードステップ情報
ai/022.bin;0xE664;CD D7 8F 4A;慧眼のタツノオトシゴ兵
ai/022.bin;0xE664;2C A5 7B 4D;枚選択する必要があるが、
ai/022.bin;0xE664;9F A5 E0 4F;ＣＥＯ アマテラス
ai/022.bin;0xE664;3A D0 5B 51;メッチャバトラー ビクトール
ai/022.bin;0xE664;A6 11 33 52;暗黒竜 ファントム・ブラスター “Diablo”
ai/022.bin;0xE664;72 A4 48 52;マグナム・アサルト
ai/022.bin;0xE664;A2 CA 0A 55;士官候補生 アンドレイ
ai/022.bin;0xE664;3C E0 6F 55;ドラゴニック・オーバーロード
ai/022.bin;0xE664;B6 EB DA 55;蒼嵐水将 デスピナ
ai/022.bin;0xE664;DE C1 45 56;解放者
ai/022.bin;0xE664;F7 6D 78 57;スタンプ・ラッコ
ai/022.bin;0xE664;73 AF 51 5E;バブルバズーカ・ドラコキッド
ai/022.bin;0xE664;CB FE 66 5F;士官候補生 アレキポス
ai/022.bin;0xE664;C5 AF 0D 60;真紅の伝承 メタトロン
ai/022.bin;0xE664;47 87 68 63;AI(%d) : 思考時間 %.3f秒 (行動カテゴリ:%d)
ai/022.bin;0xE664;55 C8 81 63;  完全ガード : %d/%d枚
ai/022.bin;0xE664;42 D7 DA 63;  ガーディアン候補
ai/022.bin;0xE664;33 8E E7 69;Duo 理想の妹 メーア
ai/022.bin;0xE664;E8 83 60 6B;デアデビル・サムラーイ
ai/022.bin;0xE664;4B D4 AE 6B;  合計シールド : 
ai/022.bin;0xE664;DC 4C 2C 6E;立春の花乙姫 プリマヴェーラ
ai/022.bin;0xE664;11 E8 1D 70;神託の女王 ヒミコ
ai/022.bin;0xE664;E4 FB 3C 72;蒼嵐候補生 アノス
ai/022.bin;0xE664;BF 35 68 72;タイダル・アサルト
ai/022.bin;0xE664;29 EF C2 73;  対象(%d) : %s
ai/022.bin;0xE664;7C 3A 8B 81;解放者 バーニング・ブロー
ai/022.bin;0xE664;0D 0A 22 82;ハイドロハンマー・セイラー
ai/022.bin;0xE664;DA 63 6D 85;次元ロボ ダイブレイブ
ai/022.bin;0xE664;46 DE 4B 88;ダークメタル・ドラゴン
ai/022.bin;0xE664;6A D5 6E 8A;カタナライザー
ai/022.bin;0xE664;7A 87 D8 8B;戦場の歌姫 カロリ―ナ
ai/022.bin;0xE664;A0 D8 63 8D;大宇宙勇機 グランギャロップ
ai/022.bin;0xE664;1F 10 24 8F;上
ai/022.bin;0xE664;6C E6 93 8F;真黒の賢者 カロン
ai/022.bin;0xE664;BB E2 E9 90;永劫不敗 アシュラ・カイザー
ai/022.bin;0xE664;E1 26 37 94;魔竜戦鬼 チャトゥラ
ai/022.bin;0xE664;6A 0F 95 94;  アタッカーのパワー : %d(%d)
ai/022.bin;0xE664;7F BB 35 95;覇天皇竜 ドラゴニック・オーバーロード “The Ace”
ai/022.bin;0xE664;3E F3 3B 98;戦場の歌姫 ファイドラ
ai/022.bin;0xE664;0C DD 47 9B;バトルシスター ぱるふぇ
ai/022.bin;0xE664;1A 2D D2 9C;マイスガード フォーマルハウト
ai/022.bin;0xE664;69 08 3B A2;蒼波竜 テトラドライブ・ドラゴン
ai/022.bin;0xE664;F1 51 AA A2;スチームファイター バリフ
ai/022.bin;0xE664;A4 F3 D7 A7;  アタッカーのクリティカル : %d
ai/022.bin;0xE664;BD FD F6 A7;メチャバトラー ランボール
ai/022.bin;0xE664;09 20 A7 AA;天鱗水将 タイダルボアー・ドラゴン
ai/022.bin;0xE664;43 39 46 AB;蒼嵐水将 スピロス
ai/022.bin;0xE664;9F 77 42 AC;フレアウィップ・ドラゴン
ai/022.bin;0xE664;31 04 60 AC;ガンダイバー・ドラコキッド
ai/022.bin;0xE664;3C F0 B2 AC;レインボー・スナイパー
ai/022.bin;0xE664;39 6A 36 B5;超鋼闘機 ヘヴィデューク
ai/022.bin;0xE664;F7 48 21 B9;ドラゴンナイト ジャラール
ai/022.bin;0xE664;88 EF 6D BC;イニグマン・トルネード
ai/022.bin;0xE664;ED F8 CC BD;ファイナル・レンチ
ai/022.bin;0xE664;11 9F 48 BE;修羅忍竜 ダラニコンゴウ
ai/022.bin;0xE664;CF AA 4F C1;煉獄竜 ドラゴニック・ネオフレイム
ai/022.bin;0xE664;7C 17 CE C1;ラナンキュラスの花乙女 アーシャ
ai/022.bin;0xE664;32 A7 9C C5;カップルダガー・セイラー
ai/022.bin;0xE664;15 6E A2 C8;ウィステリアナイト
ai/022.bin;0xE664;AB 51 A7 CB;AI(%d) : レシピ (フラグ:%08x)
ai/022.bin;0xE664;D7 DA C1 D6;AI(%d) : 思考開始 (行動カテゴリ:%d)
ai/022.bin;0xE664;04 75 4F D7;蒼嵐兵 ラスカル・スイーパー
ai/022.bin;0xE664;4C 99 5F D8;ケルピーライダー デニス
ai/022.bin;0xE664;7C 46 0A D9;忍竜 ドレッドマスター
ai/022.bin;0xE664;BB CE 1E DA;戦場の歌姫 カロリーナ
ai/022.bin;0xE664;7B 0E 75 DC;戦場の歌姫 ローデ
ai/022.bin;0xE664;6B 1D DB DC;マシニング・モスキート mkⅡ
ai/022.bin;0xE664;69 E8 61 E1;オーバーロード
ai/022.bin;0xE664;7D 1F 65 E6;獣神 ナイトジャッカル
ai/022.bin;0xE664;57 CD 2E E8;    
ai/022.bin;0xE664;B4 27 79 E8;レールガン・アサルト
ai/022.bin;0xE664;CC 1A C6 E8;AI未設定 : attrib = %s
ai/022.bin;0xE664;39 17 8B F0;星空の解放者 ギネヴィア
ai/022.bin;0xE664;B7 75 A0 F0;バタリーブーム・ドラゴン
ai/022.bin;0xE664;4B 16 BE F0;鋭気の騎士 エクター
ai/022.bin;0xE664;BF 43 2B F1;  アタッカー : %s
ai/022.bin;0xE664;27 25 50 F1;ベアダウン・サムラーイ
ai/022.bin;0xE664;FC B0 EB F6;清めの神器 ピュア・エンジェル
ai/022.bin;0xE664;89 20 23 F8;下
ai/022.bin;0xE664;DD 4C B3 F8;ターン開始 AI(%d)
ai/022.bin;0xE664;8E D3 36 F9;ケルピーライダー ポロ
ai/023.bin;0xE564;DC A5 CF 01;  クインテットウォール : %d/%d枚
ai/023.bin;0xE564;51 5B 2F 06;ヘキサゴナル・メイガス
ai/023.bin;0xE564;DD 9F CC 07;蒼嵐竜 メイルストローム
ai/023.bin;0xE564;8D 9F AA 08;  シールドの要求値 : 
ai/023.bin;0xE564;01 83 D7 08;超絃理論の愛し子
ai/023.bin;0xE564;76 AE E0 09;ドラゴニック・オーバーロード “The Яe-birth”
ai/023.bin;0xE564;02 DC 8B 0D;モーント・ブラウクリューガー
ai/023.bin;0xE564;B1 2D 5D 0E;  対象のパワー : %d(%d)%s
ai/023.bin;0xE564;24 A1 3B 11;ライジング・ライオネット
ai/023.bin;0xE564;CA 98 65 11;神界獣 フェンリル
ai/023.bin;0xE564;39 6C DC 11;綻びた世界のレディヒーラー
ai/023.bin;0xE564;2F 96 22 12;ダンシング・ウルフ
ai/023.bin;0xE564;2F CE 1C 13;花占いの女神 サクヤ
ai/023.bin;0xE564;9F 3C 4E 15; + %d
ai/023.bin;0xE564;90 92 5F 15;アスリープ・メサイア
ai/023.bin;0xE564;26 7B 30 1A;ネコ執事
ai/023.bin;0xE564;8D 20 89 1A;AI未設定 : %s %d
ai/023.bin;0xE564;49 58 50 21;次元ロボ ダイジェット
ai/023.bin;0xE564;8E BC BB 21;  シールドの目標値 : 
ai/023.bin;0xE564;50 41 74 23;希望の子 トゥルエル
ai/023.bin;0xE564;39 5F 97 27;新鋭の騎士 ダヴィド
ai/023.bin;0xE564;BE 51 F9 27;餓竜 バトルレックス
ai/023.bin;0xE564;F7 2E E0 29;～%d
ai/023.bin;0xE564;A6 8F 2A 2A;喧嘩屋 ファイティング・ドラコキッド
ai/023.bin;0xE564;44 62 0C 2D;無音の射手 コンダクタンス
ai/023.bin;0xE564;14 30 63 2D;!!!! AI ERROR !!!!\n  
ai/023.bin;0xE564;53 0E BC 31;事象の翼 ウイングマター
ai/023.bin;0xE564;EE 81 9E 32;豪腕拿捕の巨人兵
ai/023.bin;0xE564;C5 4D EE 32;ブラスター・ダーク “Diablo”
ai/023.bin;0xE564;F1 28 16 33;枚しか選んでいない
ai/023.bin;0xE564;BC 1F 35 33;  ブースター : %s
ai/023.bin;0xE564;B8 BC F2 37;伏魔忍鬼 カガミジシ
ai/023.bin;0xE564;6E 42 D6 38;AI(%d) : アタック情報
ai/023.bin;0xE564;B3 AD 45 3A;ブラスター
ai/023.bin;0xE564;03 D4 54 45; ヒットされない
ai/023.bin;0xE564;2D 3A A7 45;AI(%d) : ガードステップ情報
ai/023.bin;0xE564;2C A5 7B 4D;枚選択する必要があるが、
ai/023.bin;0xE564;9F A5 E0 4F;ＣＥＯ アマテラス
ai/023.bin;0xE564;3A D0 5B 51;メッチャバトラー ビクトール
ai/023.bin;0xE564;A6 11 33 52;暗黒竜 ファントム・ブラスター “Diablo”
ai/023.bin;0xE564;0B C4 30 55;アストロブレイク・ドラゴン
ai/023.bin;0xE564;3C E0 6F 55;ドラゴニック・オーバーロード
ai/023.bin;0xE564;DE C1 45 56;解放者
ai/023.bin;0xE564;F7 6D 78 57;スタンプ・ラッコ
ai/023.bin;0xE564;C5 AF 0D 60;真紅の伝承 メタトロン
ai/023.bin;0xE564;47 87 68 63;AI(%d) : 思考時間 %.3f秒 (行動カテゴリ:%d)
ai/023.bin;0xE564;55 C8 81 63;  完全ガード : %d/%d枚
ai/023.bin;0xE564;42 D7 DA 63;  ガーディアン候補
ai/023.bin;0xE564;0B 41 AE 69;創世竜 ジャッジメント・メサイア
ai/023.bin;0xE564;33 8E E7 69;Duo 理想の妹 メーア
ai/023.bin;0xE564;E8 83 60 6B;デアデビル・サムラーイ
ai/023.bin;0xE564;4B D4 AE 6B;  合計シールド : 
ai/023.bin;0xE564;DC 4C 2C 6E;立春の花乙姫 プリマヴェーラ
ai/023.bin;0xE564;11 E8 1D 70;神託の女王 ヒミコ
ai/023.bin;0xE564;E4 FB 3C 72;蒼嵐候補生 アノス
ai/023.bin;0xE564;29 EF C2 73;  対象(%d) : %s
ai/023.bin;0xE564;95 A3 E3 7F;輪転華 ダークチャクラム
ai/023.bin;0xE564;7C 3A 8B 81;解放者 バーニング・ブロー
ai/023.bin;0xE564;F7 5D DD 81;グラブハンド・ゴリラ
ai/023.bin;0xE564;DC D3 B9 83;ネオンメサイア
ai/023.bin;0xE564;DA 63 6D 85;次元ロボ ダイブレイブ
ai/023.bin;0xE564;46 DE 4B 88;ダークメタル・ドラゴン
ai/023.bin;0xE564;6A D5 6E 8A;カタナライザー
ai/023.bin;0xE564;A0 D8 63 8D;大宇宙勇機 グランギャロップ
ai/023.bin;0xE564;1F 10 24 8F;上
ai/023.bin;0xE564;6C E6 93 8F;真黒の賢者 カロン
ai/023.bin;0xE564;BB E2 E9 90;永劫不敗 アシュラ・カイザー
ai/023.bin;0xE564;E1 26 37 94;魔竜戦鬼 チャトゥラ
ai/023.bin;0xE564;6A 0F 95 94;  アタッカーのパワー : %d(%d)
ai/023.bin;0xE564;7F BB 35 95;覇天皇竜 ドラゴニック・オーバーロード “The Ace”
ai/023.bin;0xE564;0C DD 47 9B;バトルシスター ぱるふぇ
ai/023.bin;0xE564;1A 2D D2 9C;マイスガード フォーマルハウト
ai/023.bin;0xE564;9F 93 18 9E;落日の刀身 ダスクブレード
ai/023.bin;0xE564;69 08 3B A2;蒼波竜 テトラドライブ・ドラゴン
ai/023.bin;0xE564;F1 51 AA A2;スチームファイター バリフ
ai/023.bin;0xE564;A4 F3 D7 A7;  アタッカーのクリティカル : %d
ai/023.bin;0xE564;BD FD F6 A7;メチャバトラー ランボール
ai/023.bin;0xE564;9F 77 42 AC;フレアウィップ・ドラゴン
ai/023.bin;0xE564;41 1F 6A AD;オルターエゴ・メサイア
ai/023.bin;0xE564;39 6A 36 B5;超鋼闘機 ヘヴィデューク
ai/023.bin;0xE564;A9 AB DC B5;震脚のパルスモンク
ai/023.bin;0xE564;F7 48 21 B9;ドラゴンナイト ジャラール
ai/023.bin;0xE564;88 EF 6D BC;イニグマン・トルネード
ai/023.bin;0xE564;ED F8 CC BD;ファイナル・レンチ
ai/023.bin;0xE564;11 9F 48 BE;修羅忍竜 ダラニコンゴウ
ai/023.bin;0xE564;CF AA 4F C1;煉獄竜 ドラゴニック・ネオフレイム
ai/023.bin;0xE564;7C 17 CE C1;ラナンキュラスの花乙女 アーシャ
ai/023.bin;0xE564;4A FF A6 C4;アローザル・メサイア
ai/023.bin;0xE564;A8 83 96 C6;ライトスピード・チーター
ai/023.bin;0xE564;15 6E A2 C8;ウィステリアナイト
ai/023.bin;0xE564;AB 51 A7 CB;AI(%d) : レシピ (フラグ:%08x)
ai/023.bin;0xE564;43 E8 97 CD;虚数領域のホロウゲイザー
ai/023.bin;0xE564;45 36 10 D1;プロトサン・ドラコキッド
ai/023.bin;0xE564;D7 DA C1 D6;AI(%d) : 思考開始 (行動カテゴリ:%d)
ai/023.bin;0xE564;7C 46 0A D9;忍竜 ドレッドマスター
ai/023.bin;0xE564;6B 1D DB DC;マシニング・モスキート mkⅡ
ai/023.bin;0xE564;82 E8 24 E0;仮想現実のレディキーパー
ai/023.bin;0xE564;69 E8 61 E1;オーバーロード
ai/023.bin;0xE564;7D 1F 65 E6;獣神 ナイトジャッカル
ai/023.bin;0xE564;57 CD 2E E8;    
ai/023.bin;0xE564;CC 1A C6 E8;AI未設定 : attrib = %s
ai/023.bin;0xE564;39 17 8B F0;星空の解放者 ギネヴィア
ai/023.bin;0xE564;4B 16 BE F0;鋭気の騎士 エクター
ai/023.bin;0xE564;BF 43 2B F1;  アタッカー : %s
ai/023.bin;0xE564;27 25 50 F1;ベアダウン・サムラーイ
ai/023.bin;0xE564;3E D4 50 F2;鍵を砕く者 リドルバイター
ai/023.bin;0xE564;FC B0 EB F6;清めの神器 ピュア・エンジェル
ai/023.bin;0xE564;89 20 23 F8;下
ai/023.bin;0xE564;DD 4C B3 F8;ターン開始 AI(%d)
ai/023.bin;0xE564;0A 1C 28 FE;スプレイ・バーディ
ai/024.bin;0xE6BE;DC A5 CF 01;  クインテットウォール : %d/%d枚
ai/024.bin;0xE6BE;51 5B 2F 06;ヘキサゴナル・メイガス
ai/024.bin;0xE6BE;DD 9F CC 07;蒼嵐竜 メイルストローム
ai/024.bin;0xE6BE;8D 9F AA 08;  シールドの要求値 : 
ai/024.bin;0xE6BE;99 38 0E 09;エメラルドウィッチ ララ
ai/024.bin;0xE6BE;76 AE E0 09;ドラゴニック・オーバーロード “The Яe-birth”
ai/024.bin;0xE6BE;02 DC 8B 0D;モーント・ブラウクリューガー
ai/024.bin;0xE6BE;B1 2D 5D 0E;  対象のパワー : %d(%d)%s
ai/024.bin;0xE6BE;24 A1 3B 11;ライジング・ライオネット
ai/024.bin;0xE6BE;CA 98 65 11;神界獣 フェンリル
ai/024.bin;0xE6BE;2F 96 22 12;ダンシング・ウルフ
ai/024.bin;0xE6BE;50 4D AC 12;神凪 シナツヒコ
ai/024.bin;0xE6BE;2F CE 1C 13;花占いの女神 サクヤ
ai/024.bin;0xE6BE;9F 3C 4E 15; + %d
ai/024.bin;0xE6BE;A4 3B 6B 17;メテオブレイク・ウィザード
ai/024.bin;0xE6BE;26 7B 30 1A;ネコ執事
ai/024.bin;0xE6BE;8D 20 89 1A;AI未設定 : %s %d
ai/024.bin;0xE6BE;49 58 50 21;次元ロボ ダイジェット
ai/024.bin;0xE6BE;8E BC BB 21;  シールドの目標値 : 
ai/024.bin;0xE6BE;50 41 74 23;希望の子 トゥルエル
ai/024.bin;0xE6BE;C2 70 95 24;バトルシスター ちゃい
ai/024.bin;0xE6BE;39 5F 97 27;新鋭の騎士 ダヴィド
ai/024.bin;0xE6BE;BE 51 F9 27;餓竜 バトルレックス
ai/024.bin;0xE6BE;F7 2E E0 29;～%d
ai/024.bin;0xE6BE;A6 8F 2A 2A;喧嘩屋 ファイティング・ドラコキッド
ai/024.bin;0xE6BE;44 62 0C 2D;無音の射手 コンダクタンス
ai/024.bin;0xE6BE;04 FC 42 2D;Ｅ・アラーマー
ai/024.bin;0xE6BE;14 30 63 2D;!!!! AI ERROR !!!!\n  
ai/024.bin;0xE6BE;9D D8 DB 30;オラクルガーディアン シーサー
ai/024.bin;0xE6BE;EE 81 9E 32;豪腕拿捕の巨人兵
ai/024.bin;0xE6BE;C5 4D EE 32;ブラスター・ダーク “Diablo”
ai/024.bin;0xE6BE;F1 28 16 33;枚しか選んでいない
ai/024.bin;0xE6BE;BC 1F 35 33;  ブースター : %s
ai/024.bin;0xE6BE;B8 BC F2 37;伏魔忍鬼 カガミジシ
ai/024.bin;0xE6BE;6E 42 D6 38;AI(%d) : アタック情報
ai/024.bin;0xE6BE;7B 8B 02 39;オラクルガーディアン ニケ
ai/024.bin;0xE6BE;B3 AD 45 3A;ブラスター
ai/024.bin;0xE6BE;03 D4 54 45; ヒットされない
ai/024.bin;0xE6BE;2D 3A A7 45;AI(%d) : ガードステップ情報
ai/024.bin;0xE6BE;1A EF 70 4C;神宮衛士 ハヒキ
ai/024.bin;0xE6BE;2C A5 7B 4D;枚選択する必要があるが、
ai/024.bin;0xE6BE;9F A5 E0 4F;ＣＥＯ アマテラス
ai/024.bin;0xE6BE;3A D0 5B 51;メッチャバトラー ビクトール
ai/024.bin;0xE6BE;A6 11 33 52;暗黒竜 ファントム・ブラスター “Diablo”
ai/024.bin;0xE6BE;28 FF 89 54;天翔ける瑞獣 麒麟
ai/024.bin;0xE6BE;3C E0 6F 55;ドラゴニック・オーバーロード
ai/024.bin;0xE6BE;DE C1 45 56;解放者
ai/024.bin;0xE6BE;C9 4A 68 57;バトルシスター しょこら
ai/024.bin;0xE6BE;F7 6D 78 57;スタンプ・ラッコ
ai/024.bin;0xE6BE;6B 5E 01 5E;ドリーム・イーター
ai/024.bin;0xE6BE;C5 AF 0D 60;真紅の伝承 メタトロン
ai/024.bin;0xE6BE;47 87 68 63;AI(%d) : 思考時間 %.3f秒 (行動カテゴリ:%d)
ai/024.bin;0xE6BE;55 C8 81 63;  完全ガード : %d/%d枚
ai/024.bin;0xE6BE;42 D7 DA 63;  ガーディアン候補
ai/024.bin;0xE6BE;93 11 EA 68;ブルースケイル・ディアー
ai/024.bin;0xE6BE;33 8E E7 69;Duo 理想の妹 メーア
ai/024.bin;0xE6BE;E8 83 60 6B;デアデビル・サムラーイ
ai/024.bin;0xE6BE;4B D4 AE 6B;  合計シールド : 
ai/024.bin;0xE6BE;DC 4C 2C 6E;立春の花乙姫 プリマヴェーラ
ai/024.bin;0xE6BE;11 E8 1D 70;神託の女王 ヒミコ
ai/024.bin;0xE6BE;E4 FB 3C 72;蒼嵐候補生 アノス
ai/024.bin;0xE6BE;29 EF C2 73;  対象(%d) : %s
ai/024.bin;0xE6BE;7C 3A 8B 81;解放者 バーニング・ブロー
ai/024.bin;0xE6BE;DA 63 6D 85;次元ロボ ダイブレイブ
ai/024.bin;0xE6BE;46 DE 4B 88;ダークメタル・ドラゴン
ai/024.bin;0xE6BE;6A D5 6E 8A;カタナライザー
ai/024.bin;0xE6BE;D1 DD 00 8D;ダーク・キャット
ai/024.bin;0xE6BE;A0 D8 63 8D;大宇宙勇機 グランギャロップ
ai/024.bin;0xE6BE;1F 10 24 8F;上
ai/024.bin;0xE6BE;6C E6 93 8F;真黒の賢者 カロン
ai/024.bin;0xE6BE;BB E2 E9 90;永劫不敗 アシュラ・カイザー
ai/024.bin;0xE6BE;E1 26 37 94;魔竜戦鬼 チャトゥラ
ai/024.bin;0xE6BE;6A 0F 95 94;  アタッカーのパワー : %d(%d)
ai/024.bin;0xE6BE;7F BB 35 95;覇天皇竜 ドラゴニック・オーバーロード “The Ace”
ai/024.bin;0xE6BE;CA 1B 69 97;神凪 クエビコ
ai/024.bin;0xE6BE;0C DD 47 9B;バトルシスター ぱるふぇ
ai/024.bin;0xE6BE;1A 2D D2 9C;マイスガード フォーマルハウト
ai/024.bin;0xE6BE;69 08 3B A2;蒼波竜 テトラドライブ・ドラゴン
ai/024.bin;0xE6BE;F1 51 AA A2;スチームファイター バリフ
ai/024.bin;0xE6BE;A4 F3 D7 A7;  アタッカーのクリティカル : %d
ai/024.bin;0xE6BE;BD FD F6 A7;メチャバトラー ランボール
ai/024.bin;0xE6BE;F2 C6 98 A8;神宮衛士 アスハ
ai/024.bin;0xE6BE;37 A8 35 AC;ペタル・フェアリー
ai/024.bin;0xE6BE;9F 77 42 AC;フレアウィップ・ドラゴン
ai/024.bin;0xE6BE;D7 7E 17 B2;バトルシスター みるふぃーゆ
ai/024.bin;0xE6BE;39 6A 36 B5;超鋼闘機 ヘヴィデューク
ai/024.bin;0xE6BE;66 B0 DA B6;タンクマン・モード・ビームキャノン
ai/024.bin;0xE6BE;F7 48 21 B9;ドラゴンナイト ジャラール
ai/024.bin;0xE6BE;88 EF 6D BC;イニグマン・トルネード
ai/024.bin;0xE6BE;7F 60 32 BD;お天気お姉さん らむね
ai/024.bin;0xE6BE;ED F8 CC BD;ファイナル・レンチ
ai/024.bin;0xE6BE;11 9F 48 BE;修羅忍竜 ダラニコンゴウ
ai/024.bin;0xE6BE;CF AA 4F C1;煉獄竜 ドラゴニック・ネオフレイム
ai/024.bin;0xE6BE;7C 17 CE C1;ラナンキュラスの花乙女 アーシャ
ai/024.bin;0xE6BE;C7 A8 83 C6;サイキック・バード
ai/024.bin;0xE6BE;15 6E A2 C8;ウィステリアナイト
ai/024.bin;0xE6BE;AB 51 A7 CB;AI(%d) : レシピ (フラグ:%08x)
ai/024.bin;0xE6BE;D8 71 CC CE;ラック・バード
ai/024.bin;0xE6BE;D7 DA C1 D6;AI(%d) : 思考開始 (行動カテゴリ:%d)
ai/024.bin;0xE6BE;7C 46 0A D9;忍竜 ドレッドマスター
ai/024.bin;0xE6BE;6B 1D DB DC;マシニング・モスキート mkⅡ
ai/024.bin;0xE6BE;71 0B B9 E0;セキュリティ・ガーディアン
ai/024.bin;0xE6BE;69 E8 61 E1;オーバーロード
ai/024.bin;0xE6BE;7D 1F 65 E6;獣神 ナイトジャッカル
ai/024.bin;0xE6BE;57 CD 2E E8;    
ai/024.bin;0xE6BE;CC 1A C6 E8;AI未設定 : attrib = %s
ai/024.bin;0xE6BE;39 17 8B F0;星空の解放者 ギネヴィア
ai/024.bin;0xE6BE;4B 16 BE F0;鋭気の騎士 エクター
ai/024.bin;0xE6BE;BF 43 2B F1;  アタッカー : %s
ai/024.bin;0xE6BE;27 25 50 F1;ベアダウン・サムラーイ
ai/024.bin;0xE6BE;1B 60 84 F5;メイデン・オブ・ライブラ
ai/024.bin;0xE6BE;FC B0 EB F6;清めの神器 ピュア・エンジェル
ai/024.bin;0xE6BE;89 20 23 F8;下
ai/024.bin;0xE6BE;DD 4C B3 F8;ターン開始 AI(%d)
ai/024.bin;0xE6BE;11 31 6F FA;お天気お姉さん みるく
ai/024.bin;0xE6BE;0F 05 95 FF;神宮衛士 ツナガイ
ai/025.bin;0xE567;73 A0 9D 00;治癒の守護天使 ラムエル
ai/025.bin;0xE567;DC A5 CF 01;  クインテットウォール : %d/%d枚
ai/025.bin;0xE567;51 5B 2F 06;ヘキサゴナル・メイガス
ai/025.bin;0xE567;DD 9F CC 07;蒼嵐竜 メイルストローム
ai/025.bin;0xE567;8D 9F AA 08;  シールドの要求値 : 
ai/025.bin;0xE567;76 AE E0 09;ドラゴニック・オーバーロード “The Яe-birth”
ai/025.bin;0xE567;E9 24 44 0A;撃ち砕く者 バルビエル
ai/025.bin;0xE567;02 DC 8B 0D;モーント・ブラウクリューガー
ai/025.bin;0xE567;B1 2D 5D 0E;  対象のパワー : %d(%d)%s
ai/025.bin;0xE567;24 A1 3B 11;ライジング・ライオネット
ai/025.bin;0xE567;CA 98 65 11;神界獣 フェンリル
ai/025.bin;0xE567;2F 96 22 12;ダンシング・ウルフ
ai/025.bin;0xE567;2F CE 1C 13;花占いの女神 サクヤ
ai/025.bin;0xE567;9F 3C 4E 15; + %d
ai/025.bin;0xE567;59 65 F7 17;光の弾幕 ベスネル
ai/025.bin;0xE567;B5 0F B1 19;黒衣の裁断 ハールート
ai/025.bin;0xE567;26 7B 30 1A;ネコ執事
ai/025.bin;0xE567;8D 20 89 1A;AI未設定 : %s %d
ai/025.bin;0xE567;49 58 50 21;次元ロボ ダイジェット
ai/025.bin;0xE567;8E BC BB 21;  シールドの目標値 : 
ai/025.bin;0xE567;50 41 74 23;希望の子 トゥルエル
ai/025.bin;0xE567;39 5F 97 27;新鋭の騎士 ダヴィド
ai/025.bin;0xE567;BE 51 F9 27;餓竜 バトルレックス
ai/025.bin;0xE567;F7 2E E0 29;～%d
ai/025.bin;0xE567;A6 8F 2A 2A;喧嘩屋 ファイティング・ドラコキッド
ai/025.bin;0xE567;44 62 0C 2D;無音の射手 コンダクタンス
ai/025.bin;0xE567;14 30 63 2D;!!!! AI ERROR !!!!\n  
ai/025.bin;0xE567;A4 54 56 30;ナースキャップ・ダルメシアン
ai/025.bin;0xE567;EE 81 9E 32;豪腕拿捕の巨人兵
ai/025.bin;0xE567;C5 4D EE 32;ブラスター・ダーク “Diablo”
ai/025.bin;0xE567;F1 28 16 33;枚しか選んでいない
ai/025.bin;0xE567;BC 1F 35 33;  ブースター : %s
ai/025.bin;0xE567;B8 BC F2 37;伏魔忍鬼 カガミジシ
ai/025.bin;0xE567;6E 42 D6 38;AI(%d) : アタック情報
ai/025.bin;0xE567;B3 AD 45 3A;ブラスター
ai/025.bin;0xE567;03 D4 54 45; ヒットされない
ai/025.bin;0xE567;2D 3A A7 45;AI(%d) : ガードステップ情報
ai/025.bin;0xE567;2C A5 7B 4D;枚選択する必要があるが、
ai/025.bin;0xE567;9F A5 E0 4F;ＣＥＯ アマテラス
ai/025.bin;0xE567;3A D0 5B 51;メッチャバトラー ビクトール
ai/025.bin;0xE567;A6 11 33 52;暗黒竜 ファントム・ブラスター “Diablo”
ai/025.bin;0xE567;3C E0 6F 55;ドラゴニック・オーバーロード
ai/025.bin;0xE567;DE C1 45 56;解放者
ai/025.bin;0xE567;F7 6D 78 57;スタンプ・ラッコ
ai/025.bin;0xE567;C5 AF 0D 60;真紅の伝承 メタトロン
ai/025.bin;0xE567;47 87 68 63;AI(%d) : 思考時間 %.3f秒 (行動カテゴリ:%d)
ai/025.bin;0xE567;55 C8 81 63;  完全ガード : %d/%d枚
ai/025.bin;0xE567;42 D7 DA 63;  ガーディアン候補
ai/025.bin;0xE567;8F BB 63 64;クラッチライフル・エンジェル
ai/025.bin;0xE567;33 8E E7 69;Duo 理想の妹 メーア
ai/025.bin;0xE567;E8 83 60 6B;デアデビル・サムラーイ
ai/025.bin;0xE567;4B D4 AE 6B;  合計シールド : 
ai/025.bin;0xE567;DC 4C 2C 6E;立春の花乙姫 プリマヴェーラ
ai/025.bin;0xE567;38 24 95 6E;神聖結界 ペネム
ai/025.bin;0xE567;1C BA 63 6F;黒衣の燭光 アズライール
ai/025.bin;0xE567;11 E8 1D 70;神託の女王 ヒミコ
ai/025.bin;0xE567;E4 FB 3C 72;蒼嵐候補生 アノス
ai/025.bin;0xE567;29 EF C2 73;  対象(%d) : %s
ai/025.bin;0xE567;F1 6A D6 7C;幸せの鐘 ノキエル
ai/025.bin;0xE567;7C 3A 8B 81;解放者 バーニング・ブロー
ai/025.bin;0xE567;BC 3B 44 84;不死鳥 カラミティフレイム
ai/025.bin;0xE567;DA 63 6D 85;次元ロボ ダイブレイブ
ai/025.bin;0xE567;46 DE 4B 88;ダークメタル・ドラゴン
ai/025.bin;0xE567;C7 91 03 89;蹴撃の守護天使 サンダルフォン
ai/025.bin;0xE567;6A D5 6E 8A;カタナライザー
ai/025.bin;0xE567;A0 D8 63 8D;大宇宙勇機 グランギャロップ
ai/025.bin;0xE567;1F 10 24 8F;上
ai/025.bin;0xE567;6C E6 93 8F;真黒の賢者 カロン
ai/025.bin;0xE567;BB E2 E9 90;永劫不敗 アシュラ・カイザー
ai/025.bin;0xE567;60 79 A3 92;気付の守護天使 タミエル
ai/025.bin;0xE567;E1 26 37 94;魔竜戦鬼 チャトゥラ
ai/025.bin;0xE567;6A 0F 95 94;  アタッカーのパワー : %d(%d)
ai/025.bin;0xE567;7F BB 35 95;覇天皇竜 ドラゴニック・オーバーロード “The Ace”
ai/025.bin;0xE567;42 43 FE 9A;機動病棟 ヒーリングパレス
ai/025.bin;0xE567;0C DD 47 9B;バトルシスター ぱるふぇ
ai/025.bin;0xE567;1A 2D D2 9C;マイスガード フォーマルハウト
ai/025.bin;0xE567;69 08 3B A2;蒼波竜 テトラドライブ・ドラゴン
ai/025.bin;0xE567;F1 51 AA A2;スチームファイター バリフ
ai/025.bin;0xE567;C7 01 4B A3;ブーケトス・メッセンジャー
ai/025.bin;0xE567;A4 F3 D7 A7;  アタッカーのクリティカル : %d
ai/025.bin;0xE567;BD FD F6 A7;メチャバトラー ランボール
ai/025.bin;0xE567;9F 77 42 AC;フレアウィップ・ドラゴン
ai/025.bin;0xE567;39 6A 36 B5;超鋼闘機 ヘヴィデューク
ai/025.bin;0xE567;F0 BC EF B8;ランペイジカート・エンジェル
ai/025.bin;0xE567;F7 48 21 B9;ドラゴンナイト ジャラール
ai/025.bin;0xE567;88 EF 6D BC;イニグマン・トルネード
ai/025.bin;0xE567;ED F8 CC BD;ファイナル・レンチ
ai/025.bin;0xE567;11 9F 48 BE;修羅忍竜 ダラニコンゴウ
ai/025.bin;0xE567;CF AA 4F C1;煉獄竜 ドラゴニック・ネオフレイム
ai/025.bin;0xE567;7C 17 CE C1;ラナンキュラスの花乙女 アーシャ
ai/025.bin;0xE567;15 6E A2 C8;ウィステリアナイト
ai/025.bin;0xE567;AB 51 A7 CB;AI(%d) : レシピ (フラグ:%08x)
ai/025.bin;0xE567;58 5D C4 CC;聖霊熾天使 ラジエル
ai/025.bin;0xE567;55 7C 0E D3;純潔の守り手 レクィエル
ai/025.bin;0xE567;D7 DA C1 D6;AI(%d) : 思考開始 (行動カテゴリ:%d)
ai/025.bin;0xE567;7C 46 0A D9;忍竜 ドレッドマスター
ai/025.bin;0xE567;6B 1D DB DC;マシニング・モスキート mkⅡ
ai/025.bin;0xE567;64 35 10 DD;ドクトロイド・プリマス
ai/025.bin;0xE567;69 E8 61 E1;オーバーロード
ai/025.bin;0xE567;7D 1F 65 E6;獣神 ナイトジャッカル
ai/025.bin;0xE567;57 CD 2E E8;    
ai/025.bin;0xE567;CC 1A C6 E8;AI未設定 : attrib = %s
ai/025.bin;0xE567;39 17 8B F0;星空の解放者 ギネヴィア
ai/025.bin;0xE567;4B 16 BE F0;鋭気の騎士 エクター
ai/025.bin;0xE567;BF 43 2B F1;  アタッカー : %s
ai/025.bin;0xE567;27 25 50 F1;ベアダウン・サムラーイ
ai/025.bin;0xE567;FC B0 EB F6;清めの神器 ピュア・エンジェル
ai/025.bin;0xE567;89 20 23 F8;下
ai/025.bin;0xE567;DD 4C B3 F8;ターン開始 AI(%d)
ai/025.bin;0xE567;50 82 4E FD;ナース・オブ・ブロークンハート
ai/026.bin;0x151D1;34 53 5F 00;湖の巫女 リアン
ai/026.bin;0x151D1;DC A5 CF 01;  クインテットウォール : %d/%d枚
ai/026.bin;0x151D1;51 5B 2F 06;ヘキサゴナル・メイガス
ai/026.bin;0x151D1;18 51 8C 06;深淵の海賊王 ブルーハート
ai/026.bin;0x151D1;DD 9F CC 07;蒼嵐竜 メイルストローム
ai/026.bin;0x151D1;8D 9F AA 08;  シールドの要求値 : 
ai/026.bin;0x151D1;99 38 0E 09;エメラルドウィッチ ララ
ai/026.bin;0x151D1;76 AE E0 09;ドラゴニック・オーバーロード “The Яe-birth”
ai/026.bin;0x151D1;02 DC 8B 0D;モーント・ブラウクリューガー
ai/026.bin;0x151D1;B1 2D 5D 0E;  対象のパワー : %d(%d)%s
ai/026.bin;0x151D1;24 A1 3B 11;ライジング・ライオネット
ai/026.bin;0x151D1;CA 98 65 11;神界獣 フェンリル
ai/026.bin;0x151D1;2F 96 22 12;ダンシング・ウルフ
ai/026.bin;0x151D1;2F CE 1C 13;花占いの女神 サクヤ
ai/026.bin;0x151D1;9F 3C 4E 15; + %d
ai/026.bin;0x151D1;24 7A 2C 18;希望の火 エルモ
ai/026.bin;0x151D1;26 7B 30 1A;ネコ執事
ai/026.bin;0x151D1;8D 20 89 1A;AI未設定 : %s %d
ai/026.bin;0x151D1;53 C3 3F 1B;戦場の歌姫 オルティア
ai/026.bin;0x151D1;95 31 10 1D;封竜 カルゼ
ai/026.bin;0x151D1;C0 17 EB 1D;マジェスティ・ロードブラスター
ai/026.bin;0x151D1;49 58 50 21;次元ロボ ダイジェット
ai/026.bin;0x151D1;8E BC BB 21;  シールドの目標値 : 
ai/026.bin;0x151D1;00 8C ED 21;みるびる
ai/026.bin;0x151D1;50 41 74 23;希望の子 トゥルエル
ai/026.bin;0x151D1;39 5F 97 27;新鋭の騎士 ダヴィド
ai/026.bin;0x151D1;BE 51 F9 27;餓竜 バトルレックス
ai/026.bin;0x151D1;F7 2E E0 29;～%d
ai/026.bin;0x151D1;A6 8F 2A 2A;喧嘩屋 ファイティング・ドラコキッド
ai/026.bin;0x151D1;44 62 0C 2D;無音の射手 コンダクタンス
ai/026.bin;0x151D1;14 30 63 2D;!!!! AI ERROR !!!!\n  
ai/026.bin;0x151D1;9D D8 DB 30;オラクルガーディアン シーサー
ai/026.bin;0x151D1;68 C9 B9 31;ドリーミング・ドラゴン
ai/026.bin;0x151D1;EE 81 9E 32;豪腕拿捕の巨人兵
ai/026.bin;0x151D1;C5 4D EE 32;ブラスター・ダーク “Diablo”
ai/026.bin;0x151D1;F1 28 16 33;枚しか選んでいない
ai/026.bin;0x151D1;BC 1F 35 33;  ブースター : %s
ai/026.bin;0x151D1;0F 84 8F 33;月光の魔女 ヴァハ
ai/026.bin;0x151D1;B8 BC F2 37;伏魔忍鬼 カガミジシ
ai/026.bin;0x151D1;6E 42 D6 38;AI(%d) : アタック情報
ai/026.bin;0x151D1;B3 AD 45 3A;ブラスター
ai/026.bin;0x151D1;5F 07 F5 3E;選択の魔女 エリウ
ai/026.bin;0x151D1;2B 9E 47 42;秘薬の魔女 アリアンロッド
ai/026.bin;0x151D1;03 D4 54 45; ヒットされない
ai/026.bin;0x151D1;2D 3A A7 45;AI(%d) : ガードステップ情報
ai/026.bin;0x151D1;2C A5 7B 4D;枚選択する必要があるが、
ai/026.bin;0x151D1;9F A5 E0 4F;ＣＥＯ アマテラス
ai/026.bin;0x151D1;3A D0 5B 51;メッチャバトラー ビクトール
ai/026.bin;0x151D1;A6 11 33 52;暗黒竜 ファントム・ブラスター “Diablo”
ai/026.bin;0x151D1;72 A4 48 52;マグナム・アサルト
ai/026.bin;0x151D1;A2 CA 0A 55;士官候補生 アンドレイ
ai/026.bin;0x151D1;3C E0 6F 55;ドラゴニック・オーバーロード
ai/026.bin;0x151D1;B6 EB DA 55;蒼嵐水将 デスピナ
ai/026.bin;0x151D1;DE C1 45 56;解放者
ai/026.bin;0x151D1;F7 6D 78 57;スタンプ・ラッコ
ai/026.bin;0x151D1;3C 63 E3 57;髑髏の魔女 ネヴァン
ai/026.bin;0x151D1;C5 AF 0D 60;真紅の伝承 メタトロン
ai/026.bin;0x151D1;75 87 53 62;変革の騎士 ラディナス
ai/026.bin;0x151D1;29 1A 85 62;メイデン・オブ・ドリーミングアロマ
ai/026.bin;0x151D1;47 87 68 63;AI(%d) : 思考時間 %.3f秒 (行動カテゴリ:%d)
ai/026.bin;0x151D1;55 C8 81 63;  完全ガード : %d/%d枚
ai/026.bin;0x151D1;42 D7 DA 63;  ガーディアン候補
ai/026.bin;0x151D1;93 11 EA 68;ブルースケイル・ディアー
ai/026.bin;0x151D1;33 8E E7 69;Duo 理想の妹 メーア
ai/026.bin;0x151D1;B0 4A D0 6A;カラミティタワー・ワイバーン
ai/026.bin;0x151D1;E8 83 60 6B;デアデビル・サムラーイ
ai/026.bin;0x151D1;4B D4 AE 6B;  合計シールド : 
ai/026.bin;0x151D1;DC 4C 2C 6E;立春の花乙姫 プリマヴェーラ
ai/026.bin;0x151D1;88 DD 98 6F;フォートレス・アンモナイト
ai/026.bin;0x151D1;11 E8 1D 70;神託の女王 ヒミコ
ai/026.bin;0x151D1;E4 FB 3C 72;蒼嵐候補生 アノス
ai/026.bin;0x151D1;BF 35 68 72;タイダル・アサルト
ai/026.bin;0x151D1;29 EF C2 73;  対象(%d) : %s
ai/026.bin;0x151D1;5A 1C 38 7C;宝石騎士 ぷりずみー
ai/026.bin;0x151D1;7C 3A 8B 81;解放者 バーニング・ブロー
ai/026.bin;0x151D1;E1 95 2F 85;聖棍の探索者 オクタウィウス
ai/026.bin;0x151D1;DA 63 6D 85;次元ロボ ダイブレイブ
ai/026.bin;0x151D1;46 DE 4B 88;ダークメタル・ドラゴン
ai/026.bin;0x151D1;6A D5 6E 8A;カタナライザー
ai/026.bin;0x151D1;D1 DD 00 8D;ダーク・キャット
ai/026.bin;0x151D1;A0 D8 63 8D;大宇宙勇機 グランギャロップ
ai/026.bin;0x151D1;1F 10 24 8F;上
ai/026.bin;0x151D1;6C E6 93 8F;真黒の賢者 カロン
ai/026.bin;0x151D1;5D 93 52 90;木漏れ日の貴婦人
ai/026.bin;0x151D1;BB E2 E9 90;永劫不敗 アシュラ・カイザー
ai/026.bin;0x151D1;E1 26 37 94;魔竜戦鬼 チャトゥラ
ai/026.bin;0x151D1;6A 0F 95 94;  アタッカーのパワー : %d(%d)
ai/026.bin;0x151D1;7F BB 35 95;覇天皇竜 ドラゴニック・オーバーロード “The Ace”
ai/026.bin;0x151D1;E1 3B 61 98;猛将 ザカリー
ai/026.bin;0x151D1;17 6F DB 98;ドラゴンモンク ゴジョー
ai/026.bin;0x151D1;0C DD 47 9B;バトルシスター ぱるふぇ
ai/026.bin;0x151D1;1A 2D D2 9C;マイスガード フォーマルハウト
ai/026.bin;0x151D1;CA 30 36 9F;指揮官 ゲイリー・ギャノン
ai/026.bin;0x151D1;69 08 3B A2;蒼波竜 テトラドライブ・ドラゴン
ai/026.bin;0x151D1;F1 51 AA A2;スチームファイター バリフ
ai/026.bin;0x151D1;A4 F3 D7 A7;  アタッカーのクリティカル : %d
ai/026.bin;0x151D1;BD FD F6 A7;メチャバトラー ランボール
ai/026.bin;0x151D1;43 39 46 AB;蒼嵐水将 スピロス
ai/026.bin;0x151D1;37 A8 35 AC;ペタル・フェアリー
ai/026.bin;0x151D1;9F 77 42 AC;フレアウィップ・ドラゴン
ai/026.bin;0x151D1;DC 8C AB AC;炎の吐息 キャリー
ai/026.bin;0x151D1;A3 70 B0 B3;撃退者 ブラッドマスター
ai/026.bin;0x151D1;39 6A 36 B5;超鋼闘機 ヘヴィデューク
ai/026.bin;0x151D1;F7 48 21 B9;ドラゴンナイト ジャラール
ai/026.bin;0x151D1;4D 11 72 B9;グラスビーズ・ドラゴン
ai/026.bin;0x151D1;88 EF 6D BC;イニグマン・トルネード
ai/026.bin;0x151D1;7F 60 32 BD;お天気お姉さん らむね
ai/026.bin;0x151D1;ED F8 CC BD;ファイナル・レンチ
ai/026.bin;0x151D1;11 9F 48 BE;修羅忍竜 ダラニコンゴウ
ai/026.bin;0x151D1;1D 17 4A BF;スターライト・ヘッジホッグ
ai/026.bin;0x151D1;CF AA 4F C1;煉獄竜 ドラゴニック・ネオフレイム
ai/026.bin;0x151D1;7C 17 CE C1;ラナンキュラスの花乙女 アーシャ
ai/026.bin;0x151D1;32 A7 9C C5;カップルダガー・セイラー
ai/026.bin;0x151D1;15 6E A2 C8;ウィステリアナイト
ai/026.bin;0x151D1;90 9C 38 CB;ドローイング・ドレッド
ai/026.bin;0x151D1;AB 51 A7 CB;AI(%d) : レシピ (フラグ:%08x)
ai/026.bin;0x151D1;D8 71 CC CE;ラック・バード
ai/026.bin;0x151D1;74 62 BC D2;フィールド・ドリラー
ai/026.bin;0x151D1;D7 DA C1 D6;AI(%d) : 思考開始 (行動カテゴリ:%d)
ai/026.bin;0x151D1;04 75 4F D7;蒼嵐兵 ラスカル・スイーパー
ai/026.bin;0x151D1;D3 27 A4 D7;ドラゴンナイト ネシャート
ai/026.bin;0x151D1;7C 46 0A D9;忍竜 ドレッドマスター
ai/026.bin;0x151D1;E2 CC 7C D9;エクスカルペイト・ザ・ブラスター
ai/026.bin;0x151D1;6B 1D DB DC;マシニング・モスキート mkⅡ
ai/026.bin;0x151D1;69 E8 61 E1;オーバーロード
ai/026.bin;0x151D1;7D 1F 65 E6;獣神 ナイトジャッカル
ai/026.bin;0x151D1;51 EB 60 E7;メイデン・オブ・レインボーウッド
ai/026.bin;0x151D1;57 CD 2E E8;    
ai/026.bin;0x151D1;19 BA 6C E8;時空竜 ミステリーフレア・ドラゴン
ai/026.bin;0x151D1;CC 1A C6 E8;AI未設定 : attrib = %s
ai/026.bin;0x151D1;DC 5C 61 E9;マシンガン・グロリア
ai/026.bin;0x151D1;83 A0 BD E9;ぐりんがる・探索者
ai/026.bin;0x151D1;39 17 8B F0;星空の解放者 ギネヴィア
ai/026.bin;0x151D1;4B 16 BE F0;鋭気の騎士 エクター
ai/026.bin;0x151D1;BF 43 2B F1;  アタッカー : %s
ai/026.bin;0x151D1;27 25 50 F1;ベアダウン・サムラーイ
ai/026.bin;0x151D1;FC BA BC F1;ドクドク・マッシュルーム
ai/026.bin;0x151D1;37 CA 90 F3;エッグ・ジャグラー
ai/026.bin;0x151D1;1B 60 84 F5;メイデン・オブ・ライブラ
ai/026.bin;0x151D1;FC B0 EB F6;清めの神器 ピュア・エンジェル
ai/026.bin;0x151D1;89 20 23 F8;下
ai/026.bin;0x151D1;DD 4C B3 F8;ターン開始 AI(%d)
ai/027.bin;0xE811;DC A5 CF 01;  クインテットウォール : %d/%d枚
ai/027.bin;0xE811;51 5B 2F 06;ヘキサゴナル・メイガス
ai/027.bin;0xE811;DD 9F CC 07;蒼嵐竜 メイルストローム
ai/027.bin;0xE811;8D 9F AA 08;  シールドの要求値 : 
ai/027.bin;0xE811;76 AE E0 09;ドラゴニック・オーバーロード “The Яe-birth”
ai/027.bin;0xE811;02 DC 8B 0D;モーント・ブラウクリューガー
ai/027.bin;0xE811;6B A2 AF 0D;封竜 アートピケ
ai/027.bin;0xE811;B1 2D 5D 0E;  対象のパワー : %d(%d)%s
ai/027.bin;0xE811;24 A1 3B 11;ライジング・ライオネット
ai/027.bin;0xE811;CA 98 65 11;神界獣 フェンリル
ai/027.bin;0xE811;8B 28 7B 11;ワイバーンストライク フリー
ai/027.bin;0xE811;2F 96 22 12;ダンシング・ウルフ
ai/027.bin;0xE811;2F CE 1C 13;花占いの女神 サクヤ
ai/027.bin;0xE811;9F 3C 4E 15; + %d
ai/027.bin;0xE811;24 7A 2C 18;希望の火 エルモ
ai/027.bin;0xE811;18 34 2F 19;ドラゴンナイト マフディ
ai/027.bin;0xE811;8A E5 A7 19;バーサーク・ドラゴン
ai/027.bin;0xE811;26 7B 30 1A;ネコ執事
ai/027.bin;0xE811;8D 20 89 1A;AI未設定 : %s %d
ai/027.bin;0xE811;95 31 10 1D;封竜 カルゼ
ai/027.bin;0xE811;49 58 50 21;次元ロボ ダイジェット
ai/027.bin;0xE811;8E BC BB 21;  シールドの目標値 : 
ai/027.bin;0xE811;50 41 74 23;希望の子 トゥルエル
ai/027.bin;0xE811;39 5F 97 27;新鋭の騎士 ダヴィド
ai/027.bin;0xE811;BE 51 F9 27;餓竜 バトルレックス
ai/027.bin;0xE811;F7 2E E0 29;～%d
ai/027.bin;0xE811;A6 8F 2A 2A;喧嘩屋 ファイティング・ドラコキッド
ai/027.bin;0xE811;44 62 0C 2D;無音の射手 コンダクタンス
ai/027.bin;0xE811;14 30 63 2D;!!!! AI ERROR !!!!\n  
ai/027.bin;0xE811;EE 81 9E 32;豪腕拿捕の巨人兵
ai/027.bin;0xE811;C5 4D EE 32;ブラスター・ダーク “Diablo”
ai/027.bin;0xE811;F1 28 16 33;枚しか選んでいない
ai/027.bin;0xE811;BC 1F 35 33;  ブースター : %s
ai/027.bin;0xE811;B8 BC F2 37;伏魔忍鬼 カガミジシ
ai/027.bin;0xE811;6E 42 D6 38;AI(%d) : アタック情報
ai/027.bin;0xE811;B3 AD 45 3A;ブラスター
ai/027.bin;0xE811;03 D4 54 45; ヒットされない
ai/027.bin;0xE811;2D 3A A7 45;AI(%d) : ガードステップ情報
ai/027.bin;0xE811;0E ED 77 4D;十字撃ち ガープ
ai/027.bin;0xE811;2C A5 7B 4D;枚選択する必要があるが、
ai/027.bin;0xE811;9F A5 E0 4F;ＣＥＯ アマテラス
ai/027.bin;0xE811;3A D0 5B 51;メッチャバトラー ビクトール
ai/027.bin;0xE811;92 E9 BA 51;ドラゴンナイト ジャバード
ai/027.bin;0xE811;A6 11 33 52;暗黒竜 ファントム・ブラスター “Diablo”
ai/027.bin;0xE811;04 D3 62 52;ドラゴンナイト モニーレフ
ai/027.bin;0xE811;3C E0 6F 55;ドラゴニック・オーバーロード
ai/027.bin;0xE811;DE C1 45 56;解放者
ai/027.bin;0xE811;F7 6D 78 57;スタンプ・ラッコ
ai/027.bin;0xE811;C5 AF 0D 60;真紅の伝承 メタトロン
ai/027.bin;0xE811;47 87 68 63;AI(%d) : 思考時間 %.3f秒 (行動カテゴリ:%d)
ai/027.bin;0xE811;55 C8 81 63;  完全ガード : %d/%d枚
ai/027.bin;0xE811;42 D7 DA 63;  ガーディアン候補
ai/027.bin;0xE811;BD 9A 4D 69;英気の炎 アエトニキ
ai/027.bin;0xE811;33 8E E7 69;Duo 理想の妹 メーア
ai/027.bin;0xE811;B0 4A D0 6A;カラミティタワー・ワイバーン
ai/027.bin;0xE811;E8 83 60 6B;デアデビル・サムラーイ
ai/027.bin;0xE811;4B D4 AE 6B;  合計シールド : 
ai/027.bin;0xE811;DC 4C 2C 6E;立春の花乙姫 プリマヴェーラ
ai/027.bin;0xE811;11 E8 1D 70;神託の女王 ヒミコ
ai/027.bin;0xE811;E4 FB 3C 72;蒼嵐候補生 アノス
ai/027.bin;0xE811;29 EF C2 73;  対象(%d) : %s
ai/027.bin;0xE811;7C 3A 8B 81;解放者 バーニング・ブロー
ai/027.bin;0xE811;DA 63 6D 85;次元ロボ ダイブレイブ
ai/027.bin;0xE811;46 DE 4B 88;ダークメタル・ドラゴン
ai/027.bin;0xE811;B7 04 F6 89;レッドジェム・カーバンクル
ai/027.bin;0xE811;6A D5 6E 8A;カタナライザー
ai/027.bin;0xE811;A0 D8 63 8D;大宇宙勇機 グランギャロップ
ai/027.bin;0xE811;87 FA 22 8F;ワイバーンキッド ラグラー
ai/027.bin;0xE811;1F 10 24 8F;上
ai/027.bin;0xE811;6C E6 93 8F;真黒の賢者 カロン
ai/027.bin;0xE811;BB E2 E9 90;永劫不敗 アシュラ・カイザー
ai/027.bin;0xE811;E1 26 37 94;魔竜戦鬼 チャトゥラ
ai/027.bin;0xE811;6A 0F 95 94;  アタッカーのパワー : %d(%d)
ai/027.bin;0xE811;7F BB 35 95;覇天皇竜 ドラゴニック・オーバーロード “The Ace”
ai/027.bin;0xE811;CC 6A 8B 98;神龍騎士 マフムード
ai/027.bin;0xE811;17 6F DB 98;ドラゴンモンク ゴジョー
ai/027.bin;0xE811;04 8F 22 99;ブルーレイ・ドラコキッド
ai/027.bin;0xE811;0C DD 47 9B;バトルシスター ぱるふぇ
ai/027.bin;0xE811;1A 2D D2 9C;マイスガード フォーマルハウト
ai/027.bin;0xE811;69 08 3B A2;蒼波竜 テトラドライブ・ドラゴン
ai/027.bin;0xE811;F1 51 AA A2;スチームファイター バリフ
ai/027.bin;0xE811;A4 F3 D7 A7;  アタッカーのクリティカル : %d
ai/027.bin;0xE811;BD FD F6 A7;メチャバトラー ランボール
ai/027.bin;0xE811;9F 77 42 AC;フレアウィップ・ドラゴン
ai/027.bin;0xE811;6F B5 F9 B1;ドラゴンダンサー テレーズ
ai/027.bin;0xE811;E8 2D 61 B3;鎧の化身 バー
ai/027.bin;0xE811;39 6A 36 B5;超鋼闘機 ヘヴィデューク
ai/027.bin;0xE811;F7 48 21 B9;ドラゴンナイト ジャラール
ai/027.bin;0xE811;88 EF 6D BC;イニグマン・トルネード
ai/027.bin;0xE811;1A 6F B1 BC;煉獄竜騎士 ジャミレフ
ai/027.bin;0xE811;ED F8 CC BD;ファイナル・レンチ
ai/027.bin;0xE811;11 9F 48 BE;修羅忍竜 ダラニコンゴウ
ai/027.bin;0xE811;CF AA 4F C1;煉獄竜 ドラゴニック・ネオフレイム
ai/027.bin;0xE811;7C 17 CE C1;ラナンキュラスの花乙女 アーシャ
ai/027.bin;0xE811;15 6E A2 C8;ウィステリアナイト
ai/027.bin;0xE811;AB 51 A7 CB;AI(%d) : レシピ (フラグ:%08x)
ai/027.bin;0xE811;6E A8 80 CE;ヒロイックサーガ・ドラゴン
ai/027.bin;0xE811;D7 DA C1 D6;AI(%d) : 思考開始 (行動カテゴリ:%d)
ai/027.bin;0xE811;91 E6 89 D7;ダブルペリッシュ・ドラゴン
ai/027.bin;0xE811;D3 27 A4 D7;ドラゴンナイト ネシャート
ai/027.bin;0xE811;7C 46 0A D9;忍竜 ドレッドマスター
ai/027.bin;0xE811;6B 1D DB DC;マシニング・モスキート mkⅡ
ai/027.bin;0xE811;D7 18 A9 DD;ワイバーンガード バリィ
ai/027.bin;0xE811;55 CC EF DD;ドラゴンナイト ベルガー
ai/027.bin;0xE811;69 E8 61 E1;オーバーロード
ai/027.bin;0xE811;7D 1F 65 E6;獣神 ナイトジャッカル
ai/027.bin;0xE811;57 CD 2E E8;    
ai/027.bin;0xE811;CC 1A C6 E8;AI未設定 : attrib = %s
ai/027.bin;0xE811;39 17 8B F0;星空の解放者 ギネヴィア
ai/027.bin;0xE811;4B 16 BE F0;鋭気の騎士 エクター
ai/027.bin;0xE811;BF 43 2B F1;  アタッカー : %s
ai/027.bin;0xE811;27 25 50 F1;ベアダウン・サムラーイ
ai/027.bin;0xE811;FC B0 EB F6;清めの神器 ピュア・エンジェル
ai/027.bin;0xE811;89 20 23 F8;下
ai/027.bin;0xE811;DD 4C B3 F8;ターン開始 AI(%d)
ai/028.bin;0xE5B7;DC A5 CF 01;  クインテットウォール : %d/%d枚
ai/028.bin;0xE5B7;51 5B 2F 06;ヘキサゴナル・メイガス
ai/028.bin;0xE5B7;DD 9F CC 07;蒼嵐竜 メイルストローム
ai/028.bin;0xE5B7;8D 9F AA 08;  シールドの要求値 : 
ai/028.bin;0xE5B7;76 AE E0 09;ドラゴニック・オーバーロード “The Яe-birth”
ai/028.bin;0xE5B7;02 DC 8B 0D;モーント・ブラウクリューガー
ai/028.bin;0xE5B7;B1 2D 5D 0E;  対象のパワー : %d(%d)%s
ai/028.bin;0xE5B7;24 A1 3B 11;ライジング・ライオネット
ai/028.bin;0xE5B7;CA 98 65 11;神界獣 フェンリル
ai/028.bin;0xE5B7;2F 96 22 12;ダンシング・ウルフ
ai/028.bin;0xE5B7;2F CE 1C 13;花占いの女神 サクヤ
ai/028.bin;0xE5B7;9F 3C 4E 15; + %d
ai/028.bin;0xE5B7;DA 5D 26 16;古代竜 イグアノゴーグ
ai/028.bin;0xE5B7;26 7B 30 1A;ネコ執事
ai/028.bin;0xE5B7;8D 20 89 1A;AI未設定 : %s %d
ai/028.bin;0xE5B7;02 97 DD 20;古代竜 カウディノイズ
ai/028.bin;0xE5B7;49 58 50 21;次元ロボ ダイジェット
ai/028.bin;0xE5B7;8E BC BB 21;  シールドの目標値 : 
ai/028.bin;0xE5B7;50 41 74 23;希望の子 トゥルエル
ai/028.bin;0xE5B7;39 5F 97 27;新鋭の騎士 ダヴィド
ai/028.bin;0xE5B7;BE 51 F9 27;餓竜 バトルレックス
ai/028.bin;0xE5B7;F7 2E E0 29;～%d
ai/028.bin;0xE5B7;A6 8F 2A 2A;喧嘩屋 ファイティング・ドラコキッド
ai/028.bin;0xE5B7;44 62 0C 2D;無音の射手 コンダクタンス
ai/028.bin;0xE5B7;14 30 63 2D;!!!! AI ERROR !!!!\n  
ai/028.bin;0xE5B7;EE 81 9E 32;豪腕拿捕の巨人兵
ai/028.bin;0xE5B7;C5 4D EE 32;ブラスター・ダーク “Diablo”
ai/028.bin;0xE5B7;F1 28 16 33;枚しか選んでいない
ai/028.bin;0xE5B7;BC 1F 35 33;  ブースター : %s
ai/028.bin;0xE5B7;B8 BC F2 37;伏魔忍鬼 カガミジシ
ai/028.bin;0xE5B7;6E 42 D6 38;AI(%d) : アタック情報
ai/028.bin;0xE5B7;B3 AD 45 3A;ブラスター
ai/028.bin;0xE5B7;B4 1A DF 43;古代竜 ガトリングアロ
ai/028.bin;0xE5B7;03 D4 54 45; ヒットされない
ai/028.bin;0xE5B7;2D 3A A7 45;AI(%d) : ガードステップ情報
ai/028.bin;0xE5B7;EC ED 62 4A;古代竜 マグマアーマー
ai/028.bin;0xE5B7;ED 57 00 4D;古代竜 オルニトヒーラー
ai/028.bin;0xE5B7;2C A5 7B 4D;枚選択する必要があるが、
ai/028.bin;0xE5B7;9F A5 E0 4F;ＣＥＯ アマテラス
ai/028.bin;0xE5B7;3A D0 5B 51;メッチャバトラー ビクトール
ai/028.bin;0xE5B7;A6 11 33 52;暗黒竜 ファントム・ブラスター “Diablo”
ai/028.bin;0xE5B7;3C E0 6F 55;ドラゴニック・オーバーロード
ai/028.bin;0xE5B7;DE C1 45 56;解放者
ai/028.bin;0xE5B7;F7 6D 78 57;スタンプ・ラッコ
ai/028.bin;0xE5B7;C5 AF 0D 60;真紅の伝承 メタトロン
ai/028.bin;0xE5B7;47 87 68 63;AI(%d) : 思考時間 %.3f秒 (行動カテゴリ:%d)
ai/028.bin;0xE5B7;55 C8 81 63;  完全ガード : %d/%d枚
ai/028.bin;0xE5B7;42 D7 DA 63;  ガーディアン候補
ai/028.bin;0xE5B7;03 43 4A 64;古代竜 ステゴバスター
ai/028.bin;0xE5B7;61 39 CD 65;古代竜 トライプラズマ
ai/028.bin;0xE5B7;53 89 75 69;古代竜 クレストランナー
ai/028.bin;0xE5B7;33 8E E7 69;Duo 理想の妹 メーア
ai/028.bin;0xE5B7;E8 83 60 6B;デアデビル・サムラーイ
ai/028.bin;0xE5B7;4B D4 AE 6B;  合計シールド : 
ai/028.bin;0xE5B7;DC 4C 2C 6E;立春の花乙姫 プリマヴェーラ
ai/028.bin;0xE5B7;88 DD 98 6F;フォートレス・アンモナイト
ai/028.bin;0xE5B7;11 E8 1D 70;神託の女王 ヒミコ
ai/028.bin;0xE5B7;E4 FB 3C 72;蒼嵐候補生 アノス
ai/028.bin;0xE5B7;29 EF C2 73;  対象(%d) : %s
ai/028.bin;0xE5B7;7C 3A 8B 81;解放者 バーニング・ブロー
ai/028.bin;0xE5B7;DA 63 6D 85;次元ロボ ダイブレイブ
ai/028.bin;0xE5B7;46 DE 4B 88;ダークメタル・ドラゴン
ai/028.bin;0xE5B7;6A D5 6E 8A;カタナライザー
ai/028.bin;0xE5B7;A0 D8 63 8D;大宇宙勇機 グランギャロップ
ai/028.bin;0xE5B7;1F 10 24 8F;上
ai/028.bin;0xE5B7;6C E6 93 8F;真黒の賢者 カロン
ai/028.bin;0xE5B7;BB E2 E9 90;永劫不敗 アシュラ・カイザー
ai/028.bin;0xE5B7;E1 26 37 94;魔竜戦鬼 チャトゥラ
ai/028.bin;0xE5B7;6A 0F 95 94;  アタッカーのパワー : %d(%d)
ai/028.bin;0xE5B7;7F BB 35 95;覇天皇竜 ドラゴニック・オーバーロード “The Ace”
ai/028.bin;0xE5B7;1A D0 BC 96;古代竜 ナイトアーマー
ai/028.bin;0xE5B7;0C DD 47 9B;バトルシスター ぱるふぇ
ai/028.bin;0xE5B7;1A 2D D2 9C;マイスガード フォーマルハウト
ai/028.bin;0xE5B7;05 DD 4A 9F;古代竜 パラスウォール
ai/028.bin;0xE5B7;69 08 3B A2;蒼波竜 テトラドライブ・ドラゴン
ai/028.bin;0xE5B7;F1 51 AA A2;スチームファイター バリフ
ai/028.bin;0xE5B7;A4 F3 D7 A7;  アタッカーのクリティカル : %d
ai/028.bin;0xE5B7;BD FD F6 A7;メチャバトラー ランボール
ai/028.bin;0xE5B7;9F 77 42 AC;フレアウィップ・ドラゴン
ai/028.bin;0xE5B7;39 6A 36 B5;超鋼闘機 ヘヴィデューク
ai/028.bin;0xE5B7;B6 B1 C8 B5;破壊暴君 アークレイダー
ai/028.bin;0xE5B7;03 D2 A5 B6;古代竜 ティラノクエイク
ai/028.bin;0xE5B7;F7 48 21 B9;ドラゴンナイト ジャラール
ai/028.bin;0xE5B7;88 EF 6D BC;イニグマン・トルネード
ai/028.bin;0xE5B7;ED F8 CC BD;ファイナル・レンチ
ai/028.bin;0xE5B7;11 9F 48 BE;修羅忍竜 ダラニコンゴウ
ai/028.bin;0xE5B7;CF AA 4F C1;煉獄竜 ドラゴニック・ネオフレイム
ai/028.bin;0xE5B7;7C 17 CE C1;ラナンキュラスの花乙女 アーシャ
ai/028.bin;0xE5B7;93 9A 39 C4;古代竜の炎術巫女
ai/028.bin;0xE5B7;15 6E A2 C8;ウィステリアナイト
ai/028.bin;0xE5B7;AB 51 A7 CB;AI(%d) : レシピ (フラグ:%08x)
ai/028.bin;0xE5B7;D7 DA C1 D6;AI(%d) : 思考開始 (行動カテゴリ:%d)
ai/028.bin;0xE5B7;7C 46 0A D9;忍竜 ドレッドマスター
ai/028.bin;0xE5B7;6B 1D DB DC;マシニング・モスキート mkⅡ
ai/028.bin;0xE5B7;69 E8 61 E1;オーバーロード
ai/028.bin;0xE5B7;23 AA 54 E3;古代竜 ビームアンキロ
ai/028.bin;0xE5B7;04 B3 EA E5;古代竜 ベビーザウルス
ai/028.bin;0xE5B7;7D 1F 65 E6;獣神 ナイトジャッカル
ai/028.bin;0xE5B7;57 CD 2E E8;    
ai/028.bin;0xE5B7;CC 1A C6 E8;AI未設定 : attrib = %s
ai/028.bin;0xE5B7;75 23 3C EE;古代竜の双斧戦士
ai/028.bin;0xE5B7;39 17 8B F0;星空の解放者 ギネヴィア
ai/028.bin;0xE5B7;4B 16 BE F0;鋭気の騎士 エクター
ai/028.bin;0xE5B7;BF 43 2B F1;  アタッカー : %s
ai/028.bin;0xE5B7;27 25 50 F1;ベアダウン・サムラーイ
ai/028.bin;0xE5B7;8B 79 6A F6;古代竜 カオティックバード
ai/028.bin;0xE5B7;FC B0 EB F6;清めの神器 ピュア・エンジェル
ai/028.bin;0xE5B7;89 20 23 F8;下
ai/028.bin;0xE5B7;7F 61 55 F8;古代竜 タイタノカーゴ
ai/028.bin;0xE5B7;DD 4C B3 F8;ターン開始 AI(%d)
ai/028.bin;0xE5B7;CE 00 D4 FA;古代竜 ティラノバイト
ai/029.bin;0xE517;DC A5 CF 01;  クインテットウォール : %d/%d枚
ai/029.bin;0xE517;51 5B 2F 06;ヘキサゴナル・メイガス
ai/029.bin;0xE517;DD 9F CC 07;蒼嵐竜 メイルストローム
ai/029.bin;0xE517;8D 9F AA 08;  シールドの要求値 : 
ai/029.bin;0xE517;76 AE E0 09;ドラゴニック・オーバーロード “The Яe-birth”
ai/029.bin;0xE517;60 F9 80 0A;修羅忍竜 マントラコンゴウ
ai/029.bin;0xE517;02 DC 8B 0D;モーント・ブラウクリューガー
ai/029.bin;0xE517;B1 2D 5D 0E;  対象のパワー : %d(%d)%s
ai/029.bin;0xE517;24 A1 3B 11;ライジング・ライオネット
ai/029.bin;0xE517;CA 98 65 11;神界獣 フェンリル
ai/029.bin;0xE517;2F 96 22 12;ダンシング・ウルフ
ai/029.bin;0xE517;2F CE 1C 13;花占いの女神 サクヤ
ai/029.bin;0xE517;9F 3C 4E 15; + %d
ai/029.bin;0xE517;26 7B 30 1A;ネコ執事
ai/029.bin;0xE517;CA 86 87 1A;忍妖 ザシキヒメ
ai/029.bin;0xE517;8D 20 89 1A;AI未設定 : %s %d
ai/029.bin;0xE517;49 58 50 21;次元ロボ ダイジェット
ai/029.bin;0xE517;8E BC BB 21;  シールドの目標値 : 
ai/029.bin;0xE517;50 41 74 23;希望の子 トゥルエル
ai/029.bin;0xE517;39 5F 97 27;新鋭の騎士 ダヴィド
ai/029.bin;0xE517;BE 51 F9 27;餓竜 バトルレックス
ai/029.bin;0xE517;F7 2E E0 29;～%d
ai/029.bin;0xE517;A6 8F 2A 2A;喧嘩屋 ファイティング・ドラコキッド
ai/029.bin;0xE517;44 62 0C 2D;無音の射手 コンダクタンス
ai/029.bin;0xE517;14 30 63 2D;!!!! AI ERROR !!!!\n  
ai/029.bin;0xE517;EE 81 9E 32;豪腕拿捕の巨人兵
ai/029.bin;0xE517;C5 4D EE 32;ブラスター・ダーク “Diablo”
ai/029.bin;0xE517;F1 28 16 33;枚しか選んでいない
ai/029.bin;0xE517;BC 1F 35 33;  ブースター : %s
ai/029.bin;0xE517;B8 BC F2 37;伏魔忍鬼 カガミジシ
ai/029.bin;0xE517;6E 42 D6 38;AI(%d) : アタック情報
ai/029.bin;0xE517;B3 AD 45 3A;ブラスター
ai/029.bin;0xE517;03 D4 54 45; ヒットされない
ai/029.bin;0xE517;2D 3A A7 45;AI(%d) : ガードステップ情報
ai/029.bin;0xE517;2C A5 7B 4D;枚選択する必要があるが、
ai/029.bin;0xE517;9F A5 E0 4F;ＣＥＯ アマテラス
ai/029.bin;0xE517;3A D0 5B 51;メッチャバトラー ビクトール
ai/029.bin;0xE517;DA 39 74 51;忍竜 クロガネ
ai/029.bin;0xE517;A6 11 33 52;暗黒竜 ファントム・ブラスター “Diablo”
ai/029.bin;0xE517;B2 01 C1 52;忍竜 ボイドマスター
ai/029.bin;0xE517;3C E0 6F 55;ドラゴニック・オーバーロード
ai/029.bin;0xE517;DE C1 45 56;解放者
ai/029.bin;0xE517;F7 6D 78 57;スタンプ・ラッコ
ai/029.bin;0xE517;C5 AF 0D 60;真紅の伝承 メタトロン
ai/029.bin;0xE517;47 87 68 63;AI(%d) : 思考時間 %.3f秒 (行動カテゴリ:%d)
ai/029.bin;0xE517;55 C8 81 63;  完全ガード : %d/%d枚
ai/029.bin;0xE517;42 D7 DA 63;  ガーディアン候補
ai/029.bin;0xE517;98 12 B0 68;忍獣 チガスミ
ai/029.bin;0xE517;33 8E E7 69;Duo 理想の妹 メーア
ai/029.bin;0xE517;E8 83 60 6B;デアデビル・サムラーイ
ai/029.bin;0xE517;4B D4 AE 6B;  合計シールド : 
ai/029.bin;0xE517;DC 4C 2C 6E;立春の花乙姫 プリマヴェーラ
ai/029.bin;0xE517;11 E8 1D 70;神託の女王 ヒミコ
ai/029.bin;0xE517;E4 FB 3C 72;蒼嵐候補生 アノス
ai/029.bin;0xE517;29 EF C2 73;  対象(%d) : %s
ai/029.bin;0xE517;7C 3A 8B 81;解放者 バーニング・ブロー
ai/029.bin;0xE517;DA 63 6D 85;次元ロボ ダイブレイブ
ai/029.bin;0xE517;46 DE 4B 88;ダークメタル・ドラゴン
ai/029.bin;0xE517;6A D5 6E 8A;カタナライザー
ai/029.bin;0xE517;F5 79 93 8A;六道忍竜 ゲダツラカン
ai/029.bin;0xE517;A0 D8 63 8D;大宇宙勇機 グランギャロップ
ai/029.bin;0xE517;1F 10 24 8F;上
ai/029.bin;0xE517;6C E6 93 8F;真黒の賢者 カロン
ai/029.bin;0xE517;BB E2 E9 90;永劫不敗 アシュラ・カイザー
ai/029.bin;0xE517;E1 26 37 94;魔竜戦鬼 チャトゥラ
ai/029.bin;0xE517;6A 0F 95 94;  アタッカーのパワー : %d(%d)
ai/029.bin;0xE517;7F BB 35 95;覇天皇竜 ドラゴニック・オーバーロード “The Ace”
ai/029.bin;0xE517;5C DB 65 96;月下の忍鬼 サクラフブキ
ai/029.bin;0xE517;0C DD 47 9B;バトルシスター ぱるふぇ
ai/029.bin;0xE517;1A 2D D2 9C;マイスガード フォーマルハウト
ai/029.bin;0xE517;69 08 3B A2;蒼波竜 テトラドライブ・ドラゴン
ai/029.bin;0xE517;F1 51 AA A2;スチームファイター バリフ
ai/029.bin;0xE517;A4 F3 D7 A7;  アタッカーのクリティカル : %d
ai/029.bin;0xE517;BD FD F6 A7;メチャバトラー ランボール
ai/029.bin;0xE517;D0 B9 A1 AB;忍獣 ミジンガクレ
ai/029.bin;0xE517;9F 77 42 AC;フレアウィップ・ドラゴン
ai/029.bin;0xE517;6E 6A 6F AD;宴の忍鬼 シュテンマル
ai/029.bin;0xE517;76 08 F0 B3;忍妖 オオツヅラ
ai/029.bin;0xE517;39 6A 36 B5;超鋼闘機 ヘヴィデューク
ai/029.bin;0xE517;83 26 AA B5;千本太刀の忍鬼 オボロザクラ
ai/029.bin;0xE517;F7 48 21 B9;ドラゴンナイト ジャラール
ai/029.bin;0xE517;88 EF 6D BC;イニグマン・トルネード
ai/029.bin;0xE517;ED F8 CC BD;ファイナル・レンチ
ai/029.bin;0xE517;11 9F 48 BE;修羅忍竜 ダラニコンゴウ
ai/029.bin;0xE517;CF AA 4F C1;煉獄竜 ドラゴニック・ネオフレイム
ai/029.bin;0xE517;7C 17 CE C1;ラナンキュラスの花乙女 アーシャ
ai/029.bin;0xE517;15 6E A2 C8;ウィステリアナイト
ai/029.bin;0xE517;AB 51 A7 CB;AI(%d) : レシピ (フラグ:%08x)
ai/029.bin;0xE517;E7 A8 96 D6;嵐の忍鬼 フウキ
ai/029.bin;0xE517;D7 DA C1 D6;AI(%d) : 思考開始 (行動カテゴリ:%d)
ai/029.bin;0xE517;7C 46 0A D9;忍竜 ドレッドマスター
ai/029.bin;0xE517;6B 1D DB DC;マシニング・モスキート mkⅡ
ai/029.bin;0xE517;66 28 38 E1;忍妖 マシロモメン
ai/029.bin;0xE517;69 E8 61 E1;オーバーロード
ai/029.bin;0xE517;7D 1F 65 E6;獣神 ナイトジャッカル
ai/029.bin;0xE517;57 CD 2E E8;    
ai/029.bin;0xE517;CC 1A C6 E8;AI未設定 : attrib = %s
ai/029.bin;0xE517;39 17 8B F0;星空の解放者 ギネヴィア
ai/029.bin;0xE517;4B 16 BE F0;鋭気の騎士 エクター
ai/029.bin;0xE517;BF 43 2B F1;  アタッカー : %s
ai/029.bin;0xE517;27 25 50 F1;ベアダウン・サムラーイ
ai/029.bin;0xE517;FC B0 EB F6;清めの神器 ピュア・エンジェル
ai/029.bin;0xE517;89 20 23 F8;下
ai/029.bin;0xE517;55 83 37 F8;忍竜 コダチフブキ
ai/029.bin;0xE517;DD 4C B3 F8;ターン開始 AI(%d)
ai/030.bin;0xE562;DC A5 CF 01;  クインテットウォール : %d/%d枚
ai/030.bin;0xE562;51 5B 2F 06;ヘキサゴナル・メイガス
ai/030.bin;0xE562;DD 9F CC 07;蒼嵐竜 メイルストローム
ai/030.bin;0xE562;8D 9F AA 08;  シールドの要求値 : 
ai/030.bin;0xE562;76 AE E0 09;ドラゴニック・オーバーロード “The Яe-birth”
ai/030.bin;0xE562;EB 5F 4C 0D;天竺の忍鬼 トクベエ
ai/030.bin;0xE562;02 DC 8B 0D;モーント・ブラウクリューガー
ai/030.bin;0xE562;B1 2D 5D 0E;  対象のパワー : %d(%d)%s
ai/030.bin;0xE562;24 A1 3B 11;ライジング・ライオネット
ai/030.bin;0xE562;CA 98 65 11;神界獣 フェンリル
ai/030.bin;0xE562;2F 96 22 12;ダンシング・ウルフ
ai/030.bin;0xE562;2F CE 1C 13;花占いの女神 サクヤ
ai/030.bin;0xE562;9F 3C 4E 15; + %d
ai/030.bin;0xE562;7B 8A 90 16;忍妖 ユキヒメ
ai/030.bin;0xE562;26 7B 30 1A;ネコ執事
ai/030.bin;0xE562;8D 20 89 1A;AI未設定 : %s %d
ai/030.bin;0xE562;49 58 50 21;次元ロボ ダイジェット
ai/030.bin;0xE562;8E BC BB 21;  シールドの目標値 : 
ai/030.bin;0xE562;50 41 74 23;希望の子 トゥルエル
ai/030.bin;0xE562;39 5F 97 27;新鋭の騎士 ダヴィド
ai/030.bin;0xE562;BE 51 F9 27;餓竜 バトルレックス
ai/030.bin;0xE562;F7 2E E0 29;～%d
ai/030.bin;0xE562;A6 8F 2A 2A;喧嘩屋 ファイティング・ドラコキッド
ai/030.bin;0xE562;44 62 0C 2D;無音の射手 コンダクタンス
ai/030.bin;0xE562;14 30 63 2D;!!!! AI ERROR !!!!\n  
ai/030.bin;0xE562;EE 81 9E 32;豪腕拿捕の巨人兵
ai/030.bin;0xE562;C5 4D EE 32;ブラスター・ダーク “Diablo”
ai/030.bin;0xE562;F1 28 16 33;枚しか選んでいない
ai/030.bin;0xE562;BC 1F 35 33;  ブースター : %s
ai/030.bin;0xE562;B8 BC F2 37;伏魔忍鬼 カガミジシ
ai/030.bin;0xE562;6E 42 D6 38;AI(%d) : アタック情報
ai/030.bin;0xE562;B3 AD 45 3A;ブラスター
ai/030.bin;0xE562;A9 23 97 3D;口寄せの忍鬼 ジライヤ
ai/030.bin;0xE562;03 D4 54 45; ヒットされない
ai/030.bin;0xE562;2D 3A A7 45;AI(%d) : ガードステップ情報
ai/030.bin;0xE562;2C A5 7B 4D;枚選択する必要があるが、
ai/030.bin;0xE562;9F A5 E0 4F;ＣＥＯ アマテラス
ai/030.bin;0xE562;3A D0 5B 51;メッチャバトラー ビクトール
ai/030.bin;0xE562;A6 11 33 52;暗黒竜 ファントム・ブラスター “Diablo”
ai/030.bin;0xE562;3C E0 6F 55;ドラゴニック・オーバーロード
ai/030.bin;0xE562;DE C1 45 56;解放者
ai/030.bin;0xE562;F7 6D 78 57;スタンプ・ラッコ
ai/030.bin;0xE562;C5 AF 0D 60;真紅の伝承 メタトロン
ai/030.bin;0xE562;94 A4 17 61;忍獣 リーブスミラージュ
ai/030.bin;0xE562;47 87 68 63;AI(%d) : 思考時間 %.3f秒 (行動カテゴリ:%d)
ai/030.bin;0xE562;55 C8 81 63;  完全ガード : %d/%d枚
ai/030.bin;0xE562;42 D7 DA 63;  ガーディアン候補
ai/030.bin;0xE562;33 8E E7 69;Duo 理想の妹 メーア
ai/030.bin;0xE562;E8 83 60 6B;デアデビル・サムラーイ
ai/030.bin;0xE562;4B D4 AE 6B;  合計シールド : 
ai/030.bin;0xE562;DC 4C 2C 6E;立春の花乙姫 プリマヴェーラ
ai/030.bin;0xE562;11 E8 1D 70;神託の女王 ヒミコ
ai/030.bin;0xE562;E4 FB 3C 72;蒼嵐候補生 アノス
ai/030.bin;0xE562;29 EF C2 73;  対象(%d) : %s
ai/030.bin;0xE562;75 4E AD 7A;羽織の忍鬼 シャナオウ
ai/030.bin;0xE562;89 90 73 7E;伏魔忍妖 ウシミツトレイン
ai/030.bin;0xE562;7C 3A 8B 81;解放者 バーニング・ブロー
ai/030.bin;0xE562;DA 63 6D 85;次元ロボ ダイブレイブ
ai/030.bin;0xE562;20 C3 70 86;早矢士 FUSHIMI
ai/030.bin;0xE562;46 DE 4B 88;ダークメタル・ドラゴン
ai/030.bin;0xE562;6A D5 6E 8A;カタナライザー
ai/030.bin;0xE562;A0 D8 63 8D;大宇宙勇機 グランギャロップ
ai/030.bin;0xE562;1F 10 24 8F;上
ai/030.bin;0xE562;6C E6 93 8F;真黒の賢者 カロン
ai/030.bin;0xE562;BB E2 E9 90;永劫不敗 アシュラ・カイザー
ai/030.bin;0xE562;E1 26 37 94;魔竜戦鬼 チャトゥラ
ai/030.bin;0xE562;6A 0F 95 94;  アタッカーのパワー : %d(%d)
ai/030.bin;0xE562;7F BB 35 95;覇天皇竜 ドラゴニック・オーバーロード “The Ace”
ai/030.bin;0xE562;0C DD 47 9B;バトルシスター ぱるふぇ
ai/030.bin;0xE562;1A 2D D2 9C;マイスガード フォーマルハウト
ai/030.bin;0xE562;05 91 F9 9D;闇夜の忍鬼 クローグ
ai/030.bin;0xE562;69 08 3B A2;蒼波竜 テトラドライブ・ドラゴン
ai/030.bin;0xE562;F1 51 AA A2;スチームファイター バリフ
ai/030.bin;0xE562;A4 F3 D7 A7;  アタッカーのクリティカル : %d
ai/030.bin;0xE562;BD FD F6 A7;メチャバトラー ランボール
ai/030.bin;0xE562;F0 E8 EF A9;忍獣 ムーンエッジ
ai/030.bin;0xE562;9F 77 42 AC;フレアウィップ・ドラゴン
ai/030.bin;0xE562;74 BE F4 AF;忍獣 チャコールフォックス
ai/030.bin;0xE562;39 6A 36 B5;超鋼闘機 ヘヴィデューク
ai/030.bin;0xE562;F7 48 21 B9;ドラゴンナイト ジャラール
ai/030.bin;0xE562;88 EF 6D BC;イニグマン・トルネード
ai/030.bin;0xE562;D6 92 89 BD;看破の忍鬼 ヤスイエ
ai/030.bin;0xE562;ED F8 CC BD;ファイナル・レンチ
ai/030.bin;0xE562;11 9F 48 BE;修羅忍竜 ダラニコンゴウ
ai/030.bin;0xE562;CF AA 4F C1;煉獄竜 ドラゴニック・ネオフレイム
ai/030.bin;0xE562;7C 17 CE C1;ラナンキュラスの花乙女 アーシャ
ai/030.bin;0xE562;3A 72 59 C4;忍獣 ギガントード
ai/030.bin;0xE562;BE CB 6B C8;忍妖 オバケランタン
ai/030.bin;0xE562;15 6E A2 C8;ウィステリアナイト
ai/030.bin;0xE562;9D CC 84 C9;忍獣 デスリーダガー
ai/030.bin;0xE562;AB 51 A7 CB;AI(%d) : レシピ (フラグ:%08x)
ai/030.bin;0xE562;99 5E 5C CF;忍妖 ニュードークラウド
ai/030.bin;0xE562;44 C5 2D D3;静寂の忍鬼 シジママル
ai/030.bin;0xE562;D7 DA C1 D6;AI(%d) : 思考開始 (行動カテゴリ:%d)
ai/030.bin;0xE562;7C 46 0A D9;忍竜 ドレッドマスター
ai/030.bin;0xE562;6B 1D DB DC;マシニング・モスキート mkⅡ
ai/030.bin;0xE562;69 E8 61 E1;オーバーロード
ai/030.bin;0xE562;1B CC EF E4;忍獣 キャットデビル
ai/030.bin;0xE562;7D 1F 65 E6;獣神 ナイトジャッカル
ai/030.bin;0xE562;57 CD 2E E8;    
ai/030.bin;0xE562;CC 1A C6 E8;AI未設定 : attrib = %s
ai/030.bin;0xE562;39 17 8B F0;星空の解放者 ギネヴィア
ai/030.bin;0xE562;4B 16 BE F0;鋭気の騎士 エクター
ai/030.bin;0xE562;BF 43 2B F1;  アタッカー : %s
ai/030.bin;0xE562;27 25 50 F1;ベアダウン・サムラーイ
ai/030.bin;0xE562;FC B0 EB F6;清めの神器 ピュア・エンジェル
ai/030.bin;0xE562;89 20 23 F8;下
ai/030.bin;0xE562;50 52 4D F8;忍獣 ブラッディミスト
ai/030.bin;0xE562;DD 4C B3 F8;ターン開始 AI(%d)
ai/030.bin;0xE562;8F EF FD FA;鎖鎌の忍鬼 オニフンドウ
ai/031.bin;0xE806;DC A5 CF 01;  クインテットウォール : %d/%d枚
ai/031.bin;0xE806;5C 9A 60 05;メチャバトラー ガンゾック
ai/031.bin;0xE806;51 5B 2F 06;ヘキサゴナル・メイガス
ai/031.bin;0xE806;DD 9F CC 07;蒼嵐竜 メイルストローム
ai/031.bin;0xE806;8D 9F AA 08;  シールドの要求値 : 
ai/031.bin;0xE806;76 AE E0 09;ドラゴニック・オーバーロード “The Яe-birth”
ai/031.bin;0xE806;02 DC 8B 0D;モーント・ブラウクリューガー
ai/031.bin;0xE806;B1 2D 5D 0E;  対象のパワー : %d(%d)%s
ai/031.bin;0xE806;24 A1 3B 11;ライジング・ライオネット
ai/031.bin;0xE806;CA 98 65 11;神界獣 フェンリル
ai/031.bin;0xE806;2F 96 22 12;ダンシング・ウルフ
ai/031.bin;0xE806;0B 87 DA 12;サブリミナル・グレイ
ai/031.bin;0xE806;2F CE 1C 13;花占いの女神 サクヤ
ai/031.bin;0xE806;9F 3C 4E 15; + %d
ai/031.bin;0xE806;26 7B 30 1A;ネコ執事
ai/031.bin;0xE806;8D 20 89 1A;AI未設定 : %s %d
ai/031.bin;0xE806;49 58 50 21;次元ロボ ダイジェット
ai/031.bin;0xE806;8E BC BB 21;  シールドの目標値 : 
ai/031.bin;0xE806;50 41 74 23;希望の子 トゥルエル
ai/031.bin;0xE806;EB 18 03 26;デスメタル・ドロイド
ai/031.bin;0xE806;39 5F 97 27;新鋭の騎士 ダヴィド
ai/031.bin;0xE806;BE 51 F9 27;餓竜 バトルレックス
ai/031.bin;0xE806;F7 2E E0 29;～%d
ai/031.bin;0xE806;A6 8F 2A 2A;喧嘩屋 ファイティング・ドラコキッド
ai/031.bin;0xE806;44 62 0C 2D;無音の射手 コンダクタンス
ai/031.bin;0xE806;14 30 63 2D;!!!! AI ERROR !!!!\n  
ai/031.bin;0xE806;68 77 BD 30;ツイン・ブレーダー
ai/031.bin;0xE806;47 DC A3 31;ザ・ゴング
ai/031.bin;0xE806;EE 81 9E 32;豪腕拿捕の巨人兵
ai/031.bin;0xE806;C5 4D EE 32;ブラスター・ダーク “Diablo”
ai/031.bin;0xE806;F1 28 16 33;枚しか選んでいない
ai/031.bin;0xE806;BC 1F 35 33;  ブースター : %s
ai/031.bin;0xE806;B8 BC F2 37;伏魔忍鬼 カガミジシ
ai/031.bin;0xE806;BC 38 83 38;ＮＧＭプロトタイプ
ai/031.bin;0xE806;6E 42 D6 38;AI(%d) : アタック情報
ai/031.bin;0xE806;B3 AD 45 3A;ブラスター
ai/031.bin;0xE806;A5 2D A8 40;叫んで踊れる実況 シャウト
ai/031.bin;0xE806;03 D4 54 45; ヒットされない
ai/031.bin;0xE806;2D 3A A7 45;AI(%d) : ガードステップ情報
ai/031.bin;0xE806;2C A5 7B 4D;枚選択する必要があるが、
ai/031.bin;0xE806;9F A5 E0 4F;ＣＥＯ アマテラス
ai/031.bin;0xE806;3A D0 5B 51;メッチャバトラー ビクトール
ai/031.bin;0xE806;A6 11 33 52;暗黒竜 ファントム・ブラスター “Diablo”
ai/031.bin;0xE806;3C E0 6F 55;ドラゴニック・オーバーロード
ai/031.bin;0xE806;DE C1 45 56;解放者
ai/031.bin;0xE806;F7 6D 78 57;スタンプ・ラッコ
ai/031.bin;0xE806;C5 AF 0D 60;真紅の伝承 メタトロン
ai/031.bin;0xE806;47 87 68 63;AI(%d) : 思考時間 %.3f秒 (行動カテゴリ:%d)
ai/031.bin;0xE806;55 C8 81 63;  完全ガード : %d/%d枚
ai/031.bin;0xE806;42 D7 DA 63;  ガーディアン候補
ai/031.bin;0xE806;33 8E E7 69;Duo 理想の妹 メーア
ai/031.bin;0xE806;40 96 74 6A;シャイニング・レディ
ai/031.bin;0xE806;E8 83 60 6B;デアデビル・サムラーイ
ai/031.bin;0xE806;4B D4 AE 6B;  合計シールド : 
ai/031.bin;0xE806;DC 4C 2C 6E;立春の花乙姫 プリマヴェーラ
ai/031.bin;0xE806;11 E8 1D 70;神託の女王 ヒミコ
ai/031.bin;0xE806;E4 FB 3C 72;蒼嵐候補生 アノス
ai/031.bin;0xE806;29 EF C2 73;  対象(%d) : %s
ai/031.bin;0xE806;7C 3A 8B 81;解放者 バーニング・ブロー
ai/031.bin;0xE806;85 74 0A 84;マッスル・シュリーク
ai/031.bin;0xE806;DA 63 6D 85;次元ロボ ダイブレイブ
ai/031.bin;0xE806;29 1D 48 88;メッチャリーダー ム・サーシ
ai/031.bin;0xE806;46 DE 4B 88;ダークメタル・ドラゴン
ai/031.bin;0xE806;6A D5 6E 8A;カタナライザー
ai/031.bin;0xE806;A0 D8 63 8D;大宇宙勇機 グランギャロップ
ai/031.bin;0xE806;0B F0 F2 8E;メチャバトラー ザザンダー
ai/031.bin;0xE806;1F 10 24 8F;上
ai/031.bin;0xE806;6C E6 93 8F;真黒の賢者 カロン
ai/031.bin;0xE806;BB E2 E9 90;永劫不敗 アシュラ・カイザー
ai/031.bin;0xE806;E1 26 37 94;魔竜戦鬼 チャトゥラ
ai/031.bin;0xE806;6A 0F 95 94;  アタッカーのパワー : %d(%d)
ai/031.bin;0xE806;7F BB 35 95;覇天皇竜 ドラゴニック・オーバーロード “The Ace”
ai/031.bin;0xE806;0C DD 47 9B;バトルシスター ぱるふぇ
ai/031.bin;0xE806;1A 2D D2 9C;マイスガード フォーマルハウト
ai/031.bin;0xE806;69 08 3B A2;蒼波竜 テトラドライブ・ドラゴン
ai/031.bin;0xE806;F1 51 AA A2;スチームファイター バリフ
ai/031.bin;0xE806;A4 F3 D7 A7;  アタッカーのクリティカル : %d
ai/031.bin;0xE806;BD FD F6 A7;メチャバトラー ランボール
ai/031.bin;0xE806;9F 77 42 AC;フレアウィップ・ドラゴン
ai/031.bin;0xE806;63 2E 05 B5;ラウンドガール クララ
ai/031.bin;0xE806;39 6A 36 B5;超鋼闘機 ヘヴィデューク
ai/031.bin;0xE806;1D C0 67 B5;メチャバトラー ケンビーム
ai/031.bin;0xE806;F7 48 21 B9;ドラゴンナイト ジャラール
ai/031.bin;0xE806;88 EF 6D BC;イニグマン・トルネード
ai/031.bin;0xE806;ED F8 CC BD;ファイナル・レンチ
ai/031.bin;0xE806;11 9F 48 BE;修羅忍竜 ダラニコンゴウ
ai/031.bin;0xE806;1D 17 4A BF;スターライト・ヘッジホッグ
ai/031.bin;0xE806;CF AA 4F C1;煉獄竜 ドラゴニック・ネオフレイム
ai/031.bin;0xE806;7C 17 CE C1;ラナンキュラスの花乙女 アーシャ
ai/031.bin;0xE806;15 6E A2 C8;ウィステリアナイト
ai/031.bin;0xE806;AB 51 A7 CB;AI(%d) : レシピ (フラグ:%08x)
ai/031.bin;0xE806;D7 DA C1 D6;AI(%d) : 思考開始 (行動カテゴリ:%d)
ai/031.bin;0xE806;7C 46 0A D9;忍竜 ドレッドマスター
ai/031.bin;0xE806;6B 1D DB DC;マシニング・モスキート mkⅡ
ai/031.bin;0xE806;8A F8 0D DE;オーラボーラー
ai/031.bin;0xE806;15 DA 1B E1;メチャバトラー ケンドール
ai/031.bin;0xE806;69 E8 61 E1;オーバーロード
ai/031.bin;0xE806;7D 1F 65 E6;獣神 ナイトジャッカル
ai/031.bin;0xE806;51 49 33 E7;キャノン・ボール
ai/031.bin;0xE806;57 CD 2E E8;    
ai/031.bin;0xE806;CC 1A C6 E8;AI未設定 : attrib = %s
ai/031.bin;0xE806;39 17 8B F0;星空の解放者 ギネヴィア
ai/031.bin;0xE806;4B 16 BE F0;鋭気の騎士 エクター
ai/031.bin;0xE806;BF 43 2B F1;  アタッカー : %s
ai/031.bin;0xE806;27 25 50 F1;ベアダウン・サムラーイ
ai/031.bin;0xE806;52 B3 D1 F6;メテオカイザー ビクト・テン
ai/031.bin;0xE806;FC B0 EB F6;清めの神器 ピュア・エンジェル
ai/031.bin;0xE806;89 20 23 F8;下
ai/031.bin;0xE806;DD 4C B3 F8;ターン開始 AI(%d)
ai/032.bin;0x151D1;34 53 5F 00;湖の巫女 リアン
ai/032.bin;0x151D1;DC A5 CF 01;  クインテットウォール : %d/%d枚
ai/032.bin;0x151D1;51 5B 2F 06;ヘキサゴナル・メイガス
ai/032.bin;0x151D1;18 51 8C 06;深淵の海賊王 ブルーハート
ai/032.bin;0x151D1;DD 9F CC 07;蒼嵐竜 メイルストローム
ai/032.bin;0x151D1;8D 9F AA 08;  シールドの要求値 : 
ai/032.bin;0x151D1;99 38 0E 09;エメラルドウィッチ ララ
ai/032.bin;0x151D1;76 AE E0 09;ドラゴニック・オーバーロード “The Яe-birth”
ai/032.bin;0x151D1;02 DC 8B 0D;モーント・ブラウクリューガー
ai/032.bin;0x151D1;B1 2D 5D 0E;  対象のパワー : %d(%d)%s
ai/032.bin;0x151D1;24 A1 3B 11;ライジング・ライオネット
ai/032.bin;0x151D1;CA 98 65 11;神界獣 フェンリル
ai/032.bin;0x151D1;2F 96 22 12;ダンシング・ウルフ
ai/032.bin;0x151D1;2F CE 1C 13;花占いの女神 サクヤ
ai/032.bin;0x151D1;9F 3C 4E 15; + %d
ai/032.bin;0x151D1;24 7A 2C 18;希望の火 エルモ
ai/032.bin;0x151D1;26 7B 30 1A;ネコ執事
ai/032.bin;0x151D1;8D 20 89 1A;AI未設定 : %s %d
ai/032.bin;0x151D1;53 C3 3F 1B;戦場の歌姫 オルティア
ai/032.bin;0x151D1;95 31 10 1D;封竜 カルゼ
ai/032.bin;0x151D1;C0 17 EB 1D;マジェスティ・ロードブラスター
ai/032.bin;0x151D1;49 58 50 21;次元ロボ ダイジェット
ai/032.bin;0x151D1;8E BC BB 21;  シールドの目標値 : 
ai/032.bin;0x151D1;00 8C ED 21;みるびる
ai/032.bin;0x151D1;50 41 74 23;希望の子 トゥルエル
ai/032.bin;0x151D1;39 5F 97 27;新鋭の騎士 ダヴィド
ai/032.bin;0x151D1;BE 51 F9 27;餓竜 バトルレックス
ai/032.bin;0x151D1;F7 2E E0 29;～%d
ai/032.bin;0x151D1;A6 8F 2A 2A;喧嘩屋 ファイティング・ドラコキッド
ai/032.bin;0x151D1;44 62 0C 2D;無音の射手 コンダクタンス
ai/032.bin;0x151D1;14 30 63 2D;!!!! AI ERROR !!!!\n  
ai/032.bin;0x151D1;9D D8 DB 30;オラクルガーディアン シーサー
ai/032.bin;0x151D1;68 C9 B9 31;ドリーミング・ドラゴン
ai/032.bin;0x151D1;EE 81 9E 32;豪腕拿捕の巨人兵
ai/032.bin;0x151D1;C5 4D EE 32;ブラスター・ダーク “Diablo”
ai/032.bin;0x151D1;F1 28 16 33;枚しか選んでいない
ai/032.bin;0x151D1;BC 1F 35 33;  ブースター : %s
ai/032.bin;0x151D1;0F 84 8F 33;月光の魔女 ヴァハ
ai/032.bin;0x151D1;B8 BC F2 37;伏魔忍鬼 カガミジシ
ai/032.bin;0x151D1;6E 42 D6 38;AI(%d) : アタック情報
ai/032.bin;0x151D1;B3 AD 45 3A;ブラスター
ai/032.bin;0x151D1;5F 07 F5 3E;選択の魔女 エリウ
ai/032.bin;0x151D1;2B 9E 47 42;秘薬の魔女 アリアンロッド
ai/032.bin;0x151D1;03 D4 54 45; ヒットされない
ai/032.bin;0x151D1;2D 3A A7 45;AI(%d) : ガードステップ情報
ai/032.bin;0x151D1;2C A5 7B 4D;枚選択する必要があるが、
ai/032.bin;0x151D1;9F A5 E0 4F;ＣＥＯ アマテラス
ai/032.bin;0x151D1;3A D0 5B 51;メッチャバトラー ビクトール
ai/032.bin;0x151D1;A6 11 33 52;暗黒竜 ファントム・ブラスター “Diablo”
ai/032.bin;0x151D1;72 A4 48 52;マグナム・アサルト
ai/032.bin;0x151D1;A2 CA 0A 55;士官候補生 アンドレイ
ai/032.bin;0x151D1;3C E0 6F 55;ドラゴニック・オーバーロード
ai/032.bin;0x151D1;B6 EB DA 55;蒼嵐水将 デスピナ
ai/032.bin;0x151D1;DE C1 45 56;解放者
ai/032.bin;0x151D1;F7 6D 78 57;スタンプ・ラッコ
ai/032.bin;0x151D1;3C 63 E3 57;髑髏の魔女 ネヴァン
ai/032.bin;0x151D1;C5 AF 0D 60;真紅の伝承 メタトロン
ai/032.bin;0x151D1;75 87 53 62;変革の騎士 ラディナス
ai/032.bin;0x151D1;29 1A 85 62;メイデン・オブ・ドリーミングアロマ
ai/032.bin;0x151D1;47 87 68 63;AI(%d) : 思考時間 %.3f秒 (行動カテゴリ:%d)
ai/032.bin;0x151D1;55 C8 81 63;  完全ガード : %d/%d枚
ai/032.bin;0x151D1;42 D7 DA 63;  ガーディアン候補
ai/032.bin;0x151D1;93 11 EA 68;ブルースケイル・ディアー
ai/032.bin;0x151D1;33 8E E7 69;Duo 理想の妹 メーア
ai/032.bin;0x151D1;B0 4A D0 6A;カラミティタワー・ワイバーン
ai/032.bin;0x151D1;E8 83 60 6B;デアデビル・サムラーイ
ai/032.bin;0x151D1;4B D4 AE 6B;  合計シールド : 
ai/032.bin;0x151D1;DC 4C 2C 6E;立春の花乙姫 プリマヴェーラ
ai/032.bin;0x151D1;88 DD 98 6F;フォートレス・アンモナイト
ai/032.bin;0x151D1;11 E8 1D 70;神託の女王 ヒミコ
ai/032.bin;0x151D1;E4 FB 3C 72;蒼嵐候補生 アノス
ai/032.bin;0x151D1;BF 35 68 72;タイダル・アサルト
ai/032.bin;0x151D1;29 EF C2 73;  対象(%d) : %s
ai/032.bin;0x151D1;5A 1C 38 7C;宝石騎士 ぷりずみー
ai/032.bin;0x151D1;7C 3A 8B 81;解放者 バーニング・ブロー
ai/032.bin;0x151D1;E1 95 2F 85;聖棍の探索者 オクタウィウス
ai/032.bin;0x151D1;DA 63 6D 85;次元ロボ ダイブレイブ
ai/032.bin;0x151D1;46 DE 4B 88;ダークメタル・ドラゴン
ai/032.bin;0x151D1;6A D5 6E 8A;カタナライザー
ai/032.bin;0x151D1;D1 DD 00 8D;ダーク・キャット
ai/032.bin;0x151D1;A0 D8 63 8D;大宇宙勇機 グランギャロップ
ai/032.bin;0x151D1;1F 10 24 8F;上
ai/032.bin;0x151D1;6C E6 93 8F;真黒の賢者 カロン
ai/032.bin;0x151D1;5D 93 52 90;木漏れ日の貴婦人
ai/032.bin;0x151D1;BB E2 E9 90;永劫不敗 アシュラ・カイザー
ai/032.bin;0x151D1;E1 26 37 94;魔竜戦鬼 チャトゥラ
ai/032.bin;0x151D1;6A 0F 95 94;  アタッカーのパワー : %d(%d)
ai/032.bin;0x151D1;7F BB 35 95;覇天皇竜 ドラゴニック・オーバーロード “The Ace”
ai/032.bin;0x151D1;E1 3B 61 98;猛将 ザカリー
ai/032.bin;0x151D1;17 6F DB 98;ドラゴンモンク ゴジョー
ai/032.bin;0x151D1;0C DD 47 9B;バトルシスター ぱるふぇ
ai/032.bin;0x151D1;1A 2D D2 9C;マイスガード フォーマルハウト
ai/032.bin;0x151D1;CA 30 36 9F;指揮官 ゲイリー・ギャノン
ai/032.bin;0x151D1;69 08 3B A2;蒼波竜 テトラドライブ・ドラゴン
ai/032.bin;0x151D1;F1 51 AA A2;スチームファイター バリフ
ai/032.bin;0x151D1;A4 F3 D7 A7;  アタッカーのクリティカル : %d
ai/032.bin;0x151D1;BD FD F6 A7;メチャバトラー ランボール
ai/032.bin;0x151D1;43 39 46 AB;蒼嵐水将 スピロス
ai/032.bin;0x151D1;37 A8 35 AC;ペタル・フェアリー
ai/032.bin;0x151D1;9F 77 42 AC;フレアウィップ・ドラゴン
ai/032.bin;0x151D1;DC 8C AB AC;炎の吐息 キャリー
ai/032.bin;0x151D1;A3 70 B0 B3;撃退者 ブラッドマスター
ai/032.bin;0x151D1;39 6A 36 B5;超鋼闘機 ヘヴィデューク
ai/032.bin;0x151D1;F7 48 21 B9;ドラゴンナイト ジャラール
ai/032.bin;0x151D1;4D 11 72 B9;グラスビーズ・ドラゴン
ai/032.bin;0x151D1;88 EF 6D BC;イニグマン・トルネード
ai/032.bin;0x151D1;7F 60 32 BD;お天気お姉さん らむね
ai/032.bin;0x151D1;ED F8 CC BD;ファイナル・レンチ
ai/032.bin;0x151D1;11 9F 48 BE;修羅忍竜 ダラニコンゴウ
ai/032.bin;0x151D1;1D 17 4A BF;スターライト・ヘッジホッグ
ai/032.bin;0x151D1;CF AA 4F C1;煉獄竜 ドラゴニック・ネオフレイム
ai/032.bin;0x151D1;7C 17 CE C1;ラナンキュラスの花乙女 アーシャ
ai/032.bin;0x151D1;32 A7 9C C5;カップルダガー・セイラー
ai/032.bin;0x151D1;15 6E A2 C8;ウィステリアナイト
ai/032.bin;0x151D1;90 9C 38 CB;ドローイング・ドレッド
ai/032.bin;0x151D1;AB 51 A7 CB;AI(%d) : レシピ (フラグ:%08x)
ai/032.bin;0x151D1;D8 71 CC CE;ラック・バード
ai/032.bin;0x151D1;74 62 BC D2;フィールド・ドリラー
ai/032.bin;0x151D1;D7 DA C1 D6;AI(%d) : 思考開始 (行動カテゴリ:%d)
ai/032.bin;0x151D1;04 75 4F D7;蒼嵐兵 ラスカル・スイーパー
ai/032.bin;0x151D1;D3 27 A4 D7;ドラゴンナイト ネシャート
ai/032.bin;0x151D1;7C 46 0A D9;忍竜 ドレッドマスター
ai/032.bin;0x151D1;E2 CC 7C D9;エクスカルペイト・ザ・ブラスター
ai/032.bin;0x151D1;6B 1D DB DC;マシニング・モスキート mkⅡ
ai/032.bin;0x151D1;69 E8 61 E1;オーバーロード
ai/032.bin;0x151D1;7D 1F 65 E6;獣神 ナイトジャッカル
ai/032.bin;0x151D1;51 EB 60 E7;メイデン・オブ・レインボーウッド
ai/032.bin;0x151D1;57 CD 2E E8;    
ai/032.bin;0x151D1;19 BA 6C E8;時空竜 ミステリーフレア・ドラゴン
ai/032.bin;0x151D1;CC 1A C6 E8;AI未設定 : attrib = %s
ai/032.bin;0x151D1;DC 5C 61 E9;マシンガン・グロリア
ai/032.bin;0x151D1;83 A0 BD E9;ぐりんがる・探索者
ai/032.bin;0x151D1;39 17 8B F0;星空の解放者 ギネヴィア
ai/032.bin;0x151D1;4B 16 BE F0;鋭気の騎士 エクター
ai/032.bin;0x151D1;BF 43 2B F1;  アタッカー : %s
ai/032.bin;0x151D1;27 25 50 F1;ベアダウン・サムラーイ
ai/032.bin;0x151D1;FC BA BC F1;ドクドク・マッシュルーム
ai/032.bin;0x151D1;37 CA 90 F3;エッグ・ジャグラー
ai/032.bin;0x151D1;1B 60 84 F5;メイデン・オブ・ライブラ
ai/032.bin;0x151D1;FC B0 EB F6;清めの神器 ピュア・エンジェル
ai/032.bin;0x151D1;89 20 23 F8;下
ai/032.bin;0x151D1;DD 4C B3 F8;ターン開始 AI(%d)
ai/033.bin;0xE569;DC A5 CF 01;  クインテットウォール : %d/%d枚
ai/033.bin;0xE569;51 5B 2F 06;ヘキサゴナル・メイガス
ai/033.bin;0xE569;DD 9F CC 07;蒼嵐竜 メイルストローム
ai/033.bin;0xE569;8D 9F AA 08;  シールドの要求値 : 
ai/033.bin;0xE569;76 AE E0 09;ドラゴニック・オーバーロード “The Яe-birth”
ai/033.bin;0xE569;02 DC 8B 0D;モーント・ブラウクリューガー
ai/033.bin;0xE569;B1 2D 5D 0E;  対象のパワー : %d(%d)%s
ai/033.bin;0xE569;24 A1 3B 11;ライジング・ライオネット
ai/033.bin;0xE569;CA 98 65 11;神界獣 フェンリル
ai/033.bin;0xE569;2F 96 22 12;ダンシング・ウルフ
ai/033.bin;0xE569;2F CE 1C 13;花占いの女神 サクヤ
ai/033.bin;0xE569;9F 3C 4E 15; + %d
ai/033.bin;0xE569;F3 19 7E 19;悪夢の国のチェシャキャット
ai/033.bin;0xE569;26 7B 30 1A;ネコ執事
ai/033.bin;0xE569;8D 20 89 1A;AI未設定 : %s %d
ai/033.bin;0xE569;F5 DA 84 20;ルナティック・マスカレード
ai/033.bin;0xE569;49 58 50 21;次元ロボ ダイジェット
ai/033.bin;0xE569;8E BC BB 21;  シールドの目標値 : 
ai/033.bin;0xE569;50 41 74 23;希望の子 トゥルエル
ai/033.bin;0xE569;9C 4B E1 26;愛の嵐 キスキル・リラ
ai/033.bin;0xE569;39 5F 97 27;新鋭の騎士 ダヴィド
ai/033.bin;0xE569;A2 69 B8 27;デビルチャイルド
ai/033.bin;0xE569;BE 51 F9 27;餓竜 バトルレックス
ai/033.bin;0xE569;F7 2E E0 29;～%d
ai/033.bin;0xE569;A6 8F 2A 2A;喧嘩屋 ファイティング・ドラコキッド
ai/033.bin;0xE569;44 62 0C 2D;無音の射手 コンダクタンス
ai/033.bin;0xE569;14 30 63 2D;!!!! AI ERROR !!!!\n  
ai/033.bin;0xE569;EE 81 9E 32;豪腕拿捕の巨人兵
ai/033.bin;0xE569;C5 4D EE 32;ブラスター・ダーク “Diablo”
ai/033.bin;0xE569;F1 28 16 33;枚しか選んでいない
ai/033.bin;0xE569;BC 1F 35 33;  ブースター : %s
ai/033.bin;0xE569;B8 BC F2 37;伏魔忍鬼 カガミジシ
ai/033.bin;0xE569;6E 42 D6 38;AI(%d) : アタック情報
ai/033.bin;0xE569;B3 AD 45 3A;ブラスター
ai/033.bin;0xE569;03 D4 54 45; ヒットされない
ai/033.bin;0xE569;2D 3A A7 45;AI(%d) : ガードステップ情報
ai/033.bin;0xE569;E0 FC 6D 49;ダークソウル・コンダクター
ai/033.bin;0xE569;2C A5 7B 4D;枚選択する必要があるが、
ai/033.bin;0xE569;9F A5 E0 4F;ＣＥＯ アマテラス
ai/033.bin;0xE569;3A D0 5B 51;メッチャバトラー ビクトール
ai/033.bin;0xE569;82 10 1C 52;ブルー・ダスト
ai/033.bin;0xE569;A6 11 33 52;暗黒竜 ファントム・ブラスター “Diablo”
ai/033.bin;0xE569;C2 D1 A0 54;プリズナー・ビースト
ai/033.bin;0xE569;3C E0 6F 55;ドラゴニック・オーバーロード
ai/033.bin;0xE569;DE C1 45 56;解放者
ai/033.bin;0xE569;F7 6D 78 57;スタンプ・ラッコ
ai/033.bin;0xE569;9E 7A 0B 5A;悪夢の国のマッドハッター
ai/033.bin;0xE569;C5 AF 0D 60;真紅の伝承 メタトロン
ai/033.bin;0xE569;47 87 68 63;AI(%d) : 思考時間 %.3f秒 (行動カテゴリ:%d)
ai/033.bin;0xE569;55 C8 81 63;  完全ガード : %d/%d枚
ai/033.bin;0xE569;42 D7 DA 63;  ガーディアン候補
ai/033.bin;0xE569;DC 72 4C 68;逢魔ヶ刻の魔神戦車
ai/033.bin;0xE569;33 8E E7 69;Duo 理想の妹 メーア
ai/033.bin;0xE569;E8 83 60 6B;デアデビル・サムラーイ
ai/033.bin;0xE569;4B D4 AE 6B;  合計シールド : 
ai/033.bin;0xE569;FE 13 3B 6D;ヒステリック・シャーリー
ai/033.bin;0xE569;DC 4C 2C 6E;立春の花乙姫 プリマヴェーラ
ai/033.bin;0xE569;11 E8 1D 70;神託の女王 ヒミコ
ai/033.bin;0xE569;E4 FB 3C 72;蒼嵐候補生 アノス
ai/033.bin;0xE569;29 EF C2 73;  対象(%d) : %s
ai/033.bin;0xE569;DC C4 0E 74;魔界侯爵 アモン
ai/033.bin;0xE569;7C 3A 8B 81;解放者 バーニング・ブロー
ai/033.bin;0xE569;DA 63 6D 85;次元ロボ ダイブレイブ
ai/033.bin;0xE569;46 DE 4B 88;ダークメタル・ドラゴン
ai/033.bin;0xE569;6A D5 6E 8A;カタナライザー
ai/033.bin;0xE569;A0 D8 63 8D;大宇宙勇機 グランギャロップ
ai/033.bin;0xE569;1F 10 24 8F;上
ai/033.bin;0xE569;6C E6 93 8F;真黒の賢者 カロン
ai/033.bin;0xE569;BB E2 E9 90;永劫不敗 アシュラ・カイザー
ai/033.bin;0xE569;E1 26 37 94;魔竜戦鬼 チャトゥラ
ai/033.bin;0xE569;6A 0F 95 94;  アタッカーのパワー : %d(%d)
ai/033.bin;0xE569;7F BB 35 95;覇天皇竜 ドラゴニック・オーバーロード “The Ace”
ai/033.bin;0xE569;0C DD 47 9B;バトルシスター ぱるふぇ
ai/033.bin;0xE569;1A 2D D2 9C;マイスガード フォーマルハウト
ai/033.bin;0xE569;43 00 61 9F;ヴェアフレーダー・オルドナンツ
ai/033.bin;0xE569;69 08 3B A2;蒼波竜 テトラドライブ・ドラゴン
ai/033.bin;0xE569;F1 51 AA A2;スチームファイター バリフ
ai/033.bin;0xE569;A4 F3 D7 A7;  アタッカーのクリティカル : %d
ai/033.bin;0xE569;BD FD F6 A7;メチャバトラー ランボール
ai/033.bin;0xE569;9F 77 42 AC;フレアウィップ・ドラゴン
ai/033.bin;0xE569;39 6A 36 B5;超鋼闘機 ヘヴィデューク
ai/033.bin;0xE569;F7 48 21 B9;ドラゴンナイト ジャラール
ai/033.bin;0xE569;CA CB F0 BB;冥界のパペットマスター
ai/033.bin;0xE569;88 EF 6D BC;イニグマン・トルネード
ai/033.bin;0xE569;ED F8 CC BD;ファイナル・レンチ
ai/033.bin;0xE569;11 9F 48 BE;修羅忍竜 ダラニコンゴウ
ai/033.bin;0xE569;CF AA 4F C1;煉獄竜 ドラゴニック・ネオフレイム
ai/033.bin;0xE569;7C 17 CE C1;ラナンキュラスの花乙女 アーシャ
ai/033.bin;0xE569;15 6E A2 C8;ウィステリアナイト
ai/033.bin;0xE569;5F 7D 38 C9;ナイフ・コンダクター
ai/033.bin;0xE569;AB 51 A7 CB;AI(%d) : レシピ (フラグ:%08x)
ai/033.bin;0xE569;F8 C0 76 D0;ブリッツ・リッター
ai/033.bin;0xE569;D7 DA C1 D6;AI(%d) : 思考開始 (行動カテゴリ:%d)
ai/033.bin;0xE569;CC 2B 8E D7;スイート・プレデター
ai/033.bin;0xE569;34 55 B4 D7;ヴェアヴォルフ・ズィーガー
ai/033.bin;0xE569;7C 46 0A D9;忍竜 ドレッドマスター
ai/033.bin;0xE569;6B 1D DB DC;マシニング・モスキート mkⅡ
ai/033.bin;0xE569;69 E8 61 E1;オーバーロード
ai/033.bin;0xE569;81 3B A6 E1;誘惑のサキュバス
ai/033.bin;0xE569;7D 1F 65 E6;獣神 ナイトジャッカル
ai/033.bin;0xE569;57 CD 2E E8;    
ai/033.bin;0xE569;CC 1A C6 E8;AI未設定 : attrib = %s
ai/033.bin;0xE569;39 17 8B F0;星空の解放者 ギネヴィア
ai/033.bin;0xE569;4B 16 BE F0;鋭気の騎士 エクター
ai/033.bin;0xE569;BF 43 2B F1;  アタッカー : %s
ai/033.bin;0xE569;27 25 50 F1;ベアダウン・サムラーイ
ai/033.bin;0xE569;FC B0 EB F6;清めの神器 ピュア・エンジェル
ai/033.bin;0xE569;89 20 23 F8;下
ai/033.bin;0xE569;DD 4C B3 F8;ターン開始 AI(%d)
ai/033.bin;0xE569;6F FE 4E FC;悪夢の国のマーチラビット
ai/034.bin;0xE635;DC A5 CF 01;  クインテットウォール : %d/%d枚
ai/034.bin;0xE635;51 5B 2F 06;ヘキサゴナル・メイガス
ai/034.bin;0xE635;DD 9F CC 07;蒼嵐竜 メイルストローム
ai/034.bin;0xE635;8D 9F AA 08;  シールドの要求値 : 
ai/034.bin;0xE635;76 AE E0 09;ドラゴニック・オーバーロード “The Яe-birth”
ai/034.bin;0xE635;02 DC 8B 0D;モーント・ブラウクリューガー
ai/034.bin;0xE635;B1 2D 5D 0E;  対象のパワー : %d(%d)%s
ai/034.bin;0xE635;24 A1 3B 11;ライジング・ライオネット
ai/034.bin;0xE635;CA 98 65 11;神界獣 フェンリル
ai/034.bin;0xE635;2F 96 22 12;ダンシング・ウルフ
ai/034.bin;0xE635;2F CE 1C 13;花占いの女神 サクヤ
ai/034.bin;0xE635;9F 3C 4E 15; + %d
ai/034.bin;0xE635;26 7B 30 1A;ネコ執事
ai/034.bin;0xE635;8D 20 89 1A;AI未設定 : %s %d
ai/034.bin;0xE635;49 58 50 21;次元ロボ ダイジェット
ai/034.bin;0xE635;8E BC BB 21;  シールドの目標値 : 
ai/034.bin;0xE635;76 10 32 22;サイレンス・ジョーカー
ai/034.bin;0xE635;50 41 74 23;希望の子 トゥルエル
ai/034.bin;0xE635;AC 3E 55 24;フローズン・オーグル
ai/034.bin;0xE635;08 A0 CF 26;ブラッディ・オーグル
ai/034.bin;0xE635;39 5F 97 27;新鋭の騎士 ダヴィド
ai/034.bin;0xE635;BE 51 F9 27;餓竜 バトルレックス
ai/034.bin;0xE635;F7 2E E0 29;～%d
ai/034.bin;0xE635;A6 8F 2A 2A;喧嘩屋 ファイティング・ドラコキッド
ai/034.bin;0xE635;44 62 0C 2D;無音の射手 コンダクタンス
ai/034.bin;0xE635;14 30 63 2D;!!!! AI ERROR !!!!\n  
ai/034.bin;0xE635;69 7F 95 2F;ダッドリー・モーゼス
ai/034.bin;0xE635;EE 81 9E 32;豪腕拿捕の巨人兵
ai/034.bin;0xE635;C5 4D EE 32;ブラスター・ダーク “Diablo”
ai/034.bin;0xE635;F1 28 16 33;枚しか選んでいない
ai/034.bin;0xE635;BC 1F 35 33;  ブースター : %s
ai/034.bin;0xE635;73 48 90 35;ダッドリー・ダグラス
ai/034.bin;0xE635;B8 BC F2 37;伏魔忍鬼 カガミジシ
ai/034.bin;0xE635;6E 42 D6 38;AI(%d) : アタック情報
ai/034.bin;0xE635;B3 AD 45 3A;ブラスター
ai/034.bin;0xE635;03 D4 54 45; ヒットされない
ai/034.bin;0xE635;2D 3A A7 45;AI(%d) : ガードステップ情報
ai/034.bin;0xE635;2C A5 7B 4D;枚選択する必要があるが、
ai/034.bin;0xE635;9F A5 E0 4F;ＣＥＯ アマテラス
ai/034.bin;0xE635;3A D0 5B 51;メッチャバトラー ビクトール
ai/034.bin;0xE635;A6 11 33 52;暗黒竜 ファントム・ブラスター “Diablo”
ai/034.bin;0xE635;3C E0 6F 55;ドラゴニック・オーバーロード
ai/034.bin;0xE635;DE C1 45 56;解放者
ai/034.bin;0xE635;F7 6D 78 57;スタンプ・ラッコ
ai/034.bin;0xE635;DA A0 4F 5A;カンフー・キッカー
ai/034.bin;0xE635;56 C9 02 60;チアガール ポーリーン
ai/034.bin;0xE635;C5 AF 0D 60;真紅の伝承 メタトロン
ai/034.bin;0xE635;47 87 68 63;AI(%d) : 思考時間 %.3f秒 (行動カテゴリ:%d)
ai/034.bin;0xE635;55 C8 81 63;  完全ガード : %d/%d枚
ai/034.bin;0xE635;42 D7 DA 63;  ガーディアン候補
ai/034.bin;0xE635;33 8E E7 69;Duo 理想の妹 メーア
ai/034.bin;0xE635;E8 83 60 6B;デアデビル・サムラーイ
ai/034.bin;0xE635;4B D4 AE 6B;  合計シールド : 
ai/034.bin;0xE635;DC 4C 2C 6E;立春の花乙姫 プリマヴェーラ
ai/034.bin;0xE635;11 E8 1D 70;神託の女王 ヒミコ
ai/034.bin;0xE635;E4 FB 3C 72;蒼嵐候補生 アノス
ai/034.bin;0xE635;29 EF C2 73;  対象(%d) : %s
ai/034.bin;0xE635;7C 3A 8B 81;解放者 バーニング・ブロー
ai/034.bin;0xE635;DA 63 6D 85;次元ロボ ダイブレイブ
ai/034.bin;0xE635;8F C7 49 86;ダッドリー・モンティ
ai/034.bin;0xE635;46 DE 4B 88;ダークメタル・ドラゴン
ai/034.bin;0xE635;6A D5 6E 8A;カタナライザー
ai/034.bin;0xE635;A0 D8 63 8D;大宇宙勇機 グランギャロップ
ai/034.bin;0xE635;1F 10 24 8F;上
ai/034.bin;0xE635;6C E6 93 8F;真黒の賢者 カロン
ai/034.bin;0xE635;EF 2A 42 90;チアガール ティアラ
ai/034.bin;0xE635;BB E2 E9 90;永劫不敗 アシュラ・カイザー
ai/034.bin;0xE635;E1 26 37 94;魔竜戦鬼 チャトゥラ
ai/034.bin;0xE635;6A 0F 95 94;  アタッカーのパワー : %d(%d)
ai/034.bin;0xE635;7F BB 35 95;覇天皇竜 ドラゴニック・オーバーロード “The Ace”
ai/034.bin;0xE635;E1 3B 61 98;猛将 ザカリー
ai/034.bin;0xE635;0C DD 47 9B;バトルシスター ぱるふぇ
ai/034.bin;0xE635;1A 2D D2 9C;マイスガード フォーマルハウト
ai/034.bin;0xE635;CA 30 36 9F;指揮官 ゲイリー・ギャノン
ai/034.bin;0xE635;E5 64 0C A0;ソニック・ブレイカー
ai/034.bin;0xE635;69 08 3B A2;蒼波竜 テトラドライブ・ドラゴン
ai/034.bin;0xE635;F1 51 AA A2;スチームファイター バリフ
ai/034.bin;0xE635;75 25 67 A7;神速 フラッシュ・ブルース
ai/034.bin;0xE635;A4 F3 D7 A7;  アタッカーのクリティカル : %d
ai/034.bin;0xE635;BD FD F6 A7;メチャバトラー ランボール
ai/034.bin;0xE635;9F 77 42 AC;フレアウィップ・ドラゴン
ai/034.bin;0xE635;39 6A 36 B5;超鋼闘機 ヘヴィデューク
ai/034.bin;0xE635;F1 E7 5E B5;オアシス・ボーイ
ai/034.bin;0xE635;F7 48 21 B9;ドラゴンナイト ジャラール
ai/034.bin;0xE635;88 EF 6D BC;イニグマン・トルネード
ai/034.bin;0xE635;ED F8 CC BD;ファイナル・レンチ
ai/034.bin;0xE635;11 9F 48 BE;修羅忍竜 ダラニコンゴウ
ai/034.bin;0xE635;CF AA 4F C1;煉獄竜 ドラゴニック・ネオフレイム
ai/034.bin;0xE635;7C 17 CE C1;ラナンキュラスの花乙女 アーシャ
ai/034.bin;0xE635;9B EB FA C7;メディカル・マネージャー
ai/034.bin;0xE635;15 6E A2 C8;ウィステリアナイト
ai/034.bin;0xE635;1D C5 2E CA;パンツァー・ゲイル
ai/034.bin;0xE635;AB 51 A7 CB;AI(%d) : レシピ (フラグ:%08x)
ai/034.bin;0xE635;41 5E 04 CF;ワンダー・ボーイ
ai/034.bin;0xE635;74 62 BC D2;フィールド・ドリラー
ai/034.bin;0xE635;41 F6 55 D5;ジャガーノート・マキシマム
ai/034.bin;0xE635;D7 DA C1 D6;AI(%d) : 思考開始 (行動カテゴリ:%d)
ai/034.bin;0xE635;7C 46 0A D9;忍竜 ドレッドマスター
ai/034.bin;0xE635;6B 1D DB DC;マシニング・モスキート mkⅡ
ai/034.bin;0xE635;69 E8 61 E1;オーバーロード
ai/034.bin;0xE635;7D 1F 65 E6;獣神 ナイトジャッカル
ai/034.bin;0xE635;57 CD 2E E8;    
ai/034.bin;0xE635;CC 1A C6 E8;AI未設定 : attrib = %s
ai/034.bin;0xE635;DC 5C 61 E9;マシンガン・グロリア
ai/034.bin;0xE635;39 17 8B F0;星空の解放者 ギネヴィア
ai/034.bin;0xE635;4B 16 BE F0;鋭気の騎士 エクター
ai/034.bin;0xE635;BF 43 2B F1;  アタッカー : %s
ai/034.bin;0xE635;27 25 50 F1;ベアダウン・サムラーイ
ai/034.bin;0xE635;FC B0 EB F6;清めの神器 ピュア・エンジェル
ai/034.bin;0xE635;E2 2D 8C F7;サイクロン・ジョニー
ai/034.bin;0xE635;89 20 23 F8;下
ai/034.bin;0xE635;DD 4C B3 F8;ターン開始 AI(%d)
ai/034.bin;0xE635;9B 56 BF F8;チアガール マリリン
ai/034.bin;0xE635;4F C4 EF F9;ＵＦＯ
ai/035.bin;0xE60F;DC A5 CF 01;  クインテットウォール : %d/%d枚
ai/035.bin;0xE60F;51 5B 2F 06;ヘキサゴナル・メイガス
ai/035.bin;0xE60F;DD 9F CC 07;蒼嵐竜 メイルストローム
ai/035.bin;0xE60F;8D 9F AA 08;  シールドの要求値 : 
ai/035.bin;0xE60F;76 AE E0 09;ドラゴニック・オーバーロード “The Яe-birth”
ai/035.bin;0xE60F;02 DC 8B 0D;モーント・ブラウクリューガー
ai/035.bin;0xE60F;B1 2D 5D 0E;  対象のパワー : %d(%d)%s
ai/035.bin;0xE60F;E4 2B C6 0F;ミス・ディレクション
ai/035.bin;0xE60F;24 A1 3B 11;ライジング・ライオネット
ai/035.bin;0xE60F;CA 98 65 11;神界獣 フェンリル
ai/035.bin;0xE60F;2F 96 22 12;ダンシング・ウルフ
ai/035.bin;0xE60F;2F CE 1C 13;花占いの女神 サクヤ
ai/035.bin;0xE60F;9F 3C 4E 15; + %d
ai/035.bin;0xE60F;B8 00 7F 18;冥界の催眠術師
ai/035.bin;0xE60F;26 7B 30 1A;ネコ執事
ai/035.bin;0xE60F;A2 DC 5B 1A;ファイヤー・ジャグラー
ai/035.bin;0xE60F;8D 20 89 1A;AI未設定 : %s %d
ai/035.bin;0xE60F;A8 24 F0 1E;バーキング・ワイバーン
ai/035.bin;0xE60F;D5 41 2E 20;ビッグリーグ・ベア
ai/035.bin;0xE60F;C3 29 5A 20;ルナスクエアの奇跡 クリフォード
ai/035.bin;0xE60F;49 58 50 21;次元ロボ ダイジェット
ai/035.bin;0xE60F;8E BC BB 21;  シールドの目標値 : 
ai/035.bin;0xE60F;50 41 74 23;希望の子 トゥルエル
ai/035.bin;0xE60F;39 5F 97 27;新鋭の騎士 ダヴィド
ai/035.bin;0xE60F;BE 51 F9 27;餓竜 バトルレックス
ai/035.bin;0xE60F;F7 2E E0 29;～%d
ai/035.bin;0xE60F;A6 8F 2A 2A;喧嘩屋 ファイティング・ドラコキッド
ai/035.bin;0xE60F;44 62 0C 2D;無音の射手 コンダクタンス
ai/035.bin;0xE60F;14 30 63 2D;!!!! AI ERROR !!!!\n  
ai/035.bin;0xE60F;EE 81 9E 32;豪腕拿捕の巨人兵
ai/035.bin;0xE60F;C5 4D EE 32;ブラスター・ダーク “Diablo”
ai/035.bin;0xE60F;F1 28 16 33;枚しか選んでいない
ai/035.bin;0xE60F;BC 1F 35 33;  ブースター : %s
ai/035.bin;0xE60F;B8 BC F2 37;伏魔忍鬼 カガミジシ
ai/035.bin;0xE60F;6E 42 D6 38;AI(%d) : アタック情報
ai/035.bin;0xE60F;B3 AD 45 3A;ブラスター
ai/035.bin;0xE60F;EA A5 D0 41;ミッドナイト・インベイダー
ai/035.bin;0xE60F;03 D4 54 45; ヒットされない
ai/035.bin;0xE60F;2D 3A A7 45;AI(%d) : ガードステップ情報
ai/035.bin;0xE60F;2C A5 7B 4D;枚選択する必要があるが、
ai/035.bin;0xE60F;9F A5 E0 4F;ＣＥＯ アマテラス
ai/035.bin;0xE60F;3A D0 5B 51;メッチャバトラー ビクトール
ai/035.bin;0xE60F;A6 11 33 52;暗黒竜 ファントム・ブラスター “Diablo”
ai/035.bin;0xE60F;3C E0 6F 55;ドラゴニック・オーバーロード
ai/035.bin;0xE60F;DE C1 45 56;解放者
ai/035.bin;0xE60F;F7 6D 78 57;スタンプ・ラッコ
ai/035.bin;0xE60F;C5 AF 0D 60;真紅の伝承 メタトロン
ai/035.bin;0xE60F;90 C6 39 63;妖剣の奇術師 サーラ
ai/035.bin;0xE60F;47 87 68 63;AI(%d) : 思考時間 %.3f秒 (行動カテゴリ:%d)
ai/035.bin;0xE60F;55 C8 81 63;  完全ガード : %d/%d枚
ai/035.bin;0xE60F;42 D7 DA 63;  ガーディアン候補
ai/035.bin;0xE60F;33 8E E7 69;Duo 理想の妹 メーア
ai/035.bin;0xE60F;E8 83 60 6B;デアデビル・サムラーイ
ai/035.bin;0xE60F;5A D7 77 6B;フライヤー・フライヤー
ai/035.bin;0xE60F;4B D4 AE 6B;  合計シールド : 
ai/035.bin;0xE60F;DC 4C 2C 6E;立春の花乙姫 プリマヴェーラ
ai/035.bin;0xE60F;11 E8 1D 70;神託の女王 ヒミコ
ai/035.bin;0xE60F;E4 FB 3C 72;蒼嵐候補生 アノス
ai/035.bin;0xE60F;29 EF C2 73;  対象(%d) : %s
ai/035.bin;0xE60F;20 B8 71 78;スカル・ジャグラー
ai/035.bin;0xE60F;8F 46 68 79;バーキング・ケルベロス
ai/035.bin;0xE60F;0F FF 10 7F;スマイリング・プレゼンター
ai/035.bin;0xE60F;7C 3A 8B 81;解放者 バーニング・ブロー
ai/035.bin;0xE60F;DA 63 6D 85;次元ロボ ダイブレイブ
ai/035.bin;0xE60F;46 DE 4B 88;ダークメタル・ドラゴン
ai/035.bin;0xE60F;6A D5 6E 8A;カタナライザー
ai/035.bin;0xE60F;A0 D8 63 8D;大宇宙勇機 グランギャロップ
ai/035.bin;0xE60F;1F 10 24 8F;上
ai/035.bin;0xE60F;6C E6 93 8F;真黒の賢者 カロン
ai/035.bin;0xE60F;BB E2 E9 90;永劫不敗 アシュラ・カイザー
ai/035.bin;0xE60F;25 AD 96 93;ジャンピング・ジル
ai/035.bin;0xE60F;E1 26 37 94;魔竜戦鬼 チャトゥラ
ai/035.bin;0xE60F;6A 0F 95 94;  アタッカーのパワー : %d(%d)
ai/035.bin;0xE60F;7F BB 35 95;覇天皇竜 ドラゴニック・オーバーロード “The Ace”
ai/035.bin;0xE60F;0C DD 47 9B;バトルシスター ぱるふぇ
ai/035.bin;0xE60F;1A 2D D2 9C;マイスガード フォーマルハウト
ai/035.bin;0xE60F;69 08 3B A2;蒼波竜 テトラドライブ・ドラゴン
ai/035.bin;0xE60F;F1 51 AA A2;スチームファイター バリフ
ai/035.bin;0xE60F;A4 F3 D7 A7;  アタッカーのクリティカル : %d
ai/035.bin;0xE60F;BD FD F6 A7;メチャバトラー ランボール
ai/035.bin;0xE60F;9F 77 42 AC;フレアウィップ・ドラゴン
ai/035.bin;0xE60F;DC 8C AB AC;炎の吐息 キャリー
ai/035.bin;0xE60F;39 6A 36 B5;超鋼闘機 ヘヴィデューク
ai/035.bin;0xE60F;02 1C 88 B6;ジャンピング・グレーン
ai/035.bin;0xE60F;F7 48 21 B9;ドラゴンナイト ジャラール
ai/035.bin;0xE60F;88 EF 6D BC;イニグマン・トルネード
ai/035.bin;0xE60F;ED F8 CC BD;ファイナル・レンチ
ai/035.bin;0xE60F;11 9F 48 BE;修羅忍竜 ダラニコンゴウ
ai/035.bin;0xE60F;CF AA 4F C1;煉獄竜 ドラゴニック・ネオフレイム
ai/035.bin;0xE60F;7C 17 CE C1;ラナンキュラスの花乙女 アーシャ
ai/035.bin;0xE60F;15 6E A2 C8;ウィステリアナイト
ai/035.bin;0xE60F;90 9C 38 CB;ドローイング・ドレッド
ai/035.bin;0xE60F;AB 51 A7 CB;AI(%d) : レシピ (フラグ:%08x)
ai/035.bin;0xE60F;CA 7A 93 CE;レインボー・マジシャン
ai/035.bin;0xE60F;71 59 57 D0;フープ・マジシャン
ai/035.bin;0xE60F;D7 DA C1 D6;AI(%d) : 思考開始 (行動カテゴリ:%d)
ai/035.bin;0xE60F;7C 46 0A D9;忍竜 ドレッドマスター
ai/035.bin;0xE60F;6B 1D DB DC;マシニング・モスキート mkⅡ
ai/035.bin;0xE60F;69 E8 61 E1;オーバーロード
ai/035.bin;0xE60F;D2 E1 47 E4;ポップコーン・ボーイ
ai/035.bin;0xE60F;7D 1F 65 E6;獣神 ナイトジャッカル
ai/035.bin;0xE60F;57 CD 2E E8;    
ai/035.bin;0xE60F;CC 1A C6 E8;AI未設定 : attrib = %s
ai/035.bin;0xE60F;39 17 8B F0;星空の解放者 ギネヴィア
ai/035.bin;0xE60F;4B 16 BE F0;鋭気の騎士 エクター
ai/035.bin;0xE60F;BF 43 2B F1;  アタッカー : %s
ai/035.bin;0xE60F;27 25 50 F1;ベアダウン・サムラーイ
ai/035.bin;0xE60F;37 CA 90 F3;エッグ・ジャグラー
ai/035.bin;0xE60F;96 87 6B F4;ダイナマイト・ジャグラー
ai/035.bin;0xE60F;FC B0 EB F6;清めの神器 ピュア・エンジェル
ai/035.bin;0xE60F;89 20 23 F8;下
ai/035.bin;0xE60F;DD 4C B3 F8;ターン開始 AI(%d)
ai/035.bin;0xE60F;AE 10 E6 F9;ダークメタル・バイコーン
ai/036.bin;0xE598;DC A5 CF 01;  クインテットウォール : %d/%d枚
ai/036.bin;0xE598;51 5B 2F 06;ヘキサゴナル・メイガス
ai/036.bin;0xE598;18 51 8C 06;深淵の海賊王 ブルーハート
ai/036.bin;0xE598;DD 9F CC 07;蒼嵐竜 メイルストローム
ai/036.bin;0xE598;8D 9F AA 08;  シールドの要求値 : 
ai/036.bin;0xE598;58 E5 C7 09;海賊麗人 ピノ・ブラン
ai/036.bin;0xE598;76 AE E0 09;ドラゴニック・オーバーロード “The Яe-birth”
ai/036.bin;0xE598;02 DC 8B 0D;モーント・ブラウクリューガー
ai/036.bin;0xE598;B1 2D 5D 0E;  対象のパワー : %d(%d)%s
ai/036.bin;0xE598;24 A1 3B 11;ライジング・ライオネット
ai/036.bin;0xE598;CA 98 65 11;神界獣 フェンリル
ai/036.bin;0xE598;2F 96 22 12;ダンシング・ウルフ
ai/036.bin;0xE598;2F CE 1C 13;花占いの女神 サクヤ
ai/036.bin;0xE598;9F 3C 4E 15; + %d
ai/036.bin;0xE598;26 7B 30 1A;ネコ執事
ai/036.bin;0xE598;8D 20 89 1A;AI未設定 : %s %d
ai/036.bin;0xE598;A8 AD 73 1C;スケルトンの見張り番
ai/036.bin;0xE598;49 58 50 21;次元ロボ ダイジェット
ai/036.bin;0xE598;8E BC BB 21;  シールドの目標値 : 
ai/036.bin;0xE598;50 41 74 23;希望の子 トゥルエル
ai/036.bin;0xE598;39 5F 97 27;新鋭の騎士 ダヴィド
ai/036.bin;0xE598;BE 51 F9 27;餓竜 バトルレックス
ai/036.bin;0xE598;F7 2E E0 29;～%d
ai/036.bin;0xE598;A6 8F 2A 2A;喧嘩屋 ファイティング・ドラコキッド
ai/036.bin;0xE598;44 62 0C 2D;無音の射手 コンダクタンス
ai/036.bin;0xE598;14 30 63 2D;!!!! AI ERROR !!!!\n  
ai/036.bin;0xE598;EE 81 9E 32;豪腕拿捕の巨人兵
ai/036.bin;0xE598;C5 4D EE 32;ブラスター・ダーク “Diablo”
ai/036.bin;0xE598;F1 28 16 33;枚しか選んでいない
ai/036.bin;0xE598;BC 1F 35 33;  ブースター : %s
ai/036.bin;0xE598;0F 00 54 35;ナイトスピリット
ai/036.bin;0xE598;B8 BC F2 37;伏魔忍鬼 カガミジシ
ai/036.bin;0xE598;6E 42 D6 38;AI(%d) : アタック情報
ai/036.bin;0xE598;B3 AD 45 3A;ブラスター
ai/036.bin;0xE598;03 D4 54 45; ヒットされない
ai/036.bin;0xE598;2D 3A A7 45;AI(%d) : ガードステップ情報
ai/036.bin;0xE598;2C A5 7B 4D;枚選択する必要があるが、
ai/036.bin;0xE598;79 FE 51 4F;案内するゾンビ
ai/036.bin;0xE598;09 4B 82 4F;悲しき銃声 ナイトフレア
ai/036.bin;0xE598;9F A5 E0 4F;ＣＥＯ アマテラス
ai/036.bin;0xE598;3A D0 5B 51;メッチャバトラー ビクトール
ai/036.bin;0xE598;A6 11 33 52;暗黒竜 ファントム・ブラスター “Diablo”
ai/036.bin;0xE598;3C E0 6F 55;ドラゴニック・オーバーロード
ai/036.bin;0xE598;DE C1 45 56;解放者
ai/036.bin;0xE598;97 A3 11 57;剣豪 ナイトストーム
ai/036.bin;0xE598;F7 6D 78 57;スタンプ・ラッコ
ai/036.bin;0xE598;43 19 C1 59;海賊貴公子 ピノ・ノワール
ai/036.bin;0xE598;C5 AF 0D 60;真紅の伝承 メタトロン
ai/036.bin;0xE598;C0 C3 D3 61;腐蝕竜 コラプトドラゴン
ai/036.bin;0xE598;47 87 68 63;AI(%d) : 思考時間 %.3f秒 (行動カテゴリ:%d)
ai/036.bin;0xE598;55 C8 81 63;  完全ガード : %d/%d枚
ai/036.bin;0xE598;CE AB C7 63;演奏するゾンビ
ai/036.bin;0xE598;42 D7 DA 63;  ガーディアン候補
ai/036.bin;0xE598;33 8E E7 69;Duo 理想の妹 メーア
ai/036.bin;0xE598;E8 83 60 6B;デアデビル・サムラーイ
ai/036.bin;0xE598;4B D4 AE 6B;  合計シールド : 
ai/036.bin;0xE598;DC 4C 2C 6E;立春の花乙姫 プリマヴェーラ
ai/036.bin;0xE598;11 E8 1D 70;神託の女王 ヒミコ
ai/036.bin;0xE598;E4 FB 3C 72;蒼嵐候補生 アノス
ai/036.bin;0xE598;29 EF C2 73;  対象(%d) : %s
ai/036.bin;0xE598;48 F9 B9 74;デッドリーナイトメア
ai/036.bin;0xE598;25 E4 9A 76;死海の呪術士 ネグロボルト 
ai/036.bin;0xE598;09 BC 06 79;突風のジン
ai/036.bin;0xE598;7C 3A 8B 81;解放者 バーニング・ブロー
ai/036.bin;0xE598;DA 63 6D 85;次元ロボ ダイブレイブ
ai/036.bin;0xE598;46 DE 4B 88;ダークメタル・ドラゴン
ai/036.bin;0xE598;BD FD C7 89;伊達男 ロマリオ
ai/036.bin;0xE598;6A D5 6E 8A;カタナライザー
ai/036.bin;0xE598;A0 D8 63 8D;大宇宙勇機 グランギャロップ
ai/036.bin;0xE598;1F 10 24 8F;上
ai/036.bin;0xE598;6C E6 93 8F;真黒の賢者 カロン
ai/036.bin;0xE598;BB E2 E9 90;永劫不敗 アシュラ・カイザー
ai/036.bin;0xE598;E1 26 37 94;魔竜戦鬼 チャトゥラ
ai/036.bin;0xE598;6A 0F 95 94;  アタッカーのパワー : %d(%d)
ai/036.bin;0xE598;7F BB 35 95;覇天皇竜 ドラゴニック・オーバーロード “The Ace”
ai/036.bin;0xE598;0C DD 47 9B;バトルシスター ぱるふぇ
ai/036.bin;0xE598;1A 2D D2 9C;マイスガード フォーマルハウト
ai/036.bin;0xE598;69 08 3B A2;蒼波竜 テトラドライブ・ドラゴン
ai/036.bin;0xE598;F1 51 AA A2;スチームファイター バリフ
ai/036.bin;0xE598;A4 F3 D7 A7;  アタッカーのクリティカル : %d
ai/036.bin;0xE598;BD FD F6 A7;メチャバトラー ランボール
ai/036.bin;0xE598;24 60 5C A9;不死竜 グールドラゴン
ai/036.bin;0xE598;9F 77 42 AC;フレアウィップ・ドラゴン
ai/036.bin;0xE598;39 6A 36 B5;超鋼闘機 ヘヴィデューク
ai/036.bin;0xE598;F7 48 21 B9;ドラゴンナイト ジャラール
ai/036.bin;0xE598;E0 8F 69 B9;クリービング・シェイド
ai/036.bin;0xE598;88 EF 6D BC;イニグマン・トルネード
ai/036.bin;0xE598;ED F8 CC BD;ファイナル・レンチ
ai/036.bin;0xE598;11 9F 48 BE;修羅忍竜 ダラニコンゴウ
ai/036.bin;0xE598;F2 07 F6 C0;ドクター・ルージュ
ai/036.bin;0xE598;CF AA 4F C1;煉獄竜 ドラゴニック・ネオフレイム
ai/036.bin;0xE598;7C 17 CE C1;ラナンキュラスの花乙女 アーシャ
ai/036.bin;0xE598;15 6E A2 C8;ウィステリアナイト
ai/036.bin;0xE598;AB 51 A7 CB;AI(%d) : レシピ (フラグ:%08x)
ai/036.bin;0xE598;D7 DA C1 D6;AI(%d) : 思考開始 (行動カテゴリ:%d)
ai/036.bin;0xE598;7C 46 0A D9;忍竜 ドレッドマスター
ai/036.bin;0xE598;6B 1D DB DC;マシニング・モスキート mkⅡ
ai/036.bin;0xE598;69 E8 61 E1;オーバーロード
ai/036.bin;0xE598;7D 1F 65 E6;獣神 ナイトジャッカル
ai/036.bin;0xE598;57 CD 2E E8;    
ai/036.bin;0xE598;CC 1A C6 E8;AI未設定 : attrib = %s
ai/036.bin;0xE598;39 17 8B F0;星空の解放者 ギネヴィア
ai/036.bin;0xE598;4B 16 BE F0;鋭気の騎士 エクター
ai/036.bin;0xE598;BF 43 2B F1;  アタッカー : %s
ai/036.bin;0xE598;E8 BA 47 F1;海中散歩のバンシー
ai/036.bin;0xE598;27 25 50 F1;ベアダウン・サムラーイ
ai/036.bin;0xE598;DD 75 B6 F6;スケルトンの剣士
ai/036.bin;0xE598;FC B0 EB F6;清めの神器 ピュア・エンジェル
ai/036.bin;0xE598;89 20 23 F8;下
ai/036.bin;0xE598;DD 4C B3 F8;ターン開始 AI(%d)
ai/037.bin;0xE564;DC A5 CF 01;  クインテットウォール : %d/%d枚
ai/037.bin;0xE564;51 5B 2F 06;ヘキサゴナル・メイガス
ai/037.bin;0xE564;DD 9F CC 07;蒼嵐竜 メイルストローム
ai/037.bin;0xE564;8D 9F AA 08;  シールドの要求値 : 
ai/037.bin;0xE564;76 AE E0 09;ドラゴニック・オーバーロード “The Яe-birth”
ai/037.bin;0xE564;02 DC 8B 0D;モーント・ブラウクリューガー
ai/037.bin;0xE564;B1 2D 5D 0E;  対象のパワー : %d(%d)%s
ai/037.bin;0xE564;24 A1 3B 11;ライジング・ライオネット
ai/037.bin;0xE564;CA 98 65 11;神界獣 フェンリル
ai/037.bin;0xE564;9B 9E 1A 12;ロングホーン・ハンター
ai/037.bin;0xE564;2F 96 22 12;ダンシング・ウルフ
ai/037.bin;0xE564;2F CE 1C 13;花占いの女神 サクヤ
ai/037.bin;0xE564;9F 3C 4E 15; + %d
ai/037.bin;0xE564;26 7B 30 1A;ネコ執事
ai/037.bin;0xE564;8D 20 89 1A;AI未設定 : %s %d
ai/037.bin;0xE564;76 34 FC 1C;アウェイキング・ドラゴンフライ
ai/037.bin;0xE564;49 58 50 21;次元ロボ ダイジェット
ai/037.bin;0xE564;8E BC BB 21;  シールドの目標値 : 
ai/037.bin;0xE564;50 41 74 23;希望の子 トゥルエル
ai/037.bin;0xE564;24 33 93 27;少年幹部 クライムバグ
ai/037.bin;0xE564;39 5F 97 27;新鋭の騎士 ダヴィド
ai/037.bin;0xE564;BE 51 F9 27;餓竜 バトルレックス
ai/037.bin;0xE564;F7 2E E0 29;～%d
ai/037.bin;0xE564;A6 8F 2A 2A;喧嘩屋 ファイティング・ドラコキッド
ai/037.bin;0xE564;5B 5B C6 2C;シェルタービートル
ai/037.bin;0xE564;44 62 0C 2D;無音の射手 コンダクタンス
ai/037.bin;0xE564;14 30 63 2D;!!!! AI ERROR !!!!\n  
ai/037.bin;0xE564;EE 81 9E 32;豪腕拿捕の巨人兵
ai/037.bin;0xE564;A6 D1 D7 32;毒槍怪神 パラスピアー
ai/037.bin;0xE564;C5 4D EE 32;ブラスター・ダーク “Diablo”
ai/037.bin;0xE564;F1 28 16 33;枚しか選んでいない
ai/037.bin;0xE564;BC 1F 35 33;  ブースター : %s
ai/037.bin;0xE564;FF F1 69 34;レイダー・マンティス
ai/037.bin;0xE564;B8 BC F2 37;伏魔忍鬼 カガミジシ
ai/037.bin;0xE564;6E 42 D6 38;AI(%d) : アタック情報
ai/037.bin;0xE564;B3 AD 45 3A;ブラスター
ai/037.bin;0xE564;CE E5 68 3E;マシニング・モスキート
ai/037.bin;0xE564;03 D4 54 45; ヒットされない
ai/037.bin;0xE564;2D 3A A7 45;AI(%d) : ガードステップ情報
ai/037.bin;0xE564;2C A5 7B 4D;枚選択する必要があるが、
ai/037.bin;0xE564;9F A5 E0 4F;ＣＥＯ アマテラス
ai/037.bin;0xE564;3A D0 5B 51;メッチャバトラー ビクトール
ai/037.bin;0xE564;A6 11 33 52;暗黒竜 ファントム・ブラスター “Diablo”
ai/037.bin;0xE564;3C E0 6F 55;ドラゴニック・オーバーロード
ai/037.bin;0xE564;DE C1 45 56;解放者
ai/037.bin;0xE564;F7 6D 78 57;スタンプ・ラッコ
ai/037.bin;0xE564;29 DB 5A 5E;バスター・マンティス
ai/037.bin;0xE564;C5 AF 0D 60;真紅の伝承 メタトロン
ai/037.bin;0xE564;4D BA CF 62;シザー・フィンガー
ai/037.bin;0xE564;47 87 68 63;AI(%d) : 思考時間 %.3f秒 (行動カテゴリ:%d)
ai/037.bin;0xE564;55 C8 81 63;  完全ガード : %d/%d枚
ai/037.bin;0xE564;42 D7 DA 63;  ガーディアン候補
ai/037.bin;0xE564;4A 26 B1 64;ファントム・ブラック
ai/037.bin;0xE564;33 8E E7 69;Duo 理想の妹 メーア
ai/037.bin;0xE564;E8 83 60 6B;デアデビル・サムラーイ
ai/037.bin;0xE564;4B D4 AE 6B;  合計シールド : 
ai/037.bin;0xE564;DC 4C 2C 6E;立春の花乙姫 プリマヴェーラ
ai/037.bin;0xE564;11 E8 1D 70;神託の女王 ヒミコ
ai/037.bin;0xE564;E4 FB 3C 72;蒼嵐候補生 アノス
ai/037.bin;0xE564;29 EF C2 73;  対象(%d) : %s
ai/037.bin;0xE564;70 F8 2D 74;マシニング・ボンビックス
ai/037.bin;0xE564;B9 47 2C 79;魅了怪人 スイートカクテル
ai/037.bin;0xE564;7C 3A 8B 81;解放者 バーニング・ブロー
ai/037.bin;0xE564;DA 63 6D 85;次元ロボ ダイブレイブ
ai/037.bin;0xE564;46 DE 4B 88;ダークメタル・ドラゴン
ai/037.bin;0xE564;2D B3 B5 89;鉄拳怪人 ロリーポリー
ai/037.bin;0xE564;6A D5 6E 8A;カタナライザー
ai/037.bin;0xE564;08 6E C6 8B;カルマ・クイーン
ai/037.bin;0xE564;6E 8A 8F 8C;ブラッディ・ヘラクレス
ai/037.bin;0xE564;A0 D8 63 8D;大宇宙勇機 グランギャロップ
ai/037.bin;0xE564;1F 10 24 8F;上
ai/037.bin;0xE564;6C E6 93 8F;真黒の賢者 カロン
ai/037.bin;0xE564;BB E2 E9 90;永劫不敗 アシュラ・カイザー
ai/037.bin;0xE564;E1 26 37 94;魔竜戦鬼 チャトゥラ
ai/037.bin;0xE564;6A 0F 95 94;  アタッカーのパワー : %d(%d)
ai/037.bin;0xE564;7F BB 35 95;覇天皇竜 ドラゴニック・オーバーロード “The Ace”
ai/037.bin;0xE564;0C DD 47 9B;バトルシスター ぱるふぇ
ai/037.bin;0xE564;1A 2D D2 9C;マイスガード フォーマルハウト
ai/037.bin;0xE564;69 08 3B A2;蒼波竜 テトラドライブ・ドラゴン
ai/037.bin;0xE564;F1 51 AA A2;スチームファイター バリフ
ai/037.bin;0xE564;A4 F3 D7 A7;  アタッカーのクリティカル : %d
ai/037.bin;0xE564;BD FD F6 A7;メチャバトラー ランボール
ai/037.bin;0xE564;9F 77 42 AC;フレアウィップ・ドラゴン
ai/037.bin;0xE564;26 76 4F B1;アース・ドリーマー
ai/037.bin;0xE564;39 6A 36 B5;超鋼闘機 ヘヴィデューク
ai/037.bin;0xE564;F7 48 21 B9;ドラゴンナイト ジャラール
ai/037.bin;0xE564;00 3B FE BA;マスター・フロード
ai/037.bin;0xE564;88 EF 6D BC;イニグマン・トルネード
ai/037.bin;0xE564;ED F8 CC BD;ファイナル・レンチ
ai/037.bin;0xE564;11 9F 48 BE;修羅忍竜 ダラニコンゴウ
ai/037.bin;0xE564;CF AA 4F C1;煉獄竜 ドラゴニック・ネオフレイム
ai/037.bin;0xE564;7C 17 CE C1;ラナンキュラスの花乙女 アーシャ
ai/037.bin;0xE564;15 6E A2 C8;ウィステリアナイト
ai/037.bin;0xE564;AB 51 A7 CB;AI(%d) : レシピ (フラグ:%08x)
ai/037.bin;0xE564;72 40 A8 D2;妖艶なる幹部 レディ・バタフライ
ai/037.bin;0xE564;D7 DA C1 D6;AI(%d) : 思考開始 (行動カテゴリ:%d)
ai/037.bin;0xE564;7C 46 0A D9;忍竜 ドレッドマスター
ai/037.bin;0xE564;6B 1D DB DC;マシニング・モスキート mkⅡ
ai/037.bin;0xE564;D4 34 D2 DF;パラライズ・マドンナ
ai/037.bin;0xE564;69 E8 61 E1;オーバーロード
ai/037.bin;0xE564;7D 1F 65 E6;獣神 ナイトジャッカル
ai/037.bin;0xE564;57 CD 2E E8;    
ai/037.bin;0xE564;CC 1A C6 E8;AI未設定 : attrib = %s
ai/037.bin;0xE564;39 17 8B F0;星空の解放者 ギネヴィア
ai/037.bin;0xE564;4B 16 BE F0;鋭気の騎士 エクター
ai/037.bin;0xE564;BF 43 2B F1;  アタッカー : %s
ai/037.bin;0xE564;27 25 50 F1;ベアダウン・サムラーイ
ai/037.bin;0xE564;FC B0 EB F6;清めの神器 ピュア・エンジェル
ai/037.bin;0xE564;89 20 23 F8;下
ai/037.bin;0xE564;DD 4C B3 F8;ターン開始 AI(%d)
ai/038.bin;0xE566;DC A5 CF 01;  クインテットウォール : %d/%d枚
ai/038.bin;0xE566;51 5B 2F 06;ヘキサゴナル・メイガス
ai/038.bin;0xE566;DD 9F CC 07;蒼嵐竜 メイルストローム
ai/038.bin;0xE566;8D 9F AA 08;  シールドの要求値 : 
ai/038.bin;0xE566;76 AE E0 09;ドラゴニック・オーバーロード “The Яe-birth”
ai/038.bin;0xE566;37 3D 66 0B;ジオグラフ・ジャイアント
ai/038.bin;0xE566;02 DC 8B 0D;モーント・ブラウクリューガー
ai/038.bin;0xE566;B1 2D 5D 0E;  対象のパワー : %d(%d)%s
ai/038.bin;0xE566;24 A1 3B 11;ライジング・ライオネット
ai/038.bin;0xE566;CA 98 65 11;神界獣 フェンリル
ai/038.bin;0xE566;2F 96 22 12;ダンシング・ウルフ
ai/038.bin;0xE566;2F CE 1C 13;花占いの女神 サクヤ
ai/038.bin;0xE566;C0 B3 B0 13;マリシャス・サーベル
ai/038.bin;0xE566;9F 3C 4E 15; + %d
ai/038.bin;0xE566;26 7B 30 1A;ネコ執事
ai/038.bin;0xE566;8D 20 89 1A;AI未設定 : %s %d
ai/038.bin;0xE566;A1 09 AD 1A;ぐるぐるダックビル
ai/038.bin;0xE566;50 80 48 21;マグネット・クロコダイル
ai/038.bin;0xE566;49 58 50 21;次元ロボ ダイジェット
ai/038.bin;0xE566;8E BC BB 21;  シールドの目標値 : 
ai/038.bin;0xE566;50 41 74 23;希望の子 トゥルエル
ai/038.bin;0xE566;DE C4 80 24;アバカス・ベア
ai/038.bin;0xE566;39 5F 97 27;新鋭の騎士 ダヴィド
ai/038.bin;0xE566;BE 51 F9 27;餓竜 バトルレックス
ai/038.bin;0xE566;F7 2E E0 29;～%d
ai/038.bin;0xE566;A6 8F 2A 2A;喧嘩屋 ファイティング・ドラコキッド
ai/038.bin;0xE566;44 62 0C 2D;無音の射手 コンダクタンス
ai/038.bin;0xE566;14 30 63 2D;!!!! AI ERROR !!!!\n  
ai/038.bin;0xE566;EE 81 9E 32;豪腕拿捕の巨人兵
ai/038.bin;0xE566;C5 4D EE 32;ブラスター・ダーク “Diablo”
ai/038.bin;0xE566;F1 28 16 33;枚しか選んでいない
ai/038.bin;0xE566;BC 1F 35 33;  ブースター : %s
ai/038.bin;0xE566;CF 8D 54 36;招運キャット
ai/038.bin;0xE566;B8 BC F2 37;伏魔忍鬼 カガミジシ
ai/038.bin;0xE566;6E 42 D6 38;AI(%d) : アタック情報
ai/038.bin;0xE566;B3 AD 45 3A;ブラスター
ai/038.bin;0xE566;03 D4 54 45; ヒットされない
ai/038.bin;0xE566;2D 3A A7 45;AI(%d) : ガードステップ情報
ai/038.bin;0xE566;2C A5 7B 4D;枚選択する必要があるが、
ai/038.bin;0xE566;9F A5 E0 4F;ＣＥＯ アマテラス
ai/038.bin;0xE566;3A D0 5B 51;メッチャバトラー ビクトール
ai/038.bin;0xE566;A6 11 33 52;暗黒竜 ファントム・ブラスター “Diablo”
ai/038.bin;0xE566;EE D3 92 52;グローブ・アルマジロ
ai/038.bin;0xE566;3C E0 6F 55;ドラゴニック・オーバーロード
ai/038.bin;0xE566;DE C1 45 56;解放者
ai/038.bin;0xE566;F7 6D 78 57;スタンプ・ラッコ
ai/038.bin;0xE566;C5 AF 0D 60;真紅の伝承 メタトロン
ai/038.bin;0xE566;47 87 68 63;AI(%d) : 思考時間 %.3f秒 (行動カテゴリ:%d)
ai/038.bin;0xE566;55 C8 81 63;  完全ガード : %d/%d枚
ai/038.bin;0xE566;42 D7 DA 63;  ガーディアン候補
ai/038.bin;0xE566;33 8E E7 69;Duo 理想の妹 メーア
ai/038.bin;0xE566;E8 83 60 6B;デアデビル・サムラーイ
ai/038.bin;0xE566;4B D4 AE 6B;  合計シールド : 
ai/038.bin;0xE566;DC 4C 2C 6E;立春の花乙姫 プリマヴェーラ
ai/038.bin;0xE566;11 E8 1D 70;神託の女王 ヒミコ
ai/038.bin;0xE566;D5 C5 CA 70;モヒカン・ハイエナ
ai/038.bin;0xE566;73 DB 90 71;モノキュラス・タイガー
ai/038.bin;0xE566;E4 FB 3C 72;蒼嵐候補生 アノス
ai/038.bin;0xE566;29 EF C2 73;  対象(%d) : %s
ai/038.bin;0xE566;7C 3A 8B 81;解放者 バーニング・ブロー
ai/038.bin;0xE566;F5 A4 68 85;セットスクエア・ペンギン
ai/038.bin;0xE566;DA 63 6D 85;次元ロボ ダイブレイブ
ai/038.bin;0xE566;46 DE 4B 88;ダークメタル・ドラゴン
ai/038.bin;0xE566;6A D5 6E 8A;カタナライザー
ai/038.bin;0xE566;A0 D8 63 8D;大宇宙勇機 グランギャロップ
ai/038.bin;0xE566;1F 10 24 8F;上
ai/038.bin;0xE566;6C E6 93 8F;真黒の賢者 カロン
ai/038.bin;0xE566;BB E2 E9 90;永劫不敗 アシュラ・カイザー
ai/038.bin;0xE566;E1 26 37 94;魔竜戦鬼 チャトゥラ
ai/038.bin;0xE566;6A 0F 95 94;  アタッカーのパワー : %d(%d)
ai/038.bin;0xE566;7F BB 35 95;覇天皇竜 ドラゴニック・オーバーロード “The Ace”
ai/038.bin;0xE566;A3 9B F6 96;矛盾教官 タスク・マスター
ai/038.bin;0xE566;0C DD 47 9B;バトルシスター ぱるふぇ
ai/038.bin;0xE566;1A 2D D2 9C;マイスガード フォーマルハウト
ai/038.bin;0xE566;69 08 3B A2;蒼波竜 テトラドライブ・ドラゴン
ai/038.bin;0xE566;F1 51 AA A2;スチームファイター バリフ
ai/038.bin;0xE566;A4 F3 D7 A7;  アタッカーのクリティカル : %d
ai/038.bin;0xE566;BD FD F6 A7;メチャバトラー ランボール
ai/038.bin;0xE566;9F 77 42 AC;フレアウィップ・ドラゴン
ai/038.bin;0xE566;CD DE B4 AE;ケーブル・シープ
ai/038.bin;0xE566;39 6A 36 B5;超鋼闘機 ヘヴィデューク
ai/038.bin;0xE566;F7 48 21 B9;ドラゴンナイト ジャラール
ai/038.bin;0xE566;22 07 9A BB;カスタネット・ドンキー
ai/038.bin;0xE566;88 EF 6D BC;イニグマン・トルネード
ai/038.bin;0xE566;ED F8 CC BD;ファイナル・レンチ
ai/038.bin;0xE566;11 9F 48 BE;修羅忍竜 ダラニコンゴウ
ai/038.bin;0xE566;CF AA 4F C1;煉獄竜 ドラゴニック・ネオフレイム
ai/038.bin;0xE566;7C 17 CE C1;ラナンキュラスの花乙女 アーシャ
ai/038.bin;0xE566;15 6E A2 C8;ウィステリアナイト
ai/038.bin;0xE566;AB 51 A7 CB;AI(%d) : レシピ (フラグ:%08x)
ai/038.bin;0xE566;FD 1C 6B D1;永世教授 フェニキアクス
ai/038.bin;0xE566;D7 DA C1 D6;AI(%d) : 思考開始 (行動カテゴリ:%d)
ai/038.bin;0xE566;7C 46 0A D9;忍竜 ドレッドマスター
ai/038.bin;0xE566;6B 1D DB DC;マシニング・モスキート mkⅡ
ai/038.bin;0xE566;69 E8 61 E1;オーバーロード
ai/038.bin;0xE566;7D 1F 65 E6;獣神 ナイトジャッカル
ai/038.bin;0xE566;57 CD 2E E8;    
ai/038.bin;0xE566;CC 1A C6 E8;AI未設定 : attrib = %s
ai/038.bin;0xE566;A1 E1 39 EA;ディクショナリー・ゴート
ai/038.bin;0xE566;39 17 8B F0;星空の解放者 ギネヴィア
ai/038.bin;0xE566;4B 16 BE F0;鋭気の騎士 エクター
ai/038.bin;0xE566;BF 43 2B F1;  アタッカー : %s
ai/038.bin;0xE566;27 25 50 F1;ベアダウン・サムラーイ
ai/038.bin;0xE566;FC B0 EB F6;清めの神器 ピュア・エンジェル
ai/038.bin;0xE566;89 20 23 F8;下
ai/038.bin;0xE566;5F AA 85 F8;ペンシル・コアラ
ai/038.bin;0xE566;DD 4C B3 F8;ターン開始 AI(%d)
ai/038.bin;0xE566;E3 9C 69 F9;アラーム・チキン
ai/038.bin;0xE566;F8 57 6C FB;トライアングル・コブラ
ai/038.bin;0xE566;1A 64 B5 FD;シルバー・ウルフ
ai/039.bin;0xE6D1;34 53 5F 00;湖の巫女 リアン
ai/039.bin;0xE6D1;DC A5 CF 01;  クインテットウォール : %d/%d枚
ai/039.bin;0xE6D1;51 5B 2F 06;ヘキサゴナル・メイガス
ai/039.bin;0xE6D1;DD 9F CC 07;蒼嵐竜 メイルストローム
ai/039.bin;0xE6D1;8D 9F AA 08;  シールドの要求値 : 
ai/039.bin;0xE6D1;76 AE E0 09;ドラゴニック・オーバーロード “The Яe-birth”
ai/039.bin;0xE6D1;02 DC 8B 0D;モーント・ブラウクリューガー
ai/039.bin;0xE6D1;B1 2D 5D 0E;  対象のパワー : %d(%d)%s
ai/039.bin;0xE6D1;24 A1 3B 11;ライジング・ライオネット
ai/039.bin;0xE6D1;CA 98 65 11;神界獣 フェンリル
ai/039.bin;0xE6D1;2F 96 22 12;ダンシング・ウルフ
ai/039.bin;0xE6D1;2F CE 1C 13;花占いの女神 サクヤ
ai/039.bin;0xE6D1;9F 3C 4E 15; + %d
ai/039.bin;0xE6D1;26 7B 30 1A;ネコ執事
ai/039.bin;0xE6D1;8D 20 89 1A;AI未設定 : %s %d
ai/039.bin;0xE6D1;C0 17 EB 1D;マジェスティ・ロードブラスター
ai/039.bin;0xE6D1;49 58 50 21;次元ロボ ダイジェット
ai/039.bin;0xE6D1;8E BC BB 21;  シールドの目標値 : 
ai/039.bin;0xE6D1;00 8C ED 21;みるびる
ai/039.bin;0xE6D1;50 41 74 23;希望の子 トゥルエル
ai/039.bin;0xE6D1;39 5F 97 27;新鋭の騎士 ダヴィド
ai/039.bin;0xE6D1;BE 51 F9 27;餓竜 バトルレックス
ai/039.bin;0xE6D1;F7 2E E0 29;～%d
ai/039.bin;0xE6D1;A6 8F 2A 2A;喧嘩屋 ファイティング・ドラコキッド
ai/039.bin;0xE6D1;CC 14 9E 2B;世界樹の巫女 エレイン
ai/039.bin;0xE6D1;44 62 0C 2D;無音の射手 コンダクタンス
ai/039.bin;0xE6D1;14 30 63 2D;!!!! AI ERROR !!!!\n  
ai/039.bin;0xE6D1;0D 0A F2 2D;サンクチュアリガード・ドラゴン
ai/039.bin;0xE6D1;EE 81 9E 32;豪腕拿捕の巨人兵
ai/039.bin;0xE6D1;C5 4D EE 32;ブラスター・ダーク “Diablo”
ai/039.bin;0xE6D1;F1 28 16 33;枚しか選んでいない
ai/039.bin;0xE6D1;BC 1F 35 33;  ブースター : %s
ai/039.bin;0xE6D1;B8 BC F2 37;伏魔忍鬼 カガミジシ
ai/039.bin;0xE6D1;6E 42 D6 38;AI(%d) : アタック情報
ai/039.bin;0xE6D1;B3 AD 45 3A;ブラスター
ai/039.bin;0xE6D1;B4 6A F1 3A;決意の騎士 ラモラック
ai/039.bin;0xE6D1;03 D4 54 45; ヒットされない
ai/039.bin;0xE6D1;2D 3A A7 45;AI(%d) : ガードステップ情報
ai/039.bin;0xE6D1;2C A5 7B 4D;枚選択する必要があるが、
ai/039.bin;0xE6D1;9F A5 E0 4F;ＣＥＯ アマテラス
ai/039.bin;0xE6D1;3A D0 5B 51;メッチャバトラー ビクトール
ai/039.bin;0xE6D1;A6 11 33 52;暗黒竜 ファントム・ブラスター “Diablo”
ai/039.bin;0xE6D1;3C E0 6F 55;ドラゴニック・オーバーロード
ai/039.bin;0xE6D1;DE C1 45 56;解放者
ai/039.bin;0xE6D1;F7 6D 78 57;スタンプ・ラッコ
ai/039.bin;0xE6D1;83 CB 0C 5A;真理の騎士 ゴードン
ai/039.bin;0xE6D1;C5 AF 0D 60;真紅の伝承 メタトロン
ai/039.bin;0xE6D1;52 A3 4C 62;悲愴の宝石騎士 オウェイン
ai/039.bin;0xE6D1;75 87 53 62;変革の騎士 ラディナス
ai/039.bin;0xE6D1;47 87 68 63;AI(%d) : 思考時間 %.3f秒 (行動カテゴリ:%d)
ai/039.bin;0xE6D1;55 C8 81 63;  完全ガード : %d/%d枚
ai/039.bin;0xE6D1;42 D7 DA 63;  ガーディアン候補
ai/039.bin;0xE6D1;33 8E E7 69;Duo 理想の妹 メーア
ai/039.bin;0xE6D1;E8 83 60 6B;デアデビル・サムラーイ
ai/039.bin;0xE6D1;4B D4 AE 6B;  合計シールド : 
ai/039.bin;0xE6D1;DC 4C 2C 6E;立春の花乙姫 プリマヴェーラ
ai/039.bin;0xE6D1;11 E8 1D 70;神託の女王 ヒミコ
ai/039.bin;0xE6D1;E4 FB 3C 72;蒼嵐候補生 アノス
ai/039.bin;0xE6D1;29 EF C2 73;  対象(%d) : %s
ai/039.bin;0xE6D1;0F DA 93 75;武器商人 ゴヴァノン
ai/039.bin;0xE6D1;6E C1 EE 75;小さな賢者 マロン
ai/039.bin;0xE6D1;F4 63 84 7A;れんどがる
ai/039.bin;0xE6D1;5A 1C 38 7C;宝石騎士 ぷりずみー
ai/039.bin;0xE6D1;7C 3A 8B 81;解放者 バーニング・ブロー
ai/039.bin;0xE6D1;E1 95 2F 85;聖棍の探索者 オクタウィウス
ai/039.bin;0xE6D1;41 F6 63 85;虹を呼ぶ吟遊詩人
ai/039.bin;0xE6D1;DA 63 6D 85;次元ロボ ダイブレイブ
ai/039.bin;0xE6D1;C6 59 9B 86;ふろうがる
ai/039.bin;0xE6D1;46 DE 4B 88;ダークメタル・ドラゴン
ai/039.bin;0xE6D1;6A D5 6E 8A;カタナライザー
ai/039.bin;0xE6D1;C5 9E 13 8B;始まりの伝説 アンブロシウス
ai/039.bin;0xE6D1;A0 D8 63 8D;大宇宙勇機 グランギャロップ
ai/039.bin;0xE6D1;1F 10 24 8F;上
ai/039.bin;0xE6D1;6C E6 93 8F;真黒の賢者 カロン
ai/039.bin;0xE6D1;BB E2 E9 90;永劫不敗 アシュラ・カイザー
ai/039.bin;0xE6D1;E1 26 37 94;魔竜戦鬼 チャトゥラ
ai/039.bin;0xE6D1;6A 0F 95 94;  アタッカーのパワー : %d(%d)
ai/039.bin;0xE6D1;7F BB 35 95;覇天皇竜 ドラゴニック・オーバーロード “The Ace”
ai/039.bin;0xE6D1;0C DD 47 9B;バトルシスター ぱるふぇ
ai/039.bin;0xE6D1;1A 2D D2 9C;マイスガード フォーマルハウト
ai/039.bin;0xE6D1;69 08 3B A2;蒼波竜 テトラドライブ・ドラゴン
ai/039.bin;0xE6D1;F1 51 AA A2;スチームファイター バリフ
ai/039.bin;0xE6D1;A4 F3 D7 A7;  アタッカーのクリティカル : %d
ai/039.bin;0xE6D1;BD FD F6 A7;メチャバトラー ランボール
ai/039.bin;0xE6D1;51 89 4D A8;ディグニファイド・シルバー・ドラゴン
ai/039.bin;0xE6D1;9F 77 42 AC;フレアウィップ・ドラゴン
ai/039.bin;0xE6D1;39 6A 36 B5;超鋼闘機 ヘヴィデューク
ai/039.bin;0xE6D1;F7 48 21 B9;ドラゴンナイト ジャラール
ai/039.bin;0xE6D1;88 EF 6D BC;イニグマン・トルネード
ai/039.bin;0xE6D1;ED F8 CC BD;ファイナル・レンチ
ai/039.bin;0xE6D1;11 9F 48 BE;修羅忍竜 ダラニコンゴウ
ai/039.bin;0xE6D1;89 D1 5F BF;軍旗の騎士 コンスタンス
ai/039.bin;0xE6D1;CF AA 4F C1;煉獄竜 ドラゴニック・ネオフレイム
ai/039.bin;0xE6D1;7C 17 CE C1;ラナンキュラスの花乙女 アーシャ
ai/039.bin;0xE6D1;15 6E A2 C8;ウィステリアナイト
ai/039.bin;0xE6D1;AB 51 A7 CB;AI(%d) : レシピ (フラグ:%08x)
ai/039.bin;0xE6D1;9D 57 C2 D1;沈黙の騎士 ギャラティン
ai/039.bin;0xE6D1;D7 DA C1 D6;AI(%d) : 思考開始 (行動カテゴリ:%d)
ai/039.bin;0xE6D1;7C 46 0A D9;忍竜 ドレッドマスター
ai/039.bin;0xE6D1;E2 CC 7C D9;エクスカルペイト・ザ・ブラスター
ai/039.bin;0xE6D1;6B 1D DB DC;マシニング・モスキート mkⅡ
ai/039.bin;0xE6D1;AF 82 E7 DC;断罪の騎士 ボールス
ai/039.bin;0xE6D1;69 E8 61 E1;オーバーロード
ai/039.bin;0xE6D1;7D 1F 65 E6;獣神 ナイトジャッカル
ai/039.bin;0xE6D1;57 CD 2E E8;    
ai/039.bin;0xE6D1;9B 62 52 E8;哀悼の宝石騎士 ウリエン
ai/039.bin;0xE6D1;CC 1A C6 E8;AI未設定 : attrib = %s
ai/039.bin;0xE6D1;83 A0 BD E9;ぐりんがる・探索者
ai/039.bin;0xE6D1;39 17 8B F0;星空の解放者 ギネヴィア
ai/039.bin;0xE6D1;4B 16 BE F0;鋭気の騎士 エクター
ai/039.bin;0xE6D1;BF 43 2B F1;  アタッカー : %s
ai/039.bin;0xE6D1;27 25 50 F1;ベアダウン・サムラーイ
ai/039.bin;0xE6D1;FC B0 EB F6;清めの神器 ピュア・エンジェル
ai/039.bin;0xE6D1;89 20 23 F8;下
ai/039.bin;0xE6D1;DD 4C B3 F8;ターン開始 AI(%d)
ai/039.bin;0xE6D1;97 B0 A0 FB;幸運の運び手 エポナ
ai/040.bin;0xE78C;DC A5 CF 01;  クインテットウォール : %d/%d枚
ai/040.bin;0xE78C;51 5B 2F 06;ヘキサゴナル・メイガス
ai/040.bin;0xE78C;DD 9F CC 07;蒼嵐竜 メイルストローム
ai/040.bin;0xE78C;8D 9F AA 08;  シールドの要求値 : 
ai/040.bin;0xE78C;76 AE E0 09;ドラゴニック・オーバーロード “The Яe-birth”
ai/040.bin;0xE78C;02 DC 8B 0D;モーント・ブラウクリューガー
ai/040.bin;0xE78C;28 AF E8 0D;髑髏の魔女っ娘 ネヴァン
ai/040.bin;0xE78C;B1 2D 5D 0E;  対象のパワー : %d(%d)%s
ai/040.bin;0xE78C;24 A1 3B 11;ライジング・ライオネット
ai/040.bin;0xE78C;CA 98 65 11;神界獣 フェンリル
ai/040.bin;0xE78C;2F 96 22 12;ダンシング・ウルフ
ai/040.bin;0xE78C;2F CE 1C 13;花占いの女神 サクヤ
ai/040.bin;0xE78C;9F 3C 4E 15; + %d
ai/040.bin;0xE78C;26 7B 30 1A;ネコ執事
ai/040.bin;0xE78C;8D 20 89 1A;AI未設定 : %s %d
ai/040.bin;0xE78C;49 58 50 21;次元ロボ ダイジェット
ai/040.bin;0xE78C;8E BC BB 21;  シールドの目標値 : 
ai/040.bin;0xE78C;50 41 74 23;希望の子 トゥルエル
ai/040.bin;0xE78C;39 5F 97 27;新鋭の騎士 ダヴィド
ai/040.bin;0xE78C;BE 51 F9 27;餓竜 バトルレックス
ai/040.bin;0xE78C;F7 2E E0 29;～%d
ai/040.bin;0xE78C;A6 8F 2A 2A;喧嘩屋 ファイティング・ドラコキッド
ai/040.bin;0xE78C;44 62 0C 2D;無音の射手 コンダクタンス
ai/040.bin;0xE78C;14 30 63 2D;!!!! AI ERROR !!!!\n  
ai/040.bin;0xE78C;EE 81 9E 32;豪腕拿捕の巨人兵
ai/040.bin;0xE78C;C5 4D EE 32;ブラスター・ダーク “Diablo”
ai/040.bin;0xE78C;F1 28 16 33;枚しか選んでいない
ai/040.bin;0xE78C;BC 1F 35 33;  ブースター : %s
ai/040.bin;0xE78C;0F 84 8F 33;月光の魔女 ヴァハ
ai/040.bin;0xE78C;B8 BC F2 37;伏魔忍鬼 カガミジシ
ai/040.bin;0xE78C;6E 42 D6 38;AI(%d) : アタック情報
ai/040.bin;0xE78C;B3 AD 45 3A;ブラスター
ai/040.bin;0xE78C;C6 A9 14 3C;ダークハート・トランペッター
ai/040.bin;0xE78C;5F 07 F5 3E;選択の魔女 エリウ
ai/040.bin;0xE78C;1E 08 07 42;フルバウ・ブレイブ
ai/040.bin;0xE78C;2B 9E 47 42;秘薬の魔女 アリアンロッド
ai/040.bin;0xE78C;03 D4 54 45; ヒットされない
ai/040.bin;0xE78C;2D 3A A7 45;AI(%d) : ガードステップ情報
ai/040.bin;0xE78C;36 B3 0F 48;血戦の騎士 ドリン
ai/040.bin;0xE78C;2C A5 7B 4D;枚選択する必要があるが、
ai/040.bin;0xE78C;9F A5 E0 4F;ＣＥＯ アマテラス
ai/040.bin;0xE78C;3A D0 5B 51;メッチャバトラー ビクトール
ai/040.bin;0xE78C;A6 11 33 52;暗黒竜 ファントム・ブラスター “Diablo”
ai/040.bin;0xE78C;3C E0 6F 55;ドラゴニック・オーバーロード
ai/040.bin;0xE78C;DE C1 45 56;解放者
ai/040.bin;0xE78C;F7 6D 78 57;スタンプ・ラッコ
ai/040.bin;0xE78C;3C 63 E3 57;髑髏の魔女 ネヴァン
ai/040.bin;0xE78C;C5 AF 0D 60;真紅の伝承 メタトロン
ai/040.bin;0xE78C;47 87 68 63;AI(%d) : 思考時間 %.3f秒 (行動カテゴリ:%d)
ai/040.bin;0xE78C;55 C8 81 63;  完全ガード : %d/%d枚
ai/040.bin;0xE78C;42 D7 DA 63;  ガーディアン候補
ai/040.bin;0xE78C;E6 31 79 64;フラトバウ
ai/040.bin;0xE78C;33 8E E7 69;Duo 理想の妹 メーア
ai/040.bin;0xE78C;7C 70 E9 6A;闇夜の乙女 マーハ
ai/040.bin;0xE78C;9F 38 F4 6A;跳躍の騎士 リガン・ルミナ
ai/040.bin;0xE78C;15 8A 2F 6B;撃退者 ウーンデッド・エンジェル
ai/040.bin;0xE78C;E8 83 60 6B;デアデビル・サムラーイ
ai/040.bin;0xE78C;4B D4 AE 6B;  合計シールド : 
ai/040.bin;0xE78C;DC 4C 2C 6E;立春の花乙姫 プリマヴェーラ
ai/040.bin;0xE78C;11 E8 1D 70;神託の女王 ヒミコ
ai/040.bin;0xE78C;E4 FB 3C 72;蒼嵐候補生 アノス
ai/040.bin;0xE78C;29 EF C2 73;  対象(%d) : %s
ai/040.bin;0xE78C;ED 4F DD 74;ハウルオウル
ai/040.bin;0xE78C;7C 3A 8B 81;解放者 バーニング・ブロー
ai/040.bin;0xE78C;DA 63 6D 85;次元ロボ ダイブレイブ
ai/040.bin;0xE78C;46 DE 4B 88;ダークメタル・ドラゴン
ai/040.bin;0xE78C;6A D5 6E 8A;カタナライザー
ai/040.bin;0xE78C;A0 D8 63 8D;大宇宙勇機 グランギャロップ
ai/040.bin;0xE78C;1F 10 24 8F;上
ai/040.bin;0xE78C;6C E6 93 8F;真黒の賢者 カロン
ai/040.bin;0xE78C;A1 C5 55 90;暗黒大魔道士 バイヴ・カー
ai/040.bin;0xE78C;BB E2 E9 90;永劫不敗 アシュラ・カイザー
ai/040.bin;0xE78C;E1 26 37 94;魔竜戦鬼 チャトゥラ
ai/040.bin;0xE78C;6A 0F 95 94;  アタッカーのパワー : %d(%d)
ai/040.bin;0xE78C;7F BB 35 95;覇天皇竜 ドラゴニック・オーバーロード “The Ace”
ai/040.bin;0xE78C;0C DD 47 9B;バトルシスター ぱるふぇ
ai/040.bin;0xE78C;1A 2D D2 9C;マイスガード フォーマルハウト
ai/040.bin;0xE78C;69 08 3B A2;蒼波竜 テトラドライブ・ドラゴン
ai/040.bin;0xE78C;F1 51 AA A2;スチームファイター バリフ
ai/040.bin;0xE78C;A4 F3 D7 A7;  アタッカーのクリティカル : %d
ai/040.bin;0xE78C;BD FD F6 A7;メチャバトラー ランボール
ai/040.bin;0xE78C;9F 77 42 AC;フレアウィップ・ドラゴン
ai/040.bin;0xE78C;91 61 53 B2;外道の盾 マクリール
ai/040.bin;0xE78C;A3 70 B0 B3;撃退者 ブラッドマスター
ai/040.bin;0xE78C;39 6A 36 B5;超鋼闘機 ヘヴィデューク
ai/040.bin;0xE78C;F7 48 21 B9;ドラゴンナイト ジャラール
ai/040.bin;0xE78C;88 EF 6D BC;イニグマン・トルネード
ai/040.bin;0xE78C;ED F8 CC BD;ファイナル・レンチ
ai/040.bin;0xE78C;11 9F 48 BE;修羅忍竜 ダラニコンゴウ
ai/040.bin;0xE78C;CF AA 4F C1;煉獄竜 ドラゴニック・ネオフレイム
ai/040.bin;0xE78C;7C 17 CE C1;ラナンキュラスの花乙女 アーシャ
ai/040.bin;0xE78C;15 6E A2 C8;ウィステリアナイト
ai/040.bin;0xE78C;AB 51 A7 CB;AI(%d) : レシピ (フラグ:%08x)
ai/040.bin;0xE78C;D7 DA C1 D6;AI(%d) : 思考開始 (行動カテゴリ:%d)
ai/040.bin;0xE78C;7C 46 0A D9;忍竜 ドレッドマスター
ai/040.bin;0xE78C;6B 1D DB DC;マシニング・モスキート mkⅡ
ai/040.bin;0xE78C;69 E8 61 E1;オーバーロード
ai/040.bin;0xE78C;7D 1F 65 E6;獣神 ナイトジャッカル
ai/040.bin;0xE78C;57 CD 2E E8;    
ai/040.bin;0xE78C;CC 1A C6 E8;AI未設定 : attrib = %s
ai/040.bin;0xE78C;39 17 8B F0;星空の解放者 ギネヴィア
ai/040.bin;0xE78C;12 A3 99 F0;力戦の騎士 クローダス
ai/040.bin;0xE78C;4B 16 BE F0;鋭気の騎士 エクター
ai/040.bin;0xE78C;BF 43 2B F1;  アタッカー : %s
ai/040.bin;0xE78C;27 25 50 F1;ベアダウン・サムラーイ
ai/040.bin;0xE78C;FC B0 EB F6;清めの神器 ピュア・エンジェル
ai/040.bin;0xE78C;89 20 23 F8;下
ai/040.bin;0xE78C;DD 4C B3 F8;ターン開始 AI(%d)
ai/041.bin;0xF7D0;DC A5 CF 01;  クインテットウォール : %d/%d枚
ai/041.bin;0xF7D0;26 9F A5 02;Gunnergear Dracokid
ai/041.bin;0xF7D0;51 5B 2F 06;ヘキサゴナル・メイガス
ai/041.bin;0xF7D0;DD 9F CC 07;蒼嵐竜 メイルストローム
ai/041.bin;0xF7D0;8D 9F AA 08;  シールドの要求値 : 
ai/041.bin;0xF7D0;76 AE E0 09;ドラゴニック・オーバーロード “The Яe-birth”
ai/041.bin;0xF7D0;02 DC 8B 0D;モーント・ブラウクリューガー
ai/041.bin;0xF7D0;B1 2D 5D 0E;  対象のパワー : %d(%d)%s
ai/041.bin;0xF7D0;24 A1 3B 11;ライジング・ライオネット
ai/041.bin;0xF7D0;CA 98 65 11;神界獣 フェンリル
ai/041.bin;0xF7D0;2F 96 22 12;ダンシング・ウルフ
ai/041.bin;0xF7D0;2F CE 1C 13;花占いの女神 サクヤ
ai/041.bin;0xF7D0;9F 3C 4E 15; + %d
ai/041.bin;0xF7D0;26 7B 30 1A;ネコ執事
ai/041.bin;0xF7D0;8D 20 89 1A;AI未設定 : %s %d
ai/041.bin;0xF7D0;49 58 50 21;次元ロボ ダイジェット
ai/041.bin;0xF7D0;8E BC BB 21;  シールドの目標値 : 
ai/041.bin;0xF7D0;9C 80 47 23;スチームライダー ディズカル
ai/041.bin;0xF7D0;50 41 74 23;希望の子 トゥルエル
ai/041.bin;0xF7D0;39 5F 97 27;新鋭の騎士 ダヴィド
ai/041.bin;0xF7D0;BE 51 F9 27;餓竜 バトルレックス
ai/041.bin;0xF7D0;F7 2E E0 29;～%d
ai/041.bin;0xF7D0;A6 8F 2A 2A;喧嘩屋 ファイティング・ドラコキッド
ai/041.bin;0xF7D0;44 62 0C 2D;無音の射手 コンダクタンス
ai/041.bin;0xF7D0;14 30 63 2D;!!!! AI ERROR !!!!\n  
ai/041.bin;0xF7D0;9A C1 68 30;スチームファイター アンバー
ai/041.bin;0xF7D0;EE 81 9E 32;豪腕拿捕の巨人兵
ai/041.bin;0xF7D0;C5 4D EE 32;ブラスター・ダーク “Diablo”
ai/041.bin;0xF7D0;F1 28 16 33;枚しか選んでいない
ai/041.bin;0xF7D0;BC 1F 35 33;  ブースター : %s
ai/041.bin;0xF7D0;B8 BC F2 37;伏魔忍鬼 カガミジシ
ai/041.bin;0xF7D0;6E 42 D6 38;AI(%d) : アタック情報
ai/041.bin;0xF7D0;B3 AD 45 3A;ブラスター
ai/041.bin;0xF7D0;3F BA E6 42;時空竜 ロストエイジ・ドラゴン
ai/041.bin;0xF7D0;03 D4 54 45; ヒットされない
ai/041.bin;0xF7D0;2D 3A A7 45;AI(%d) : ガードステップ情報
ai/041.bin;0xF7D0;5C 11 0E 4C;スチームバトラー ダダシグ
ai/041.bin;0xF7D0;2C A5 7B 4D;枚選択する必要があるが、
ai/041.bin;0xF7D0;9F A5 E0 4F;ＣＥＯ アマテラス
ai/041.bin;0xF7D0;3A D0 5B 51;メッチャバトラー ビクトール
ai/041.bin;0xF7D0;A6 11 33 52;暗黒竜 ファントム・ブラスター “Diablo”
ai/041.bin;0xF7D0;3C E0 6F 55;ドラゴニック・オーバーロード
ai/041.bin;0xF7D0;DE C1 45 56;解放者
ai/041.bin;0xF7D0;F7 6D 78 57;スタンプ・ラッコ
ai/041.bin;0xF7D0;C5 AF 0D 60;真紅の伝承 メタトロン
ai/041.bin;0xF7D0;47 87 68 63;AI(%d) : 思考時間 %.3f秒 (行動カテゴリ:%d)
ai/041.bin;0xF7D0;55 C8 81 63;  完全ガード : %d/%d枚
ai/041.bin;0xF7D0;42 D7 DA 63;  ガーディアン候補
ai/041.bin;0xF7D0;24 07 CA 67;スチームメイデン アルリム
ai/041.bin;0xF7D0;33 8E E7 69;Duo 理想の妹 メーア
ai/041.bin;0xF7D0;E8 83 60 6B;デアデビル・サムラーイ
ai/041.bin;0xF7D0;4B D4 AE 6B;  合計シールド : 
ai/041.bin;0xF7D0;DC 4C 2C 6E;立春の花乙姫 プリマヴェーラ
ai/041.bin;0xF7D0;11 E8 1D 70;神託の女王 ヒミコ
ai/041.bin;0xF7D0;E4 FB 3C 72;蒼嵐候補生 アノス
ai/041.bin;0xF7D0;29 EF C2 73;  対象(%d) : %s
ai/041.bin;0xF7D0;65 B1 B8 76;腹時計付きのギアラビット
ai/041.bin;0xF7D0;7C 3A 8B 81;解放者 バーニング・ブロー
ai/041.bin;0xF7D0;DA 63 6D 85;次元ロボ ダイブレイブ
ai/041.bin;0xF7D0;46 DE 4B 88;ダークメタル・ドラゴン
ai/041.bin;0xF7D0;25 11 32 8A;スチームメイデン エルル
ai/041.bin;0xF7D0;6A D5 6E 8A;カタナライザー
ai/041.bin;0xF7D0;A0 D8 63 8D;大宇宙勇機 グランギャロップ
ai/041.bin;0xF7D0;1F 10 24 8F;上
ai/041.bin;0xF7D0;D3 43 6E 8F;時空竜 ラグナクロック・ドラゴン
ai/041.bin;0xF7D0;6C E6 93 8F;真黒の賢者 カロン
ai/041.bin;0xF7D0;BB E2 E9 90;永劫不敗 アシュラ・カイザー
ai/041.bin;0xF7D0;E1 26 37 94;魔竜戦鬼 チャトゥラ
ai/041.bin;0xF7D0;6A 0F 95 94;  アタッカーのパワー : %d(%d)
ai/041.bin;0xF7D0;7F BB 35 95;覇天皇竜 ドラゴニック・オーバーロード “The Ace”
ai/041.bin;0xF7D0;6F EB F7 95;メーザーギア・ドラゴン
ai/041.bin;0xF7D0;0C DD 47 9B;バトルシスター ぱるふぇ
ai/041.bin;0xF7D0;1A 2D D2 9C;マイスガード フォーマルハウト
ai/041.bin;0xF7D0;69 08 3B A2;蒼波竜 テトラドライブ・ドラゴン
ai/041.bin;0xF7D0;F1 51 AA A2;スチームファイター バリフ
ai/041.bin;0xF7D0;A4 F3 D7 A7;  アタッカーのクリティカル : %d
ai/041.bin;0xF7D0;BD FD F6 A7;メチャバトラー ランボール
ai/041.bin;0xF7D0;5B D5 DA A9;時空竜 クロノスコマンド・ドラゴン
ai/041.bin;0xF7D0;9F 77 42 AC;フレアウィップ・ドラゴン
ai/041.bin;0xF7D0;39 6A 36 B5;超鋼闘機 ヘヴィデューク
ai/041.bin;0xF7D0;09 C0 E2 B6;ツインメーザー・ドラゴン
ai/041.bin;0xF7D0;F7 48 21 B9;ドラゴンナイト ジャラール
ai/041.bin;0xF7D0;88 EF 6D BC;イニグマン・トルネード
ai/041.bin;0xF7D0;ED F8 CC BD;ファイナル・レンチ
ai/041.bin;0xF7D0;11 9F 48 BE;修羅忍竜 ダラニコンゴウ
ai/041.bin;0xF7D0;83 0C AC BE;スモークギア・ドラゴン
ai/041.bin;0xF7D0;3D FB ED C0;クロノジェット・ドラゴン
ai/041.bin;0xF7D0;CF AA 4F C1;煉獄竜 ドラゴニック・ネオフレイム
ai/041.bin;0xF7D0;7C 17 CE C1;ラナンキュラスの花乙女 アーシャ
ai/041.bin;0xF7D0;15 6E A2 C8;ウィステリアナイト
ai/041.bin;0xF7D0;AB 51 A7 CB;AI(%d) : レシピ (フラグ:%08x)
ai/041.bin;0xF7D0;D7 DA C1 D6;AI(%d) : 思考開始 (行動カテゴリ:%d)
ai/041.bin;0xF7D0;FE CE 0E D8;スチームブレス・ドラゴン
ai/041.bin;0xF7D0;7C 46 0A D9;忍竜 ドレッドマスター
ai/041.bin;0xF7D0;78 6A 0D DA;スチームメイデン ウルル
ai/041.bin;0xF7D0;6B 1D DB DC;マシニング・モスキート mkⅡ
ai/041.bin;0xF7D0;69 E8 61 E1;オーバーロード
ai/041.bin;0xF7D0;7D 1F 65 E6;獣神 ナイトジャッカル
ai/041.bin;0xF7D0;57 CD 2E E8;    
ai/041.bin;0xF7D0;19 BA 6C E8;時空竜 ミステリーフレア・ドラゴン
ai/041.bin;0xF7D0;CC 1A C6 E8;AI未設定 : attrib = %s
ai/041.bin;0xF7D0;69 F1 59 EF;ラッキーポット・ドラコキッド
ai/041.bin;0xF7D0;39 17 8B F0;星空の解放者 ギネヴィア
ai/041.bin;0xF7D0;4B 16 BE F0;鋭気の騎士 エクター
ai/041.bin;0xF7D0;BF 43 2B F1;  アタッカー : %s
ai/041.bin;0xF7D0;27 25 50 F1;ベアダウン・サムラーイ
ai/041.bin;0xF7D0;FC B0 EB F6;清めの神器 ピュア・エンジェル
ai/041.bin;0xF7D0;89 20 23 F8;下
ai/041.bin;0xF7D0;DD 4C B3 F8;ターン開始 AI(%d)
ai/042.bin;0x107D7;DC A5 CF 01;  クインテットウォール : %d/%d枚
ai/042.bin;0x107D7;26 9F A5 02;Gunnergear Dracokid
ai/042.bin;0x107D7;51 5B 2F 06;ヘキサゴナル・メイガス
ai/042.bin;0x107D7;DD 9F CC 07;蒼嵐竜 メイルストローム
ai/042.bin;0x107D7;8D 9F AA 08;  シールドの要求値 : 
ai/042.bin;0x107D7;76 AE E0 09;ドラゴニック・オーバーロード “The Яe-birth”
ai/042.bin;0x107D7;02 DC 8B 0D;モーント・ブラウクリューガー
ai/042.bin;0x107D7;B1 2D 5D 0E;  対象のパワー : %d(%d)%s
ai/042.bin;0x107D7;24 A1 3B 11;ライジング・ライオネット
ai/042.bin;0x107D7;CA 98 65 11;神界獣 フェンリル
ai/042.bin;0x107D7;2F 96 22 12;ダンシング・ウルフ
ai/042.bin;0x107D7;2F CE 1C 13;花占いの女神 サクヤ
ai/042.bin;0x107D7;9F 3C 4E 15; + %d
ai/042.bin;0x107D7;26 7B 30 1A;ネコ執事
ai/042.bin;0x107D7;8D 20 89 1A;AI未設定 : %s %d
ai/042.bin;0x107D7;05 10 92 1D;時空竜 フェイトライダー・ドラゴン
ai/042.bin;0x107D7;49 58 50 21;次元ロボ ダイジェット
ai/042.bin;0x107D7;8E BC BB 21;  シールドの目標値 : 
ai/042.bin;0x107D7;50 41 74 23;希望の子 トゥルエル
ai/042.bin;0x107D7;39 5F 97 27;新鋭の騎士 ダヴィド
ai/042.bin;0x107D7;BE 51 F9 27;餓竜 バトルレックス
ai/042.bin;0x107D7;F7 2E E0 29;～%d
ai/042.bin;0x107D7;A6 8F 2A 2A;喧嘩屋 ファイティング・ドラコキッド
ai/042.bin;0x107D7;0C 8C B5 2C;スチームバトラー マシュダ
ai/042.bin;0x107D7;44 62 0C 2D;無音の射手 コンダクタンス
ai/042.bin;0x107D7;14 30 63 2D;!!!! AI ERROR !!!!\n  
ai/042.bin;0x107D7;9A C1 68 30;スチームファイター アンバー
ai/042.bin;0x107D7;EE 81 9E 32;豪腕拿捕の巨人兵
ai/042.bin;0x107D7;C5 4D EE 32;ブラスター・ダーク “Diablo”
ai/042.bin;0x107D7;F1 28 16 33;枚しか選んでいない
ai/042.bin;0x107D7;BC 1F 35 33;  ブースター : %s
ai/042.bin;0x107D7;B8 BC F2 37;伏魔忍鬼 カガミジシ
ai/042.bin;0x107D7;6E 42 D6 38;AI(%d) : アタック情報
ai/042.bin;0x107D7;B3 AD 45 3A;ブラスター
ai/042.bin;0x107D7;F7 F8 0E 44;時空獣 アップヒーバル・ペガサス
ai/042.bin;0x107D7;03 D4 54 45; ヒットされない
ai/042.bin;0x107D7;2D 3A A7 45;AI(%d) : ガードステップ情報
ai/042.bin;0x107D7;5C 11 0E 4C;スチームバトラー ダダシグ
ai/042.bin;0x107D7;2C A5 7B 4D;枚選択する必要があるが、
ai/042.bin;0x107D7;9F A5 E0 4F;ＣＥＯ アマテラス
ai/042.bin;0x107D7;3A D0 5B 51;メッチャバトラー ビクトール
ai/042.bin;0x107D7;A6 11 33 52;暗黒竜 ファントム・ブラスター “Diablo”
ai/042.bin;0x107D7;3C E0 6F 55;ドラゴニック・オーバーロード
ai/042.bin;0x107D7;DE C1 45 56;解放者
ai/042.bin;0x107D7;F7 6D 78 57;スタンプ・ラッコ
ai/042.bin;0x107D7;AC BB 37 59;時空竜 エポックメイカー・ドラゴン
ai/042.bin;0x107D7;C5 AF 0D 60;真紅の伝承 メタトロン
ai/042.bin;0x107D7;47 87 68 63;AI(%d) : 思考時間 %.3f秒 (行動カテゴリ:%d)
ai/042.bin;0x107D7;55 C8 81 63;  完全ガード : %d/%d枚
ai/042.bin;0x107D7;42 D7 DA 63;  ガーディアン候補
ai/042.bin;0x107D7;24 07 CA 67;スチームメイデン アルリム
ai/042.bin;0x107D7;33 8E E7 69;Duo 理想の妹 メーア
ai/042.bin;0x107D7;E8 83 60 6B;デアデビル・サムラーイ
ai/042.bin;0x107D7;4B D4 AE 6B;  合計シールド : 
ai/042.bin;0x107D7;DC 4C 2C 6E;立春の花乙姫 プリマヴェーラ
ai/042.bin;0x107D7;11 E8 1D 70;神託の女王 ヒミコ
ai/042.bin;0x107D7;E4 FB 3C 72;蒼嵐候補生 アノス
ai/042.bin;0x107D7;29 EF C2 73;  対象(%d) : %s
ai/042.bin;0x107D7;7C 3A 8B 81;解放者 バーニング・ブロー
ai/042.bin;0x107D7;DA 63 6D 85;次元ロボ ダイブレイブ
ai/042.bin;0x107D7;46 DE 4B 88;ダークメタル・ドラゴン
ai/042.bin;0x107D7;6A D5 6E 8A;カタナライザー
ai/042.bin;0x107D7;A0 D8 63 8D;大宇宙勇機 グランギャロップ
ai/042.bin;0x107D7;1F 10 24 8F;上
ai/042.bin;0x107D7;6C E6 93 8F;真黒の賢者 カロン
ai/042.bin;0x107D7;BB E2 E9 90;永劫不敗 アシュラ・カイザー
ai/042.bin;0x107D7;E1 26 37 94;魔竜戦鬼 チャトゥラ
ai/042.bin;0x107D7;6A 0F 95 94;  アタッカーのパワー : %d(%d)
ai/042.bin;0x107D7;7F BB 35 95;覇天皇竜 ドラゴニック・オーバーロード “The Ace”
ai/042.bin;0x107D7;6F EB F7 95;メーザーギア・ドラゴン
ai/042.bin;0x107D7;DB 4A 94 96;アップストリーム・ドラゴン
ai/042.bin;0x107D7;0C DD 47 9B;バトルシスター ぱるふぇ
ai/042.bin;0x107D7;1A 2D D2 9C;マイスガード フォーマルハウト
ai/042.bin;0x107D7;F6 D7 A1 9F;クロノドラゴン・ネクステージ
ai/042.bin;0x107D7;69 08 3B A2;蒼波竜 テトラドライブ・ドラゴン
ai/042.bin;0x107D7;F1 51 AA A2;スチームファイター バリフ
ai/042.bin;0x107D7;02 DF FE A3;頂に立つギアウルフ
ai/042.bin;0x107D7;BD 98 B5 A6;クロノジェット
ai/042.bin;0x107D7;A4 F3 D7 A7;  アタッカーのクリティカル : %d
ai/042.bin;0x107D7;BD FD F6 A7;メチャバトラー ランボール
ai/042.bin;0x107D7;5B D5 DA A9;時空竜 クロノスコマンド・ドラゴン
ai/042.bin;0x107D7;9F 77 42 AC;フレアウィップ・ドラゴン
ai/042.bin;0x107D7;39 6A 36 B5;超鋼闘機 ヘヴィデューク
ai/042.bin;0x107D7;F7 48 21 B9;ドラゴンナイト ジャラール
ai/042.bin;0x107D7;88 EF 6D BC;イニグマン・トルネード
ai/042.bin;0x107D7;ED F8 CC BD;ファイナル・レンチ
ai/042.bin;0x107D7;11 9F 48 BE;修羅忍竜 ダラニコンゴウ
ai/042.bin;0x107D7;3D FB ED C0;クロノジェット・ドラゴン
ai/042.bin;0x107D7;CF AA 4F C1;煉獄竜 ドラゴニック・ネオフレイム
ai/042.bin;0x107D7;7C 17 CE C1;ラナンキュラスの花乙女 アーシャ
ai/042.bin;0x107D7;BE 27 1E C3;ドキドキ・ワーカー
ai/042.bin;0x107D7;15 6E A2 C8;ウィステリアナイト
ai/042.bin;0x107D7;AB 51 A7 CB;AI(%d) : レシピ (フラグ:%08x)
ai/042.bin;0x107D7;D7 DA C1 D6;AI(%d) : 思考開始 (行動カテゴリ:%d)
ai/042.bin;0x107D7;FE CE 0E D8;スチームブレス・ドラゴン
ai/042.bin;0x107D7;7C 46 0A D9;忍竜 ドレッドマスター
ai/042.bin;0x107D7;1B D4 01 DA;グリマーブレス・ドラゴン
ai/042.bin;0x107D7;78 6A 0D DA;スチームメイデン ウルル
ai/042.bin;0x107D7;6B 1D DB DC;マシニング・モスキート mkⅡ
ai/042.bin;0x107D7;69 E8 61 E1;オーバーロード
ai/042.bin;0x107D7;7D 1F 65 E6;獣神 ナイトジャッカル
ai/042.bin;0x107D7;57 CD 2E E8;    
ai/042.bin;0x107D7;19 BA 6C E8;時空竜 ミステリーフレア・ドラゴン
ai/042.bin;0x107D7;CC 1A C6 E8;AI未設定 : attrib = %s
ai/042.bin;0x107D7;69 F1 59 EF;ラッキーポット・ドラコキッド
ai/042.bin;0x107D7;39 17 8B F0;星空の解放者 ギネヴィア
ai/042.bin;0x107D7;4B 16 BE F0;鋭気の騎士 エクター
ai/042.bin;0x107D7;BF 43 2B F1;  アタッカー : %s
ai/042.bin;0x107D7;27 25 50 F1;ベアダウン・サムラーイ
ai/042.bin;0x107D7;FC B0 EB F6;清めの神器 ピュア・エンジェル
ai/042.bin;0x107D7;89 20 23 F8;下
ai/042.bin;0x107D7;DD 4C B3 F8;ターン開始 AI(%d)
ai/043.bin;0x10763;DC A5 CF 01;  クインテットウォール : %d/%d枚
ai/043.bin;0x10763;51 5B 2F 06;ヘキサゴナル・メイガス
ai/043.bin;0x10763;DD 9F CC 07;蒼嵐竜 メイルストローム
ai/043.bin;0x10763;8D 9F AA 08;  シールドの要求値 : 
ai/043.bin;0x10763;76 AE E0 09;ドラゴニック・オーバーロード “The Яe-birth”
ai/043.bin;0x10763;02 DC 8B 0D;モーント・ブラウクリューガー
ai/043.bin;0x10763;B1 2D 5D 0E;  対象のパワー : %d(%d)%s
ai/043.bin;0x10763;24 A1 3B 11;ライジング・ライオネット
ai/043.bin;0x10763;CA 98 65 11;神界獣 フェンリル
ai/043.bin;0x10763;2F 96 22 12;ダンシング・ウルフ
ai/043.bin;0x10763;2F CE 1C 13;花占いの女神 サクヤ
ai/043.bin;0x10763;9F 3C 4E 15; + %d
ai/043.bin;0x10763;2B C8 7B 17;開墾の戦乙女 パドミニ
ai/043.bin;0x10763;26 7B 30 1A;ネコ執事
ai/043.bin;0x10763;8D 20 89 1A;AI未設定 : %s %d
ai/043.bin;0x10763;49 58 50 21;次元ロボ ダイジェット
ai/043.bin;0x10763;8E BC BB 21;  シールドの目標値 : 
ai/043.bin;0x10763;50 41 74 23;希望の子 トゥルエル
ai/043.bin;0x10763;39 5F 97 27;新鋭の騎士 ダヴィド
ai/043.bin;0x10763;BE 51 F9 27;餓竜 バトルレックス
ai/043.bin;0x10763;9C C6 00 28;ウーント・タナップ
ai/043.bin;0x10763;F7 2E E0 29;～%d
ai/043.bin;0x10763;A6 8F 2A 2A;喧嘩屋 ファイティング・ドラコキッド
ai/043.bin;0x10763;44 62 0C 2D;無音の射手 コンダクタンス
ai/043.bin;0x10763;14 30 63 2D;!!!! AI ERROR !!!!\n  
ai/043.bin;0x10763;EE 81 9E 32;豪腕拿捕の巨人兵
ai/043.bin;0x10763;C5 4D EE 32;ブラスター・ダーク “Diablo”
ai/043.bin;0x10763;F1 28 16 33;枚しか選んでいない
ai/043.bin;0x10763;BC 1F 35 33;  ブースター : %s
ai/043.bin;0x10763;B8 BC F2 37;伏魔忍鬼 カガミジシ
ai/043.bin;0x10763;6E 42 D6 38;AI(%d) : アタック情報
ai/043.bin;0x10763;B3 AD 45 3A;ブラスター
ai/043.bin;0x10763;03 D4 54 45; ヒットされない
ai/043.bin;0x10763;2D 3A A7 45;AI(%d) : ガードステップ情報
ai/043.bin;0x10763;2C A5 7B 4D;枚選択する必要があるが、
ai/043.bin;0x10763;9F A5 E0 4F;ＣＥＯ アマテラス
ai/043.bin;0x10763;3A D0 5B 51;メッチャバトラー ビクトール
ai/043.bin;0x10763;A6 11 33 52;暗黒竜 ファントム・ブラスター “Diablo”
ai/043.bin;0x10763;3C E0 6F 55;ドラゴニック・オーバーロード
ai/043.bin;0x10763;DE C1 45 56;解放者
ai/043.bin;0x10763;F7 6D 78 57;スタンプ・ラッコ
ai/043.bin;0x10763;C5 AF 0D 60;真紅の伝承 メタトロン
ai/043.bin;0x10763;29 1A 85 62;メイデン・オブ・ドリーミングアロマ
ai/043.bin;0x10763;47 87 68 63;AI(%d) : 思考時間 %.3f秒 (行動カテゴリ:%d)
ai/043.bin;0x10763;55 C8 81 63;  完全ガード : %d/%d枚
ai/043.bin;0x10763;42 D7 DA 63;  ガーディアン候補
ai/043.bin;0x10763;33 8E E7 69;Duo 理想の妹 メーア
ai/043.bin;0x10763;E8 83 60 6B;デアデビル・サムラーイ
ai/043.bin;0x10763;4B D4 AE 6B;  合計シールド : 
ai/043.bin;0x10763;10 F3 CF 6C;メイデン・オブ・グラジオラス
ai/043.bin;0x10763;DC 4C 2C 6E;立春の花乙姫 プリマヴェーラ
ai/043.bin;0x10763;11 E8 1D 70;神託の女王 ヒミコ
ai/043.bin;0x10763;E4 FB 3C 72;蒼嵐候補生 アノス
ai/043.bin;0x10763;29 EF C2 73;  対象(%d) : %s
ai/043.bin;0x10763;A6 68 BC 7B;春色の花乙姫 アルボレア
ai/043.bin;0x10763;43 8A DF 7B;開花の乙女 ケラ
ai/043.bin;0x10763;7C 3A 8B 81;解放者 バーニング・ブロー
ai/043.bin;0x10763;DA 63 6D 85;次元ロボ ダイブレイブ
ai/043.bin;0x10763;46 DE 4B 88;ダークメタル・ドラゴン
ai/043.bin;0x10763;6A D5 6E 8A;カタナライザー
ai/043.bin;0x10763;C9 45 AB 8C;ベジタブルアバター・ドラゴン
ai/043.bin;0x10763;A0 D8 63 8D;大宇宙勇機 グランギャロップ
ai/043.bin;0x10763;1F 10 24 8F;上
ai/043.bin;0x10763;6C E6 93 8F;真黒の賢者 カロン
ai/043.bin;0x10763;5D 93 52 90;木漏れ日の貴婦人
ai/043.bin;0x10763;BB E2 E9 90;永劫不敗 アシュラ・カイザー
ai/043.bin;0x10763;BD 7D A6 91;春待ちの乙女 オズ
ai/043.bin;0x10763;E1 26 37 94;魔竜戦鬼 チャトゥラ
ai/043.bin;0x10763;6A 0F 95 94;  アタッカーのパワー : %d(%d)
ai/043.bin;0x10763;7F BB 35 95;覇天皇竜 ドラゴニック・オーバーロード “The Ace”
ai/043.bin;0x10763;0C DD 47 9B;バトルシスター ぱるふぇ
ai/043.bin;0x10763;1A 2D D2 9C;マイスガード フォーマルハウト
ai/043.bin;0x10763;69 08 3B A2;蒼波竜 テトラドライブ・ドラゴン
ai/043.bin;0x10763;F1 51 AA A2;スチームファイター バリフ
ai/043.bin;0x10763;6A CE C8 A4;メイデン・オブ・パッションフラワー
ai/043.bin;0x10763;01 6D 5C A6;コーラルベリー・スクワイア
ai/043.bin;0x10763;A4 F3 D7 A7;  アタッカーのクリティカル : %d
ai/043.bin;0x10763;BD FD F6 A7;メチャバトラー ランボール
ai/043.bin;0x10763;BE A9 8C A8;萌芽の乙女 ディアン
ai/043.bin;0x10763;24 ED 3B AB;メイデン・オブ・ディモルフォーセ
ai/043.bin;0x10763;9F 77 42 AC;フレアウィップ・ドラゴン
ai/043.bin;0x10763;47 71 A2 B2;グレースナイト
ai/043.bin;0x10763;39 6A 36 B5;超鋼闘機 ヘヴィデューク
ai/043.bin;0x10763;F7 48 21 B9;ドラゴンナイト ジャラール
ai/043.bin;0x10763;4D 11 72 B9;グラスビーズ・ドラゴン
ai/043.bin;0x10763;88 EF 6D BC;イニグマン・トルネード
ai/043.bin;0x10763;ED F8 CC BD;ファイナル・レンチ
ai/043.bin;0x10763;11 9F 48 BE;修羅忍竜 ダラニコンゴウ
ai/043.bin;0x10763;CF AA 4F C1;煉獄竜 ドラゴニック・ネオフレイム
ai/043.bin;0x10763;7C 17 CE C1;ラナンキュラスの花乙女 アーシャ
ai/043.bin;0x10763;8B 75 AB C6;ラベンダーナイト
ai/043.bin;0x10763;15 6E A2 C8;ウィステリアナイト
ai/043.bin;0x10763;AB 51 A7 CB;AI(%d) : レシピ (フラグ:%08x)
ai/043.bin;0x10763;D7 DA C1 D6;AI(%d) : 思考開始 (行動カテゴリ:%d)
ai/043.bin;0x10763;7C 46 0A D9;忍竜 ドレッドマスター
ai/043.bin;0x10763;6B 1D DB DC;マシニング・モスキート mkⅡ
ai/043.bin;0x10763;69 E8 61 E1;オーバーロード
ai/043.bin;0x10763;7D 1F 65 E6;獣神 ナイトジャッカル
ai/043.bin;0x10763;51 EB 60 E7;メイデン・オブ・レインボーウッド
ai/043.bin;0x10763;57 CD 2E E8;    
ai/043.bin;0x10763;CC 1A C6 E8;AI未設定 : attrib = %s
ai/043.bin;0x10763;39 17 8B F0;星空の解放者 ギネヴィア
ai/043.bin;0x10763;4B 16 BE F0;鋭気の騎士 エクター
ai/043.bin;0x10763;BF 43 2B F1;  アタッカー : %s
ai/043.bin;0x10763;27 25 50 F1;ベアダウン・サムラーイ
ai/043.bin;0x10763;FC BA BC F1;ドクドク・マッシュルーム
ai/043.bin;0x10763;FC B0 EB F6;清めの神器 ピュア・エンジェル
ai/043.bin;0x10763;89 20 23 F8;下
ai/043.bin;0x10763;DD 4C B3 F8;ターン開始 AI(%d)
ai/043.bin;0x10763;18 FC 13 F9;フェアリーライト・ドラゴン
ai/044.bin;0x117BA;DC A5 CF 01;  クインテットウォール : %d/%d枚
ai/044.bin;0x117BA;51 5B 2F 06;ヘキサゴナル・メイガス
ai/044.bin;0x117BA;DD 9F CC 07;蒼嵐竜 メイルストローム
ai/044.bin;0x117BA;8D 9F AA 08;  シールドの要求値 : 
ai/044.bin;0x117BA;76 AE E0 09;ドラゴニック・オーバーロード “The Яe-birth”
ai/044.bin;0x117BA;02 DC 8B 0D;モーント・ブラウクリューガー
ai/044.bin;0x117BA;B1 2D 5D 0E;  対象のパワー : %d(%d)%s
ai/044.bin;0x117BA;24 A1 3B 11;ライジング・ライオネット
ai/044.bin;0x117BA;CA 98 65 11;神界獣 フェンリル
ai/044.bin;0x117BA;2F 96 22 12;ダンシング・ウルフ
ai/044.bin;0x117BA;34 08 FC 12;夢紡ぐラナンキュラス アーシャ
ai/044.bin;0x117BA;2F CE 1C 13;花占いの女神 サクヤ
ai/044.bin;0x117BA;9F 3C 4E 15; + %d
ai/044.bin;0x117BA;2B C8 7B 17;開墾の戦乙女 パドミニ
ai/044.bin;0x117BA;26 7B 30 1A;ネコ執事
ai/044.bin;0x117BA;8D 20 89 1A;AI未設定 : %s %d
ai/044.bin;0x117BA;0F 09 5A 1F;花房の乙女 サリアンナ
ai/044.bin;0x117BA;49 58 50 21;次元ロボ ダイジェット
ai/044.bin;0x117BA;8E BC BB 21;  シールドの目標値 : 
ai/044.bin;0x117BA;50 41 74 23;希望の子 トゥルエル
ai/044.bin;0x117BA;39 5F 97 27;新鋭の騎士 ダヴィド
ai/044.bin;0x117BA;BE 51 F9 27;餓竜 バトルレックス
ai/044.bin;0x117BA;9C C6 00 28;ウーント・タナップ
ai/044.bin;0x117BA;F7 2E E0 29;～%d
ai/044.bin;0x117BA;A6 8F 2A 2A;喧嘩屋 ファイティング・ドラコキッド
ai/044.bin;0x117BA;44 62 0C 2D;無音の射手 コンダクタンス
ai/044.bin;0x117BA;14 30 63 2D;!!!! AI ERROR !!!!\n  
ai/044.bin;0x117BA;EE 81 9E 32;豪腕拿捕の巨人兵
ai/044.bin;0x117BA;C5 4D EE 32;ブラスター・ダーク “Diablo”
ai/044.bin;0x117BA;F1 28 16 33;枚しか選んでいない
ai/044.bin;0x117BA;BC 1F 35 33;  ブースター : %s
ai/044.bin;0x117BA;B8 BC F2 37;伏魔忍鬼 カガミジシ
ai/044.bin;0x117BA;6E 42 D6 38;AI(%d) : アタック情報
ai/044.bin;0x117BA;B3 AD 45 3A;ブラスター
ai/044.bin;0x117BA;03 D4 54 45; ヒットされない
ai/044.bin;0x117BA;2D 3A A7 45;AI(%d) : ガードステップ情報
ai/044.bin;0x117BA;B6 85 A8 4C;早咲きの乙女 ピア
ai/044.bin;0x117BA;2C A5 7B 4D;枚選択する必要があるが、
ai/044.bin;0x117BA;9F A5 E0 4F;ＣＥＯ アマテラス
ai/044.bin;0x117BA;3A D0 5B 51;メッチャバトラー ビクトール
ai/044.bin;0x117BA;A6 11 33 52;暗黒竜 ファントム・ブラスター “Diablo”
ai/044.bin;0x117BA;3C E0 6F 55;ドラゴニック・オーバーロード
ai/044.bin;0x117BA;DE C1 45 56;解放者
ai/044.bin;0x117BA;F7 6D 78 57;スタンプ・ラッコ
ai/044.bin;0x117BA;BF 48 AB 5E;聖樹竜 ジングルフラワー・ドラゴン
ai/044.bin;0x117BA;C5 AF 0D 60;真紅の伝承 メタトロン
ai/044.bin;0x117BA;29 1A 85 62;メイデン・オブ・ドリーミングアロマ
ai/044.bin;0x117BA;47 87 68 63;AI(%d) : 思考時間 %.3f秒 (行動カテゴリ:%d)
ai/044.bin;0x117BA;55 C8 81 63;  完全ガード : %d/%d枚
ai/044.bin;0x117BA;42 D7 DA 63;  ガーディアン候補
ai/044.bin;0x117BA;33 8E E7 69;Duo 理想の妹 メーア
ai/044.bin;0x117BA;E8 83 60 6B;デアデビル・サムラーイ
ai/044.bin;0x117BA;4B D4 AE 6B;  合計シールド : 
ai/044.bin;0x117BA;10 F3 CF 6C;メイデン・オブ・グラジオラス
ai/044.bin;0x117BA;DC 4C 2C 6E;立春の花乙姫 プリマヴェーラ
ai/044.bin;0x117BA;54 F7 38 6E;ダンガン・マロン
ai/044.bin;0x117BA;11 E8 1D 70;神託の女王 ヒミコ
ai/044.bin;0x117BA;E4 FB 3C 72;蒼嵐候補生 アノス
ai/044.bin;0x117BA;29 EF C2 73;  対象(%d) : %s
ai/044.bin;0x117BA;A6 68 BC 7B;春色の花乙姫 アルボレア
ai/044.bin;0x117BA;7C 3A 8B 81;解放者 バーニング・ブロー
ai/044.bin;0x117BA;4C EA CD 82;花園の乙女 マイリス
ai/044.bin;0x117BA;DA 63 6D 85;次元ロボ ダイブレイブ
ai/044.bin;0x117BA;46 DE 4B 88;ダークメタル・ドラゴン
ai/044.bin;0x117BA;6A D5 6E 8A;カタナライザー
ai/044.bin;0x117BA;A0 D8 63 8D;大宇宙勇機 グランギャロップ
ai/044.bin;0x117BA;1F 10 24 8F;上
ai/044.bin;0x117BA;6C E6 93 8F;真黒の賢者 カロン
ai/044.bin;0x117BA;5D 93 52 90;木漏れ日の貴婦人
ai/044.bin;0x117BA;BB E2 E9 90;永劫不敗 アシュラ・カイザー
ai/044.bin;0x117BA;BD 7D A6 91;春待ちの乙女 オズ
ai/044.bin;0x117BA;E1 26 37 94;魔竜戦鬼 チャトゥラ
ai/044.bin;0x117BA;6A 0F 95 94;  アタッカーのパワー : %d(%d)
ai/044.bin;0x117BA;7F BB 35 95;覇天皇竜 ドラゴニック・オーバーロード “The Ace”
ai/044.bin;0x117BA;0C DD 47 9B;バトルシスター ぱるふぇ
ai/044.bin;0x117BA;1A 2D D2 9C;マイスガード フォーマルハウト
ai/044.bin;0x117BA;69 08 3B A2;蒼波竜 テトラドライブ・ドラゴン
ai/044.bin;0x117BA;F1 51 AA A2;スチームファイター バリフ
ai/044.bin;0x117BA;6A CE C8 A4;メイデン・オブ・パッションフラワー
ai/044.bin;0x117BA;A4 F3 D7 A7;  アタッカーのクリティカル : %d
ai/044.bin;0x117BA;BD FD F6 A7;メチャバトラー ランボール
ai/044.bin;0x117BA;BE A9 8C A8;萌芽の乙女 ディアン
ai/044.bin;0x117BA;24 ED 3B AB;メイデン・オブ・ディモルフォーセ
ai/044.bin;0x117BA;9F 77 42 AC;フレアウィップ・ドラゴン
ai/044.bin;0x117BA;39 6A 36 B5;超鋼闘機 ヘヴィデューク
ai/044.bin;0x117BA;F7 48 21 B9;ドラゴンナイト ジャラール
ai/044.bin;0x117BA;4D 11 72 B9;グラスビーズ・ドラゴン
ai/044.bin;0x117BA;88 EF 6D BC;イニグマン・トルネード
ai/044.bin;0x117BA;ED F8 CC BD;ファイナル・レンチ
ai/044.bin;0x117BA;11 9F 48 BE;修羅忍竜 ダラニコンゴウ
ai/044.bin;0x117BA;CF AA 4F C1;煉獄竜 ドラゴニック・ネオフレイム
ai/044.bin;0x117BA;7C 17 CE C1;ラナンキュラスの花乙女 アーシャ
ai/044.bin;0x117BA;15 6E A2 C8;ウィステリアナイト
ai/044.bin;0x117BA;AB 51 A7 CB;AI(%d) : レシピ (フラグ:%08x)
ai/044.bin;0x117BA;D7 DA C1 D6;AI(%d) : 思考開始 (行動カテゴリ:%d)
ai/044.bin;0x117BA;7C 46 0A D9;忍竜 ドレッドマスター
ai/044.bin;0x117BA;6B 1D DB DC;マシニング・モスキート mkⅡ
ai/044.bin;0x117BA;69 E8 61 E1;オーバーロード
ai/044.bin;0x117BA;7D 1F 65 E6;獣神 ナイトジャッカル
ai/044.bin;0x117BA;51 EB 60 E7;メイデン・オブ・レインボーウッド
ai/044.bin;0x117BA;57 CD 2E E8;    
ai/044.bin;0x117BA;CC 1A C6 E8;AI未設定 : attrib = %s
ai/044.bin;0x117BA;8B 83 65 E9;ラナンキュラス
ai/044.bin;0x117BA;39 17 8B F0;星空の解放者 ギネヴィア
ai/044.bin;0x117BA;4B 16 BE F0;鋭気の騎士 エクター
ai/044.bin;0x117BA;BF 43 2B F1;  アタッカー : %s
ai/044.bin;0x117BA;27 25 50 F1;ベアダウン・サムラーイ
ai/044.bin;0x117BA;FC BA BC F1;ドクドク・マッシュルーム
ai/044.bin;0x117BA;BB 7D 3C F4;メイデン・オブ・フリルドロッド
ai/044.bin;0x117BA;FC B0 EB F6;清めの神器 ピュア・エンジェル
ai/044.bin;0x117BA;89 20 23 F8;下
ai/044.bin;0x117BA;DD 4C B3 F8;ターン開始 AI(%d)
ai/044.bin;0x117BA;18 FC 13 F9;フェアリーライト・ドラゴン
ai/045.bin;0x100D1;34 53 5F 00;湖の巫女 リアン
ai/045.bin;0x100D1;DC A5 CF 01;  クインテットウォール : %d/%d枚
ai/045.bin;0x100D1;CE A0 AE 04;ホーリーナイト・ガーディアン
ai/045.bin;0x100D1;51 5B 2F 06;ヘキサゴナル・メイガス
ai/045.bin;0x100D1;DD 9F CC 07;蒼嵐竜 メイルストローム
ai/045.bin;0x100D1;8D 9F AA 08;  シールドの要求値 : 
ai/045.bin;0x100D1;76 AE E0 09;ドラゴニック・オーバーロード “The Яe-birth”
ai/045.bin;0x100D1;02 DC 8B 0D;モーント・ブラウクリューガー
ai/045.bin;0x100D1;C9 06 D4 0D;まぁるがる
ai/045.bin;0x100D1;B1 2D 5D 0E;  対象のパワー : %d(%d)%s
ai/045.bin;0x100D1;24 A1 3B 11;ライジング・ライオネット
ai/045.bin;0x100D1;CA 98 65 11;神界獣 フェンリル
ai/045.bin;0x100D1;2F 96 22 12;ダンシング・ウルフ
ai/045.bin;0x100D1;2F CE 1C 13;花占いの女神 サクヤ
ai/045.bin;0x100D1;08 F5 FB 13;閃火の聖騎士 サムイル
ai/045.bin;0x100D1;9F 3C 4E 15; + %d
ai/045.bin;0x100D1;26 7B 30 1A;ネコ執事
ai/045.bin;0x100D1;8D 20 89 1A;AI未設定 : %s %d
ai/045.bin;0x100D1;C0 17 EB 1D;マジェスティ・ロードブラスター
ai/045.bin;0x100D1;49 58 50 21;次元ロボ ダイジェット
ai/045.bin;0x100D1;8E BC BB 21;  シールドの目標値 : 
ai/045.bin;0x100D1;00 8C ED 21;みるびる
ai/045.bin;0x100D1;50 41 74 23;希望の子 トゥルエル
ai/045.bin;0x100D1;39 5F 97 27;新鋭の騎士 ダヴィド
ai/045.bin;0x100D1;BE 51 F9 27;餓竜 バトルレックス
ai/045.bin;0x100D1;F7 2E E0 29;～%d
ai/045.bin;0x100D1;A6 8F 2A 2A;喧嘩屋 ファイティング・ドラコキッド
ai/045.bin;0x100D1;44 62 0C 2D;無音の射手 コンダクタンス
ai/045.bin;0x100D1;14 30 63 2D;!!!! AI ERROR !!!!\n  
ai/045.bin;0x100D1;EE 81 9E 32;豪腕拿捕の巨人兵
ai/045.bin;0x100D1;C5 4D EE 32;ブラスター・ダーク “Diablo”
ai/045.bin;0x100D1;F1 28 16 33;枚しか選んでいない
ai/045.bin;0x100D1;BC 1F 35 33;  ブースター : %s
ai/045.bin;0x100D1;63 BD 80 33;ナイト・オブ・ツインソード
ai/045.bin;0x100D1;B8 BC F2 37;伏魔忍鬼 カガミジシ
ai/045.bin;0x100D1;6E 42 D6 38;AI(%d) : アタック情報
ai/045.bin;0x100D1;B3 AD 45 3A;ブラスター
ai/045.bin;0x100D1;24 82 DE 40;閃きの騎士 ミーリウス
ai/045.bin;0x100D1;03 D4 54 45; ヒットされない
ai/045.bin;0x100D1;2D 3A A7 45;AI(%d) : ガードステップ情報
ai/045.bin;0x100D1;2C A5 7B 4D;枚選択する必要があるが、
ai/045.bin;0x100D1;A6 43 0C 4F;夢の運び手 ベレヌス
ai/045.bin;0x100D1;9F A5 E0 4F;ＣＥＯ アマテラス
ai/045.bin;0x100D1;3A D0 5B 51;メッチャバトラー ビクトール
ai/045.bin;0x100D1;A6 11 33 52;暗黒竜 ファントム・ブラスター “Diablo”
ai/045.bin;0x100D1;3C E0 6F 55;ドラゴニック・オーバーロード
ai/045.bin;0x100D1;DE C1 45 56;解放者
ai/045.bin;0x100D1;F7 6D 78 57;スタンプ・ラッコ
ai/045.bin;0x100D1;B0 93 08 5A;月桂の騎士 シシルス
ai/045.bin;0x100D1;C5 AF 0D 60;真紅の伝承 メタトロン
ai/045.bin;0x100D1;29 CF 10 62;繊月の騎士 フェレックス
ai/045.bin;0x100D1;75 87 53 62;変革の騎士 ラディナス
ai/045.bin;0x100D1;47 87 68 63;AI(%d) : 思考時間 %.3f秒 (行動カテゴリ:%d)
ai/045.bin;0x100D1;55 C8 81 63;  完全ガード : %d/%d枚
ai/045.bin;0x100D1;42 D7 DA 63;  ガーディアン候補
ai/045.bin;0x100D1;33 8E E7 69;Duo 理想の妹 メーア
ai/045.bin;0x100D1;E8 83 60 6B;デアデビル・サムラーイ
ai/045.bin;0x100D1;4B D4 AE 6B;  合計シールド : 
ai/045.bin;0x100D1;DC 4C 2C 6E;立春の花乙姫 プリマヴェーラ
ai/045.bin;0x100D1;11 E8 1D 70;神託の女王 ヒミコ
ai/045.bin;0x100D1;E4 FB 3C 72;蒼嵐候補生 アノス
ai/045.bin;0x100D1;29 EF C2 73;  対象(%d) : %s
ai/045.bin;0x100D1;2F BC 32 75;ナイト・オブ・グレートスピア
ai/045.bin;0x100D1;5A 1C 38 7C;宝石騎士 ぷりずみー
ai/045.bin;0x100D1;7C 3A 8B 81;解放者 バーニング・ブロー
ai/045.bin;0x100D1;E1 95 2F 85;聖棍の探索者 オクタウィウス
ai/045.bin;0x100D1;DA 63 6D 85;次元ロボ ダイブレイブ
ai/045.bin;0x100D1;68 C9 7B 87;バーニングメイン・ライオン
ai/045.bin;0x100D1;46 DE 4B 88;ダークメタル・ドラゴン
ai/045.bin;0x100D1;6A D5 6E 8A;カタナライザー
ai/045.bin;0x100D1;A0 D8 63 8D;大宇宙勇機 グランギャロップ
ai/045.bin;0x100D1;1F 10 24 8F;上
ai/045.bin;0x100D1;6C E6 93 8F;真黒の賢者 カロン
ai/045.bin;0x100D1;BB E2 E9 90;永劫不敗 アシュラ・カイザー
ai/045.bin;0x100D1;E1 26 37 94;魔竜戦鬼 チャトゥラ
ai/045.bin;0x100D1;6A 0F 95 94;  アタッカーのパワー : %d(%d)
ai/045.bin;0x100D1;7F BB 35 95;覇天皇竜 ドラゴニック・オーバーロード “The Ace”
ai/045.bin;0x100D1;5D 10 30 98;朧の聖騎士 ガブレード
ai/045.bin;0x100D1;0C DD 47 9B;バトルシスター ぱるふぇ
ai/045.bin;0x100D1;1A 2D D2 9C;マイスガード フォーマルハウト
ai/045.bin;0x100D1;69 08 3B A2;蒼波竜 テトラドライブ・ドラゴン
ai/045.bin;0x100D1;F1 51 AA A2;スチームファイター バリフ
ai/045.bin;0x100D1;A4 F3 D7 A7;  アタッカーのクリティカル : %d
ai/045.bin;0x100D1;BD FD F6 A7;メチャバトラー ランボール
ai/045.bin;0x100D1;9F 77 42 AC;フレアウィップ・ドラゴン
ai/045.bin;0x100D1;39 6A 36 B5;超鋼闘機 ヘヴィデューク
ai/045.bin;0x100D1;F7 48 21 B9;ドラゴンナイト ジャラール
ai/045.bin;0x100D1;88 EF 6D BC;イニグマン・トルネード
ai/045.bin;0x100D1;C8 F3 8F BD;スターライト・ヴァイオリニスト
ai/045.bin;0x100D1;ED F8 CC BD;ファイナル・レンチ
ai/045.bin;0x100D1;11 9F 48 BE;修羅忍竜 ダラニコンゴウ
ai/045.bin;0x100D1;CF AA 4F C1;煉獄竜 ドラゴニック・ネオフレイム
ai/045.bin;0x100D1;7C 17 CE C1;ラナンキュラスの花乙女 アーシャ
ai/045.bin;0x100D1;4C D3 3F C7;神聖竜 セイントブロー・ドラゴン
ai/045.bin;0x100D1;15 6E A2 C8;ウィステリアナイト
ai/045.bin;0x100D1;43 21 E5 C8;ナイト・オブ・フラグメント
ai/045.bin;0x100D1;AB 51 A7 CB;AI(%d) : レシピ (フラグ:%08x)
ai/045.bin;0x100D1;E7 C2 F9 CC;ヒーリング・ペガサス
ai/045.bin;0x100D1;D7 DA C1 D6;AI(%d) : 思考開始 (行動カテゴリ:%d)
ai/045.bin;0x100D1;7C 46 0A D9;忍竜 ドレッドマスター
ai/045.bin;0x100D1;E2 CC 7C D9;エクスカルペイト・ザ・ブラスター
ai/045.bin;0x100D1;6B 1D DB DC;マシニング・モスキート mkⅡ
ai/045.bin;0x100D1;69 E8 61 E1;オーバーロード
ai/045.bin;0x100D1;7D 1F 65 E6;獣神 ナイトジャッカル
ai/045.bin;0x100D1;57 CD 2E E8;    
ai/045.bin;0x100D1;CC 1A C6 E8;AI未設定 : attrib = %s
ai/045.bin;0x100D1;83 A0 BD E9;ぐりんがる・探索者
ai/045.bin;0x100D1;00 BD 56 ED;風雅の騎士 ベニゼール
ai/045.bin;0x100D1;39 17 8B F0;星空の解放者 ギネヴィア
ai/045.bin;0x100D1;4B 16 BE F0;鋭気の騎士 エクター
ai/045.bin;0x100D1;BF 43 2B F1;  アタッカー : %s
ai/045.bin;0x100D1;27 25 50 F1;ベアダウン・サムラーイ
ai/045.bin;0x100D1;D7 AF 7D F5;青天の騎士 アルトマイル
ai/045.bin;0x100D1;FC B0 EB F6;清めの神器 ピュア・エンジェル
ai/045.bin;0x100D1;89 20 23 F8;下
ai/045.bin;0x100D1;DD 4C B3 F8;ターン開始 AI(%d)
ai/046.bin;0x11553;34 53 5F 00;湖の巫女 リアン
ai/046.bin;0x11553;DC A5 CF 01;  クインテットウォール : %d/%d枚
ai/046.bin;0x11553;CE A0 AE 04;ホーリーナイト・ガーディアン
ai/046.bin;0x11553;51 5B 2F 06;ヘキサゴナル・メイガス
ai/046.bin;0x11553;DD 9F CC 07;蒼嵐竜 メイルストローム
ai/046.bin;0x11553;8D 9F AA 08;  シールドの要求値 : 
ai/046.bin;0x11553;76 AE E0 09;ドラゴニック・オーバーロード “The Яe-birth”
ai/046.bin;0x11553;02 DC 8B 0D;モーント・ブラウクリューガー
ai/046.bin;0x11553;B1 2D 5D 0E;  対象のパワー : %d(%d)%s
ai/046.bin;0x11553;24 A1 3B 11;ライジング・ライオネット
ai/046.bin;0x11553;CA 98 65 11;神界獣 フェンリル
ai/046.bin;0x11553;2F 96 22 12;ダンシング・ウルフ
ai/046.bin;0x11553;2F CE 1C 13;花占いの女神 サクヤ
ai/046.bin;0x11553;08 F5 FB 13;閃火の聖騎士 サムイル
ai/046.bin;0x11553;9F 3C 4E 15; + %d
ai/046.bin;0x11553;26 7B 30 1A;ネコ執事
ai/046.bin;0x11553;8D 20 89 1A;AI未設定 : %s %d
ai/046.bin;0x11553;C0 17 EB 1D;マジェスティ・ロードブラスター
ai/046.bin;0x11553;49 58 50 21;次元ロボ ダイジェット
ai/046.bin;0x11553;BD D1 61 21;ナイト・オブ・フラッシュ
ai/046.bin;0x11553;8E BC BB 21;  シールドの目標値 : 
ai/046.bin;0x11553;00 8C ED 21;みるびる
ai/046.bin;0x11553;50 41 74 23;希望の子 トゥルエル
ai/046.bin;0x11553;39 5F 97 27;新鋭の騎士 ダヴィド
ai/046.bin;0x11553;BE 51 F9 27;餓竜 バトルレックス
ai/046.bin;0x11553;F7 2E E0 29;～%d
ai/046.bin;0x11553;A6 8F 2A 2A;喧嘩屋 ファイティング・ドラコキッド
ai/046.bin;0x11553;44 62 0C 2D;無音の射手 コンダクタンス
ai/046.bin;0x11553;14 30 63 2D;!!!! AI ERROR !!!!\n  
ai/046.bin;0x11553;EE 81 9E 32;豪腕拿捕の巨人兵
ai/046.bin;0x11553;C5 4D EE 32;ブラスター・ダーク “Diablo”
ai/046.bin;0x11553;F1 28 16 33;枚しか選んでいない
ai/046.bin;0x11553;BC 1F 35 33;  ブースター : %s
ai/046.bin;0x11553;63 BD 80 33;ナイト・オブ・ツインソード
ai/046.bin;0x11553;B8 BC F2 37;伏魔忍鬼 カガミジシ
ai/046.bin;0x11553;6E 42 D6 38;AI(%d) : アタック情報
ai/046.bin;0x11553;B3 AD 45 3A;ブラスター
ai/046.bin;0x11553;24 82 DE 40;閃きの騎士 ミーリウス
ai/046.bin;0x11553;03 D4 54 45; ヒットされない
ai/046.bin;0x11553;2D 3A A7 45;AI(%d) : ガードステップ情報
ai/046.bin;0x11553;2C A5 7B 4D;枚選択する必要があるが、
ai/046.bin;0x11553;A6 43 0C 4F;夢の運び手 ベレヌス
ai/046.bin;0x11553;4D 38 0E 4F;変革の騎士 ピール
ai/046.bin;0x11553;9F A5 E0 4F;ＣＥＯ アマテラス
ai/046.bin;0x11553;3A D0 5B 51;メッチャバトラー ビクトール
ai/046.bin;0x11553;A6 11 33 52;暗黒竜 ファントム・ブラスター “Diablo”
ai/046.bin;0x11553;3C E0 6F 55;ドラゴニック・オーバーロード
ai/046.bin;0x11553;DE C1 45 56;解放者
ai/046.bin;0x11553;F7 6D 78 57;スタンプ・ラッコ
ai/046.bin;0x11553;B0 93 08 5A;月桂の騎士 シシルス
ai/046.bin;0x11553;C5 AF 0D 60;真紅の伝承 メタトロン
ai/046.bin;0x11553;29 CF 10 62;繊月の騎士 フェレックス
ai/046.bin;0x11553;75 87 53 62;変革の騎士 ラディナス
ai/046.bin;0x11553;47 87 68 63;AI(%d) : 思考時間 %.3f秒 (行動カテゴリ:%d)
ai/046.bin;0x11553;55 C8 81 63;  完全ガード : %d/%d枚
ai/046.bin;0x11553;42 D7 DA 63;  ガーディアン候補
ai/046.bin;0x11553;33 8E E7 69;Duo 理想の妹 メーア
ai/046.bin;0x11553;E8 83 60 6B;デアデビル・サムラーイ
ai/046.bin;0x11553;4B D4 AE 6B;  合計シールド : 
ai/046.bin;0x11553;DC 4C 2C 6E;立春の花乙姫 プリマヴェーラ
ai/046.bin;0x11553;11 E8 1D 70;神託の女王 ヒミコ
ai/046.bin;0x11553;E4 FB 3C 72;蒼嵐候補生 アノス
ai/046.bin;0x11553;29 EF C2 73;  対象(%d) : %s
ai/046.bin;0x11553;2F BC 32 75;ナイト・オブ・グレートスピア
ai/046.bin;0x11553;5A 1C 38 7C;宝石騎士 ぷりずみー
ai/046.bin;0x11553;7C 3A 8B 81;解放者 バーニング・ブロー
ai/046.bin;0x11553;E1 95 2F 85;聖棍の探索者 オクタウィウス
ai/046.bin;0x11553;DA 63 6D 85;次元ロボ ダイブレイブ
ai/046.bin;0x11553;68 C9 7B 87;バーニングメイン・ライオン
ai/046.bin;0x11553;46 DE 4B 88;ダークメタル・ドラゴン
ai/046.bin;0x11553;6A D5 6E 8A;カタナライザー
ai/046.bin;0x11553;A0 D8 63 8D;大宇宙勇機 グランギャロップ
ai/046.bin;0x11553;1F 10 24 8F;上
ai/046.bin;0x11553;6C E6 93 8F;真黒の賢者 カロン
ai/046.bin;0x11553;BB E2 E9 90;永劫不敗 アシュラ・カイザー
ai/046.bin;0x11553;E1 26 37 94;魔竜戦鬼 チャトゥラ
ai/046.bin;0x11553;6A 0F 95 94;  アタッカーのパワー : %d(%d)
ai/046.bin;0x11553;7F BB 35 95;覇天皇竜 ドラゴニック・オーバーロード “The Ace”
ai/046.bin;0x11553;5D 10 30 98;朧の聖騎士 ガブレード
ai/046.bin;0x11553;0C DD 47 9B;バトルシスター ぱるふぇ
ai/046.bin;0x11553;1A 2D D2 9C;マイスガード フォーマルハウト
ai/046.bin;0x11553;69 08 3B A2;蒼波竜 テトラドライブ・ドラゴン
ai/046.bin;0x11553;F1 51 AA A2;スチームファイター バリフ
ai/046.bin;0x11553;A4 F3 D7 A7;  アタッカーのクリティカル : %d
ai/046.bin;0x11553;BD FD F6 A7;メチャバトラー ランボール
ai/046.bin;0x11553;05 CD C8 A9;アルトマイル
ai/046.bin;0x11553;9F 77 42 AC;フレアウィップ・ドラゴン
ai/046.bin;0x11553;39 6A 36 B5;超鋼闘機 ヘヴィデューク
ai/046.bin;0x11553;F7 48 21 B9;ドラゴンナイト ジャラール
ai/046.bin;0x11553;88 EF 6D BC;イニグマン・トルネード
ai/046.bin;0x11553;ED F8 CC BD;ファイナル・レンチ
ai/046.bin;0x11553;11 9F 48 BE;修羅忍竜 ダラニコンゴウ
ai/046.bin;0x11553;CF AA 4F C1;煉獄竜 ドラゴニック・ネオフレイム
ai/046.bin;0x11553;7C 17 CE C1;ラナンキュラスの花乙女 アーシャ
ai/046.bin;0x11553;4C D3 3F C7;神聖竜 セイントブロー・ドラゴン
ai/046.bin;0x11553;15 6E A2 C8;ウィステリアナイト
ai/046.bin;0x11553;43 21 E5 C8;ナイト・オブ・フラグメント
ai/046.bin;0x11553;AB 51 A7 CB;AI(%d) : レシピ (フラグ:%08x)
ai/046.bin;0x11553;E7 C2 F9 CC;ヒーリング・ペガサス
ai/046.bin;0x11553;63 83 B8 D2;てっくがる
ai/046.bin;0x11553;D7 DA C1 D6;AI(%d) : 思考開始 (行動カテゴリ:%d)
ai/046.bin;0x11553;7C 46 0A D9;忍竜 ドレッドマスター
ai/046.bin;0x11553;E2 CC 7C D9;エクスカルペイト・ザ・ブラスター
ai/046.bin;0x11553;6B 1D DB DC;マシニング・モスキート mkⅡ
ai/046.bin;0x11553;69 E8 61 E1;オーバーロード
ai/046.bin;0x11553;7D 1F 65 E6;獣神 ナイトジャッカル
ai/046.bin;0x11553;57 CD 2E E8;    
ai/046.bin;0x11553;CC 1A C6 E8;AI未設定 : attrib = %s
ai/046.bin;0x11553;83 A0 BD E9;ぐりんがる・探索者
ai/046.bin;0x11553;00 BD 56 ED;風雅の騎士 ベニゼール
ai/046.bin;0x11553;39 17 8B F0;星空の解放者 ギネヴィア
ai/046.bin;0x11553;4B 16 BE F0;鋭気の騎士 エクター
ai/046.bin;0x11553;BF 43 2B F1;  アタッカー : %s
ai/046.bin;0x11553;27 25 50 F1;ベアダウン・サムラーイ
ai/046.bin;0x11553;D7 AF 7D F5;青天の騎士 アルトマイル
ai/046.bin;0x11553;FB 71 E1 F6;飛天の聖騎士 アルトマイル
ai/046.bin;0x11553;FC B0 EB F6;清めの神器 ピュア・エンジェル
ai/046.bin;0x11553;89 20 23 F8;下
ai/046.bin;0x11553;DD 4C B3 F8;ターン開始 AI(%d)
ai/047.bin;0xF68F;DC A5 CF 01;  クインテットウォール : %d/%d枚
ai/047.bin;0xF68F;51 5B 2F 06;ヘキサゴナル・メイガス
ai/047.bin;0xF68F;DD 9F CC 07;蒼嵐竜 メイルストローム
ai/047.bin;0xF68F;8D 9F AA 08;  シールドの要求値 : 
ai/047.bin;0xF68F;99 38 0E 09;エメラルドウィッチ ララ
ai/047.bin;0xF68F;76 AE E0 09;ドラゴニック・オーバーロード “The Яe-birth”
ai/047.bin;0xF68F;02 DC 8B 0D;モーント・ブラウクリューガー
ai/047.bin;0xF68F;B1 2D 5D 0E;  対象のパワー : %d(%d)%s
ai/047.bin;0xF68F;24 A1 3B 11;ライジング・ライオネット
ai/047.bin;0xF68F;CA 98 65 11;神界獣 フェンリル
ai/047.bin;0xF68F;2F 96 22 12;ダンシング・ウルフ
ai/047.bin;0xF68F;2F CE 1C 13;花占いの女神 サクヤ
ai/047.bin;0xF68F;9F 3C 4E 15; + %d
ai/047.bin;0xF68F;A4 00 7F 16;バトルシスター
ai/047.bin;0xF68F;8C C5 60 18;スノーエレメント ブリーザ
ai/047.bin;0xF68F;6E 14 F3 19;バトルシスター じゅれ
ai/047.bin;0xF68F;26 7B 30 1A;ネコ執事
ai/047.bin;0xF68F;8D 20 89 1A;AI未設定 : %s %d
ai/047.bin;0xF68F;7D 1B D2 1B;バトルシスター ろりぽっぷ
ai/047.bin;0xF68F;49 58 50 21;次元ロボ ダイジェット
ai/047.bin;0xF68F;8E BC BB 21;  シールドの目標値 : 
ai/047.bin;0xF68F;50 41 74 23;希望の子 トゥルエル
ai/047.bin;0xF68F;C2 70 95 24;バトルシスター ちゃい
ai/047.bin;0xF68F;76 66 D9 24;バトルシスター わっふる
ai/047.bin;0xF68F;39 5F 97 27;新鋭の騎士 ダヴィド
ai/047.bin;0xF68F;BE 51 F9 27;餓竜 バトルレックス
ai/047.bin;0xF68F;F7 2E E0 29;～%d
ai/047.bin;0xF68F;A6 8F 2A 2A;喧嘩屋 ファイティング・ドラコキッド
ai/047.bin;0xF68F;44 62 0C 2D;無音の射手 コンダクタンス
ai/047.bin;0xF68F;14 30 63 2D;!!!! AI ERROR !!!!\n  
ai/047.bin;0xF68F;9D D8 DB 30;オラクルガーディアン シーサー
ai/047.bin;0xF68F;EE 81 9E 32;豪腕拿捕の巨人兵
ai/047.bin;0xF68F;C5 4D EE 32;ブラスター・ダーク “Diablo”
ai/047.bin;0xF68F;F1 28 16 33;枚しか選んでいない
ai/047.bin;0xF68F;BC 1F 35 33;  ブースター : %s
ai/047.bin;0xF68F;B8 BC F2 37;伏魔忍鬼 カガミジシ
ai/047.bin;0xF68F;6E 42 D6 38;AI(%d) : アタック情報
ai/047.bin;0xF68F;B3 AD 45 3A;ブラスター
ai/047.bin;0xF68F;08 37 F8 3A;バトルシスター れもねーど
ai/047.bin;0xF68F;71 E4 49 42;バトルシスター てぃらみす
ai/047.bin;0xF68F;03 D4 54 45; ヒットされない
ai/047.bin;0xF68F;2D 3A A7 45;AI(%d) : ガードステップ情報
ai/047.bin;0xF68F;2C A5 7B 4D;枚選択する必要があるが、
ai/047.bin;0xF68F;9F A5 E0 4F;ＣＥＯ アマテラス
ai/047.bin;0xF68F;3A D0 5B 51;メッチャバトラー ビクトール
ai/047.bin;0xF68F;A6 11 33 52;暗黒竜 ファントム・ブラスター “Diablo”
ai/047.bin;0xF68F;28 FF 89 54;天翔ける瑞獣 麒麟
ai/047.bin;0xF68F;3C E0 6F 55;ドラゴニック・オーバーロード
ai/047.bin;0xF68F;DE C1 45 56;解放者
ai/047.bin;0xF68F;C9 4A 68 57;バトルシスター しょこら
ai/047.bin;0xF68F;F7 6D 78 57;スタンプ・ラッコ
ai/047.bin;0xF68F;C5 AF 0D 60;真紅の伝承 メタトロン
ai/047.bin;0xF68F;47 87 68 63;AI(%d) : 思考時間 %.3f秒 (行動カテゴリ:%d)
ai/047.bin;0xF68F;55 C8 81 63;  完全ガード : %d/%d枚
ai/047.bin;0xF68F;42 D7 DA 63;  ガーディアン候補
ai/047.bin;0xF68F;A5 71 A7 67;レインエレメント マデュー
ai/047.bin;0xF68F;93 11 EA 68;ブルースケイル・ディアー
ai/047.bin;0xF68F;33 8E E7 69;Duo 理想の妹 メーア
ai/047.bin;0xF68F;C8 60 52 6B;雨雲を呼ぶ九頭竜王
ai/047.bin;0xF68F;E8 83 60 6B;デアデビル・サムラーイ
ai/047.bin;0xF68F;4B D4 AE 6B;  合計シールド : 
ai/047.bin;0xF68F;DC 4C 2C 6E;立春の花乙姫 プリマヴェーラ
ai/047.bin;0xF68F;11 E8 1D 70;神託の女王 ヒミコ
ai/047.bin;0xF68F;E4 FB 3C 72;蒼嵐候補生 アノス
ai/047.bin;0xF68F;29 EF C2 73;  対象(%d) : %s
ai/047.bin;0xF68F;71 FD 25 7F;バトルシスター あっさむ
ai/047.bin;0xF68F;7C 3A 8B 81;解放者 バーニング・ブロー
ai/047.bin;0xF68F;DA 63 6D 85;次元ロボ ダイブレイブ
ai/047.bin;0xF68F;46 DE 4B 88;ダークメタル・ドラゴン
ai/047.bin;0xF68F;6A D5 6E 8A;カタナライザー
ai/047.bin;0xF68F;D1 DD 00 8D;ダーク・キャット
ai/047.bin;0xF68F;A0 D8 63 8D;大宇宙勇機 グランギャロップ
ai/047.bin;0xF68F;1F 10 24 8F;上
ai/047.bin;0xF68F;6C E6 93 8F;真黒の賢者 カロン
ai/047.bin;0xF68F;BB E2 E9 90;永劫不敗 アシュラ・カイザー
ai/047.bin;0xF68F;DB B2 09 93;バトルシスター ぷでぃんぐ
ai/047.bin;0xF68F;E1 26 37 94;魔竜戦鬼 チャトゥラ
ai/047.bin;0xF68F;6A 0F 95 94;  アタッカーのパワー : %d(%d)
ai/047.bin;0xF68F;7F BB 35 95;覇天皇竜 ドラゴニック・オーバーロード “The Ace”
ai/047.bin;0xF68F;0C DD 47 9B;バトルシスター ぱるふぇ
ai/047.bin;0xF68F;1A 2D D2 9C;マイスガード フォーマルハウト
ai/047.bin;0xF68F;69 08 3B A2;蒼波竜 テトラドライブ・ドラゴン
ai/047.bin;0xF68F;F1 51 AA A2;スチームファイター バリフ
ai/047.bin;0xF68F;42 AC 0B A7;バトルシスター まかろん
ai/047.bin;0xF68F;A4 F3 D7 A7;  アタッカーのクリティカル : %d
ai/047.bin;0xF68F;BD FD F6 A7;メチャバトラー ランボール
ai/047.bin;0xF68F;37 A8 35 AC;ペタル・フェアリー
ai/047.bin;0xF68F;9F 77 42 AC;フレアウィップ・ドラゴン
ai/047.bin;0xF68F;D7 7E 17 B2;バトルシスター みるふぃーゆ
ai/047.bin;0xF68F;39 6A 36 B5;超鋼闘機 ヘヴィデューク
ai/047.bin;0xF68F;F7 48 21 B9;ドラゴンナイト ジャラール
ai/047.bin;0xF68F;88 EF 6D BC;イニグマン・トルネード
ai/047.bin;0xF68F;7F 60 32 BD;お天気お姉さん らむね
ai/047.bin;0xF68F;ED F8 CC BD;ファイナル・レンチ
ai/047.bin;0xF68F;11 9F 48 BE;修羅忍竜 ダラニコンゴウ
ai/047.bin;0xF68F;CF AA 4F C1;煉獄竜 ドラゴニック・ネオフレイム
ai/047.bin;0xF68F;7C 17 CE C1;ラナンキュラスの花乙女 アーシャ
ai/047.bin;0xF68F;15 6E A2 C8;ウィステリアナイト
ai/047.bin;0xF68F;92 F9 D3 CA;バトルシスター じんじゃー
ai/047.bin;0xF68F;AB 51 A7 CB;AI(%d) : レシピ (フラグ:%08x)
ai/047.bin;0xF68F;D8 71 CC CE;ラック・バード
ai/047.bin;0xF68F;B1 EE F2 D4;バトルシスター ここっと
ai/047.bin;0xF68F;D7 DA C1 D6;AI(%d) : 思考開始 (行動カテゴリ:%d)
ai/047.bin;0xF68F;7C 46 0A D9;忍竜 ドレッドマスター
ai/047.bin;0xF68F;6B 1D DB DC;マシニング・モスキート mkⅡ
ai/047.bin;0xF68F;69 E8 61 E1;オーバーロード
ai/047.bin;0xF68F;7D 1F 65 E6;獣神 ナイトジャッカル
ai/047.bin;0xF68F;57 CD 2E E8;    
ai/047.bin;0xF68F;CC 1A C6 E8;AI未設定 : attrib = %s
ai/047.bin;0xF68F;58 1B 7D EA;バトルシスター たふぃー
ai/047.bin;0xF68F;39 17 8B F0;星空の解放者 ギネヴィア
ai/047.bin;0xF68F;4B 16 BE F0;鋭気の騎士 エクター
ai/047.bin;0xF68F;BF 43 2B F1;  アタッカー : %s
ai/047.bin;0xF68F;27 25 50 F1;ベアダウン・サムラーイ
ai/047.bin;0xF68F;1B 60 84 F5;メイデン・オブ・ライブラ
ai/047.bin;0xF68F;FC B0 EB F6;清めの神器 ピュア・エンジェル
ai/047.bin;0xF68F;89 20 23 F8;下
ai/047.bin;0xF68F;DD 4C B3 F8;ターン開始 AI(%d)
ai/048.bin;0xEF30;DC A5 CF 01;  クインテットウォール : %d/%d枚
ai/048.bin;0xEF30;66 E3 35 04;ユーピター・ブラウクリューガー
ai/048.bin;0xEF30;51 5B 2F 06;ヘキサゴナル・メイガス
ai/048.bin;0xEF30;DD 9F CC 07;蒼嵐竜 メイルストローム
ai/048.bin;0xEF30;8D 9F AA 08;  シールドの要求値 : 
ai/048.bin;0xEF30;76 AE E0 09;ドラゴニック・オーバーロード “The Яe-birth”
ai/048.bin;0xEF30;02 DC 8B 0D;モーント・ブラウクリューガー
ai/048.bin;0xEF30;B1 2D 5D 0E;  対象のパワー : %d(%d)%s
ai/048.bin;0xEF30;24 A1 3B 11;ライジング・ライオネット
ai/048.bin;0xEF30;CA 98 65 11;神界獣 フェンリル
ai/048.bin;0xEF30;2F 96 22 12;ダンシング・ウルフ
ai/048.bin;0xEF30;2F CE 1C 13;花占いの女神 サクヤ
ai/048.bin;0xEF30;81 D0 F9 13;スリーミニッツ
ai/048.bin;0xEF30;9F 3C 4E 15; + %d
ai/048.bin;0xEF30;26 7B 30 1A;ネコ執事
ai/048.bin;0xEF30;8D 20 89 1A;AI未設定 : %s %d
ai/048.bin;0xEF30;49 58 50 21;次元ロボ ダイジェット
ai/048.bin;0xEF30;8E BC BB 21;  シールドの目標値 : 
ai/048.bin;0xEF30;50 41 74 23;希望の子 トゥルエル
ai/048.bin;0xEF30;39 5F 97 27;新鋭の騎士 ダヴィド
ai/048.bin;0xEF30;BE 51 F9 27;餓竜 バトルレックス
ai/048.bin;0xEF30;F7 2E E0 29;～%d
ai/048.bin;0xEF30;A6 8F 2A 2A;喧嘩屋 ファイティング・ドラコキッド
ai/048.bin;0xEF30;44 62 0C 2D;無音の射手 コンダクタンス
ai/048.bin;0xEF30;14 30 63 2D;!!!! AI ERROR !!!!\n  
ai/048.bin;0xEF30;EE 81 9E 32;豪腕拿捕の巨人兵
ai/048.bin;0xEF30;C5 4D EE 32;ブラスター・ダーク “Diablo”
ai/048.bin;0xEF30;F1 28 16 33;枚しか選んでいない
ai/048.bin;0xEF30;BC 1F 35 33;  ブースター : %s
ai/048.bin;0xEF30;B8 BC F2 37;伏魔忍鬼 カガミジシ
ai/048.bin;0xEF30;6E 42 D6 38;AI(%d) : アタック情報
ai/048.bin;0xEF30;B3 AD 45 3A;ブラスター
ai/048.bin;0xEF30;FD 78 8F 3D;キング・オブ・ソード
ai/048.bin;0xEF30;03 D4 54 45; ヒットされない
ai/048.bin;0xEF30;2D 3A A7 45;AI(%d) : ガードステップ情報
ai/048.bin;0xEF30;2C A5 7B 4D;枚選択する必要があるが、
ai/048.bin;0xEF30;C6 1A C5 4F;ドグー・メカニック
ai/048.bin;0xEF30;9F A5 E0 4F;ＣＥＯ アマテラス
ai/048.bin;0xEF30;3A D0 5B 51;メッチャバトラー ビクトール
ai/048.bin;0xEF30;A6 11 33 52;暗黒竜 ファントム・ブラスター “Diablo”
ai/048.bin;0xEF30;3C E0 6F 55;ドラゴニック・オーバーロード
ai/048.bin;0xEF30;DE C1 45 56;解放者
ai/048.bin;0xEF30;F7 6D 78 57;スタンプ・ラッコ
ai/048.bin;0xEF30;C5 AF 0D 60;真紅の伝承 メタトロン
ai/048.bin;0xEF30;47 87 68 63;AI(%d) : 思考時間 %.3f秒 (行動カテゴリ:%d)
ai/048.bin;0xEF30;55 C8 81 63;  完全ガード : %d/%d枚
ai/048.bin;0xEF30;42 D7 DA 63;  ガーディアン候補
ai/048.bin;0xEF30;33 8E E7 69;Duo 理想の妹 メーア
ai/048.bin;0xEF30;BC 3C 2E 6A;獣神 ゴールデン・アングレット
ai/048.bin;0xEF30;40 96 74 6A;シャイニング・レディ
ai/048.bin;0xEF30;E8 83 60 6B;デアデビル・サムラーイ
ai/048.bin;0xEF30;4B D4 AE 6B;  合計シールド : 
ai/048.bin;0xEF30;DC 4C 2C 6E;立春の花乙姫 プリマヴェーラ
ai/048.bin;0xEF30;11 E8 1D 70;神託の女王 ヒミコ
ai/048.bin;0xEF30;E4 FB 3C 72;蒼嵐候補生 アノス
ai/048.bin;0xEF30;29 EF C2 73;  対象(%d) : %s
ai/048.bin;0xEF30;60 BE 05 81;クイーン・オブ・ハート
ai/048.bin;0xEF30;7C 3A 8B 81;解放者 バーニング・ブロー
ai/048.bin;0xEF30;DA 63 6D 85;次元ロボ ダイブレイブ
ai/048.bin;0xEF30;46 DE 4B 88;ダークメタル・ドラゴン
ai/048.bin;0xEF30;6A D5 6E 8A;カタナライザー
ai/048.bin;0xEF30;A0 D8 63 8D;大宇宙勇機 グランギャロップ
ai/048.bin;0xEF30;5F 02 08 8E;タフ・ボーイ
ai/048.bin;0xEF30;1F 10 24 8F;上
ai/048.bin;0xEF30;6C E6 93 8F;真黒の賢者 カロン
ai/048.bin;0xEF30;BB E2 E9 90;永劫不敗 アシュラ・カイザー
ai/048.bin;0xEF30;E1 26 37 94;魔竜戦鬼 チャトゥラ
ai/048.bin;0xEF30;6A 0F 95 94;  アタッカーのパワー : %d(%d)
ai/048.bin;0xEF30;7F BB 35 95;覇天皇竜 ドラゴニック・オーバーロード “The Ace”
ai/048.bin;0xEF30;0C DD 47 9B;バトルシスター ぱるふぇ
ai/048.bin;0xEF30;1A 2D D2 9C;マイスガード フォーマルハウト
ai/048.bin;0xEF30;D3 16 48 9D;獣神 ブライトコブラ
ai/048.bin;0xEF30;69 08 3B A2;蒼波竜 テトラドライブ・ドラゴン
ai/048.bin;0xEF30;F1 51 AA A2;スチームファイター バリフ
ai/048.bin;0xEF30;A4 F3 D7 A7;  アタッカーのクリティカル : %d
ai/048.bin;0xEF30;BD FD F6 A7;メチャバトラー ランボール
ai/048.bin;0xEF30;9F 77 42 AC;フレアウィップ・ドラゴン
ai/048.bin;0xEF30;39 6A 36 B5;超鋼闘機 ヘヴィデューク
ai/048.bin;0xEF30;1D C0 67 B5;メチャバトラー ケンビーム
ai/048.bin;0xEF30;F7 48 21 B9;ドラゴンナイト ジャラール
ai/048.bin;0xEF30;88 EF 6D BC;イニグマン・トルネード
ai/048.bin;0xEF30;ED F8 CC BD;ファイナル・レンチ
ai/048.bin;0xEF30;11 9F 48 BE;修羅忍竜 ダラニコンゴウ
ai/048.bin;0xEF30;1D 17 4A BF;スターライト・ヘッジホッグ
ai/048.bin;0xEF30;CF AA 4F C1;煉獄竜 ドラゴニック・ネオフレイム
ai/048.bin;0xEF30;7C 17 CE C1;ラナンキュラスの花乙女 アーシャ
ai/048.bin;0xEF30;15 6E A2 C8;ウィステリアナイト
ai/048.bin;0xEF30;AB 51 A7 CB;AI(%d) : レシピ (フラグ:%08x)
ai/048.bin;0xEF30;87 3F 44 D6;ヒートエレメント マグム
ai/048.bin;0xEF30;D7 DA C1 D6;AI(%d) : 思考開始 (行動カテゴリ:%d)
ai/048.bin;0xEF30;7C 46 0A D9;忍竜 ドレッドマスター
ai/048.bin;0xEF30;6B 1D DB DC;マシニング・モスキート mkⅡ
ai/048.bin;0xEF30;FD 66 77 DF;ライザーガール ケイト
ai/048.bin;0xEF30;F0 4E 4A E0;進化転生 ミライオー
ai/048.bin;0xEF30;15 DA 1B E1;メチャバトラー ケンドール
ai/048.bin;0xEF30;69 E8 61 E1;オーバーロード
ai/048.bin;0xEF30;7D 1F 65 E6;獣神 ナイトジャッカル
ai/048.bin;0xEF30;57 CD 2E E8;    
ai/048.bin;0xEF30;CC 1A C6 E8;AI未設定 : attrib = %s
ai/048.bin;0xEF30;39 17 8B F0;星空の解放者 ギネヴィア
ai/048.bin;0xEF30;4B 16 BE F0;鋭気の騎士 エクター
ai/048.bin;0xEF30;BF 43 2B F1;  アタッカー : %s
ai/048.bin;0xEF30;27 25 50 F1;ベアダウン・サムラーイ
ai/048.bin;0xEF30;B0 FF 0D F4;Mr.インビンシブル
ai/048.bin;0xEF30;FC B0 EB F6;清めの神器 ピュア・エンジェル
ai/048.bin;0xEF30;89 20 23 F8;下
ai/048.bin;0xEF30;DD 4C B3 F8;ターン開始 AI(%d)
ai/049.bin;0x10334;DC A5 CF 01;  クインテットウォール : %d/%d枚
ai/049.bin;0x10334;5C 9A 60 05;メチャバトラー ガンゾック
ai/049.bin;0x10334;51 5B 2F 06;ヘキサゴナル・メイガス
ai/049.bin;0x10334;DD 9F CC 07;蒼嵐竜 メイルストローム
ai/049.bin;0x10334;8D 9F AA 08;  シールドの要求値 : 
ai/049.bin;0x10334;76 AE E0 09;ドラゴニック・オーバーロード “The Яe-birth”
ai/049.bin;0x10334;02 DC 8B 0D;モーント・ブラウクリューガー
ai/049.bin;0x10334;B1 2D 5D 0E;  対象のパワー : %d(%d)%s
ai/049.bin;0x10334;24 A1 3B 11;ライジング・ライオネット
ai/049.bin;0x10334;CA 98 65 11;神界獣 フェンリル
ai/049.bin;0x10334;2F 96 22 12;ダンシング・ウルフ
ai/049.bin;0x10334;2F CE 1C 13;花占いの女神 サクヤ
ai/049.bin;0x10334;9F 3C 4E 15; + %d
ai/049.bin;0x10334;26 7B 30 1A;ネコ執事
ai/049.bin;0x10334;8D 20 89 1A;AI未設定 : %s %d
ai/049.bin;0x10334;49 58 50 21;次元ロボ ダイジェット
ai/049.bin;0x10334;8E BC BB 21;  シールドの目標値 : 
ai/049.bin;0x10334;50 41 74 23;希望の子 トゥルエル
ai/049.bin;0x10334;74 67 72 24;ドローン男爵
ai/049.bin;0x10334;39 5F 97 27;新鋭の騎士 ダヴィド
ai/049.bin;0x10334;BE 51 F9 27;餓竜 バトルレックス
ai/049.bin;0x10334;F7 2E E0 29;～%d
ai/049.bin;0x10334;A6 8F 2A 2A;喧嘩屋 ファイティング・ドラコキッド
ai/049.bin;0x10334;44 62 0C 2D;無音の射手 コンダクタンス
ai/049.bin;0x10334;14 30 63 2D;!!!! AI ERROR !!!!\n  
ai/049.bin;0x10334;EE 81 9E 32;豪腕拿捕の巨人兵
ai/049.bin;0x10334;E5 C2 EB 32;エナジー・ガール
ai/049.bin;0x10334;C5 4D EE 32;ブラスター・ダーク “Diablo”
ai/049.bin;0x10334;F1 28 16 33;枚しか選んでいない
ai/049.bin;0x10334;BC 1F 35 33;  ブースター : %s
ai/049.bin;0x10334;B8 BC F2 37;伏魔忍鬼 カガミジシ
ai/049.bin;0x10334;16 F9 26 38;ラウンドガール アイ
ai/049.bin;0x10334;6E 42 D6 38;AI(%d) : アタック情報
ai/049.bin;0x10334;55 9E CC 39;メチャバトラー アラシード
ai/049.bin;0x10334;B3 AD 45 3A;ブラスター
ai/049.bin;0x10334;03 D4 54 45; ヒットされない
ai/049.bin;0x10334;2D 3A A7 45;AI(%d) : ガードステップ情報
ai/049.bin;0x10334;2C A5 7B 4D;枚選択する必要があるが、
ai/049.bin;0x10334;9F A5 E0 4F;ＣＥＯ アマテラス
ai/049.bin;0x10334;3A D0 5B 51;メッチャバトラー ビクトール
ai/049.bin;0x10334;A6 11 33 52;暗黒竜 ファントム・ブラスター “Diablo”
ai/049.bin;0x10334;3C E0 6F 55;ドラゴニック・オーバーロード
ai/049.bin;0x10334;DE C1 45 56;解放者
ai/049.bin;0x10334;F7 6D 78 57;スタンプ・ラッコ
ai/049.bin;0x10334;23 0A A9 5B;ホワイト・ハンク
ai/049.bin;0x10334;C5 AF 0D 60;真紅の伝承 メタトロン
ai/049.bin;0x10334;47 87 68 63;AI(%d) : 思考時間 %.3f秒 (行動カテゴリ:%d)
ai/049.bin;0x10334;55 C8 81 63;  完全ガード : %d/%d枚
ai/049.bin;0x10334;42 D7 DA 63;  ガーディアン候補
ai/049.bin;0x10334;33 8E E7 69;Duo 理想の妹 メーア
ai/049.bin;0x10334;E8 83 60 6B;デアデビル・サムラーイ
ai/049.bin;0x10334;4B D4 AE 6B;  合計シールド : 
ai/049.bin;0x10334;DC 4C 2C 6E;立春の花乙姫 プリマヴェーラ
ai/049.bin;0x10334;11 E8 1D 70;神託の女王 ヒミコ
ai/049.bin;0x10334;E4 FB 3C 72;蒼嵐候補生 アノス
ai/049.bin;0x10334;29 EF C2 73;  対象(%d) : %s
ai/049.bin;0x10334;7C 64 20 80;メチャバトラー ザンバーラ
ai/049.bin;0x10334;7C 3A 8B 81;解放者 バーニング・ブロー
ai/049.bin;0x10334;85 74 0A 84;マッスル・シュリーク
ai/049.bin;0x10334;DA 63 6D 85;次元ロボ ダイブレイブ
ai/049.bin;0x10334;46 DE 4B 88;ダークメタル・ドラゴン
ai/049.bin;0x10334;6A D5 6E 8A;カタナライザー
ai/049.bin;0x10334;A0 D8 63 8D;大宇宙勇機 グランギャロップ
ai/049.bin;0x10334;1F 10 24 8F;上
ai/049.bin;0x10334;6C E6 93 8F;真黒の賢者 カロン
ai/049.bin;0x10334;BB E2 E9 90;永劫不敗 アシュラ・カイザー
ai/049.bin;0x10334;E1 26 37 94;魔竜戦鬼 チャトゥラ
ai/049.bin;0x10334;6A 0F 95 94;  アタッカーのパワー : %d(%d)
ai/049.bin;0x10334;7F BB 35 95;覇天皇竜 ドラゴニック・オーバーロード “The Ace”
ai/049.bin;0x10334;0C DD 47 9B;バトルシスター ぱるふぇ
ai/049.bin;0x10334;E1 9A 8E 9C;メテオカイザー トライブルート
ai/049.bin;0x10334;1A 2D D2 9C;マイスガード フォーマルハウト
ai/049.bin;0x10334;69 08 3B A2;蒼波竜 テトラドライブ・ドラゴン
ai/049.bin;0x10334;F1 51 AA A2;スチームファイター バリフ
ai/049.bin;0x10334;A4 F3 D7 A7;  アタッカーのクリティカル : %d
ai/049.bin;0x10334;BD FD F6 A7;メチャバトラー ランボール
ai/049.bin;0x10334;9F 77 42 AC;フレアウィップ・ドラゴン
ai/049.bin;0x10334;39 6A 36 B5;超鋼闘機 ヘヴィデューク
ai/049.bin;0x10334;F7 48 21 B9;ドラゴンナイト ジャラール
ai/049.bin;0x10334;88 EF 6D BC;イニグマン・トルネード
ai/049.bin;0x10334;ED F8 CC BD;ファイナル・レンチ
ai/049.bin;0x10334;11 9F 48 BE;修羅忍竜 ダラニコンゴウ
ai/049.bin;0x10334;1D 17 4A BF;スターライト・ヘッジホッグ
ai/049.bin;0x10334;CF AA 4F C1;煉獄竜 ドラゴニック・ネオフレイム
ai/049.bin;0x10334;7C 17 CE C1;ラナンキュラスの花乙女 アーシャ
ai/049.bin;0x10334;15 6E A2 C8;ウィステリアナイト
ai/049.bin;0x10334;AB 51 A7 CB;AI(%d) : レシピ (フラグ:%08x)
ai/049.bin;0x10334;32 32 45 D1;メテオカイザー ビクトプラズマ
ai/049.bin;0x10334;D7 DA C1 D6;AI(%d) : 思考開始 (行動カテゴリ:%d)
ai/049.bin;0x10334;7C 46 0A D9;忍竜 ドレッドマスター
ai/049.bin;0x10334;6B 1D DB DC;マシニング・モスキート mkⅡ
ai/049.bin;0x10334;15 DA 1B E1;メチャバトラー ケンドール
ai/049.bin;0x10334;69 E8 61 E1;オーバーロード
ai/049.bin;0x10334;7D 1F 65 E6;獣神 ナイトジャッカル
ai/049.bin;0x10334;57 CD 2E E8;    
ai/049.bin;0x10334;CC 1A C6 E8;AI未設定 : attrib = %s
ai/049.bin;0x10334;DE CA B0 E9;レディ・サイクロン
ai/049.bin;0x10334;39 17 8B F0;星空の解放者 ギネヴィア
ai/049.bin;0x10334;4B 16 BE F0;鋭気の騎士 エクター
ai/049.bin;0x10334;BF 43 2B F1;  アタッカー : %s
ai/049.bin;0x10334;27 25 50 F1;ベアダウン・サムラーイ
ai/049.bin;0x10334;52 B3 D1 F6;メテオカイザー ビクト・テン
ai/049.bin;0x10334;FC B0 EB F6;清めの神器 ピュア・エンジェル
ai/049.bin;0x10334;89 20 23 F8;下
ai/049.bin;0x10334;DD 4C B3 F8;ターン開始 AI(%d)
ai/050.bin;0x1034F;DC A5 CF 01;  クインテットウォール : %d/%d枚
ai/050.bin;0x1034F;5C 9A 60 05;メチャバトラー ガンゾック
ai/050.bin;0x1034F;51 5B 2F 06;ヘキサゴナル・メイガス
ai/050.bin;0x1034F;DD 9F CC 07;蒼嵐竜 メイルストローム
ai/050.bin;0x1034F;8D 9F AA 08;  シールドの要求値 : 
ai/050.bin;0x1034F;76 AE E0 09;ドラゴニック・オーバーロード “The Яe-birth”
ai/050.bin;0x1034F;02 DC 8B 0D;モーント・ブラウクリューガー
ai/050.bin;0x1034F;B1 2D 5D 0E;  対象のパワー : %d(%d)%s
ai/050.bin;0x1034F;24 A1 3B 11;ライジング・ライオネット
ai/050.bin;0x1034F;CA 98 65 11;神界獣 フェンリル
ai/050.bin;0x1034F;2F 96 22 12;ダンシング・ウルフ
ai/050.bin;0x1034F;2F CE 1C 13;花占いの女神 サクヤ
ai/050.bin;0x1034F;9F 3C 4E 15; + %d
ai/050.bin;0x1034F;26 7B 30 1A;ネコ執事
ai/050.bin;0x1034F;8D 20 89 1A;AI未設定 : %s %d
ai/050.bin;0x1034F;49 58 50 21;次元ロボ ダイジェット
ai/050.bin;0x1034F;8E BC BB 21;  シールドの目標値 : 
ai/050.bin;0x1034F;50 41 74 23;希望の子 トゥルエル
ai/050.bin;0x1034F;74 67 72 24;ドローン男爵
ai/050.bin;0x1034F;39 5F 97 27;新鋭の騎士 ダヴィド
ai/050.bin;0x1034F;BE 51 F9 27;餓竜 バトルレックス
ai/050.bin;0x1034F;F7 2E E0 29;～%d
ai/050.bin;0x1034F;A6 8F 2A 2A;喧嘩屋 ファイティング・ドラコキッド
ai/050.bin;0x1034F;44 62 0C 2D;無音の射手 コンダクタンス
ai/050.bin;0x1034F;14 30 63 2D;!!!! AI ERROR !!!!\n  
ai/050.bin;0x1034F;EE 81 9E 32;豪腕拿捕の巨人兵
ai/050.bin;0x1034F;E5 C2 EB 32;エナジー・ガール
ai/050.bin;0x1034F;C5 4D EE 32;ブラスター・ダーク “Diablo”
ai/050.bin;0x1034F;F1 28 16 33;枚しか選んでいない
ai/050.bin;0x1034F;BC 1F 35 33;  ブースター : %s
ai/050.bin;0x1034F;B8 BC F2 37;伏魔忍鬼 カガミジシ
ai/050.bin;0x1034F;16 F9 26 38;ラウンドガール アイ
ai/050.bin;0x1034F;6E 42 D6 38;AI(%d) : アタック情報
ai/050.bin;0x1034F;55 9E CC 39;メチャバトラー アラシード
ai/050.bin;0x1034F;B3 AD 45 3A;ブラスター
ai/050.bin;0x1034F;03 D4 54 45; ヒットされない
ai/050.bin;0x1034F;2D 3A A7 45;AI(%d) : ガードステップ情報
ai/050.bin;0x1034F;2C A5 7B 4D;枚選択する必要があるが、
ai/050.bin;0x1034F;9F A5 E0 4F;ＣＥＯ アマテラス
ai/050.bin;0x1034F;3A D0 5B 51;メッチャバトラー ビクトール
ai/050.bin;0x1034F;A6 11 33 52;暗黒竜 ファントム・ブラスター “Diablo”
ai/050.bin;0x1034F;3C E0 6F 55;ドラゴニック・オーバーロード
ai/050.bin;0x1034F;DE C1 45 56;解放者
ai/050.bin;0x1034F;F7 6D 78 57;スタンプ・ラッコ
ai/050.bin;0x1034F;23 0A A9 5B;ホワイト・ハンク
ai/050.bin;0x1034F;C5 AF 0D 60;真紅の伝承 メタトロン
ai/050.bin;0x1034F;47 87 68 63;AI(%d) : 思考時間 %.3f秒 (行動カテゴリ:%d)
ai/050.bin;0x1034F;55 C8 81 63;  完全ガード : %d/%d枚
ai/050.bin;0x1034F;42 D7 DA 63;  ガーディアン候補
ai/050.bin;0x1034F;33 8E E7 69;Duo 理想の妹 メーア
ai/050.bin;0x1034F;E8 83 60 6B;デアデビル・サムラーイ
ai/050.bin;0x1034F;4B D4 AE 6B;  合計シールド : 
ai/050.bin;0x1034F;DC 4C 2C 6E;立春の花乙姫 プリマヴェーラ
ai/050.bin;0x1034F;11 E8 1D 70;神託の女王 ヒミコ
ai/050.bin;0x1034F;E4 FB 3C 72;蒼嵐候補生 アノス
ai/050.bin;0x1034F;29 EF C2 73;  対象(%d) : %s
ai/050.bin;0x1034F;7C 64 20 80;メチャバトラー ザンバーラ
ai/050.bin;0x1034F;7C 3A 8B 81;解放者 バーニング・ブロー
ai/050.bin;0x1034F;85 74 0A 84;マッスル・シュリーク
ai/050.bin;0x1034F;DA 63 6D 85;次元ロボ ダイブレイブ
ai/050.bin;0x1034F;46 DE 4B 88;ダークメタル・ドラゴン
ai/050.bin;0x1034F;6A D5 6E 8A;カタナライザー
ai/050.bin;0x1034F;A0 D8 63 8D;大宇宙勇機 グランギャロップ
ai/050.bin;0x1034F;1F 10 24 8F;上
ai/050.bin;0x1034F;6C E6 93 8F;真黒の賢者 カロン
ai/050.bin;0x1034F;BB E2 E9 90;永劫不敗 アシュラ・カイザー
ai/050.bin;0x1034F;E1 26 37 94;魔竜戦鬼 チャトゥラ
ai/050.bin;0x1034F;6A 0F 95 94;  アタッカーのパワー : %d(%d)
ai/050.bin;0x1034F;7F BB 35 95;覇天皇竜 ドラゴニック・オーバーロード “The Ace”
ai/050.bin;0x1034F;0C DD 47 9B;バトルシスター ぱるふぇ
ai/050.bin;0x1034F;E1 9A 8E 9C;メテオカイザー トライブルート
ai/050.bin;0x1034F;1A 2D D2 9C;マイスガード フォーマルハウト
ai/050.bin;0x1034F;69 08 3B A2;蒼波竜 テトラドライブ・ドラゴン
ai/050.bin;0x1034F;F1 51 AA A2;スチームファイター バリフ
ai/050.bin;0x1034F;A4 F3 D7 A7;  アタッカーのクリティカル : %d
ai/050.bin;0x1034F;BD FD F6 A7;メチャバトラー ランボール
ai/050.bin;0x1034F;9F 77 42 AC;フレアウィップ・ドラゴン
ai/050.bin;0x1034F;39 6A 36 B5;超鋼闘機 ヘヴィデューク
ai/050.bin;0x1034F;F7 48 21 B9;ドラゴンナイト ジャラール
ai/050.bin;0x1034F;88 EF 6D BC;イニグマン・トルネード
ai/050.bin;0x1034F;ED F8 CC BD;ファイナル・レンチ
ai/050.bin;0x1034F;11 9F 48 BE;修羅忍竜 ダラニコンゴウ
ai/050.bin;0x1034F;1D 17 4A BF;スターライト・ヘッジホッグ
ai/050.bin;0x1034F;CF AA 4F C1;煉獄竜 ドラゴニック・ネオフレイム
ai/050.bin;0x1034F;7C 17 CE C1;ラナンキュラスの花乙女 アーシャ
ai/050.bin;0x1034F;15 6E A2 C8;ウィステリアナイト
ai/050.bin;0x1034F;AB 51 A7 CB;AI(%d) : レシピ (フラグ:%08x)
ai/050.bin;0x1034F;32 32 45 D1;メテオカイザー ビクトプラズマ
ai/050.bin;0x1034F;D7 DA C1 D6;AI(%d) : 思考開始 (行動カテゴリ:%d)
ai/050.bin;0x1034F;7C 46 0A D9;忍竜 ドレッドマスター
ai/050.bin;0x1034F;6B 1D DB DC;マシニング・モスキート mkⅡ
ai/050.bin;0x1034F;15 DA 1B E1;メチャバトラー ケンドール
ai/050.bin;0x1034F;69 E8 61 E1;オーバーロード
ai/050.bin;0x1034F;7D 1F 65 E6;獣神 ナイトジャッカル
ai/050.bin;0x1034F;57 CD 2E E8;    
ai/050.bin;0x1034F;CC 1A C6 E8;AI未設定 : attrib = %s
ai/050.bin;0x1034F;DE CA B0 E9;レディ・サイクロン
ai/050.bin;0x1034F;39 17 8B F0;星空の解放者 ギネヴィア
ai/050.bin;0x1034F;4B 16 BE F0;鋭気の騎士 エクター
ai/050.bin;0x1034F;BF 43 2B F1;  アタッカー : %s
ai/050.bin;0x1034F;27 25 50 F1;ベアダウン・サムラーイ
ai/050.bin;0x1034F;52 B3 D1 F6;メテオカイザー ビクト・テン
ai/050.bin;0x1034F;FC B0 EB F6;清めの神器 ピュア・エンジェル
ai/050.bin;0x1034F;89 20 23 F8;下
ai/050.bin;0x1034F;DD 4C B3 F8;ターン開始 AI(%d)
ai/051.bin;0xF1D2;DC A5 CF 01;  クインテットウォール : %d/%d枚
ai/051.bin;0xF1D2;51 5B 2F 06;ヘキサゴナル・メイガス
ai/051.bin;0xF1D2;DD 9F CC 07;蒼嵐竜 メイルストローム
ai/051.bin;0xF1D2;8D 9F AA 08;  シールドの要求値 : 
ai/051.bin;0xF1D2;99 38 0E 09;エメラルドウィッチ ララ
ai/051.bin;0xF1D2;76 AE E0 09;ドラゴニック・オーバーロード “The Яe-birth”
ai/051.bin;0xF1D2;02 DC 8B 0D;モーント・ブラウクリューガー
ai/051.bin;0xF1D2;B1 2D 5D 0E;  対象のパワー : %d(%d)%s
ai/051.bin;0xF1D2;24 A1 3B 11;ライジング・ライオネット
ai/051.bin;0xF1D2;CA 98 65 11;神界獣 フェンリル
ai/051.bin;0xF1D2;2F 96 22 12;ダンシング・ウルフ
ai/051.bin;0xF1D2;50 4D AC 12;神凪 シナツヒコ
ai/051.bin;0xF1D2;2F CE 1C 13;花占いの女神 サクヤ
ai/051.bin;0xF1D2;9F 3C 4E 15; + %d
ai/051.bin;0xF1D2;26 7B 30 1A;ネコ執事
ai/051.bin;0xF1D2;8D 20 89 1A;AI未設定 : %s %d
ai/051.bin;0xF1D2;50 B8 25 1B;神凪 クロイカヅチ
ai/051.bin;0xF1D2;49 58 50 21;次元ロボ ダイジェット
ai/051.bin;0xF1D2;8E BC BB 21;  シールドの目標値 : 
ai/051.bin;0xF1D2;50 41 74 23;希望の子 トゥルエル
ai/051.bin;0xF1D2;39 5F 97 27;新鋭の騎士 ダヴィド
ai/051.bin;0xF1D2;BE 51 F9 27;餓竜 バトルレックス
ai/051.bin;0xF1D2;81 D8 D7 29;神鳴りの剣神 タケミカヅチ
ai/051.bin;0xF1D2;F7 2E E0 29;～%d
ai/051.bin;0xF1D2;A6 8F 2A 2A;喧嘩屋 ファイティング・ドラコキッド
ai/051.bin;0xF1D2;44 62 0C 2D;無音の射手 コンダクタンス
ai/051.bin;0xF1D2;14 30 63 2D;!!!! AI ERROR !!!!\n  
ai/051.bin;0xF1D2;9D D8 DB 30;オラクルガーディアン シーサー
ai/051.bin;0xF1D2;42 50 67 32;オブリゲイト・ロビン
ai/051.bin;0xF1D2;EE 81 9E 32;豪腕拿捕の巨人兵
ai/051.bin;0xF1D2;C5 4D EE 32;ブラスター・ダーク “Diablo”
ai/051.bin;0xF1D2;F1 28 16 33;枚しか選んでいない
ai/051.bin;0xF1D2;BC 1F 35 33;  ブースター : %s
ai/051.bin;0xF1D2;B8 BC F2 37;伏魔忍鬼 カガミジシ
ai/051.bin;0xF1D2;6E 42 D6 38;AI(%d) : アタック情報
ai/051.bin;0xF1D2;B3 AD 45 3A;ブラスター
ai/051.bin;0xF1D2;03 D4 54 45; ヒットされない
ai/051.bin;0xF1D2;2D 3A A7 45;AI(%d) : ガードステップ情報
ai/051.bin;0xF1D2;1A EF 70 4C;神宮衛士 ハヒキ
ai/051.bin;0xF1D2;EE E0 79 4D;神凪 スクナヒコナ
ai/051.bin;0xF1D2;2C A5 7B 4D;枚選択する必要があるが、
ai/051.bin;0xF1D2;9F A5 E0 4F;ＣＥＯ アマテラス
ai/051.bin;0xF1D2;3A D0 5B 51;メッチャバトラー ビクトール
ai/051.bin;0xF1D2;A6 11 33 52;暗黒竜 ファントム・ブラスター “Diablo”
ai/051.bin;0xF1D2;28 FF 89 54;天翔ける瑞獣 麒麟
ai/051.bin;0xF1D2;3C E0 6F 55;ドラゴニック・オーバーロード
ai/051.bin;0xF1D2;DE C1 45 56;解放者
ai/051.bin;0xF1D2;F7 6D 78 57;スタンプ・ラッコ
ai/051.bin;0xF1D2;C5 AF 0D 60;真紅の伝承 メタトロン
ai/051.bin;0xF1D2;47 87 68 63;AI(%d) : 思考時間 %.3f秒 (行動カテゴリ:%d)
ai/051.bin;0xF1D2;55 C8 81 63;  完全ガード : %d/%d枚
ai/051.bin;0xF1D2;42 D7 DA 63;  ガーディアン候補
ai/051.bin;0xF1D2;AE 5D 36 64;ネビュラウィッチ ノノ
ai/051.bin;0xF1D2;93 11 EA 68;ブルースケイル・ディアー
ai/051.bin;0xF1D2;33 8E E7 69;Duo 理想の妹 メーア
ai/051.bin;0xF1D2;E8 83 60 6B;デアデビル・サムラーイ
ai/051.bin;0xF1D2;4B D4 AE 6B;  合計シールド : 
ai/051.bin;0xF1D2;DC 4C 2C 6E;立春の花乙姫 プリマヴェーラ
ai/051.bin;0xF1D2;11 E8 1D 70;神託の女王 ヒミコ
ai/051.bin;0xF1D2;E7 47 A0 71;覇天戦神 スサノオ
ai/051.bin;0xF1D2;E4 FB 3C 72;蒼嵐候補生 アノス
ai/051.bin;0xF1D2;29 EF C2 73;  対象(%d) : %s
ai/051.bin;0xF1D2;7C 3A 8B 81;解放者 バーニング・ブロー
ai/051.bin;0xF1D2;DA 63 6D 85;次元ロボ ダイブレイブ
ai/051.bin;0xF1D2;46 DE 4B 88;ダークメタル・ドラゴン
ai/051.bin;0xF1D2;6A D5 6E 8A;カタナライザー
ai/051.bin;0xF1D2;D1 DD 00 8D;ダーク・キャット
ai/051.bin;0xF1D2;A0 D8 63 8D;大宇宙勇機 グランギャロップ
ai/051.bin;0xF1D2;1F 10 24 8F;上
ai/051.bin;0xF1D2;6C E6 93 8F;真黒の賢者 カロン
ai/051.bin;0xF1D2;BB E2 E9 90;永劫不敗 アシュラ・カイザー
ai/051.bin;0xF1D2;E1 26 37 94;魔竜戦鬼 チャトゥラ
ai/051.bin;0xF1D2;6A 0F 95 94;  アタッカーのパワー : %d(%d)
ai/051.bin;0xF1D2;7F BB 35 95;覇天皇竜 ドラゴニック・オーバーロード “The Ace”
ai/051.bin;0xF1D2;CA 1B 69 97;神凪 クエビコ
ai/051.bin;0xF1D2;0C DD 47 9B;バトルシスター ぱるふぇ
ai/051.bin;0xF1D2;1A 2D D2 9C;マイスガード フォーマルハウト
ai/051.bin;0xF1D2;69 08 3B A2;蒼波竜 テトラドライブ・ドラゴン
ai/051.bin;0xF1D2;F1 51 AA A2;スチームファイター バリフ
ai/051.bin;0xF1D2;A4 F3 D7 A7;  アタッカーのクリティカル : %d
ai/051.bin;0xF1D2;BD FD F6 A7;メチャバトラー ランボール
ai/051.bin;0xF1D2;F2 C6 98 A8;神宮衛士 アスハ
ai/051.bin;0xF1D2;37 A8 35 AC;ペタル・フェアリー
ai/051.bin;0xF1D2;9F 77 42 AC;フレアウィップ・ドラゴン
ai/051.bin;0xF1D2;4F 69 EF B4;アサルトダイブ・イーグル
ai/051.bin;0xF1D2;39 6A 36 B5;超鋼闘機 ヘヴィデューク
ai/051.bin;0xF1D2;F7 48 21 B9;ドラゴンナイト ジャラール
ai/051.bin;0xF1D2;C5 77 55 B9;神剣 アメノムラクモ
ai/051.bin;0xF1D2;05 4C 7A BB;五穀豊穣 ダイコクテン
ai/051.bin;0xF1D2;88 EF 6D BC;イニグマン・トルネード
ai/051.bin;0xF1D2;7F 60 32 BD;お天気お姉さん らむね
ai/051.bin;0xF1D2;ED F8 CC BD;ファイナル・レンチ
ai/051.bin;0xF1D2;11 9F 48 BE;修羅忍竜 ダラニコンゴウ
ai/051.bin;0xF1D2;CF AA 4F C1;煉獄竜 ドラゴニック・ネオフレイム
ai/051.bin;0xF1D2;7C 17 CE C1;ラナンキュラスの花乙女 アーシャ
ai/051.bin;0xF1D2;15 6E A2 C8;ウィステリアナイト
ai/051.bin;0xF1D2;AB 51 A7 CB;AI(%d) : レシピ (フラグ:%08x)
ai/051.bin;0xF1D2;D8 71 CC CE;ラック・バード
ai/051.bin;0xF1D2;D7 DA C1 D6;AI(%d) : 思考開始 (行動カテゴリ:%d)
ai/051.bin;0xF1D2;7C 46 0A D9;忍竜 ドレッドマスター
ai/051.bin;0xF1D2;6B 1D DB DC;マシニング・モスキート mkⅡ
ai/051.bin;0xF1D2;69 E8 61 E1;オーバーロード
ai/051.bin;0xF1D2;7D 1F 65 E6;獣神 ナイトジャッカル
ai/051.bin;0xF1D2;57 CD 2E E8;    
ai/051.bin;0xF1D2;CC 1A C6 E8;AI未設定 : attrib = %s
ai/051.bin;0xF1D2;39 17 8B F0;星空の解放者 ギネヴィア
ai/051.bin;0xF1D2;4B 16 BE F0;鋭気の騎士 エクター
ai/051.bin;0xF1D2;BF 43 2B F1;  アタッカー : %s
ai/051.bin;0xF1D2;27 25 50 F1;ベアダウン・サムラーイ
ai/051.bin;0xF1D2;1B 60 84 F5;メイデン・オブ・ライブラ
ai/051.bin;0xF1D2;27 9A 87 F5;調停者 アメノサギリ
ai/051.bin;0xF1D2;FC B0 EB F6;清めの神器 ピュア・エンジェル
ai/051.bin;0xF1D2;89 20 23 F8;下
ai/051.bin;0xF1D2;DD 4C B3 F8;ターン開始 AI(%d)
ai/051.bin;0xF1D2;0F 05 95 FF;神宮衛士 ツナガイ
ai/052.bin;0xF090;DC A5 CF 01;  クインテットウォール : %d/%d枚
ai/052.bin;0xF090;51 5B 2F 06;ヘキサゴナル・メイガス
ai/052.bin;0xF090;DD 9F CC 07;蒼嵐竜 メイルストローム
ai/052.bin;0xF090;8D 9F AA 08;  シールドの要求値 : 
ai/052.bin;0xF090;99 38 0E 09;エメラルドウィッチ ララ
ai/052.bin;0xF090;76 AE E0 09;ドラゴニック・オーバーロード “The Яe-birth”
ai/052.bin;0xF090;02 DC 8B 0D;モーント・ブラウクリューガー
ai/052.bin;0xF090;B1 2D 5D 0E;  対象のパワー : %d(%d)%s
ai/052.bin;0xF090;24 A1 3B 11;ライジング・ライオネット
ai/052.bin;0xF090;CA 98 65 11;神界獣 フェンリル
ai/052.bin;0xF090;2F 96 22 12;ダンシング・ウルフ
ai/052.bin;0xF090;50 4D AC 12;神凪 シナツヒコ
ai/052.bin;0xF090;2F CE 1C 13;花占いの女神 サクヤ
ai/052.bin;0xF090;9F 3C 4E 15; + %d
ai/052.bin;0xF090;26 7B 30 1A;ネコ執事
ai/052.bin;0xF090;8D 20 89 1A;AI未設定 : %s %d
ai/052.bin;0xF090;50 B8 25 1B;神凪 クロイカヅチ
ai/052.bin;0xF090;49 58 50 21;次元ロボ ダイジェット
ai/052.bin;0xF090;8E BC BB 21;  シールドの目標値 : 
ai/052.bin;0xF090;50 41 74 23;希望の子 トゥルエル
ai/052.bin;0xF090;39 5F 97 27;新鋭の騎士 ダヴィド
ai/052.bin;0xF090;BE 51 F9 27;餓竜 バトルレックス
ai/052.bin;0xF090;81 D8 D7 29;神鳴りの剣神 タケミカヅチ
ai/052.bin;0xF090;F7 2E E0 29;～%d
ai/052.bin;0xF090;A6 8F 2A 2A;喧嘩屋 ファイティング・ドラコキッド
ai/052.bin;0xF090;44 62 0C 2D;無音の射手 コンダクタンス
ai/052.bin;0xF090;14 30 63 2D;!!!! AI ERROR !!!!\n  
ai/052.bin;0xF090;9D D8 DB 30;オラクルガーディアン シーサー
ai/052.bin;0xF090;EE 81 9E 32;豪腕拿捕の巨人兵
ai/052.bin;0xF090;C5 4D EE 32;ブラスター・ダーク “Diablo”
ai/052.bin;0xF090;F1 28 16 33;枚しか選んでいない
ai/052.bin;0xF090;BC 1F 35 33;  ブースター : %s
ai/052.bin;0xF090;B8 BC F2 37;伏魔忍鬼 カガミジシ
ai/052.bin;0xF090;6E 42 D6 38;AI(%d) : アタック情報
ai/052.bin;0xF090;B3 AD 45 3A;ブラスター
ai/052.bin;0xF090;03 D4 54 45; ヒットされない
ai/052.bin;0xF090;2D 3A A7 45;AI(%d) : ガードステップ情報
ai/052.bin;0xF090;1A EF 70 4C;神宮衛士 ハヒキ
ai/052.bin;0xF090;EE E0 79 4D;神凪 スクナヒコナ
ai/052.bin;0xF090;2C A5 7B 4D;枚選択する必要があるが、
ai/052.bin;0xF090;9F A5 E0 4F;ＣＥＯ アマテラス
ai/052.bin;0xF090;3A D0 5B 51;メッチャバトラー ビクトール
ai/052.bin;0xF090;A6 11 33 52;暗黒竜 ファントム・ブラスター “Diablo”
ai/052.bin;0xF090;28 FF 89 54;天翔ける瑞獣 麒麟
ai/052.bin;0xF090;3C E0 6F 55;ドラゴニック・オーバーロード
ai/052.bin;0xF090;DE C1 45 56;解放者
ai/052.bin;0xF090;F7 6D 78 57;スタンプ・ラッコ
ai/052.bin;0xF090;C5 AF 0D 60;真紅の伝承 メタトロン
ai/052.bin;0xF090;47 87 68 63;AI(%d) : 思考時間 %.3f秒 (行動カテゴリ:%d)
ai/052.bin;0xF090;55 C8 81 63;  完全ガード : %d/%d枚
ai/052.bin;0xF090;42 D7 DA 63;  ガーディアン候補
ai/052.bin;0xF090;AE 5D 36 64;ネビュラウィッチ ノノ
ai/052.bin;0xF090;93 11 EA 68;ブルースケイル・ディアー
ai/052.bin;0xF090;33 8E E7 69;Duo 理想の妹 メーア
ai/052.bin;0xF090;E8 83 60 6B;デアデビル・サムラーイ
ai/052.bin;0xF090;4B D4 AE 6B;  合計シールド : 
ai/052.bin;0xF090;DC 4C 2C 6E;立春の花乙姫 プリマヴェーラ
ai/052.bin;0xF090;11 E8 1D 70;神託の女王 ヒミコ
ai/052.bin;0xF090;E7 47 A0 71;覇天戦神 スサノオ
ai/052.bin;0xF090;E4 FB 3C 72;蒼嵐候補生 アノス
ai/052.bin;0xF090;29 EF C2 73;  対象(%d) : %s
ai/052.bin;0xF090;7C 3A 8B 81;解放者 バーニング・ブロー
ai/052.bin;0xF090;DA 63 6D 85;次元ロボ ダイブレイブ
ai/052.bin;0xF090;46 DE 4B 88;ダークメタル・ドラゴン
ai/052.bin;0xF090;6A D5 6E 8A;カタナライザー
ai/052.bin;0xF090;D1 DD 00 8D;ダーク・キャット
ai/052.bin;0xF090;A0 D8 63 8D;大宇宙勇機 グランギャロップ
ai/052.bin;0xF090;1F 10 24 8F;上
ai/052.bin;0xF090;6C E6 93 8F;真黒の賢者 カロン
ai/052.bin;0xF090;BB E2 E9 90;永劫不敗 アシュラ・カイザー
ai/052.bin;0xF090;E1 26 37 94;魔竜戦鬼 チャトゥラ
ai/052.bin;0xF090;6A 0F 95 94;  アタッカーのパワー : %d(%d)
ai/052.bin;0xF090;7F BB 35 95;覇天皇竜 ドラゴニック・オーバーロード “The Ace”
ai/052.bin;0xF090;CA 1B 69 97;神凪 クエビコ
ai/052.bin;0xF090;0C DD 47 9B;バトルシスター ぱるふぇ
ai/052.bin;0xF090;1A 2D D2 9C;マイスガード フォーマルハウト
ai/052.bin;0xF090;69 08 3B A2;蒼波竜 テトラドライブ・ドラゴン
ai/052.bin;0xF090;F1 51 AA A2;スチームファイター バリフ
ai/052.bin;0xF090;A4 F3 D7 A7;  アタッカーのクリティカル : %d
ai/052.bin;0xF090;BD FD F6 A7;メチャバトラー ランボール
ai/052.bin;0xF090;F2 C6 98 A8;神宮衛士 アスハ
ai/052.bin;0xF090;37 A8 35 AC;ペタル・フェアリー
ai/052.bin;0xF090;9F 77 42 AC;フレアウィップ・ドラゴン
ai/052.bin;0xF090;D7 7E 17 B2;バトルシスター みるふぃーゆ
ai/052.bin;0xF090;4F 69 EF B4;アサルトダイブ・イーグル
ai/052.bin;0xF090;39 6A 36 B5;超鋼闘機 ヘヴィデューク
ai/052.bin;0xF090;F7 48 21 B9;ドラゴンナイト ジャラール
ai/052.bin;0xF090;C5 77 55 B9;神剣 アメノムラクモ
ai/052.bin;0xF090;05 4C 7A BB;五穀豊穣 ダイコクテン
ai/052.bin;0xF090;88 EF 6D BC;イニグマン・トルネード
ai/052.bin;0xF090;7F 60 32 BD;お天気お姉さん らむね
ai/052.bin;0xF090;ED F8 CC BD;ファイナル・レンチ
ai/052.bin;0xF090;11 9F 48 BE;修羅忍竜 ダラニコンゴウ
ai/052.bin;0xF090;CF AA 4F C1;煉獄竜 ドラゴニック・ネオフレイム
ai/052.bin;0xF090;7C 17 CE C1;ラナンキュラスの花乙女 アーシャ
ai/052.bin;0xF090;15 6E A2 C8;ウィステリアナイト
ai/052.bin;0xF090;AB 51 A7 CB;AI(%d) : レシピ (フラグ:%08x)
ai/052.bin;0xF090;D8 71 CC CE;ラック・バード
ai/052.bin;0xF090;D7 DA C1 D6;AI(%d) : 思考開始 (行動カテゴリ:%d)
ai/052.bin;0xF090;7C 46 0A D9;忍竜 ドレッドマスター
ai/052.bin;0xF090;6B 1D DB DC;マシニング・モスキート mkⅡ
ai/052.bin;0xF090;69 E8 61 E1;オーバーロード
ai/052.bin;0xF090;7D 1F 65 E6;獣神 ナイトジャッカル
ai/052.bin;0xF090;57 CD 2E E8;    
ai/052.bin;0xF090;CC 1A C6 E8;AI未設定 : attrib = %s
ai/052.bin;0xF090;39 17 8B F0;星空の解放者 ギネヴィア
ai/052.bin;0xF090;4B 16 BE F0;鋭気の騎士 エクター
ai/052.bin;0xF090;BF 43 2B F1;  アタッカー : %s
ai/052.bin;0xF090;27 25 50 F1;ベアダウン・サムラーイ
ai/052.bin;0xF090;1B 60 84 F5;メイデン・オブ・ライブラ
ai/052.bin;0xF090;27 9A 87 F5;調停者 アメノサギリ
ai/052.bin;0xF090;FC B0 EB F6;清めの神器 ピュア・エンジェル
ai/052.bin;0xF090;89 20 23 F8;下
ai/052.bin;0xF090;DD 4C B3 F8;ターン開始 AI(%d)
ai/052.bin;0xF090;0F 05 95 FF;神宮衛士 ツナガイ
ai/053.bin;0xF0DB;DC A5 CF 01;  クインテットウォール : %d/%d枚
ai/053.bin;0xF0DB;51 5B 2F 06;ヘキサゴナル・メイガス
ai/053.bin;0xF0DB;DD 9F CC 07;蒼嵐竜 メイルストローム
ai/053.bin;0xF0DB;8D 9F AA 08;  シールドの要求値 : 
ai/053.bin;0xF0DB;76 AE E0 09;ドラゴニック・オーバーロード “The Яe-birth”
ai/053.bin;0xF0DB;02 DC 8B 0D;モーント・ブラウクリューガー
ai/053.bin;0xF0DB;B1 2D 5D 0E;  対象のパワー : %d(%d)%s
ai/053.bin;0xF0DB;24 A1 3B 11;ライジング・ライオネット
ai/053.bin;0xF0DB;CA 98 65 11;神界獣 フェンリル
ai/053.bin;0xF0DB;2F 96 22 12;ダンシング・ウルフ
ai/053.bin;0xF0DB;2E B7 FD 12;抹消者 ガントレッドバスター・ドラゴン
ai/053.bin;0xF0DB;2F CE 1C 13;花占いの女神 サクヤ
ai/053.bin;0xF0DB;9F 3C 4E 15; + %d
ai/053.bin;0xF0DB;26 7B 30 1A;ネコ執事
ai/053.bin;0xF0DB;8D 20 89 1A;AI未設定 : %s %d
ai/053.bin;0xF0DB;BA E1 77 1C;雷龍騎士 ゾラス
ai/053.bin;0xF0DB;05 10 92 1D;時空竜 フェイトライダー・ドラゴン
ai/053.bin;0xF0DB;49 58 50 21;次元ロボ ダイジェット
ai/053.bin;0xF0DB;8E BC BB 21;  シールドの目標値 : 
ai/053.bin;0xF0DB;50 41 74 23;希望の子 トゥルエル
ai/053.bin;0xF0DB;39 5F 97 27;新鋭の騎士 ダヴィド
ai/053.bin;0xF0DB;BE 51 F9 27;餓竜 バトルレックス
ai/053.bin;0xF0DB;F7 2E E0 29;～%d
ai/053.bin;0xF0DB;A6 8F 2A 2A;喧嘩屋 ファイティング・ドラコキッド
ai/053.bin;0xF0DB;44 62 0C 2D;無音の射手 コンダクタンス
ai/053.bin;0xF0DB;14 30 63 2D;!!!! AI ERROR !!!!\n  
ai/053.bin;0xF0DB;EE 81 9E 32;豪腕拿捕の巨人兵
ai/053.bin;0xF0DB;C5 4D EE 32;ブラスター・ダーク “Diablo”
ai/053.bin;0xF0DB;F1 28 16 33;枚しか選んでいない
ai/053.bin;0xF0DB;BC 1F 35 33;  ブースター : %s
ai/053.bin;0xF0DB;88 07 00 37;不滅の抹消者 シューブ
ai/053.bin;0xF0DB;B8 BC F2 37;伏魔忍鬼 カガミジシ
ai/053.bin;0xF0DB;6E 42 D6 38;AI(%d) : アタック情報
ai/053.bin;0xF0DB;B3 AD 45 3A;ブラスター
ai/053.bin;0xF0DB;A1 07 68 3C;両刀の抹消者 コエンシャク
ai/053.bin;0xF0DB;03 D4 54 45; ヒットされない
ai/053.bin;0xF0DB;2D 3A A7 45;AI(%d) : ガードステップ情報
ai/053.bin;0xF0DB;2C A5 7B 4D;枚選択する必要があるが、
ai/053.bin;0xF0DB;9F A5 E0 4F;ＣＥＯ アマテラス
ai/053.bin;0xF0DB;3A D0 5B 51;メッチャバトラー ビクトール
ai/053.bin;0xF0DB;A6 11 33 52;暗黒竜 ファントム・ブラスター “Diablo”
ai/053.bin;0xF0DB;3C E0 6F 55;ドラゴニック・オーバーロード
ai/053.bin;0xF0DB;DE C1 45 56;解放者
ai/053.bin;0xF0DB;F7 6D 78 57;スタンプ・ラッコ
ai/053.bin;0xF0DB;95 CB 30 5B;征天覇竜 コンクエスト・ドラゴン
ai/053.bin;0xF0DB;C5 AF 0D 60;真紅の伝承 メタトロン
ai/053.bin;0xF0DB;F9 D9 1A 61;抹消者 テンペストボルト・ドラゴン
ai/053.bin;0xF0DB;47 87 68 63;AI(%d) : 思考時間 %.3f秒 (行動カテゴリ:%d)
ai/053.bin;0xF0DB;55 C8 81 63;  完全ガード : %d/%d枚
ai/053.bin;0xF0DB;42 D7 DA 63;  ガーディアン候補
ai/053.bin;0xF0DB;33 8E E7 69;Duo 理想の妹 メーア
ai/053.bin;0xF0DB;E8 83 60 6B;デアデビル・サムラーイ
ai/053.bin;0xF0DB;4B D4 AE 6B;  合計シールド : 
ai/053.bin;0xF0DB;DC 4C 2C 6E;立春の花乙姫 プリマヴェーラ
ai/053.bin;0xF0DB;11 E8 1D 70;神託の女王 ヒミコ
ai/053.bin;0xF0DB;E4 FB 3C 72;蒼嵐候補生 アノス
ai/053.bin;0xF0DB;29 EF C2 73;  対象(%d) : %s
ai/053.bin;0xF0DB;5A 0E 41 7D;ドラゴンダンサー アナスタシア
ai/053.bin;0xF0DB;7C 3A 8B 81;解放者 バーニング・ブロー
ai/053.bin;0xF0DB;0C 00 6A 84;伏竜の抹消者 リンチュウ
ai/053.bin;0xF0DB;DA 63 6D 85;次元ロボ ダイブレイブ
ai/053.bin;0xF0DB;46 DE 4B 88;ダークメタル・ドラゴン
ai/053.bin;0xF0DB;F1 6F 60 8A;突撃の抹消者 サイケイ
ai/053.bin;0xF0DB;6A D5 6E 8A;カタナライザー
ai/053.bin;0xF0DB;A0 D8 63 8D;大宇宙勇機 グランギャロップ
ai/053.bin;0xF0DB;1F 10 24 8F;上
ai/053.bin;0xF0DB;6C E6 93 8F;真黒の賢者 カロン
ai/053.bin;0xF0DB;BB E2 E9 90;永劫不敗 アシュラ・カイザー
ai/053.bin;0xF0DB;E1 26 37 94;魔竜戦鬼 チャトゥラ
ai/053.bin;0xF0DB;6A 0F 95 94;  アタッカーのパワー : %d(%d)
ai/053.bin;0xF0DB;7F BB 35 95;覇天皇竜 ドラゴニック・オーバーロード “The Ace”
ai/053.bin;0xF0DB;0C DD 47 9B;バトルシスター ぱるふぇ
ai/053.bin;0xF0DB;1A 2D D2 9C;マイスガード フォーマルハウト
ai/053.bin;0xF0DB;69 08 3B A2;蒼波竜 テトラドライブ・ドラゴン
ai/053.bin;0xF0DB;3F 5B 57 A2;神槍の抹消者 ポルックス
ai/053.bin;0xF0DB;F1 51 AA A2;スチームファイター バリフ
ai/053.bin;0xF0DB;A4 F3 D7 A7;  アタッカーのクリティカル : %d
ai/053.bin;0xF0DB;BD FD F6 A7;メチャバトラー ランボール
ai/053.bin;0xF0DB;9F 77 42 AC;フレアウィップ・ドラゴン
ai/053.bin;0xF0DB;39 6A 36 B5;超鋼闘機 ヘヴィデューク
ai/053.bin;0xF0DB;F7 48 21 B9;ドラゴンナイト ジャラール
ai/053.bin;0xF0DB;12 43 42 BB;マイティボルト・ドラグーン
ai/053.bin;0xF0DB;88 EF 6D BC;イニグマン・トルネード
ai/053.bin;0xF0DB;ED F8 CC BD;ファイナル・レンチ
ai/053.bin;0xF0DB;11 9F 48 BE;修羅忍竜 ダラニコンゴウ
ai/053.bin;0xF0DB;CF AA 4F C1;煉獄竜 ドラゴニック・ネオフレイム
ai/053.bin;0xF0DB;7C 17 CE C1;ラナンキュラスの花乙女 アーシャ
ai/053.bin;0xF0DB;15 6E A2 C8;ウィステリアナイト
ai/053.bin;0xF0DB;35 33 3D CB;蠱毒の抹消者 セイオウボ
ai/053.bin;0xF0DB;AB 51 A7 CB;AI(%d) : レシピ (フラグ:%08x)
ai/053.bin;0xF0DB;AE 72 79 D3;抹消者 ブルージェム・カーバンクル
ai/053.bin;0xF0DB;D7 DA C1 D6;AI(%d) : 思考開始 (行動カテゴリ:%d)
ai/053.bin;0xF0DB;7C 46 0A D9;忍竜 ドレッドマスター
ai/053.bin;0xF0DB;6B 1D DB DC;マシニング・モスキート mkⅡ
ai/053.bin;0xF0DB;D0 BE 69 DE;電離の抹消者 カプーニス
ai/053.bin;0xF0DB;E3 98 ED DE;抹消者 エッグヘルム・ドラコキッド
ai/053.bin;0xF0DB;F4 42 77 DF;抹消者 スパークレイン・ドラゴン
ai/053.bin;0xF0DB;69 E8 61 E1;オーバーロード
ai/053.bin;0xF0DB;7D 1F 65 E6;獣神 ナイトジャッカル
ai/053.bin;0xF0DB;57 CD 2E E8;    
ai/053.bin;0xF0DB;CC 1A C6 E8;AI未設定 : attrib = %s
ai/053.bin;0xF0DB;39 17 8B F0;星空の解放者 ギネヴィア
ai/053.bin;0xF0DB;4B 16 BE F0;鋭気の騎士 エクター
ai/053.bin;0xF0DB;BF 43 2B F1;  アタッカー : %s
ai/053.bin;0xF0DB;27 25 50 F1;ベアダウン・サムラーイ
ai/053.bin;0xF0DB;FC B0 EB F6;清めの神器 ピュア・エンジェル
ai/053.bin;0xF0DB;89 20 23 F8;下
ai/053.bin;0xF0DB;DD 4C B3 F8;ターン開始 AI(%d)
ai/054.bin;0x10C91;DC A5 CF 01;  クインテットウォール : %d/%d枚
ai/054.bin;0x10C91;51 5B 2F 06;ヘキサゴナル・メイガス
ai/054.bin;0x10C91;DD 9F CC 07;蒼嵐竜 メイルストローム
ai/054.bin;0x10C91;8D 9F AA 08;  シールドの要求値 : 
ai/054.bin;0x10C91;76 AE E0 09;ドラゴニック・オーバーロード “The Яe-birth”
ai/054.bin;0x10C91;02 DC 8B 0D;モーント・ブラウクリューガー
ai/054.bin;0x10C91;B1 2D 5D 0E;  対象のパワー : %d(%d)%s
ai/054.bin;0x10C91;24 A1 3B 11;ライジング・ライオネット
ai/054.bin;0x10C91;CA 98 65 11;神界獣 フェンリル
ai/054.bin;0x10C91;2F 96 22 12;ダンシング・ウルフ
ai/054.bin;0x10C91;2F CE 1C 13;花占いの女神 サクヤ
ai/054.bin;0x10C91;9F 3C 4E 15; + %d
ai/054.bin;0x10C91;26 7B 30 1A;ネコ執事
ai/054.bin;0x10C91;8D 20 89 1A;AI未設定 : %s %d
ai/054.bin;0x10C91;53 C3 3F 1B;戦場の歌姫 オルティア
ai/054.bin;0x10C91;49 58 50 21;次元ロボ ダイジェット
ai/054.bin;0x10C91;8E BC BB 21;  シールドの目標値 : 
ai/054.bin;0x10C91;50 41 74 23;希望の子 トゥルエル
ai/054.bin;0x10C91;39 5F 97 27;新鋭の騎士 ダヴィド
ai/054.bin;0x10C91;BE 51 F9 27;餓竜 バトルレックス
ai/054.bin;0x10C91;F7 2E E0 29;～%d
ai/054.bin;0x10C91;A6 8F 2A 2A;喧嘩屋 ファイティング・ドラコキッド
ai/054.bin;0x10C91;44 62 0C 2D;無音の射手 コンダクタンス
ai/054.bin;0x10C91;14 30 63 2D;!!!! AI ERROR !!!!\n  
ai/054.bin;0x10C91;EE 81 9E 32;豪腕拿捕の巨人兵
ai/054.bin;0x10C91;C5 4D EE 32;ブラスター・ダーク “Diablo”
ai/054.bin;0x10C91;F1 28 16 33;枚しか選んでいない
ai/054.bin;0x10C91;BC 1F 35 33;  ブースター : %s
ai/054.bin;0x10C91;B8 BC F2 37;伏魔忍鬼 カガミジシ
ai/054.bin;0x10C91;6E 42 D6 38;AI(%d) : アタック情報
ai/054.bin;0x10C91;B3 AD 45 3A;ブラスター
ai/054.bin;0x10C91;F6 25 75 41;嵐を超える者 サヴァス
ai/054.bin;0x10C91;03 D4 54 45; ヒットされない
ai/054.bin;0x10C91;2D 3A A7 45;AI(%d) : ガードステップ情報
ai/054.bin;0x10C91;CD D7 8F 4A;慧眼のタツノオトシゴ兵
ai/054.bin;0x10C91;2C A5 7B 4D;枚選択する必要があるが、
ai/054.bin;0x10C91;9F A5 E0 4F;ＣＥＯ アマテラス
ai/054.bin;0x10C91;3A D0 5B 51;メッチャバトラー ビクトール
ai/054.bin;0x10C91;A6 11 33 52;暗黒竜 ファントム・ブラスター “Diablo”
ai/054.bin;0x10C91;72 A4 48 52;マグナム・アサルト
ai/054.bin;0x10C91;A2 CA 0A 55;士官候補生 アンドレイ
ai/054.bin;0x10C91;3C E0 6F 55;ドラゴニック・オーバーロード
ai/054.bin;0x10C91;B6 EB DA 55;蒼嵐水将 デスピナ
ai/054.bin;0x10C91;DE C1 45 56;解放者
ai/054.bin;0x10C91;F7 6D 78 57;スタンプ・ラッコ
ai/054.bin;0x10C91;73 AF 51 5E;バブルバズーカ・ドラコキッド
ai/054.bin;0x10C91;C5 AF 0D 60;真紅の伝承 メタトロン
ai/054.bin;0x10C91;47 87 68 63;AI(%d) : 思考時間 %.3f秒 (行動カテゴリ:%d)
ai/054.bin;0x10C91;55 C8 81 63;  完全ガード : %d/%d枚
ai/054.bin;0x10C91;0F C6 C3 63;ストライクヘッド・ドラゴン
ai/054.bin;0x10C91;42 D7 DA 63;  ガーディアン候補
ai/054.bin;0x10C91;33 8E E7 69;Duo 理想の妹 メーア
ai/054.bin;0x10C91;E8 83 60 6B;デアデビル・サムラーイ
ai/054.bin;0x10C91;4B D4 AE 6B;  合計シールド : 
ai/054.bin;0x10C91;DC 4C 2C 6E;立春の花乙姫 プリマヴェーラ
ai/054.bin;0x10C91;11 E8 1D 70;神託の女王 ヒミコ
ai/054.bin;0x10C91;E4 FB 3C 72;蒼嵐候補生 アノス
ai/054.bin;0x10C91;BF 35 68 72;タイダル・アサルト
ai/054.bin;0x10C91;29 EF C2 73;  対象(%d) : %s
ai/054.bin;0x10C91;7C 3A 8B 81;解放者 バーニング・ブロー
ai/054.bin;0x10C91;4D 9D 5C 83;海域の守り手 プラトン
ai/054.bin;0x10C91;DA 63 6D 85;次元ロボ ダイブレイブ
ai/054.bin;0x10C91;46 DE 4B 88;ダークメタル・ドラゴン
ai/054.bin;0x10C91;6A D5 6E 8A;カタナライザー
ai/054.bin;0x10C91;A8 D6 47 8C;天羅水将 ランブロス
ai/054.bin;0x10C91;A0 D8 63 8D;大宇宙勇機 グランギャロップ
ai/054.bin;0x10C91;1F 10 24 8F;上
ai/054.bin;0x10C91;6C E6 93 8F;真黒の賢者 カロン
ai/054.bin;0x10C91;BB E2 E9 90;永劫不敗 アシュラ・カイザー
ai/054.bin;0x10C91;E1 26 37 94;魔竜戦鬼 チャトゥラ
ai/054.bin;0x10C91;6A 0F 95 94;  アタッカーのパワー : %d(%d)
ai/054.bin;0x10C91;7F BB 35 95;覇天皇竜 ドラゴニック・オーバーロード “The Ace”
ai/054.bin;0x10C91;0C DD 47 9B;バトルシスター ぱるふぇ
ai/054.bin;0x10C91;1A 2D D2 9C;マイスガード フォーマルハウト
ai/054.bin;0x10C91;69 08 3B A2;蒼波竜 テトラドライブ・ドラゴン
ai/054.bin;0x10C91;F1 51 AA A2;スチームファイター バリフ
ai/054.bin;0x10C91;A4 F3 D7 A7;  アタッカーのクリティカル : %d
ai/054.bin;0x10C91;BD FD F6 A7;メチャバトラー ランボール
ai/054.bin;0x10C91;09 20 A7 AA;天鱗水将 タイダルボアー・ドラゴン
ai/054.bin;0x10C91;43 39 46 AB;蒼嵐水将 スピロス
ai/054.bin;0x10C91;9F 77 42 AC;フレアウィップ・ドラゴン
ai/054.bin;0x10C91;3C F0 B2 AC;レインボー・スナイパー
ai/054.bin;0x10C91;BD 3D A2 AD;ケルピーライダー ニッキー
ai/054.bin;0x10C91;39 6A 36 B5;超鋼闘機 ヘヴィデューク
ai/054.bin;0x10C91;F7 48 21 B9;ドラゴンナイト ジャラール
ai/054.bin;0x10C91;88 EF 6D BC;イニグマン・トルネード
ai/054.bin;0x10C91;ED F8 CC BD;ファイナル・レンチ
ai/054.bin;0x10C91;11 9F 48 BE;修羅忍竜 ダラニコンゴウ
ai/054.bin;0x10C91;CF AA 4F C1;煉獄竜 ドラゴニック・ネオフレイム
ai/054.bin;0x10C91;7C 17 CE C1;ラナンキュラスの花乙女 アーシャ
ai/054.bin;0x10C91;EC 8E 85 C3;booster(%s)
ai/054.bin;0x10C91;32 A7 9C C5;カップルダガー・セイラー
ai/054.bin;0x10C91;15 6E A2 C8;ウィステリアナイト
ai/054.bin;0x10C91;AB 51 A7 CB;AI(%d) : レシピ (フラグ:%08x)
ai/054.bin;0x10C91;D7 DA C1 D6;AI(%d) : 思考開始 (行動カテゴリ:%d)
ai/054.bin;0x10C91;04 75 4F D7;蒼嵐兵 ラスカル・スイーパー
ai/054.bin;0x10C91;4C 99 5F D8;ケルピーライダー デニス
ai/054.bin;0x10C91;7C 46 0A D9;忍竜 ドレッドマスター
ai/054.bin;0x10C91;BB CE 1E DA;戦場の歌姫 カロリーナ
ai/054.bin;0x10C91;01 AB C2 DC;attacker(%s)
ai/054.bin;0x10C91;6B 1D DB DC;マシニング・モスキート mkⅡ
ai/054.bin;0x10C91;69 E8 61 E1;オーバーロード
ai/054.bin;0x10C91;7D 1F 65 E6;獣神 ナイトジャッカル
ai/054.bin;0x10C91;57 CD 2E E8;    
ai/054.bin;0x10C91;B4 27 79 E8;レールガン・アサルト
ai/054.bin;0x10C91;CC 1A C6 E8;AI未設定 : attrib = %s
ai/054.bin;0x10C91;39 17 8B F0;星空の解放者 ギネヴィア
ai/054.bin;0x10C91;B7 75 A0 F0;バタリーブーム・ドラゴン
ai/054.bin;0x10C91;4B 16 BE F0;鋭気の騎士 エクター
ai/054.bin;0x10C91;BF 43 2B F1;  アタッカー : %s
ai/054.bin;0x10C91;27 25 50 F1;ベアダウン・サムラーイ
ai/054.bin;0x10C91;FC B0 EB F6;清めの神器 ピュア・エンジェル
ai/054.bin;0x10C91;89 20 23 F8;下
ai/054.bin;0x10C91;DD 4C B3 F8;ターン開始 AI(%d)
ai/054.bin;0x10C91;8E D3 36 F9;ケルピーライダー ポロ
ai/055.bin;0x113CD;DC A5 CF 01;  クインテットウォール : %d/%d枚
ai/055.bin;0x113CD;51 5B 2F 06;ヘキサゴナル・メイガス
ai/055.bin;0x113CD;DD 9F CC 07;蒼嵐竜 メイルストローム
ai/055.bin;0x113CD;8D 9F AA 08;  シールドの要求値 : 
ai/055.bin;0x113CD;76 AE E0 09;ドラゴニック・オーバーロード “The Яe-birth”
ai/055.bin;0x113CD;02 DC 8B 0D;モーント・ブラウクリューガー
ai/055.bin;0x113CD;B1 2D 5D 0E;  対象のパワー : %d(%d)%s
ai/055.bin;0x113CD;24 A1 3B 11;ライジング・ライオネット
ai/055.bin;0x113CD;CA 98 65 11;神界獣 フェンリル
ai/055.bin;0x113CD;2F 96 22 12;ダンシング・ウルフ
ai/055.bin;0x113CD;2F CE 1C 13;花占いの女神 サクヤ
ai/055.bin;0x113CD;9F 3C 4E 15; + %d
ai/055.bin;0x113CD;26 7B 30 1A;ネコ執事
ai/055.bin;0x113CD;8D 20 89 1A;AI未設定 : %s %d
ai/055.bin;0x113CD;53 C3 3F 1B;戦場の歌姫 オルティア
ai/055.bin;0x113CD;55 E4 4F 1B;戦場の歌姫 マリカ
ai/055.bin;0x113CD;49 58 50 21;次元ロボ ダイジェット
ai/055.bin;0x113CD;8E BC BB 21;  シールドの目標値 : 
ai/055.bin;0x113CD;50 41 74 23;希望の子 トゥルエル
ai/055.bin;0x113CD;00 B4 53 24;ジェットスキー・ライダー
ai/055.bin;0x113CD;39 5F 97 27;新鋭の騎士 ダヴィド
ai/055.bin;0x113CD;BE 51 F9 27;餓竜 バトルレックス
ai/055.bin;0x113CD;F7 2E E0 29;～%d
ai/055.bin;0x113CD;A6 8F 2A 2A;喧嘩屋 ファイティング・ドラコキッド
ai/055.bin;0x113CD;44 62 0C 2D;無音の射手 コンダクタンス
ai/055.bin;0x113CD;14 30 63 2D;!!!! AI ERROR !!!!\n  
ai/055.bin;0x113CD;EE 81 9E 32;豪腕拿捕の巨人兵
ai/055.bin;0x113CD;C5 4D EE 32;ブラスター・ダーク “Diablo”
ai/055.bin;0x113CD;F1 28 16 33;枚しか選んでいない
ai/055.bin;0x113CD;BC 1F 35 33;  ブースター : %s
ai/055.bin;0x113CD;B8 BC F2 37;伏魔忍鬼 カガミジシ
ai/055.bin;0x113CD;6E 42 D6 38;AI(%d) : アタック情報
ai/055.bin;0x113CD;B3 AD 45 3A;ブラスター
ai/055.bin;0x113CD;F6 25 75 41;嵐を超える者 サヴァス
ai/055.bin;0x113CD;03 D4 54 45; ヒットされない
ai/055.bin;0x113CD;2D 3A A7 45;AI(%d) : ガードステップ情報
ai/055.bin;0x113CD;E9 35 DE 47;マザーシップ・インテリジェンス
ai/055.bin;0x113CD;2C A5 7B 4D;枚選択する必要があるが、
ai/055.bin;0x113CD;9F A5 E0 4F;ＣＥＯ アマテラス
ai/055.bin;0x113CD;3A D0 5B 51;メッチャバトラー ビクトール
ai/055.bin;0x113CD;A6 11 33 52;暗黒竜 ファントム・ブラスター “Diablo”
ai/055.bin;0x113CD;72 A4 48 52;マグナム・アサルト
ai/055.bin;0x113CD;A2 CA 0A 55;士官候補生 アンドレイ
ai/055.bin;0x113CD;3C E0 6F 55;ドラゴニック・オーバーロード
ai/055.bin;0x113CD;B6 EB DA 55;蒼嵐水将 デスピナ
ai/055.bin;0x113CD;DE C1 45 56;解放者
ai/055.bin;0x113CD;F7 6D 78 57;スタンプ・ラッコ
ai/055.bin;0x113CD;73 AF 51 5E;バブルバズーカ・ドラコキッド
ai/055.bin;0x113CD;C5 AF 0D 60;真紅の伝承 メタトロン
ai/055.bin;0x113CD;47 87 68 63;AI(%d) : 思考時間 %.3f秒 (行動カテゴリ:%d)
ai/055.bin;0x113CD;55 C8 81 63;  完全ガード : %d/%d枚
ai/055.bin;0x113CD;0F C6 C3 63;ストライクヘッド・ドラゴン
ai/055.bin;0x113CD;42 D7 DA 63;  ガーディアン候補
ai/055.bin;0x113CD;33 8E E7 69;Duo 理想の妹 メーア
ai/055.bin;0x113CD;E8 83 60 6B;デアデビル・サムラーイ
ai/055.bin;0x113CD;4B D4 AE 6B;  合計シールド : 
ai/055.bin;0x113CD;DC 4C 2C 6E;立春の花乙姫 プリマヴェーラ
ai/055.bin;0x113CD;11 E8 1D 70;神託の女王 ヒミコ
ai/055.bin;0x113CD;E4 FB 3C 72;蒼嵐候補生 アノス
ai/055.bin;0x113CD;BF 35 68 72;タイダル・アサルト
ai/055.bin;0x113CD;29 EF C2 73;  対象(%d) : %s
ai/055.bin;0x113CD;7C 3A 8B 81;解放者 バーニング・ブロー
ai/055.bin;0x113CD;4D 9D 5C 83;海域の守り手 プラトン
ai/055.bin;0x113CD;DA 63 6D 85;次元ロボ ダイブレイブ
ai/055.bin;0x113CD;46 DE 4B 88;ダークメタル・ドラゴン
ai/055.bin;0x113CD;6A D5 6E 8A;カタナライザー
ai/055.bin;0x113CD;A8 D6 47 8C;天羅水将 ランブロス
ai/055.bin;0x113CD;A0 D8 63 8D;大宇宙勇機 グランギャロップ
ai/055.bin;0x113CD;1F 10 24 8F;上
ai/055.bin;0x113CD;6C E6 93 8F;真黒の賢者 カロン
ai/055.bin;0x113CD;BB E2 E9 90;永劫不敗 アシュラ・カイザー
ai/055.bin;0x113CD;E1 26 37 94;魔竜戦鬼 チャトゥラ
ai/055.bin;0x113CD;6A 0F 95 94;  アタッカーのパワー : %d(%d)
ai/055.bin;0x113CD;7F BB 35 95;覇天皇竜 ドラゴニック・オーバーロード “The Ace”
ai/055.bin;0x113CD;0C DD 47 9B;バトルシスター ぱるふぇ
ai/055.bin;0x113CD;1A 2D D2 9C;マイスガード フォーマルハウト
ai/055.bin;0x113CD;69 08 3B A2;蒼波竜 テトラドライブ・ドラゴン
ai/055.bin;0x113CD;F1 51 AA A2;スチームファイター バリフ
ai/055.bin;0x113CD;A4 F3 D7 A7;  アタッカーのクリティカル : %d
ai/055.bin;0x113CD;BD FD F6 A7;メチャバトラー ランボール
ai/055.bin;0x113CD;09 20 A7 AA;天鱗水将 タイダルボアー・ドラゴン
ai/055.bin;0x113CD;43 39 46 AB;蒼嵐水将 スピロス
ai/055.bin;0x113CD;9F 77 42 AC;フレアウィップ・ドラゴン
ai/055.bin;0x113CD;BD 3D A2 AD;ケルピーライダー ニッキー
ai/055.bin;0x113CD;39 6A 36 B5;超鋼闘機 ヘヴィデューク
ai/055.bin;0x113CD;F7 48 21 B9;ドラゴンナイト ジャラール
ai/055.bin;0x113CD;88 EF 6D BC;イニグマン・トルネード
ai/055.bin;0x113CD;ED F8 CC BD;ファイナル・レンチ
ai/055.bin;0x113CD;11 9F 48 BE;修羅忍竜 ダラニコンゴウ
ai/055.bin;0x113CD;CF AA 4F C1;煉獄竜 ドラゴニック・ネオフレイム
ai/055.bin;0x113CD;7C 17 CE C1;ラナンキュラスの花乙女 アーシャ
ai/055.bin;0x113CD;EC 8E 85 C3;booster(%s)
ai/055.bin;0x113CD;32 A7 9C C5;カップルダガー・セイラー
ai/055.bin;0x113CD;15 6E A2 C8;ウィステリアナイト
ai/055.bin;0x113CD;AB 51 A7 CB;AI(%d) : レシピ (フラグ:%08x)
ai/055.bin;0x113CD;D7 DA C1 D6;AI(%d) : 思考開始 (行動カテゴリ:%d)
ai/055.bin;0x113CD;04 75 4F D7;蒼嵐兵 ラスカル・スイーパー
ai/055.bin;0x113CD;4C 99 5F D8;ケルピーライダー デニス
ai/055.bin;0x113CD;7C 46 0A D9;忍竜 ドレッドマスター
ai/055.bin;0x113CD;BB CE 1E DA;戦場の歌姫 カロリーナ
ai/055.bin;0x113CD;01 AB C2 DC;attacker(%s)
ai/055.bin;0x113CD;6B 1D DB DC;マシニング・モスキート mkⅡ
ai/055.bin;0x113CD;69 E8 61 E1;オーバーロード
ai/055.bin;0x113CD;7D 1F 65 E6;獣神 ナイトジャッカル
ai/055.bin;0x113CD;57 CD 2E E8;    
ai/055.bin;0x113CD;CC 1A C6 E8;AI未設定 : attrib = %s
ai/055.bin;0x113CD;39 17 8B F0;星空の解放者 ギネヴィア
ai/055.bin;0x113CD;B7 75 A0 F0;バタリーブーム・ドラゴン
ai/055.bin;0x113CD;4B 16 BE F0;鋭気の騎士 エクター
ai/055.bin;0x113CD;BF 43 2B F1;  アタッカー : %s
ai/055.bin;0x113CD;27 25 50 F1;ベアダウン・サムラーイ
ai/055.bin;0x113CD;FC B0 EB F6;清めの神器 ピュア・エンジェル
ai/055.bin;0x113CD;89 20 23 F8;下
ai/055.bin;0x113CD;DD 4C B3 F8;ターン開始 AI(%d)
ai/055.bin;0x113CD;8E D3 36 F9;ケルピーライダー ポロ
ai/056.bin;0x1012E;DC A5 CF 01;  クインテットウォール : %d/%d枚
ai/056.bin;0x1012E;44 18 92 02;ドラゴンナイト ジャンナット
ai/056.bin;0x1012E;51 5B 2F 06;ヘキサゴナル・メイガス
ai/056.bin;0x1012E;DD 9F CC 07;蒼嵐竜 メイルストローム
ai/056.bin;0x1012E;8D 9F AA 08;  シールドの要求値 : 
ai/056.bin;0x1012E;76 AE E0 09;ドラゴニック・オーバーロード “The Яe-birth”
ai/056.bin;0x1012E;02 DC 8B 0D;モーント・ブラウクリューガー
ai/056.bin;0x1012E;B1 2D 5D 0E;  対象のパワー : %d(%d)%s
ai/056.bin;0x1012E;24 A1 3B 11;ライジング・ライオネット
ai/056.bin;0x1012E;CA 98 65 11;神界獣 フェンリル
ai/056.bin;0x1012E;2F 96 22 12;ダンシング・ウルフ
ai/056.bin;0x1012E;2F CE 1C 13;花占いの女神 サクヤ
ai/056.bin;0x1012E;9F 3C 4E 15; + %d
ai/056.bin;0x1012E;24 7A 2C 18;希望の火 エルモ
ai/056.bin;0x1012E;26 7B 30 1A;ネコ執事
ai/056.bin;0x1012E;63 56 82 1A;トワイライトアロー・ドラゴン
ai/056.bin;0x1012E;8D 20 89 1A;AI未設定 : %s %d
ai/056.bin;0x1012E;95 31 10 1D;封竜 カルゼ
ai/056.bin;0x1012E;49 58 50 21;次元ロボ ダイジェット
ai/056.bin;0x1012E;8E BC BB 21;  シールドの目標値 : 
ai/056.bin;0x1012E;50 41 74 23;希望の子 トゥルエル
ai/056.bin;0x1012E;39 5F 97 27;新鋭の騎士 ダヴィド
ai/056.bin;0x1012E;BE 51 F9 27;餓竜 バトルレックス
ai/056.bin;0x1012E;F7 2E E0 29;～%d
ai/056.bin;0x1012E;A6 8F 2A 2A;喧嘩屋 ファイティング・ドラコキッド
ai/056.bin;0x1012E;44 62 0C 2D;無音の射手 コンダクタンス
ai/056.bin;0x1012E;14 30 63 2D;!!!! AI ERROR !!!!\n  
ai/056.bin;0x1012E;EE 81 9E 32;豪腕拿捕の巨人兵
ai/056.bin;0x1012E;C5 4D EE 32;ブラスター・ダーク “Diablo”
ai/056.bin;0x1012E;F1 28 16 33;枚しか選んでいない
ai/056.bin;0x1012E;BC 1F 35 33;  ブースター : %s
ai/056.bin;0x1012E;B8 BC F2 37;伏魔忍鬼 カガミジシ
ai/056.bin;0x1012E;6E 42 D6 38;AI(%d) : アタック情報
ai/056.bin;0x1012E;B3 AD 45 3A;ブラスター
ai/056.bin;0x1012E;58 F1 4A 3D;ワイバーンストライク ギャラン
ai/056.bin;0x1012E;E4 2A FD 40;ドラゴンナイト イマード
ai/056.bin;0x1012E;03 D4 54 45; ヒットされない
ai/056.bin;0x1012E;2D 3A A7 45;AI(%d) : ガードステップ情報
ai/056.bin;0x1012E;30 FD D8 4C;ドラゴンモンク ギョクリュウ
ai/056.bin;0x1012E;2C A5 7B 4D;枚選択する必要があるが、
ai/056.bin;0x1012E;9F A5 E0 4F;ＣＥＯ アマテラス
ai/056.bin;0x1012E;34 F6 FD 50;ラーヴァフロウ・ドラゴン
ai/056.bin;0x1012E;3A D0 5B 51;メッチャバトラー ビクトール
ai/056.bin;0x1012E;A6 11 33 52;暗黒竜 ファントム・ブラスター “Diablo”
ai/056.bin;0x1012E;3C E0 6F 55;ドラゴニック・オーバーロード
ai/056.bin;0x1012E;DE C1 45 56;解放者
ai/056.bin;0x1012E;F7 6D 78 57;スタンプ・ラッコ
ai/056.bin;0x1012E;C5 AF 0D 60;真紅の伝承 メタトロン
ai/056.bin;0x1012E;47 87 68 63;AI(%d) : 思考時間 %.3f秒 (行動カテゴリ:%d)
ai/056.bin;0x1012E;55 C8 81 63;  完全ガード : %d/%d枚
ai/056.bin;0x1012E;42 D7 DA 63;  ガーディアン候補
ai/056.bin;0x1012E;33 8E E7 69;Duo 理想の妹 メーア
ai/056.bin;0x1012E;B0 4A D0 6A;カラミティタワー・ワイバーン
ai/056.bin;0x1012E;E8 83 60 6B;デアデビル・サムラーイ
ai/056.bin;0x1012E;4B D4 AE 6B;  合計シールド : 
ai/056.bin;0x1012E;F5 FD 02 6E;ドラゴンナイト タンナーズ
ai/056.bin;0x1012E;DC 4C 2C 6E;立春の花乙姫 プリマヴェーラ
ai/056.bin;0x1012E;11 E8 1D 70;神託の女王 ヒミコ
ai/056.bin;0x1012E;E4 FB 3C 72;蒼嵐候補生 アノス
ai/056.bin;0x1012E;29 EF C2 73;  対象(%d) : %s
ai/056.bin;0x1012E;54 9B A9 74;神龍騎士 ムスタファー
ai/056.bin;0x1012E;64 B7 A7 7B;ワイバーンストライク ドーハ
ai/056.bin;0x1012E;6E 4F 15 80;マグナムショット・ドラコキッド
ai/056.bin;0x1012E;7C 3A 8B 81;解放者 バーニング・ブロー
ai/056.bin;0x1012E;DA 63 6D 85;次元ロボ ダイブレイブ
ai/056.bin;0x1012E;46 DE 4B 88;ダークメタル・ドラゴン
ai/056.bin;0x1012E;6A D5 6E 8A;カタナライザー
ai/056.bin;0x1012E;A0 D8 63 8D;大宇宙勇機 グランギャロップ
ai/056.bin;0x1012E;87 FA 22 8F;ワイバーンキッド ラグラー
ai/056.bin;0x1012E;1F 10 24 8F;上
ai/056.bin;0x1012E;6C E6 93 8F;真黒の賢者 カロン
ai/056.bin;0x1012E;BB E2 E9 90;永劫不敗 アシュラ・カイザー
ai/056.bin;0x1012E;E1 26 37 94;魔竜戦鬼 チャトゥラ
ai/056.bin;0x1012E;6A 0F 95 94;  アタッカーのパワー : %d(%d)
ai/056.bin;0x1012E;7F BB 35 95;覇天皇竜 ドラゴニック・オーバーロード “The Ace”
ai/056.bin;0x1012E;0A 24 0B 97;リザードソルジャー コンロー
ai/056.bin;0x1012E;CC 6A 8B 98;神龍騎士 マフムード
ai/056.bin;0x1012E;17 6F DB 98;ドラゴンモンク ゴジョー
ai/056.bin;0x1012E;0C DD 47 9B;バトルシスター ぱるふぇ
ai/056.bin;0x1012E;1A 2D D2 9C;マイスガード フォーマルハウト
ai/056.bin;0x1012E;69 08 3B A2;蒼波竜 テトラドライブ・ドラゴン
ai/056.bin;0x1012E;F1 51 AA A2;スチームファイター バリフ
ai/056.bin;0x1012E;A4 F3 D7 A7;  アタッカーのクリティカル : %d
ai/056.bin;0x1012E;BD FD F6 A7;メチャバトラー ランボール
ai/056.bin;0x1012E;9F 77 42 AC;フレアウィップ・ドラゴン
ai/056.bin;0x1012E;39 6A 36 B5;超鋼闘機 ヘヴィデューク
ai/056.bin;0x1012E;F7 48 21 B9;ドラゴンナイト ジャラール
ai/056.bin;0x1012E;88 EF 6D BC;イニグマン・トルネード
ai/056.bin;0x1012E;ED F8 CC BD;ファイナル・レンチ
ai/056.bin;0x1012E;11 9F 48 BE;修羅忍竜 ダラニコンゴウ
ai/056.bin;0x1012E;CF AA 4F C1;煉獄竜 ドラゴニック・ネオフレイム
ai/056.bin;0x1012E;7C 17 CE C1;ラナンキュラスの花乙女 アーシャ
ai/056.bin;0x1012E;48 1B 59 C4;ドラゴニック・ブレードマスター
ai/056.bin;0x1012E;15 6E A2 C8;ウィステリアナイト
ai/056.bin;0x1012E;AB 51 A7 CB;AI(%d) : レシピ (フラグ:%08x)
ai/056.bin;0x1012E;6E A8 80 CE;ヒロイックサーガ・ドラゴン
ai/056.bin;0x1012E;1C 62 06 D1;炎帝龍王 ルートフレア・ドラゴン
ai/056.bin;0x1012E;D7 DA C1 D6;AI(%d) : 思考開始 (行動カテゴリ:%d)
ai/056.bin;0x1012E;D3 27 A4 D7;ドラゴンナイト ネシャート
ai/056.bin;0x1012E;7C 46 0A D9;忍竜 ドレッドマスター
ai/056.bin;0x1012E;6B 1D DB DC;マシニング・モスキート mkⅡ
ai/056.bin;0x1012E;69 E8 61 E1;オーバーロード
ai/056.bin;0x1012E;45 02 02 E2;ドラゴンナイト ラシード
ai/056.bin;0x1012E;7D 1F 65 E6;獣神 ナイトジャッカル
ai/056.bin;0x1012E;57 CD 2E E8;    
ai/056.bin;0x1012E;CC 1A C6 E8;AI未設定 : attrib = %s
ai/056.bin;0x1012E;39 17 8B F0;星空の解放者 ギネヴィア
ai/056.bin;0x1012E;4B 16 BE F0;鋭気の騎士 エクター
ai/056.bin;0x1012E;BF 43 2B F1;  アタッカー : %s
ai/056.bin;0x1012E;27 25 50 F1;ベアダウン・サムラーイ
ai/056.bin;0x1012E;A5 40 55 F5;マザーオーブ・ドラゴン
ai/056.bin;0x1012E;FC B0 EB F6;清めの神器 ピュア・エンジェル
ai/056.bin;0x1012E;89 20 23 F8;下
ai/056.bin;0x1012E;DD 4C B3 F8;ターン開始 AI(%d)
ai/056.bin;0x1012E;D1 35 79 FB;プロテクトオーブ・ドラゴン
ai/057.bin;0xF293;DC A5 CF 01;  クインテットウォール : %d/%d枚
ai/057.bin;0xF293;51 5B 2F 06;ヘキサゴナル・メイガス
ai/057.bin;0xF293;DD 9F CC 07;蒼嵐竜 メイルストローム
ai/057.bin;0xF293;8D 9F AA 08;  シールドの要求値 : 
ai/057.bin;0xF293;76 AE E0 09;ドラゴニック・オーバーロード “The Яe-birth”
ai/057.bin;0xF293;02 DC 8B 0D;モーント・ブラウクリューガー
ai/057.bin;0xF293;B1 2D 5D 0E;  対象のパワー : %d(%d)%s
ai/057.bin;0xF293;24 A1 3B 11;ライジング・ライオネット
ai/057.bin;0xF293;CA 98 65 11;神界獣 フェンリル
ai/057.bin;0xF293;2F 96 22 12;ダンシング・ウルフ
ai/057.bin;0xF293;2F CE 1C 13;花占いの女神 サクヤ
ai/057.bin;0xF293;70 71 44 13;ボルテージホーン・ドラゴン
ai/057.bin;0xF293;9F 3C 4E 15; + %d
ai/057.bin;0xF293;26 7B 30 1A;ネコ執事
ai/057.bin;0xF293;63 56 82 1A;トワイライトアロー・ドラゴン
ai/057.bin;0xF293;8D 20 89 1A;AI未設定 : %s %d
ai/057.bin;0xF293;BA E1 77 1C;雷龍騎士 ゾラス
ai/057.bin;0xF293;49 58 50 21;次元ロボ ダイジェット
ai/057.bin;0xF293;8E BC BB 21;  シールドの目標値 : 
ai/057.bin;0xF293;50 41 74 23;希望の子 トゥルエル
ai/057.bin;0xF293;39 5F 97 27;新鋭の騎士 ダヴィド
ai/057.bin;0xF293;BE 51 F9 27;餓竜 バトルレックス
ai/057.bin;0xF293;F7 2E E0 29;～%d
ai/057.bin;0xF293;A6 8F 2A 2A;喧嘩屋 ファイティング・ドラコキッド
ai/057.bin;0xF293;44 62 0C 2D;無音の射手 コンダクタンス
ai/057.bin;0xF293;14 30 63 2D;!!!! AI ERROR !!!!\n  
ai/057.bin;0xF293;EE 81 9E 32;豪腕拿捕の巨人兵
ai/057.bin;0xF293;C5 4D EE 32;ブラスター・ダーク “Diablo”
ai/057.bin;0xF293;F1 28 16 33;枚しか選んでいない
ai/057.bin;0xF293;BC 1F 35 33;  ブースター : %s
ai/057.bin;0xF293;B8 BC F2 37;伏魔忍鬼 カガミジシ
ai/057.bin;0xF293;6E 42 D6 38;AI(%d) : アタック情報
ai/057.bin;0xF293;B3 AD 45 3A;ブラスター
ai/057.bin;0xF293;58 F1 4A 3D;ワイバーンストライク ギャラン
ai/057.bin;0xF293;E4 2A FD 40;ドラゴンナイト イマード
ai/057.bin;0xF293;03 D4 54 45; ヒットされない
ai/057.bin;0xF293;2D 3A A7 45;AI(%d) : ガードステップ情報
ai/057.bin;0xF293;10 25 A8 4A;プラズマダンス・ドラゴン
ai/057.bin;0xF293;2C A5 7B 4D;枚選択する必要があるが、
ai/057.bin;0xF293;9F A5 E0 4F;ＣＥＯ アマテラス
ai/057.bin;0xF293;34 F6 FD 50;ラーヴァフロウ・ドラゴン
ai/057.bin;0xF293;3A D0 5B 51;メッチャバトラー ビクトール
ai/057.bin;0xF293;A6 11 33 52;暗黒竜 ファントム・ブラスター “Diablo”
ai/057.bin;0xF293;FF 9F A4 54;ライジング・フェニックス
ai/057.bin;0xF293;3C E0 6F 55;ドラゴニック・オーバーロード
ai/057.bin;0xF293;DE C1 45 56;解放者
ai/057.bin;0xF293;F7 6D 78 57;スタンプ・ラッコ
ai/057.bin;0xF293;95 CB 30 5B;征天覇竜 コンクエスト・ドラゴン
ai/057.bin;0xF293;C5 AF 0D 60;真紅の伝承 メタトロン
ai/057.bin;0xF293;2C B5 66 61;疑心暗鬼のジン
ai/057.bin;0xF293;47 87 68 63;AI(%d) : 思考時間 %.3f秒 (行動カテゴリ:%d)
ai/057.bin;0xF293;55 C8 81 63;  完全ガード : %d/%d枚
ai/057.bin;0xF293;42 D7 DA 63;  ガーディアン候補
ai/057.bin;0xF293;33 8E E7 69;Duo 理想の妹 メーア
ai/057.bin;0xF293;E8 83 60 6B;デアデビル・サムラーイ
ai/057.bin;0xF293;4B D4 AE 6B;  合計シールド : 
ai/057.bin;0xF293;DC 4C 2C 6E;立春の花乙姫 プリマヴェーラ
ai/057.bin;0xF293;11 E8 1D 70;神託の女王 ヒミコ
ai/057.bin;0xF293;E4 FB 3C 72;蒼嵐候補生 アノス
ai/057.bin;0xF293;29 EF C2 73;  対象(%d) : %s
ai/057.bin;0xF293;0B 68 BC 7A;スパークエッジ・ドラコキッド
ai/057.bin;0xF293;64 B7 A7 7B;ワイバーンストライク ドーハ
ai/057.bin;0xF293;5A 0E 41 7D;ドラゴンダンサー アナスタシア
ai/057.bin;0xF293;7C 3A 8B 81;解放者 バーニング・ブロー
ai/057.bin;0xF293;F2 3C 64 82;ドラゴニック・デスサイズ
ai/057.bin;0xF293;DA 63 6D 85;次元ロボ ダイブレイブ
ai/057.bin;0xF293;46 DE 4B 88;ダークメタル・ドラゴン
ai/057.bin;0xF293;6A D5 6E 8A;カタナライザー
ai/057.bin;0xF293;A0 D8 63 8D;大宇宙勇機 グランギャロップ
ai/057.bin;0xF293;1F 10 24 8F;上
ai/057.bin;0xF293;6C E6 93 8F;真黒の賢者 カロン
ai/057.bin;0xF293;BB E2 E9 90;永劫不敗 アシュラ・カイザー
ai/057.bin;0xF293;E1 26 37 94;魔竜戦鬼 チャトゥラ
ai/057.bin;0xF293;6A 0F 95 94;  アタッカーのパワー : %d(%d)
ai/057.bin;0xF293;7F BB 35 95;覇天皇竜 ドラゴニック・オーバーロード “The Ace”
ai/057.bin;0xF293;0C DD 47 9B;バトルシスター ぱるふぇ
ai/057.bin;0xF293;1A 2D D2 9C;マイスガード フォーマルハウト
ai/057.bin;0xF293;69 08 3B A2;蒼波竜 テトラドライブ・ドラゴン
ai/057.bin;0xF293;F1 51 AA A2;スチームファイター バリフ
ai/057.bin;0xF293;A4 F3 D7 A7;  アタッカーのクリティカル : %d
ai/057.bin;0xF293;BD FD F6 A7;メチャバトラー ランボール
ai/057.bin;0xF293;9F 77 42 AC;フレアウィップ・ドラゴン
ai/057.bin;0xF293;08 BF DE AF;ジャギーショット・ドラグーン
ai/057.bin;0xF293;39 6A 36 B5;超鋼闘機 ヘヴィデューク
ai/057.bin;0xF293;F7 48 21 B9;ドラゴンナイト ジャラール
ai/057.bin;0xF293;12 43 42 BB;マイティボルト・ドラグーン
ai/057.bin;0xF293;88 EF 6D BC;イニグマン・トルネード
ai/057.bin;0xF293;ED F8 CC BD;ファイナル・レンチ
ai/057.bin;0xF293;11 9F 48 BE;修羅忍竜 ダラニコンゴウ
ai/057.bin;0xF293;CF AA 4F C1;煉獄竜 ドラゴニック・ネオフレイム
ai/057.bin;0xF293;7C 17 CE C1;ラナンキュラスの花乙女 アーシャ
ai/057.bin;0xF293;48 1B 59 C4;ドラゴニック・ブレードマスター
ai/057.bin;0xF293;15 6E A2 C8;ウィステリアナイト
ai/057.bin;0xF293;AB 51 A7 CB;AI(%d) : レシピ (フラグ:%08x)
ai/057.bin;0xF293;02 87 CD CB;ハーブリンガー・ドラコキッド
ai/057.bin;0xF293;D7 DA C1 D6;AI(%d) : 思考開始 (行動カテゴリ:%d)
ai/057.bin;0xF293;7C 46 0A D9;忍竜 ドレッドマスター
ai/057.bin;0xF293;6B 1D DB DC;マシニング・モスキート mkⅡ
ai/057.bin;0xF293;69 E8 61 E1;オーバーロード
ai/057.bin;0xF293;7D 1F 65 E6;獣神 ナイトジャッカル
ai/057.bin;0xF293;57 CD 2E E8;    
ai/057.bin;0xF293;CC 1A C6 E8;AI未設定 : attrib = %s
ai/057.bin;0xF293;39 17 8B F0;星空の解放者 ギネヴィア
ai/057.bin;0xF293;4B 16 BE F0;鋭気の騎士 エクター
ai/057.bin;0xF293;BF 43 2B F1;  アタッカー : %s
ai/057.bin;0xF293;27 25 50 F1;ベアダウン・サムラーイ
ai/057.bin;0xF293;CF FC 38 F5;ドラゴニック・ヴァンキッシャー
ai/057.bin;0xF293;5A 2E 5F F6;ワイバーンストライク ピグルマ
ai/057.bin;0xF293;FC B0 EB F6;清めの神器 ピュア・エンジェル
ai/057.bin;0xF293;77 27 A3 F7;愛の神 カーマ
ai/057.bin;0xF293;89 20 23 F8;下
ai/057.bin;0xF293;DD 4C B3 F8;ターン開始 AI(%d)
ai/058.bin;0xFD2D;DC A5 CF 01;  クインテットウォール : %d/%d枚
ai/058.bin;0xFD2D;51 5B 2F 06;ヘキサゴナル・メイガス
ai/058.bin;0xFD2D;DD 9F CC 07;蒼嵐竜 メイルストローム
ai/058.bin;0xFD2D;8D 9F AA 08;  シールドの要求値 : 
ai/058.bin;0xFD2D;76 AE E0 09;ドラゴニック・オーバーロード “The Яe-birth”
ai/058.bin;0xFD2D;02 DC 8B 0D;モーント・ブラウクリューガー
ai/058.bin;0xFD2D;B1 2D 5D 0E;  対象のパワー : %d(%d)%s
ai/058.bin;0xFD2D;24 A1 3B 11;ライジング・ライオネット
ai/058.bin;0xFD2D;CA 98 65 11;神界獣 フェンリル
ai/058.bin;0xFD2D;2F 96 22 12;ダンシング・ウルフ
ai/058.bin;0xFD2D;2F CE 1C 13;花占いの女神 サクヤ
ai/058.bin;0xFD2D;9F 3C 4E 15; + %d
ai/058.bin;0xFD2D;26 7B 30 1A;ネコ執事
ai/058.bin;0xFD2D;8D 20 89 1A;AI未設定 : %s %d
ai/058.bin;0xFD2D;C0 15 ED 1A;次元ロボ ダイドラゴン
ai/058.bin;0xFD2D;49 58 50 21;次元ロボ ダイジェット
ai/058.bin;0xFD2D;8E BC BB 21;  シールドの目標値 : 
ai/058.bin;0xFD2D;84 FA 26 23;次元ロボ ダイシュート
ai/058.bin;0xFD2D;50 41 74 23;希望の子 トゥルエル
ai/058.bin;0xFD2D;39 5F 97 27;新鋭の騎士 ダヴィド
ai/058.bin;0xFD2D;BE 51 F9 27;餓竜 バトルレックス
ai/058.bin;0xFD2D;F7 2E E0 29;～%d
ai/058.bin;0xFD2D;A6 8F 2A 2A;喧嘩屋 ファイティング・ドラコキッド
ai/058.bin;0xFD2D;44 62 0C 2D;無音の射手 コンダクタンス
ai/058.bin;0xFD2D;14 30 63 2D;!!!! AI ERROR !!!!\n  
ai/058.bin;0xFD2D;EE 81 9E 32;豪腕拿捕の巨人兵
ai/058.bin;0xFD2D;C5 4D EE 32;ブラスター・ダーク “Diablo”
ai/058.bin;0xFD2D;F1 28 16 33;枚しか選んでいない
ai/058.bin;0xFD2D;BC 1F 35 33;  ブースター : %s
ai/058.bin;0xFD2D;6F 97 CC 33;次元ロボ ダイクレーン
ai/058.bin;0xFD2D;B8 BC F2 37;伏魔忍鬼 カガミジシ
ai/058.bin;0xFD2D;6E 42 D6 38;AI(%d) : アタック情報
ai/058.bin;0xFD2D;B3 AD 45 3A;ブラスター
ai/058.bin;0xFD2D;03 D4 54 45; ヒットされない
ai/058.bin;0xFD2D;2D 3A A7 45;AI(%d) : ガードステップ情報
ai/058.bin;0xFD2D;E2 57 0B 48;次元ロボ ダイライオン
ai/058.bin;0xFD2D;2C A5 7B 4D;枚選択する必要があるが、
ai/058.bin;0xFD2D;9F A5 E0 4F;ＣＥＯ アマテラス
ai/058.bin;0xFD2D;2F F1 E7 50;次元ロボ カイザーグレーダー
ai/058.bin;0xFD2D;3A D0 5B 51;メッチャバトラー ビクトール
ai/058.bin;0xFD2D;1F 18 FD 51;第99代次元ロボ司令官 グレートダイアース
ai/058.bin;0xFD2D;A6 11 33 52;暗黒竜 ファントム・ブラスター “Diablo”
ai/058.bin;0xFD2D;3C E0 6F 55;ドラゴニック・オーバーロード
ai/058.bin;0xFD2D;DE C1 45 56;解放者
ai/058.bin;0xFD2D;F7 6D 78 57;スタンプ・ラッコ
ai/058.bin;0xFD2D;C5 AF 0D 60;真紅の伝承 メタトロン
ai/058.bin;0xFD2D;47 87 68 63;AI(%d) : 思考時間 %.3f秒 (行動カテゴリ:%d)
ai/058.bin;0xFD2D;55 C8 81 63;  完全ガード : %d/%d枚
ai/058.bin;0xFD2D;42 D7 DA 63;  ガーディアン候補
ai/058.bin;0xFD2D;EC 3B 48 64;次元ロボ ダイバトルス
ai/058.bin;0xFD2D;E5 D2 62 65;次元ロボ ゴーレスキュー
ai/058.bin;0xFD2D;33 8E E7 69;Duo 理想の妹 メーア
ai/058.bin;0xFD2D;E8 83 60 6B;デアデビル・サムラーイ
ai/058.bin;0xFD2D;4B D4 AE 6B;  合計シールド : 
ai/058.bin;0xFD2D;69 F7 5E 6D;超宇宙勇機 エクスタイガー
ai/058.bin;0xFD2D;DC 4C 2C 6E;立春の花乙姫 プリマヴェーラ
ai/058.bin;0xFD2D;11 E8 1D 70;神託の女王 ヒミコ
ai/058.bin;0xFD2D;E4 FB 3C 72;蒼嵐候補生 アノス
ai/058.bin;0xFD2D;29 EF C2 73;  対象(%d) : %s
ai/058.bin;0xFD2D;7C 3A 8B 81;解放者 バーニング・ブロー
ai/058.bin;0xFD2D;4D 2A 1A 82;究極次元ロボ グレートダイカイザー
ai/058.bin;0xFD2D;DA 63 6D 85;次元ロボ ダイブレイブ
ai/058.bin;0xFD2D;22 07 8F 86;宇宙勇機 グランガード
ai/058.bin;0xFD2D;46 DE 4B 88;ダークメタル・ドラゴン
ai/058.bin;0xFD2D;6A D5 6E 8A;カタナライザー
ai/058.bin;0xFD2D;A0 D8 63 8D;大宇宙勇機 グランギャロップ
ai/058.bin;0xFD2D;1F 10 24 8F;上
ai/058.bin;0xFD2D;6C E6 93 8F;真黒の賢者 カロン
ai/058.bin;0xFD2D;BB E2 E9 90;永劫不敗 アシュラ・カイザー
ai/058.bin;0xFD2D;E1 26 37 94;魔竜戦鬼 チャトゥラ
ai/058.bin;0xFD2D;6A 0F 95 94;  アタッカーのパワー : %d(%d)
ai/058.bin;0xFD2D;7F BB 35 95;覇天皇竜 ドラゴニック・オーバーロード “The Ace”
ai/058.bin;0xFD2D;8D 03 EC 97;次元ロボ カイザード
ai/058.bin;0xFD2D;0C DD 47 9B;バトルシスター ぱるふぇ
ai/058.bin;0xFD2D;1A 2D D2 9C;マイスガード フォーマルハウト
ai/058.bin;0xFD2D;69 08 3B A2;蒼波竜 テトラドライブ・ドラゴン
ai/058.bin;0xFD2D;F1 51 AA A2;スチームファイター バリフ
ai/058.bin;0xFD2D;A4 F3 D7 A7;  アタッカーのクリティカル : %d
ai/058.bin;0xFD2D;BD FD F6 A7;メチャバトラー ランボール
ai/058.bin;0xFD2D;9F 77 42 AC;フレアウィップ・ドラゴン
ai/058.bin;0xFD2D;39 6A 36 B5;超鋼闘機 ヘヴィデューク
ai/058.bin;0xFD2D;F7 48 21 B9;ドラゴンナイト ジャラール
ai/058.bin;0xFD2D;88 EF 6D BC;イニグマン・トルネード
ai/058.bin;0xFD2D;ED F8 CC BD;ファイナル・レンチ
ai/058.bin;0xFD2D;11 9F 48 BE;修羅忍竜 ダラニコンゴウ
ai/058.bin;0xFD2D;CF AA 4F C1;煉獄竜 ドラゴニック・ネオフレイム
ai/058.bin;0xFD2D;7C 17 CE C1;ラナンキュラスの花乙女 アーシャ
ai/058.bin;0xFD2D;15 6E A2 C8;ウィステリアナイト
ai/058.bin;0xFD2D;AB 51 A7 CB;AI(%d) : レシピ (フラグ:%08x)
ai/058.bin;0xFD2D;D7 DA C1 D6;AI(%d) : 思考開始 (行動カテゴリ:%d)
ai/058.bin;0xFD2D;7C 46 0A D9;忍竜 ドレッドマスター
ai/058.bin;0xFD2D;6B 1D DB DC;マシニング・モスキート mkⅡ
ai/058.bin;0xFD2D;0A B9 45 E0;次元ロボ ダイウルフ
ai/058.bin;0xFD2D;69 E8 61 E1;オーバーロード
ai/058.bin;0xFD2D;7D 1F 65 E6;獣神 ナイトジャッカル
ai/058.bin;0xFD2D;1B BC 43 E7;超宇宙勇機 エクスファルコン
ai/058.bin;0xFD2D;57 CD 2E E8;    
ai/058.bin;0xFD2D;CC 1A C6 E8;AI未設定 : attrib = %s
ai/058.bin;0xFD2D;F1 76 1B EE;超次元ロボ ダイカイザー
ai/058.bin;0xFD2D;39 17 8B F0;星空の解放者 ギネヴィア
ai/058.bin;0xFD2D;4B 16 BE F0;鋭気の騎士 エクター
ai/058.bin;0xFD2D;BF 43 2B F1;  アタッカー : %s
ai/058.bin;0xFD2D;27 25 50 F1;ベアダウン・サムラーイ
ai/058.bin;0xFD2D;FC B0 EB F6;清めの神器 ピュア・エンジェル
ai/058.bin;0xFD2D;89 20 23 F8;下
ai/058.bin;0xFD2D;DD 4C B3 F8;ターン開始 AI(%d)
ai/059.bin;0xF679;DC A5 CF 01;  クインテットウォール : %d/%d枚
ai/059.bin;0xF679;51 5B 2F 06;ヘキサゴナル・メイガス
ai/059.bin;0xF679;DD 9F CC 07;蒼嵐竜 メイルストローム
ai/059.bin;0xF679;8D 9F AA 08;  シールドの要求値 : 
ai/059.bin;0xF679;76 AE E0 09;ドラゴニック・オーバーロード “The Яe-birth”
ai/059.bin;0xF679;02 DC 8B 0D;モーント・ブラウクリューガー
ai/059.bin;0xF679;B1 2D 5D 0E;  対象のパワー : %d(%d)%s
ai/059.bin;0xF679;24 A1 3B 11;ライジング・ライオネット
ai/059.bin;0xF679;CA 98 65 11;神界獣 フェンリル
ai/059.bin;0xF679;2F 96 22 12;ダンシング・ウルフ
ai/059.bin;0xF679;2F CE 1C 13;花占いの女神 サクヤ
ai/059.bin;0xF679;9F 3C 4E 15; + %d
ai/059.bin;0xF679;26 7B 30 1A;ネコ執事
ai/059.bin;0xF679;8D 20 89 1A;AI未設定 : %s %d
ai/059.bin;0xF679;C0 15 ED 1A;次元ロボ ダイドラゴン
ai/059.bin;0xF679;9A C6 45 1B;究極次元ロボ グレートダイユーシャ
ai/059.bin;0xF679;49 58 50 21;次元ロボ ダイジェット
ai/059.bin;0xF679;8E BC BB 21;  シールドの目標値 : 
ai/059.bin;0xF679;50 41 74 23;希望の子 トゥルエル
ai/059.bin;0xF679;39 5F 97 27;新鋭の騎士 ダヴィド
ai/059.bin;0xF679;BE 51 F9 27;餓竜 バトルレックス
ai/059.bin;0xF679;F7 2E E0 29;～%d
ai/059.bin;0xF679;A6 8F 2A 2A;喧嘩屋 ファイティング・ドラコキッド
ai/059.bin;0xF679;44 62 0C 2D;無音の射手 コンダクタンス
ai/059.bin;0xF679;14 30 63 2D;!!!! AI ERROR !!!!\n  
ai/059.bin;0xF679;EE 81 9E 32;豪腕拿捕の巨人兵
ai/059.bin;0xF679;C5 4D EE 32;ブラスター・ダーク “Diablo”
ai/059.bin;0xF679;F1 28 16 33;枚しか選んでいない
ai/059.bin;0xF679;BC 1F 35 33;  ブースター : %s
ai/059.bin;0xF679;6F 97 CC 33;次元ロボ ダイクレーン
ai/059.bin;0xF679;B8 BC F2 37;伏魔忍鬼 カガミジシ
ai/059.bin;0xF679;6E 42 D6 38;AI(%d) : アタック情報
ai/059.bin;0xF679;B3 AD 45 3A;ブラスター
ai/059.bin;0xF679;03 D4 54 45; ヒットされない
ai/059.bin;0xF679;2D 3A A7 45;AI(%d) : ガードステップ情報
ai/059.bin;0xF679;E2 57 0B 48;次元ロボ ダイライオン
ai/059.bin;0xF679;2E B1 59 48;次元ロボ ダイマグナム
ai/059.bin;0xF679;2C A5 7B 4D;枚選択する必要があるが、
ai/059.bin;0xF679;9F A5 E0 4F;ＣＥＯ アマテラス
ai/059.bin;0xF679;3A D0 5B 51;メッチャバトラー ビクトール
ai/059.bin;0xF679;1F 18 FD 51;第99代次元ロボ司令官 グレートダイアース
ai/059.bin;0xF679;A6 11 33 52;暗黒竜 ファントム・ブラスター “Diablo”
ai/059.bin;0xF679;3C E0 6F 55;ドラゴニック・オーバーロード
ai/059.bin;0xF679;DE C1 45 56;解放者
ai/059.bin;0xF679;F7 6D 78 57;スタンプ・ラッコ
ai/059.bin;0xF679;CB 77 3F 5B;超次元ロボ シャドウカイザー
ai/059.bin;0xF679;C5 AF 0D 60;真紅の伝承 メタトロン
ai/059.bin;0xF679;47 87 68 63;AI(%d) : 思考時間 %.3f秒 (行動カテゴリ:%d)
ai/059.bin;0xF679;55 C8 81 63;  完全ガード : %d/%d枚
ai/059.bin;0xF679;42 D7 DA 63;  ガーディアン候補
ai/059.bin;0xF679;EC 3B 48 64;次元ロボ ダイバトルス
ai/059.bin;0xF679;E5 D2 62 65;次元ロボ ゴーレスキュー
ai/059.bin;0xF679;33 8E E7 69;Duo 理想の妹 メーア
ai/059.bin;0xF679;E8 83 60 6B;デアデビル・サムラーイ
ai/059.bin;0xF679;29 7C A9 6B;次元ロボ ダイシールド
ai/059.bin;0xF679;4B D4 AE 6B;  合計シールド : 
ai/059.bin;0xF679;69 F7 5E 6D;超宇宙勇機 エクスタイガー
ai/059.bin;0xF679;DC 4C 2C 6E;立春の花乙姫 プリマヴェーラ
ai/059.bin;0xF679;11 E8 1D 70;神託の女王 ヒミコ
ai/059.bin;0xF679;E4 FB 3C 72;蒼嵐候補生 アノス
ai/059.bin;0xF679;29 EF C2 73;  対象(%d) : %s
ai/059.bin;0xF679;7C 3A 8B 81;解放者 バーニング・ブロー
ai/059.bin;0xF679;DA 63 6D 85;次元ロボ ダイブレイブ
ai/059.bin;0xF679;46 DE 4B 88;ダークメタル・ドラゴン
ai/059.bin;0xF679;6A D5 6E 8A;カタナライザー
ai/059.bin;0xF679;A0 D8 63 8D;大宇宙勇機 グランギャロップ
ai/059.bin;0xF679;1F 10 24 8F;上
ai/059.bin;0xF679;6C E6 93 8F;真黒の賢者 カロン
ai/059.bin;0xF679;BB E2 E9 90;永劫不敗 アシュラ・カイザー
ai/059.bin;0xF679;E1 26 37 94;魔竜戦鬼 チャトゥラ
ai/059.bin;0xF679;6A 0F 95 94;  アタッカーのパワー : %d(%d)
ai/059.bin;0xF679;7F BB 35 95;覇天皇竜 ドラゴニック・オーバーロード “The Ace”
ai/059.bin;0xF679;0C DD 47 9B;バトルシスター ぱるふぇ
ai/059.bin;0xF679;1A 2D D2 9C;マイスガード フォーマルハウト
ai/059.bin;0xF679;69 08 3B A2;蒼波竜 テトラドライブ・ドラゴン
ai/059.bin;0xF679;F1 51 AA A2;スチームファイター バリフ
ai/059.bin;0xF679;A4 F3 D7 A7;  アタッカーのクリティカル : %d
ai/059.bin;0xF679;BD FD F6 A7;メチャバトラー ランボール
ai/059.bin;0xF679;CF 1F B7 AB;次元ロボ・オペレーター ユウカ
ai/059.bin;0xF679;9F 77 42 AC;フレアウィップ・ドラゴン
ai/059.bin;0xF679;39 6A 36 B5;超鋼闘機 ヘヴィデューク
ai/059.bin;0xF679;F7 48 21 B9;ドラゴンナイト ジャラール
ai/059.bin;0xF679;88 EF 6D BC;イニグマン・トルネード
ai/059.bin;0xF679;ED F8 CC BD;ファイナル・レンチ
ai/059.bin;0xF679;11 9F 48 BE;修羅忍竜 ダラニコンゴウ
ai/059.bin;0xF679;CF AA 4F C1;煉獄竜 ドラゴニック・ネオフレイム
ai/059.bin;0xF679;7C 17 CE C1;ラナンキュラスの花乙女 アーシャ
ai/059.bin;0xF679;4D F6 FA C4;暗黒超人 プリティーキャット
ai/059.bin;0xF679;15 6E A2 C8;ウィステリアナイト
ai/059.bin;0xF679;AB 51 A7 CB;AI(%d) : レシピ (フラグ:%08x)
ai/059.bin;0xF679;8D BE C6 CC;超次元ロボ ダイレディ
ai/059.bin;0xF679;D7 DA C1 D6;AI(%d) : 思考開始 (行動カテゴリ:%d)
ai/059.bin;0xF679;25 71 DF D7;次元ロボ
ai/059.bin;0xF679;7C 46 0A D9;忍竜 ドレッドマスター
ai/059.bin;0xF679;6B 1D DB DC;マシニング・モスキート mkⅡ
ai/059.bin;0xF679;0A B9 45 E0;次元ロボ ダイウルフ
ai/059.bin;0xF679;69 E8 61 E1;オーバーロード
ai/059.bin;0xF679;7D 1F 65 E6;獣神 ナイトジャッカル
ai/059.bin;0xF679;57 CD 2E E8;    
ai/059.bin;0xF679;CC 1A C6 E8;AI未設定 : attrib = %s
ai/059.bin;0xF679;8E 3E F0 ED;次元ロボ ダイファイター
ai/059.bin;0xF679;F1 76 1B EE;超次元ロボ ダイカイザー
ai/059.bin;0xF679;39 17 8B F0;星空の解放者 ギネヴィア
ai/059.bin;0xF679;4B 16 BE F0;鋭気の騎士 エクター
ai/059.bin;0xF679;BF 43 2B F1;  アタッカー : %s
ai/059.bin;0xF679;27 25 50 F1;ベアダウン・サムラーイ
ai/059.bin;0xF679;FC B0 EB F6;清めの神器 ピュア・エンジェル
ai/059.bin;0xF679;89 20 23 F8;下
ai/059.bin;0xF679;DD 4C B3 F8;ターン開始 AI(%d)
ai/060.bin;0xFA70;DC A5 CF 01;  クインテットウォール : %d/%d枚
ai/060.bin;0xFA70;51 5B 2F 06;ヘキサゴナル・メイガス
ai/060.bin;0xFA70;DD 9F CC 07;蒼嵐竜 メイルストローム
ai/060.bin;0xFA70;8D 9F AA 08;  シールドの要求値 : 
ai/060.bin;0xFA70;76 AE E0 09;ドラゴニック・オーバーロード “The Яe-birth”
ai/060.bin;0xFA70;02 DC 8B 0D;モーント・ブラウクリューガー
ai/060.bin;0xFA70;B1 2D 5D 0E;  対象のパワー : %d(%d)%s
ai/060.bin;0xFA70;24 A1 3B 11;ライジング・ライオネット
ai/060.bin;0xFA70;CA 98 65 11;神界獣 フェンリル
ai/060.bin;0xFA70;2F 96 22 12;ダンシング・ウルフ
ai/060.bin;0xFA70;2F CE 1C 13;花占いの女神 サクヤ
ai/060.bin;0xFA70;9F 3C 4E 15; + %d
ai/060.bin;0xFA70;26 7B 30 1A;ネコ執事
ai/060.bin;0xFA70;8D 20 89 1A;AI未設定 : %s %d
ai/060.bin;0xFA70;49 58 50 21;次元ロボ ダイジェット
ai/060.bin;0xFA70;8E BC BB 21;  シールドの目標値 : 
ai/060.bin;0xFA70;50 41 74 23;希望の子 トゥルエル
ai/060.bin;0xFA70;04 CB 10 25;暁光の騎士 イアゴー
ai/060.bin;0xFA70;39 5F 97 27;新鋭の騎士 ダヴィド
ai/060.bin;0xFA70;BE 51 F9 27;餓竜 バトルレックス
ai/060.bin;0xFA70;F7 2E E0 29;～%d
ai/060.bin;0xFA70;A6 8F 2A 2A;喧嘩屋 ファイティング・ドラコキッド
ai/060.bin;0xFA70;44 62 0C 2D;無音の射手 コンダクタンス
ai/060.bin;0xFA70;14 30 63 2D;!!!! AI ERROR !!!!\n  
ai/060.bin;0xFA70;EE 81 9E 32;豪腕拿捕の巨人兵
ai/060.bin;0xFA70;C5 4D EE 32;ブラスター・ダーク “Diablo”
ai/060.bin;0xFA70;F1 28 16 33;枚しか選んでいない
ai/060.bin;0xFA70;BC 1F 35 33;  ブースター : %s
ai/060.bin;0xFA70;B8 BC F2 37;伏魔忍鬼 カガミジシ
ai/060.bin;0xFA70;6E 42 D6 38;AI(%d) : アタック情報
ai/060.bin;0xFA70;B3 AD 45 3A;ブラスター
ai/060.bin;0xFA70;45 5D 8F 3C;黄金竜 スピアクロス・ドラゴン
ai/060.bin;0xFA70;0A E1 65 44;疾駆の黄金騎士 カンベル
ai/060.bin;0xFA70;03 D4 54 45; ヒットされない
ai/060.bin;0xFA70;2D 3A A7 45;AI(%d) : ガードステップ情報
ai/060.bin;0xFA70;2C A5 7B 4D;枚選択する必要があるが、
ai/060.bin;0xFA70;9F A5 E0 4F;ＣＥＯ アマテラス
ai/060.bin;0xFA70;3A D0 5B 51;メッチャバトラー ビクトール
ai/060.bin;0xFA70;A6 11 33 52;暗黒竜 ファントム・ブラスター “Diablo”
ai/060.bin;0xFA70;3C E0 6F 55;ドラゴニック・オーバーロード
ai/060.bin;0xFA70;DE C1 45 56;解放者
ai/060.bin;0xFA70;F7 6D 78 57;スタンプ・ラッコ
ai/060.bin;0xFA70;C5 AF 0D 60;真紅の伝承 メタトロン
ai/060.bin;0xFA70;47 87 68 63;AI(%d) : 思考時間 %.3f秒 (行動カテゴリ:%d)
ai/060.bin;0xFA70;55 C8 81 63;  完全ガード : %d/%d枚
ai/060.bin;0xFA70;42 D7 DA 63;  ガーディアン候補
ai/060.bin;0xFA70;33 8E E7 69;Duo 理想の妹 メーア
ai/060.bin;0xFA70;E8 83 60 6B;デアデビル・サムラーイ
ai/060.bin;0xFA70;4B D4 AE 6B;  合計シールド : 
ai/060.bin;0xFA70;DC 4C 2C 6E;立春の花乙姫 プリマヴェーラ
ai/060.bin;0xFA70;11 E8 1D 70;神託の女王 ヒミコ
ai/060.bin;0xFA70;E4 FB 3C 72;蒼嵐候補生 アノス
ai/060.bin;0xFA70;29 EF C2 73;  対象(%d) : %s
ai/060.bin;0xFA70;55 88 B3 75;老練の騎士 ダンヴァロ
ai/060.bin;0xFA70;7F 88 65 76;神聖魔道士 プリデリー
ai/060.bin;0xFA70;7C 3A 8B 81;解放者 バーニング・ブロー
ai/060.bin;0xFA70;DA 63 6D 85;次元ロボ ダイブレイブ
ai/060.bin;0xFA70;46 DE 4B 88;ダークメタル・ドラゴン
ai/060.bin;0xFA70;6A D5 6E 8A;カタナライザー
ai/060.bin;0xFA70;A0 D8 63 8D;大宇宙勇機 グランギャロップ
ai/060.bin;0xFA70;3A 08 A6 8E;旭光の騎士 グルグウィント
ai/060.bin;0xFA70;1F 10 24 8F;上
ai/060.bin;0xFA70;6C E6 93 8F;真黒の賢者 カロン
ai/060.bin;0xFA70;BB E2 E9 90;永劫不敗 アシュラ・カイザー
ai/060.bin;0xFA70;03 3B 3F 92;ピーピング・ラビット
ai/060.bin;0xFA70;A0 2E B1 92;朝影の騎士 キマルクス
ai/060.bin;0xFA70;E1 26 37 94;魔竜戦鬼 チャトゥラ
ai/060.bin;0xFA70;DE 12 3A 94;すれいみー
ai/060.bin;0xFA70;6A 0F 95 94;  アタッカーのパワー : %d(%d)
ai/060.bin;0xFA70;7F BB 35 95;覇天皇竜 ドラゴニック・オーバーロード “The Ace”
ai/060.bin;0xFA70;0C DD 47 9B;バトルシスター ぱるふぇ
ai/060.bin;0xFA70;1A 2D D2 9C;マイスガード フォーマルハウト
ai/060.bin;0xFA70;69 08 3B A2;蒼波竜 テトラドライブ・ドラゴン
ai/060.bin;0xFA70;F1 51 AA A2;スチームファイター バリフ
ai/060.bin;0xFA70;A4 F3 D7 A7;  アタッカーのクリティカル : %d
ai/060.bin;0xFA70;BD FD F6 A7;メチャバトラー ランボール
ai/060.bin;0xFA70;9F 77 42 AC;フレアウィップ・ドラゴン
ai/060.bin;0xFA70;39 52 E8 AF;神聖魔道士 プイス
ai/060.bin;0xFA70;39 6A 36 B5;超鋼闘機 ヘヴィデューク
ai/060.bin;0xFA70;F7 48 21 B9;ドラゴンナイト ジャラール
ai/060.bin;0xFA70;88 EF 6D BC;イニグマン・トルネード
ai/060.bin;0xFA70;ED F8 CC BD;ファイナル・レンチ
ai/060.bin;0xFA70;11 9F 48 BE;修羅忍竜 ダラニコンゴウ
ai/060.bin;0xFA70;CF AA 4F C1;煉獄竜 ドラゴニック・ネオフレイム
ai/060.bin;0xFA70;7C 17 CE C1;ラナンキュラスの花乙女 アーシャ
ai/060.bin;0xFA70;CE 2D 8D C4;遠矢の騎士 サフィール
ai/060.bin;0xFA70;15 6E A2 C8;ウィステリアナイト
ai/060.bin;0xFA70;AB 51 A7 CB;AI(%d) : レシピ (フラグ:%08x)
ai/060.bin;0xFA70;D5 BD FB CB;ファーマシー・ウィッチ
ai/060.bin;0xFA70;BA BC B0 D0;エアレイド・ライオン
ai/060.bin;0xFA70;D7 DA C1 D6;AI(%d) : 思考開始 (行動カテゴリ:%d)
ai/060.bin;0xFA70;7C 46 0A D9;忍竜 ドレッドマスター
ai/060.bin;0xFA70;C8 C4 69 D9;だんてがる
ai/060.bin;0xFA70;6B 1D DB DC;マシニング・モスキート mkⅡ
ai/060.bin;0xFA70;69 E8 61 E1;オーバーロード
ai/060.bin;0xFA70;7D 1F 65 E6;獣神 ナイトジャッカル
ai/060.bin;0xFA70;57 CD 2E E8;    
ai/060.bin;0xFA70;CC 1A C6 E8;AI未設定 : attrib = %s
ai/060.bin;0xFA70;39 17 8B F0;星空の解放者 ギネヴィア
ai/060.bin;0xFA70;4B 16 BE F0;鋭気の騎士 エクター
ai/060.bin;0xFA70;BF 43 2B F1;  アタッカー : %s
ai/060.bin;0xFA70;27 25 50 F1;ベアダウン・サムラーイ
ai/060.bin;0xFA70;FC B0 EB F6;清めの神器 ピュア・エンジェル
ai/060.bin;0xFA70;89 20 23 F8;下
ai/060.bin;0xFA70;DD 4C B3 F8;ターン開始 AI(%d)
ai/060.bin;0xFA70;B7 08 AD FD;曙光の騎士 ゴルボドゥク
ai/061.bin;0xFBB3;DC A5 CF 01;  クインテットウォール : %d/%d枚
ai/061.bin;0xFBB3;A1 DF 01 02;フレイム・オブ・ビクトリー
ai/061.bin;0xFBB3;51 5B 2F 06;ヘキサゴナル・メイガス
ai/061.bin;0xFBB3;DD 9F CC 07;蒼嵐竜 メイルストローム
ai/061.bin;0xFBB3;8D 9F AA 08;  シールドの要求値 : 
ai/061.bin;0xFBB3;76 AE E0 09;ドラゴニック・オーバーロード “The Яe-birth”
ai/061.bin;0xFBB3;02 DC 8B 0D;モーント・ブラウクリューガー
ai/061.bin;0xFBB3;B1 2D 5D 0E;  対象のパワー : %d(%d)%s
ai/061.bin;0xFBB3;24 A1 3B 11;ライジング・ライオネット
ai/061.bin;0xFBB3;CA 98 65 11;神界獣 フェンリル
ai/061.bin;0xFBB3;2F 96 22 12;ダンシング・ウルフ
ai/061.bin;0xFBB3;2F CE 1C 13;花占いの女神 サクヤ
ai/061.bin;0xFBB3;9F 3C 4E 15; + %d
ai/061.bin;0xFBB3;26 7B 30 1A;ネコ執事
ai/061.bin;0xFBB3;8D 20 89 1A;AI未設定 : %s %d
ai/061.bin;0xFBB3;49 58 50 21;次元ロボ ダイジェット
ai/061.bin;0xFBB3;8E BC BB 21;  シールドの目標値 : 
ai/061.bin;0xFBB3;50 41 74 23;希望の子 トゥルエル
ai/061.bin;0xFBB3;04 CB 10 25;暁光の騎士 イアゴー
ai/061.bin;0xFBB3;39 5F 97 27;新鋭の騎士 ダヴィド
ai/061.bin;0xFBB3;BE 51 F9 27;餓竜 バトルレックス
ai/061.bin;0xFBB3;F7 2E E0 29;～%d
ai/061.bin;0xFBB3;A6 8F 2A 2A;喧嘩屋 ファイティング・ドラコキッド
ai/061.bin;0xFBB3;44 62 0C 2D;無音の射手 コンダクタンス
ai/061.bin;0xFBB3;14 30 63 2D;!!!! AI ERROR !!!!\n  
ai/061.bin;0xFBB3;EE 81 9E 32;豪腕拿捕の巨人兵
ai/061.bin;0xFBB3;C5 4D EE 32;ブラスター・ダーク “Diablo”
ai/061.bin;0xFBB3;F1 28 16 33;枚しか選んでいない
ai/061.bin;0xFBB3;BC 1F 35 33;  ブースター : %s
ai/061.bin;0xFBB3;B8 BC F2 37;伏魔忍鬼 カガミジシ
ai/061.bin;0xFBB3;6E 42 D6 38;AI(%d) : アタック情報
ai/061.bin;0xFBB3;B3 AD 45 3A;ブラスター
ai/061.bin;0xFBB3;45 5D 8F 3C;黄金竜 スピアクロス・ドラゴン
ai/061.bin;0xFBB3;0A E1 65 44;疾駆の黄金騎士 カンベル
ai/061.bin;0xFBB3;03 D4 54 45; ヒットされない
ai/061.bin;0xFBB3;2D 3A A7 45;AI(%d) : ガードステップ情報
ai/061.bin;0xFBB3;2C A5 7B 4D;枚選択する必要があるが、
ai/061.bin;0xFBB3;9F A5 E0 4F;ＣＥＯ アマテラス
ai/061.bin;0xFBB3;3A D0 5B 51;メッチャバトラー ビクトール
ai/061.bin;0xFBB3;A6 11 33 52;暗黒竜 ファントム・ブラスター “Diablo”
ai/061.bin;0xFBB3;68 F7 F9 53;ギガンテック・リンガー
ai/061.bin;0xFBB3;3C E0 6F 55;ドラゴニック・オーバーロード
ai/061.bin;0xFBB3;DE C1 45 56;解放者
ai/061.bin;0xFBB3;F7 6D 78 57;スタンプ・ラッコ
ai/061.bin;0xFBB3;C5 AF 0D 60;真紅の伝承 メタトロン
ai/061.bin;0xFBB3;10 B7 C9 61;聖弓の奏者 ヴィヴィアン
ai/061.bin;0xFBB3;47 87 68 63;AI(%d) : 思考時間 %.3f秒 (行動カテゴリ:%d)
ai/061.bin;0xFBB3;55 C8 81 63;  完全ガード : %d/%d枚
ai/061.bin;0xFBB3;42 D7 DA 63;  ガーディアン候補
ai/061.bin;0xFBB3;33 8E E7 69;Duo 理想の妹 メーア
ai/061.bin;0xFBB3;E8 83 60 6B;デアデビル・サムラーイ
ai/061.bin;0xFBB3;4B D4 AE 6B;  合計シールド : 
ai/061.bin;0xFBB3;DC 4C 2C 6E;立春の花乙姫 プリマヴェーラ
ai/061.bin;0xFBB3;11 E8 1D 70;神託の女王 ヒミコ
ai/061.bin;0xFBB3;E4 FB 3C 72;蒼嵐候補生 アノス
ai/061.bin;0xFBB3;29 EF C2 73;  対象(%d) : %s
ai/061.bin;0xFBB3;55 88 B3 75;老練の騎士 ダンヴァロ
ai/061.bin;0xFBB3;7F 88 65 76;神聖魔道士 プリデリー
ai/061.bin;0xFBB3;7C 3A 8B 81;解放者 バーニング・ブロー
ai/061.bin;0xFBB3;DA 63 6D 85;次元ロボ ダイブレイブ
ai/061.bin;0xFBB3;46 DE 4B 88;ダークメタル・ドラゴン
ai/061.bin;0xFBB3;1F DD 57 88;黄金竜 スカージポイント・ドラゴン
ai/061.bin;0xFBB3;6A D5 6E 8A;カタナライザー
ai/061.bin;0xFBB3;A0 D8 63 8D;大宇宙勇機 グランギャロップ
ai/061.bin;0xFBB3;3A 08 A6 8E;旭光の騎士 グルグウィント
ai/061.bin;0xFBB3;1F 10 24 8F;上
ai/061.bin;0xFBB3;6C E6 93 8F;真黒の賢者 カロン
ai/061.bin;0xFBB3;BB E2 E9 90;永劫不敗 アシュラ・カイザー
ai/061.bin;0xFBB3;A0 2E B1 92;朝影の騎士 キマルクス
ai/061.bin;0xFBB3;E1 26 37 94;魔竜戦鬼 チャトゥラ
ai/061.bin;0xFBB3;DE 12 3A 94;すれいみー
ai/061.bin;0xFBB3;6A 0F 95 94;  アタッカーのパワー : %d(%d)
ai/061.bin;0xFBB3;7F BB 35 95;覇天皇竜 ドラゴニック・オーバーロード “The Ace”
ai/061.bin;0xFBB3;0C DD 47 9B;バトルシスター ぱるふぇ
ai/061.bin;0xFBB3;1A 2D D2 9C;マイスガード フォーマルハウト
ai/061.bin;0xFBB3;69 08 3B A2;蒼波竜 テトラドライブ・ドラゴン
ai/061.bin;0xFBB3;F1 51 AA A2;スチームファイター バリフ
ai/061.bin;0xFBB3;A4 F3 D7 A7;  アタッカーのクリティカル : %d
ai/061.bin;0xFBB3;BD FD F6 A7;メチャバトラー ランボール
ai/061.bin;0xFBB3;9F 77 42 AC;フレアウィップ・ドラゴン
ai/061.bin;0xFBB3;39 52 E8 AF;神聖魔道士 プイス
ai/061.bin;0xFBB3;39 6A 36 B5;超鋼闘機 ヘヴィデューク
ai/061.bin;0xFBB3;F7 48 21 B9;ドラゴンナイト ジャラール
ai/061.bin;0xFBB3;88 EF 6D BC;イニグマン・トルネード
ai/061.bin;0xFBB3;ED F8 CC BD;ファイナル・レンチ
ai/061.bin;0xFBB3;11 9F 48 BE;修羅忍竜 ダラニコンゴウ
ai/061.bin;0xFBB3;CF AA 4F C1;煉獄竜 ドラゴニック・ネオフレイム
ai/061.bin;0xFBB3;7C 17 CE C1;ラナンキュラスの花乙女 アーシャ
ai/061.bin;0xFBB3;15 6E A2 C8;ウィステリアナイト
ai/061.bin;0xFBB3;AB 51 A7 CB;AI(%d) : レシピ (フラグ:%08x)
ai/061.bin;0xFBB3;D5 BD FB CB;ファーマシー・ウィッチ
ai/061.bin;0xFBB3;BA BC B0 D0;エアレイド・ライオン
ai/061.bin;0xFBB3;D7 DA C1 D6;AI(%d) : 思考開始 (行動カテゴリ:%d)
ai/061.bin;0xFBB3;7C 46 0A D9;忍竜 ドレッドマスター
ai/061.bin;0xFBB3;6B 1D DB DC;マシニング・モスキート mkⅡ
ai/061.bin;0xFBB3;69 E8 61 E1;オーバーロード
ai/061.bin;0xFBB3;7D 1F 65 E6;獣神 ナイトジャッカル
ai/061.bin;0xFBB3;57 CD 2E E8;    
ai/061.bin;0xFBB3;CC 1A C6 E8;AI未設定 : attrib = %s
ai/061.bin;0xFBB3;39 17 8B F0;星空の解放者 ギネヴィア
ai/061.bin;0xFBB3;4B 16 BE F0;鋭気の騎士 エクター
ai/061.bin;0xFBB3;BF 43 2B F1;  アタッカー : %s
ai/061.bin;0xFBB3;27 25 50 F1;ベアダウン・サムラーイ
ai/061.bin;0xFBB3;FC B0 EB F6;清めの神器 ピュア・エンジェル
ai/061.bin;0xFBB3;89 20 23 F8;下
ai/061.bin;0xFBB3;DD 4C B3 F8;ターン開始 AI(%d)
ai/061.bin;0xFBB3;B7 08 AD FD;曙光の騎士 ゴルボドゥク
ai/062.bin;0xEF90;DC A5 CF 01;  クインテットウォール : %d/%d枚
ai/062.bin;0xEF90;51 5B 2F 06;ヘキサゴナル・メイガス
ai/062.bin;0xEF90;DD 9F CC 07;蒼嵐竜 メイルストローム
ai/062.bin;0xEF90;8D 9F AA 08;  シールドの要求値 : 
ai/062.bin;0xEF90;76 AE E0 09;ドラゴニック・オーバーロード “The Яe-birth”
ai/062.bin;0xEF90;02 DC 8B 0D;モーント・ブラウクリューガー
ai/062.bin;0xEF90;B1 2D 5D 0E;  対象のパワー : %d(%d)%s
ai/062.bin;0xEF90;24 A1 3B 11;ライジング・ライオネット
ai/062.bin;0xEF90;CA 98 65 11;神界獣 フェンリル
ai/062.bin;0xEF90;2F 96 22 12;ダンシング・ウルフ
ai/062.bin;0xEF90;2F CE 1C 13;花占いの女神 サクヤ
ai/062.bin;0xEF90;AE AA 4F 14;軌跡の解放者 アスクレピオ
ai/062.bin;0xEF90;9F 3C 4E 15; + %d
ai/062.bin;0xEF90;C6 46 1A 17;大願の解放者 エーサス
ai/062.bin;0xEF90;7E 02 6A 19;胡蝶の解放者 コルデリア
ai/062.bin;0xEF90;26 7B 30 1A;ネコ執事
ai/062.bin;0xEF90;8D 20 89 1A;AI未設定 : %s %d
ai/062.bin;0xEF90;49 58 50 21;次元ロボ ダイジェット
ai/062.bin;0xEF90;8E BC BB 21;  シールドの目標値 : 
ai/062.bin;0xEF90;50 41 74 23;希望の子 トゥルエル
ai/062.bin;0xEF90;39 5F 97 27;新鋭の騎士 ダヴィド
ai/062.bin;0xEF90;BE 51 F9 27;餓竜 バトルレックス
ai/062.bin;0xEF90;F7 2E E0 29;～%d
ai/062.bin;0xEF90;A6 8F 2A 2A;喧嘩屋 ファイティング・ドラコキッド
ai/062.bin;0xEF90;44 62 0C 2D;無音の射手 コンダクタンス
ai/062.bin;0xEF90;14 30 63 2D;!!!! AI ERROR !!!!\n  
ai/062.bin;0xEF90;EE 81 9E 32;豪腕拿捕の巨人兵
ai/062.bin;0xEF90;C5 4D EE 32;ブラスター・ダーク “Diablo”
ai/062.bin;0xEF90;F1 28 16 33;枚しか選んでいない
ai/062.bin;0xEF90;BC 1F 35 33;  ブースター : %s
ai/062.bin;0xEF90;B8 BC F2 37;伏魔忍鬼 カガミジシ
ai/062.bin;0xEF90;6E 42 D6 38;AI(%d) : アタック情報
ai/062.bin;0xEF90;B3 AD 45 3A;ブラスター
ai/062.bin;0xEF90;2A 06 71 40;夕立の解放者 トラヘルン
ai/062.bin;0xEF90;3A 25 8D 43;村雨の解放者 コイル
ai/062.bin;0xEF90;03 D4 54 45; ヒットされない
ai/062.bin;0xEF90;2D 3A A7 45;AI(%d) : ガードステップ情報
ai/062.bin;0xEF90;2C A5 7B 4D;枚選択する必要があるが、
ai/062.bin;0xEF90;A2 58 5F 4E;光陣の解放者 エルドル
ai/062.bin;0xEF90;9F A5 E0 4F;ＣＥＯ アマテラス
ai/062.bin;0xEF90;3A D0 5B 51;メッチャバトラー ビクトール
ai/062.bin;0xEF90;A6 11 33 52;暗黒竜 ファントム・ブラスター “Diablo”
ai/062.bin;0xEF90;3C E0 6F 55;ドラゴニック・オーバーロード
ai/062.bin;0xEF90;DE C1 45 56;解放者
ai/062.bin;0xEF90;F7 6D 78 57;スタンプ・ラッコ
ai/062.bin;0xEF90;E0 BF 5C 58;王道の解放者 ファロン
ai/062.bin;0xEF90;C5 AF 0D 60;真紅の伝承 メタトロン
ai/062.bin;0xEF90;47 87 68 63;AI(%d) : 思考時間 %.3f秒 (行動カテゴリ:%d)
ai/062.bin;0xEF90;55 C8 81 63;  完全ガード : %d/%d枚
ai/062.bin;0xEF90;42 D7 DA 63;  ガーディアン候補
ai/062.bin;0xEF90;3A 44 FE 65;俊英の解放者 ウォルティメール
ai/062.bin;0xEF90;33 8E E7 69;Duo 理想の妹 メーア
ai/062.bin;0xEF90;E8 83 60 6B;デアデビル・サムラーイ
ai/062.bin;0xEF90;4B D4 AE 6B;  合計シールド : 
ai/062.bin;0xEF90;DC 4C 2C 6E;立春の花乙姫 プリマヴェーラ
ai/062.bin;0xEF90;11 E8 1D 70;神託の女王 ヒミコ
ai/062.bin;0xEF90;E4 FB 3C 72;蒼嵐候補生 アノス
ai/062.bin;0xEF90;29 EF C2 73;  対象(%d) : %s
ai/062.bin;0xEF90;1D 15 1E 81;疾駆の解放者 ヨセフス
ai/062.bin;0xEF90;7C 3A 8B 81;解放者 バーニング・ブロー
ai/062.bin;0xEF90;DA 63 6D 85;次元ロボ ダイブレイブ
ai/062.bin;0xEF90;46 DE 4B 88;ダークメタル・ドラゴン
ai/062.bin;0xEF90;6A D5 6E 8A;カタナライザー
ai/062.bin;0xEF90;A0 D8 63 8D;大宇宙勇機 グランギャロップ
ai/062.bin;0xEF90;1F 10 24 8F;上
ai/062.bin;0xEF90;6C E6 93 8F;真黒の賢者 カロン
ai/062.bin;0xEF90;BB E2 E9 90;永劫不敗 アシュラ・カイザー
ai/062.bin;0xEF90;E1 26 37 94;魔竜戦鬼 チャトゥラ
ai/062.bin;0xEF90;6A 0F 95 94;  アタッカーのパワー : %d(%d)
ai/062.bin;0xEF90;7F BB 35 95;覇天皇竜 ドラゴニック・オーバーロード “The Ace”
ai/062.bin;0xEF90;0C DD 47 9B;バトルシスター ぱるふぇ
ai/062.bin;0xEF90;1A 2D D2 9C;マイスガード フォーマルハウト
ai/062.bin;0xEF90;69 08 3B A2;蒼波竜 テトラドライブ・ドラゴン
ai/062.bin;0xEF90;F1 51 AA A2;スチームファイター バリフ
ai/062.bin;0xEF90;A4 F3 D7 A7;  アタッカーのクリティカル : %d
ai/062.bin;0xEF90;BD FD F6 A7;メチャバトラー ランボール
ai/062.bin;0xEF90;9F 77 42 AC;フレアウィップ・ドラゴン
ai/062.bin;0xEF90;39 6A 36 B5;超鋼闘機 ヘヴィデューク
ai/062.bin;0xEF90;F7 48 21 B9;ドラゴンナイト ジャラール
ai/062.bin;0xEF90;93 5B F5 B9;猛撃の解放者
ai/062.bin;0xEF90;88 EF 6D BC;イニグマン・トルネード
ai/062.bin;0xEF90;ED F8 CC BD;ファイナル・レンチ
ai/062.bin;0xEF90;11 9F 48 BE;修羅忍竜 ダラニコンゴウ
ai/062.bin;0xEF90;CF AA 4F C1;煉獄竜 ドラゴニック・ネオフレイム
ai/062.bin;0xEF90;7C 17 CE C1;ラナンキュラスの花乙女 アーシャ
ai/062.bin;0xEF90;15 6E A2 C8;ウィステリアナイト
ai/062.bin;0xEF90;AB 51 A7 CB;AI(%d) : レシピ (フラグ:%08x)
ai/062.bin;0xEF90;80 87 74 D4;五月雨の解放者 ブルーノ
ai/062.bin;0xEF90;D7 DA C1 D6;AI(%d) : 思考開始 (行動カテゴリ:%d)
ai/062.bin;0xEF90;7C 46 0A D9;忍竜 ドレッドマスター
ai/062.bin;0xEF90;6B 1D DB DC;マシニング・モスキート mkⅡ
ai/062.bin;0xEF90;69 E8 61 E1;オーバーロード
ai/062.bin;0xEF90;EF 25 46 E3;解放者 ローフル・トランペッター
ai/062.bin;0xEF90;7D 1F 65 E6;獣神 ナイトジャッカル
ai/062.bin;0xEF90;57 CD 2E E8;    
ai/062.bin;0xEF90;CC 1A C6 E8;AI未設定 : attrib = %s
ai/062.bin;0xEF90;39 17 8B F0;星空の解放者 ギネヴィア
ai/062.bin;0xEF90;4B 16 BE F0;鋭気の騎士 エクター
ai/062.bin;0xEF90;BF 43 2B F1;  アタッカー : %s
ai/062.bin;0xEF90;27 25 50 F1;ベアダウン・サムラーイ
ai/062.bin;0xEF90;42 AB 0B F4;聖木の解放者 エルキア
ai/062.bin;0xEF90;FC B0 EB F6;清めの神器 ピュア・エンジェル
ai/062.bin;0xEF90;89 20 23 F8;下
ai/062.bin;0xEF90;DD 4C B3 F8;ターン開始 AI(%d)
ai/062.bin;0xEF90;4E EF 47 FF;希望の解放者 エポナ
ai/063.bin;0x103A0;DC A5 CF 01;  クインテットウォール : %d/%d枚
ai/063.bin;0x103A0;51 5B 2F 06;ヘキサゴナル・メイガス
ai/063.bin;0x103A0;DD 9F CC 07;蒼嵐竜 メイルストローム
ai/063.bin;0x103A0;8D 9F AA 08;  シールドの要求値 : 
ai/063.bin;0x103A0;76 AE E0 09;ドラゴニック・オーバーロード “The Яe-birth”
ai/063.bin;0x103A0;02 DC 8B 0D;モーント・ブラウクリューガー
ai/063.bin;0x103A0;B1 2D 5D 0E;  対象のパワー : %d(%d)%s
ai/063.bin;0x103A0;51 4C A2 10;襲撃の騎士 ボルフリー
ai/063.bin;0x103A0;24 A1 3B 11;ライジング・ライオネット
ai/063.bin;0x103A0;CA 98 65 11;神界獣 フェンリル
ai/063.bin;0x103A0;2F 96 22 12;ダンシング・ウルフ
ai/063.bin;0x103A0;2F CE 1C 13;花占いの女神 サクヤ
ai/063.bin;0x103A0;9F 3C 4E 15; + %d
ai/063.bin;0x103A0;26 7B 30 1A;ネコ執事
ai/063.bin;0x103A0;8D 20 89 1A;AI未設定 : %s %d
ai/063.bin;0x103A0;49 58 50 21;次元ロボ ダイジェット
ai/063.bin;0x103A0;8E BC BB 21;  シールドの目標値 : 
ai/063.bin;0x103A0;50 41 74 23;希望の子 トゥルエル
ai/063.bin;0x103A0;39 5F 97 27;新鋭の騎士 ダヴィド
ai/063.bin;0x103A0;BE 51 F9 27;餓竜 バトルレックス
ai/063.bin;0x103A0;F7 2E E0 29;～%d
ai/063.bin;0x103A0;A6 8F 2A 2A;喧嘩屋 ファイティング・ドラコキッド
ai/063.bin;0x103A0;3A A3 DC 2C;暗黒騎士 エヴニシェン
ai/063.bin;0x103A0;44 62 0C 2D;無音の射手 コンダクタンス
ai/063.bin;0x103A0;14 30 63 2D;!!!! AI ERROR !!!!\n  
ai/063.bin;0x103A0;EE 81 9E 32;豪腕拿捕の巨人兵
ai/063.bin;0x103A0;C5 4D EE 32;ブラスター・ダーク “Diablo”
ai/063.bin;0x103A0;F1 28 16 33;枚しか選んでいない
ai/063.bin;0x103A0;BC 1F 35 33;  ブースター : %s
ai/063.bin;0x103A0;0F 84 8F 33;月光の魔女 ヴァハ
ai/063.bin;0x103A0;B8 BC F2 37;伏魔忍鬼 カガミジシ
ai/063.bin;0x103A0;6E 42 D6 38;AI(%d) : アタック情報
ai/063.bin;0x103A0;B3 AD 45 3A;ブラスター
ai/063.bin;0x103A0;5F 07 F5 3E;選択の魔女 エリウ
ai/063.bin;0x103A0;2B 9E 47 42;秘薬の魔女 アリアンロッド
ai/063.bin;0x103A0;03 D4 54 45; ヒットされない
ai/063.bin;0x103A0;2D 3A A7 45;AI(%d) : ガードステップ情報
ai/063.bin;0x103A0;5B 8A CA 47;アビス・ヒーラー
ai/063.bin;0x103A0;2C A5 7B 4D;枚選択する必要があるが、
ai/063.bin;0x103A0;21 1D CC 4E;暴慢の騎士 ギルヴァエース
ai/063.bin;0x103A0;9F A5 E0 4F;ＣＥＯ アマテラス
ai/063.bin;0x103A0;3A D0 5B 51;メッチャバトラー ビクトール
ai/063.bin;0x103A0;A6 11 33 52;暗黒竜 ファントム・ブラスター “Diablo”
ai/063.bin;0x103A0;3C E0 6F 55;ドラゴニック・オーバーロード
ai/063.bin;0x103A0;DE C1 45 56;解放者
ai/063.bin;0x103A0;F7 6D 78 57;スタンプ・ラッコ
ai/063.bin;0x103A0;3C 63 E3 57;髑髏の魔女 ネヴァン
ai/063.bin;0x103A0;32 4C 96 58;黒翼のソードブレイカー
ai/063.bin;0x103A0;C5 AF 0D 60;真紅の伝承 メタトロン
ai/063.bin;0x103A0;47 87 68 63;AI(%d) : 思考時間 %.3f秒 (行動カテゴリ:%d)
ai/063.bin;0x103A0;55 C8 81 63;  完全ガード : %d/%d枚
ai/063.bin;0x103A0;42 D7 DA 63;  ガーディアン候補
ai/063.bin;0x103A0;33 8E E7 69;Duo 理想の妹 メーア
ai/063.bin;0x103A0;9F 38 F4 6A;跳躍の騎士 リガン・ルミナ
ai/063.bin;0x103A0;E8 83 60 6B;デアデビル・サムラーイ
ai/063.bin;0x103A0;4B D4 AE 6B;  合計シールド : 
ai/063.bin;0x103A0;DC 4C 2C 6E;立春の花乙姫 プリマヴェーラ
ai/063.bin;0x103A0;11 E8 1D 70;神託の女王 ヒミコ
ai/063.bin;0x103A0;E4 FB 3C 72;蒼嵐候補生 アノス
ai/063.bin;0x103A0;29 EF C2 73;  対象(%d) : %s
ai/063.bin;0x103A0;7C 3A 8B 81;解放者 バーニング・ブロー
ai/063.bin;0x103A0;DA 63 6D 85;次元ロボ ダイブレイブ
ai/063.bin;0x103A0;46 DE 4B 88;ダークメタル・ドラゴン
ai/063.bin;0x103A0;59 EE 0A 89;デスフェザー・イーグル
ai/063.bin;0x103A0;6A D5 6E 8A;カタナライザー
ai/063.bin;0x103A0;A0 D8 63 8D;大宇宙勇機 グランギャロップ
ai/063.bin;0x103A0;1F 10 24 8F;上
ai/063.bin;0x103A0;6C E6 93 8F;真黒の賢者 カロン
ai/063.bin;0x103A0;BB E2 E9 90;永劫不敗 アシュラ・カイザー
ai/063.bin;0x103A0;E1 26 37 94;魔竜戦鬼 チャトゥラ
ai/063.bin;0x103A0;6A 0F 95 94;  アタッカーのパワー : %d(%d)
ai/063.bin;0x103A0;7F BB 35 95;覇天皇竜 ドラゴニック・オーバーロード “The Ace”
ai/063.bin;0x103A0;0C DD 47 9B;バトルシスター ぱるふぇ
ai/063.bin;0x103A0;1A 2D D2 9C;マイスガード フォーマルハウト
ai/063.bin;0x103A0;FE FD EF 9C;漆黒の乙女 マーハ
ai/063.bin;0x103A0;69 08 3B A2;蒼波竜 テトラドライブ・ドラゴン
ai/063.bin;0x103A0;F1 51 AA A2;スチームファイター バリフ
ai/063.bin;0x103A0;5F 4A 4B A4;ナイトスカイ・イーグル
ai/063.bin;0x103A0;A4 F3 D7 A7;  アタッカーのクリティカル : %d
ai/063.bin;0x103A0;BD FD F6 A7;メチャバトラー ランボール
ai/063.bin;0x103A0;9F 77 42 AC;フレアウィップ・ドラゴン
ai/063.bin;0x103A0;A3 70 B0 B3;撃退者 ブラッドマスター
ai/063.bin;0x103A0;39 6A 36 B5;超鋼闘機 ヘヴィデューク
ai/063.bin;0x103A0;F7 48 21 B9;ドラゴンナイト ジャラール
ai/063.bin;0x103A0;88 EF 6D BC;イニグマン・トルネード
ai/063.bin;0x103A0;C7 A2 BD BC;魔界城 トートヴェヒター
ai/063.bin;0x103A0;ED F8 CC BD;ファイナル・レンチ
ai/063.bin;0x103A0;11 9F 48 BE;修羅忍竜 ダラニコンゴウ
ai/063.bin;0x103A0;CF AA 4F C1;煉獄竜 ドラゴニック・ネオフレイム
ai/063.bin;0x103A0;7C 17 CE C1;ラナンキュラスの花乙女 アーシャ
ai/063.bin;0x103A0;15 6E A2 C8;ウィステリアナイト
ai/063.bin;0x103A0;AB 51 A7 CB;AI(%d) : レシピ (フラグ:%08x)
ai/063.bin;0x103A0;A3 6A 7B CE;クリーピングダーク・ゴート
ai/063.bin;0x103A0;53 5F 5A D0;暗黒騎士 グリム・リクルーター
ai/063.bin;0x103A0;BB 9C 7F D1;荘厳の騎士 バルベリト
ai/063.bin;0x103A0;D7 DA C1 D6;AI(%d) : 思考開始 (行動カテゴリ:%d)
ai/063.bin;0x103A0;7C 46 0A D9;忍竜 ドレッドマスター
ai/063.bin;0x103A0;D8 30 A9 D9;グリム・リーパー
ai/063.bin;0x103A0;6B 1D DB DC;マシニング・モスキート mkⅡ
ai/063.bin;0x103A0;69 E8 61 E1;オーバーロード
ai/063.bin;0x103A0;7D 1F 65 E6;獣神 ナイトジャッカル
ai/063.bin;0x103A0;57 CD 2E E8;    
ai/063.bin;0x103A0;CC 1A C6 E8;AI未設定 : attrib = %s
ai/063.bin;0x103A0;58 3D 0C ED;屈強の騎士 グロヌ
ai/063.bin;0x103A0;99 BA 79 EF;カルマ・コレクター
ai/063.bin;0x103A0;39 17 8B F0;星空の解放者 ギネヴィア
ai/063.bin;0x103A0;4B 16 BE F0;鋭気の騎士 エクター
ai/063.bin;0x103A0;BF 43 2B F1;  アタッカー : %s
ai/063.bin;0x103A0;27 25 50 F1;ベアダウン・サムラーイ
ai/063.bin;0x103A0;FC B0 EB F6;清めの神器 ピュア・エンジェル
ai/063.bin;0x103A0;89 20 23 F8;下
ai/063.bin;0x103A0;DD 4C B3 F8;ターン開始 AI(%d)
ai/064.bin;0xF84B;DC A5 CF 01;  クインテットウォール : %d/%d枚
ai/064.bin;0xF84B;51 5B 2F 06;ヘキサゴナル・メイガス
ai/064.bin;0xF84B;DD 9F CC 07;蒼嵐竜 メイルストローム
ai/064.bin;0xF84B;8D 9F AA 08;  シールドの要求値 : 
ai/064.bin;0xF84B;76 AE E0 09;ドラゴニック・オーバーロード “The Яe-birth”
ai/064.bin;0xF84B;1B 7B 19 0D;真空に咲く花 コスモリース
ai/064.bin;0xF84B;02 DC 8B 0D;モーント・ブラウクリューガー
ai/064.bin;0xF84B;B1 2D 5D 0E;  対象のパワー : %d(%d)%s
ai/064.bin;0xF84B;24 A1 3B 11;ライジング・ライオネット
ai/064.bin;0xF84B;CA 98 65 11;神界獣 フェンリル
ai/064.bin;0xF84B;2F 96 22 12;ダンシング・ウルフ
ai/064.bin;0xF84B;2F CE 1C 13;花占いの女神 サクヤ
ai/064.bin;0xF84B;9F 3C 4E 15; + %d
ai/064.bin;0xF84B;26 7B 30 1A;ネコ執事
ai/064.bin;0xF84B;8D 20 89 1A;AI未設定 : %s %d
ai/064.bin;0xF84B;E9 70 59 20;星雲竜 マキシマムシール・ドラゴン
ai/064.bin;0xF84B;49 58 50 21;次元ロボ ダイジェット
ai/064.bin;0xF84B;8E BC BB 21;  シールドの目標値 : 
ai/064.bin;0xF84B;50 41 74 23;希望の子 トゥルエル
ai/064.bin;0xF84B;39 5F 97 27;新鋭の騎士 ダヴィド
ai/064.bin;0xF84B;BE 51 F9 27;餓竜 バトルレックス
ai/064.bin;0xF84B;F7 2E E0 29;～%d
ai/064.bin;0xF84B;A6 8F 2A 2A;喧嘩屋 ファイティング・ドラコキッド
ai/064.bin;0xF84B;44 62 0C 2D;無音の射手 コンダクタンス
ai/064.bin;0xF84B;14 30 63 2D;!!!! AI ERROR !!!!\n  
ai/064.bin;0xF84B;D4 0D B8 31;星輝兵 ヴァイス・ゾルダート
ai/064.bin;0xF84B;EE 81 9E 32;豪腕拿捕の巨人兵
ai/064.bin;0xF84B;C5 4D EE 32;ブラスター・ダーク “Diablo”
ai/064.bin;0xF84B;F1 28 16 33;枚しか選んでいない
ai/064.bin;0xF84B;BC 1F 35 33;  ブースター : %s
ai/064.bin;0xF84B;1C 38 B1 33;星輝兵 アポロネイル・ドラゴン
ai/064.bin;0xF84B;B8 BC F2 37;伏魔忍鬼 カガミジシ
ai/064.bin;0xF84B;6E 42 D6 38;AI(%d) : アタック情報
ai/064.bin;0xF84B;B3 AD 45 3A;ブラスター
ai/064.bin;0xF84B;79 D5 87 3C;星雲竜 ビッグクランチ・ドラゴン
ai/064.bin;0xF84B;34 F2 C1 3D;星輝兵 ダストテイル・ユニコーン
ai/064.bin;0xF84B;E4 F7 EB 3F;連戦の星輝兵 テクネチウム
ai/064.bin;0xF84B;E0 58 86 40;電離の星輝兵 ハフリウム
ai/064.bin;0xF84B;03 D4 54 45; ヒットされない
ai/064.bin;0xF84B;2D 3A A7 45;AI(%d) : ガードステップ情報
ai/064.bin;0xF84B;2C A5 7B 4D;枚選択する必要があるが、
ai/064.bin;0xF84B;9F A5 E0 4F;ＣＥＯ アマテラス
ai/064.bin;0xF84B;3A D0 5B 51;メッチャバトラー ビクトール
ai/064.bin;0xF84B;A6 11 33 52;暗黒竜 ファントム・ブラスター “Diablo”
ai/064.bin;0xF84B;90 99 1F 55;星輝兵 サテライト・ミラージュ
ai/064.bin;0xF84B;3C E0 6F 55;ドラゴニック・オーバーロード
ai/064.bin;0xF84B;DE C1 45 56;解放者
ai/064.bin;0xF84B;F7 6D 78 57;スタンプ・ラッコ
ai/064.bin;0xF84B;C5 AF 0D 60;真紅の伝承 メタトロン
ai/064.bin;0xF84B;47 87 68 63;AI(%d) : 思考時間 %.3f秒 (行動カテゴリ:%d)
ai/064.bin;0xF84B;55 C8 81 63;  完全ガード : %d/%d枚
ai/064.bin;0xF84B;42 D7 DA 63;  ガーディアン候補
ai/064.bin;0xF84B;33 8E E7 69;Duo 理想の妹 メーア
ai/064.bin;0xF84B;E8 83 60 6B;デアデビル・サムラーイ
ai/064.bin;0xF84B;4B D4 AE 6B;  合計シールド : 
ai/064.bin;0xF84B;E1 70 2F 6C;星輝兵 アストロリーパー
ai/064.bin;0xF84B;DC 4C 2C 6E;立春の花乙姫 プリマヴェーラ
ai/064.bin;0xF84B;11 E8 1D 70;神託の女王 ヒミコ
ai/064.bin;0xF84B;E4 FB 3C 72;蒼嵐候補生 アノス
ai/064.bin;0xF84B;29 EF C2 73;  対象(%d) : %s
ai/064.bin;0xF84B;A1 F9 9D 80;星輝兵 ダークゾディアック
ai/064.bin;0xF84B;7C 3A 8B 81;解放者 バーニング・ブロー
ai/064.bin;0xF84B;DA 63 6D 85;次元ロボ ダイブレイブ
ai/064.bin;0xF84B;C5 DA 22 87;回想の星輝兵 テルル
ai/064.bin;0xF84B;64 C6 E3 87;星輝兵
ai/064.bin;0xF84B;46 DE 4B 88;ダークメタル・ドラゴン
ai/064.bin;0xF84B;6A D5 6E 8A;カタナライザー
ai/064.bin;0xF84B;81 56 0D 8C;魔爪の星輝兵 ランタン
ai/064.bin;0xF84B;A0 D8 63 8D;大宇宙勇機 グランギャロップ
ai/064.bin;0xF84B;1F 10 24 8F;上
ai/064.bin;0xF84B;6C E6 93 8F;真黒の賢者 カロン
ai/064.bin;0xF84B;BB E2 E9 90;永劫不敗 アシュラ・カイザー
ai/064.bin;0xF84B;E1 26 37 94;魔竜戦鬼 チャトゥラ
ai/064.bin;0xF84B;6A 0F 95 94;  アタッカーのパワー : %d(%d)
ai/064.bin;0xF84B;7F BB 35 95;覇天皇竜 ドラゴニック・オーバーロード “The Ace”
ai/064.bin;0xF84B;0C DD 47 9B;バトルシスター ぱるふぇ
ai/064.bin;0xF84B;1A 2D D2 9C;マイスガード フォーマルハウト
ai/064.bin;0xF84B;69 08 3B A2;蒼波竜 テトラドライブ・ドラゴン
ai/064.bin;0xF84B;F1 51 AA A2;スチームファイター バリフ
ai/064.bin;0xF84B;67 D6 49 A6;星輝兵 スパークドール
ai/064.bin;0xF84B;A4 F3 D7 A7;  アタッカーのクリティカル : %d
ai/064.bin;0xF84B;BD FD F6 A7;メチャバトラー ランボール
ai/064.bin;0xF84B;9F 77 42 AC;フレアウィップ・ドラゴン
ai/064.bin;0xF84B;39 6A 36 B5;超鋼闘機 ヘヴィデューク
ai/064.bin;0xF84B;F7 48 21 B9;ドラゴンナイト ジャラール
ai/064.bin;0xF84B;8D 55 D4 B9;無双の星輝兵 ラドン
ai/064.bin;0xF84B;88 EF 6D BC;イニグマン・トルネード
ai/064.bin;0xF84B;ED F8 CC BD;ファイナル・レンチ
ai/064.bin;0xF84B;11 9F 48 BE;修羅忍竜 ダラニコンゴウ
ai/064.bin;0xF84B;CF AA 4F C1;煉獄竜 ドラゴニック・ネオフレイム
ai/064.bin;0xF84B;7C 17 CE C1;ラナンキュラスの花乙女 アーシャ
ai/064.bin;0xF84B;15 6E A2 C8;ウィステリアナイト
ai/064.bin;0xF84B;77 B6 99 CA;魔弾の星輝兵 ネオン
ai/064.bin;0xF84B;AB 51 A7 CB;AI(%d) : レシピ (フラグ:%08x)
ai/064.bin;0xF84B;D7 DA C1 D6;AI(%d) : 思考開始 (行動カテゴリ:%d)
ai/064.bin;0xF84B;7C 46 0A D9;忍竜 ドレッドマスター
ai/064.bin;0xF84B;6B 1D DB DC;マシニング・モスキート mkⅡ
ai/064.bin;0xF84B;69 E8 61 E1;オーバーロード
ai/064.bin;0xF84B;7D 1F 65 E6;獣神 ナイトジャッカル
ai/064.bin;0xF84B;57 CD 2E E8;    
ai/064.bin;0xF84B;CC 1A C6 E8;AI未設定 : attrib = %s
ai/064.bin;0xF84B;39 17 8B F0;星空の解放者 ギネヴィア
ai/064.bin;0xF84B;4B 16 BE F0;鋭気の騎士 エクター
ai/064.bin;0xF84B;BF 43 2B F1;  アタッカー : %s
ai/064.bin;0xF84B;27 25 50 F1;ベアダウン・サムラーイ
ai/064.bin;0xF84B;FC B0 EB F6;清めの神器 ピュア・エンジェル
ai/064.bin;0xF84B;89 20 23 F8;下
ai/064.bin;0xF84B;DD 4C B3 F8;ターン開始 AI(%d)
ai/065.bin;0x10C36;DC A5 CF 01;  クインテットウォール : %d/%d枚
ai/065.bin;0x10C36;51 5B 2F 06;ヘキサゴナル・メイガス
ai/065.bin;0x10C36;DD 9F CC 07;蒼嵐竜 メイルストローム
ai/065.bin;0x10C36;8D 9F AA 08;  シールドの要求値 : 
ai/065.bin;0x10C36;63 32 16 09;筋の戒め ドローミ
ai/065.bin;0x10C36;76 AE E0 09;ドラゴニック・オーバーロード “The Яe-birth”
ai/065.bin;0x10C36;02 DC 8B 0D;モーント・ブラウクリューガー
ai/065.bin;0x10C36;B1 2D 5D 0E;  対象のパワー : %d(%d)%s
ai/065.bin;0x10C36;24 A1 3B 11;ライジング・ライオネット
ai/065.bin;0x10C36;CA 98 65 11;神界獣 フェンリル
ai/065.bin;0x10C36;2F 96 22 12;ダンシング・ウルフ
ai/065.bin;0x10C36;2F CE 1C 13;花占いの女神 サクヤ
ai/065.bin;0x10C36;9F 3C 4E 15; + %d
ai/065.bin;0x10C36;26 7B 30 1A;ネコ執事
ai/065.bin;0x10C36;8D 20 89 1A;AI未設定 : %s %d
ai/065.bin;0x10C36;49 58 50 21;次元ロボ ダイジェット
ai/065.bin;0x10C36;8E BC BB 21;  シールドの目標値 : 
ai/065.bin;0x10C36;50 41 74 23;希望の子 トゥルエル
ai/065.bin;0x10C36;39 5F 97 27;新鋭の騎士 ダヴィド
ai/065.bin;0x10C36;BE 51 F9 27;餓竜 バトルレックス
ai/065.bin;0x10C36;F7 2E E0 29;～%d
ai/065.bin;0x10C36;A6 8F 2A 2A;喧嘩屋 ファイティング・ドラコキッド
ai/065.bin;0x10C36;D9 03 AB 2B;大天使 ドゥームブレイス
ai/065.bin;0x10C36;E7 24 00 2D;!!!!! soul:[%d->%d]
ai/065.bin;0x10C36;44 62 0C 2D;無音の射手 コンダクタンス
ai/065.bin;0x10C36;14 30 63 2D;!!!! AI ERROR !!!!\n  
ai/065.bin;0x10C36;68 C9 B9 31;ドリーミング・ドラゴン
ai/065.bin;0x10C36;EE 81 9E 32;豪腕拿捕の巨人兵
ai/065.bin;0x10C36;C5 4D EE 32;ブラスター・ダーク “Diablo”
ai/065.bin;0x10C36;F1 28 16 33;枚しか選んでいない
ai/065.bin;0x10C36;BC 1F 35 33;  ブースター : %s
ai/065.bin;0x10C36;B8 BC F2 37;伏魔忍鬼 カガミジシ
ai/065.bin;0x10C36;6E 42 D6 38;AI(%d) : アタック情報
ai/065.bin;0x10C36;B3 AD 45 3A;ブラスター
ai/065.bin;0x10C36;03 D4 54 45; ヒットされない
ai/065.bin;0x10C36;2D 3A A7 45;AI(%d) : ガードステップ情報
ai/065.bin;0x10C36;2C A5 7B 4D;枚選択する必要があるが、
ai/065.bin;0x10C36;CE BF 2A 4F;バンピング・バッファロー
ai/065.bin;0x10C36;9F A5 E0 4F;ＣＥＯ アマテラス
ai/065.bin;0x10C36;3A D0 5B 51;メッチャバトラー ビクトール
ai/065.bin;0x10C36;A6 11 33 52;暗黒竜 ファントム・ブラスター “Diablo”
ai/065.bin;0x10C36;2A 05 63 54;サイバー・タイガー
ai/065.bin;0x10C36;3C E0 6F 55;ドラゴニック・オーバーロード
ai/065.bin;0x10C36;DE C1 45 56;解放者
ai/065.bin;0x10C36;54 72 CC 56;青春の女神 へーベー
ai/065.bin;0x10C36;F7 6D 78 57;スタンプ・ラッコ
ai/065.bin;0x10C36;39 97 A4 57;衰微の女神 ヘル
ai/065.bin;0x10C36;C5 AF 0D 60;真紅の伝承 メタトロン
ai/065.bin;0x10C36;47 87 68 63;AI(%d) : 思考時間 %.3f秒 (行動カテゴリ:%d)
ai/065.bin;0x10C36;55 C8 81 63;  完全ガード : %d/%d枚
ai/065.bin;0x10C36;42 D7 DA 63;  ガーディアン候補
ai/065.bin;0x10C36;41 A0 DC 68;戦巫女 ククリヒメ
ai/065.bin;0x10C36;33 8E E7 69;Duo 理想の妹 メーア
ai/065.bin;0x10C36;E8 83 60 6B;デアデビル・サムラーイ
ai/065.bin;0x10C36;4B D4 AE 6B;  合計シールド : 
ai/065.bin;0x10C36;DC 4C 2C 6E;立春の花乙姫 プリマヴェーラ
ai/065.bin;0x10C36;93 94 EC 6E;神界獣 スコル
ai/065.bin;0x10C36;11 E8 1D 70;神託の女王 ヒミコ
ai/065.bin;0x10C36;E4 FB 3C 72;蒼嵐候補生 アノス
ai/065.bin;0x10C36;29 EF C2 73;  対象(%d) : %s
ai/065.bin;0x10C36;BB 1F 0F 77;竈の女神 ヘスティア
ai/065.bin;0x10C36;7C 3A 8B 81;解放者 バーニング・ブロー
ai/065.bin;0x10C36;35 9C A0 84;神界獣 ハティ
ai/065.bin;0x10C36;DA 63 6D 85;次元ロボ ダイブレイブ
ai/065.bin;0x10C36;46 DE 4B 88;ダークメタル・ドラゴン
ai/065.bin;0x10C36;6A D5 6E 8A;カタナライザー
ai/065.bin;0x10C36;57 C3 7E 8A;破壊神獣 ヴァナルガンド
ai/065.bin;0x10C36;A0 D8 63 8D;大宇宙勇機 グランギャロップ
ai/065.bin;0x10C36;1F 10 24 8F;上
ai/065.bin;0x10C36;6C E6 93 8F;真黒の賢者 カロン
ai/065.bin;0x10C36;BB E2 E9 90;永劫不敗 アシュラ・カイザー
ai/065.bin;0x10C36;E1 26 37 94;魔竜戦鬼 チャトゥラ
ai/065.bin;0x10C36;6A 0F 95 94;  アタッカーのパワー : %d(%d)
ai/065.bin;0x10C36;7F BB 35 95;覇天皇竜 ドラゴニック・オーバーロード “The Ace”
ai/065.bin;0x10C36;0C DD 47 9B;バトルシスター ぱるふぇ
ai/065.bin;0x10C36;1A 2D D2 9C;マイスガード フォーマルハウト
ai/065.bin;0x10C36;69 08 3B A2;蒼波竜 テトラドライブ・ドラゴン
ai/065.bin;0x10C36;F1 51 AA A2;スチームファイター バリフ
ai/065.bin;0x10C36;A4 F3 D7 A7;  アタッカーのクリティカル : %d
ai/065.bin;0x10C36;BD FD F6 A7;メチャバトラー ランボール
ai/065.bin;0x10C36;9F 77 42 AC;フレアウィップ・ドラゴン
ai/065.bin;0x10C36;25 95 BD AF;貪り喰うもの グレイプニル
ai/065.bin;0x10C36;39 6A 36 B5;超鋼闘機 ヘヴィデューク
ai/065.bin;0x10C36;F7 48 21 B9;ドラゴンナイト ジャラール
ai/065.bin;0x10C36;88 EF 6D BC;イニグマン・トルネード
ai/065.bin;0x10C36;ED F8 CC BD;ファイナル・レンチ
ai/065.bin;0x10C36;11 9F 48 BE;修羅忍竜 ダラニコンゴウ
ai/065.bin;0x10C36;CF AA 4F C1;煉獄竜 ドラゴニック・ネオフレイム
ai/065.bin;0x10C36;7C 17 CE C1;ラナンキュラスの花乙女 アーシャ
ai/065.bin;0x10C36;9F 2E 84 C2;フライング・ケリー
ai/065.bin;0x10C36;15 6E A2 C8;ウィステリアナイト
ai/065.bin;0x10C36;AB 51 A7 CB;AI(%d) : レシピ (フラグ:%08x)
ai/065.bin;0x10C36;6F 37 80 D0;神界蛇 ヨルムンガンド
ai/065.bin;0x10C36;D7 DA C1 D6;AI(%d) : 思考開始 (行動カテゴリ:%d)
ai/065.bin;0x10C36;7C 46 0A D9;忍竜 ドレッドマスター
ai/065.bin;0x10C36;6B 1D DB DC;マシニング・モスキート mkⅡ
ai/065.bin;0x10C36;69 E8 61 E1;オーバーロード
ai/065.bin;0x10C36;7D 1F 65 E6;獣神 ナイトジャッカル
ai/065.bin;0x10C36;57 CD 2E E8;    
ai/065.bin;0x10C36;CC 1A C6 E8;AI未設定 : attrib = %s
ai/065.bin;0x10C36;39 17 8B F0;星空の解放者 ギネヴィア
ai/065.bin;0x10C36;4B 16 BE F0;鋭気の騎士 エクター
ai/065.bin;0x10C36;BF 43 2B F1;  アタッカー : %s
ai/065.bin;0x10C36;27 25 50 F1;ベアダウン・サムラーイ
ai/065.bin;0x10C36;FC B0 EB F6;清めの神器 ピュア・エンジェル
ai/065.bin;0x10C36;89 20 23 F8;下
ai/065.bin;0x10C36;DD 4C B3 F8;ターン開始 AI(%d)
ai/065.bin;0x10C36;50 75 68 FE;革の戒め レージング
ai/066.bin;0x10E35;DC A5 CF 01;  クインテットウォール : %d/%d枚
ai/066.bin;0x10E35;51 5B 2F 06;ヘキサゴナル・メイガス
ai/066.bin;0x10E35;DD 9F CC 07;蒼嵐竜 メイルストローム
ai/066.bin;0x10E35;8D 9F AA 08;  シールドの要求値 : 
ai/066.bin;0x10E35;76 AE E0 09;ドラゴニック・オーバーロード “The Яe-birth”
ai/066.bin;0x10E35;D7 6E 06 0D;黒衣の戦慄 ガウリール
ai/066.bin;0x10E35;02 DC 8B 0D;モーント・ブラウクリューガー
ai/066.bin;0x10E35;B1 2D 5D 0E;  対象のパワー : %d(%d)%s
ai/066.bin;0x10E35;24 A1 3B 11;ライジング・ライオネット
ai/066.bin;0x10E35;CA 98 65 11;神界獣 フェンリル
ai/066.bin;0x10E35;2F 96 22 12;ダンシング・ウルフ
ai/066.bin;0x10E35;2F CE 1C 13;花占いの女神 サクヤ
ai/066.bin;0x10E35;9F 3C 4E 15; + %d
ai/066.bin;0x10E35;B5 0F B1 19;黒衣の裁断 ハールート
ai/066.bin;0x10E35;26 7B 30 1A;ネコ執事
ai/066.bin;0x10E35;8D 20 89 1A;AI未設定 : %s %d
ai/066.bin;0x10E35;49 58 50 21;次元ロボ ダイジェット
ai/066.bin;0x10E35;8E BC BB 21;  シールドの目標値 : 
ai/066.bin;0x10E35;50 41 74 23;希望の子 トゥルエル
ai/066.bin;0x10E35;39 5F 97 27;新鋭の騎士 ダヴィド
ai/066.bin;0x10E35;BE 51 F9 27;餓竜 バトルレックス
ai/066.bin;0x10E35;F7 2E E0 29;～%d
ai/066.bin;0x10E35;A6 8F 2A 2A;喧嘩屋 ファイティング・ドラコキッド
ai/066.bin;0x10E35;44 62 0C 2D;無音の射手 コンダクタンス
ai/066.bin;0x10E35;14 30 63 2D;!!!! AI ERROR !!!!\n  
ai/066.bin;0x10E35;37 89 89 31;ミリオンレイ・ペガサス
ai/066.bin;0x10E35;EE 81 9E 32;豪腕拿捕の巨人兵
ai/066.bin;0x10E35;C5 4D EE 32;ブラスター・ダーク “Diablo”
ai/066.bin;0x10E35;F1 28 16 33;枚しか選んでいない
ai/066.bin;0x10E35;BC 1F 35 33;  ブースター : %s
ai/066.bin;0x10E35;B8 BC F2 37;伏魔忍鬼 カガミジシ
ai/066.bin;0x10E35;6E 42 D6 38;AI(%d) : アタック情報
ai/066.bin;0x10E35;B3 AD 45 3A;ブラスター
ai/066.bin;0x10E35;03 D4 54 45; ヒットされない
ai/066.bin;0x10E35;2D 3A A7 45;AI(%d) : ガードステップ情報
ai/066.bin;0x10E35;74 FA 2F 49;ナース・オブ・スイートハート
ai/066.bin;0x10E35;2C A5 7B 4D;枚選択する必要があるが、
ai/066.bin;0x10E35;9F A5 E0 4F;ＣＥＯ アマテラス
ai/066.bin;0x10E35;3A D0 5B 51;メッチャバトラー ビクトール
ai/066.bin;0x10E35;A6 11 33 52;暗黒竜 ファントム・ブラスター “Diablo”
ai/066.bin;0x10E35;3C E0 6F 55;ドラゴニック・オーバーロード
ai/066.bin;0x10E35;DE C1 45 56;解放者
ai/066.bin;0x10E35;F7 6D 78 57;スタンプ・ラッコ
ai/066.bin;0x10E35;C5 AF 0D 60;真紅の伝承 メタトロン
ai/066.bin;0x10E35;89 05 87 61;ナース・オブ・デンジャーハート
ai/066.bin;0x10E35;47 87 68 63;AI(%d) : 思考時間 %.3f秒 (行動カテゴリ:%d)
ai/066.bin;0x10E35;55 C8 81 63;  完全ガード : %d/%d枚
ai/066.bin;0x10E35;42 D7 DA 63;  ガーディアン候補
ai/066.bin;0x10E35;33 8E E7 69;Duo 理想の妹 メーア
ai/066.bin;0x10E35;E8 83 60 6B;デアデビル・サムラーイ
ai/066.bin;0x10E35;4B D4 AE 6B;  合計シールド : 
ai/066.bin;0x10E35;DC 4C 2C 6E;立春の花乙姫 プリマヴェーラ
ai/066.bin;0x10E35;1C BA 63 6F;黒衣の燭光 アズライール
ai/066.bin;0x10E35;11 E8 1D 70;神託の女王 ヒミコ
ai/066.bin;0x10E35;E4 FB 3C 72;蒼嵐候補生 アノス
ai/066.bin;0x10E35;29 EF C2 73;  対象(%d) : %s
ai/066.bin;0x10E35;E0 C1 6A 7C;クリティカルヒット・エンジェル
ai/066.bin;0x10E35;7C 3A 8B 81;解放者 バーニング・ブロー
ai/066.bin;0x10E35;DA 63 6D 85;次元ロボ ダイブレイブ
ai/066.bin;0x10E35;46 DE 4B 88;ダークメタル・ドラゴン
ai/066.bin;0x10E35;6A D5 6E 8A;カタナライザー
ai/066.bin;0x10E35;A0 D8 63 8D;大宇宙勇機 グランギャロップ
ai/066.bin;0x10E35;1F 10 24 8F;上
ai/066.bin;0x10E35;6C E6 93 8F;真黒の賢者 カロン
ai/066.bin;0x10E35;BB E2 E9 90;永劫不敗 アシュラ・カイザー
ai/066.bin;0x10E35;E1 26 37 94;魔竜戦鬼 チャトゥラ
ai/066.bin;0x10E35;6A 0F 95 94;  アタッカーのパワー : %d(%d)
ai/066.bin;0x10E35;7F BB 35 95;覇天皇竜 ドラゴニック・オーバーロード “The Ace”
ai/066.bin;0x10E35;42 43 FE 9A;機動病棟 ヒーリングパレス
ai/066.bin;0x10E35;0C DD 47 9B;バトルシスター ぱるふぇ
ai/066.bin;0x10E35;1A 2D D2 9C;マイスガード フォーマルハウト
ai/066.bin;0x10E35;69 08 3B A2;蒼波竜 テトラドライブ・ドラゴン
ai/066.bin;0x10E35;F1 51 AA A2;スチームファイター バリフ
ai/066.bin;0x10E35;A4 F3 D7 A7;  アタッカーのクリティカル : %d
ai/066.bin;0x10E35;BD FD F6 A7;メチャバトラー ランボール
ai/066.bin;0x10E35;56 A7 A0 AB;黒衣の通告 ナキール
ai/066.bin;0x10E35;9F 77 42 AC;フレアウィップ・ドラゴン
ai/066.bin;0x10E35;39 6A 36 B5;超鋼闘機 ヘヴィデューク
ai/066.bin;0x10E35;F0 BC EF B8;ランペイジカート・エンジェル
ai/066.bin;0x10E35;F7 48 21 B9;ドラゴンナイト ジャラール
ai/066.bin;0x10E35;88 EF 6D BC;イニグマン・トルネード
ai/066.bin;0x10E35;ED F8 CC BD;ファイナル・レンチ
ai/066.bin;0x10E35;11 9F 48 BE;修羅忍竜 ダラニコンゴウ
ai/066.bin;0x10E35;6C 54 AA C0;聖霊熾天使 ウリエル
ai/066.bin;0x10E35;CF AA 4F C1;煉獄竜 ドラゴニック・ネオフレイム
ai/066.bin;0x10E35;7C 17 CE C1;ラナンキュラスの花乙女 アーシャ
ai/066.bin;0x10E35;15 6E A2 C8;ウィステリアナイト
ai/066.bin;0x10E35;6F 0B B2 C8;黒衣の苦難 マールート
ai/066.bin;0x10E35;48 11 DD CA;聖霊熾天使 ラファエル
ai/066.bin;0x10E35;AB 51 A7 CB;AI(%d) : レシピ (フラグ:%08x)
ai/066.bin;0x10E35;58 5D C4 CC;聖霊熾天使 ラジエル
ai/066.bin;0x10E35;D7 DA C1 D6;AI(%d) : 思考開始 (行動カテゴリ:%d)
ai/066.bin;0x10E35;7C 46 0A D9;忍竜 ドレッドマスター
ai/066.bin;0x10E35;6B 1D DB DC;マシニング・モスキート mkⅡ
ai/066.bin;0x10E35;69 E8 61 E1;オーバーロード
ai/066.bin;0x10E35;CE 58 C5 E2;サウザンドレイ・ペガサス
ai/066.bin;0x10E35;7D 1F 65 E6;獣神 ナイトジャッカル
ai/066.bin;0x10E35;57 CD 2E E8;    
ai/066.bin;0x10E35;CC 1A C6 E8;AI未設定 : attrib = %s
ai/066.bin;0x10E35;39 17 8B F0;星空の解放者 ギネヴィア
ai/066.bin;0x10E35;4B 16 BE F0;鋭気の騎士 エクター
ai/066.bin;0x10E35;BF 43 2B F1;  アタッカー : %s
ai/066.bin;0x10E35;27 25 50 F1;ベアダウン・サムラーイ
ai/066.bin;0x10E35;FC B0 EB F6;清めの神器 ピュア・エンジェル
ai/066.bin;0x10E35;89 20 23 F8;下
ai/066.bin;0x10E35;DD 4C B3 F8;ターン開始 AI(%d)
ai/066.bin;0x10E35;85 8F B9 FB;黒衣の記録 イスラフィール
ai/066.bin;0x10E35;C6 C6 CF FB;ドリームライト・ユニコーン
ai/066.bin;0x10E35;50 82 4E FD;ナース・オブ・ブロークンハート
ai/067.bin;0xFF9C;DC A5 CF 01;  クインテットウォール : %d/%d枚
ai/067.bin;0xFF9C;51 5B 2F 06;ヘキサゴナル・メイガス
ai/067.bin;0xFF9C;DD 9F CC 07;蒼嵐竜 メイルストローム
ai/067.bin;0xFF9C;8D 9F AA 08;  シールドの要求値 : 
ai/067.bin;0xFF9C;01 83 D7 08;超絃理論の愛し子
ai/067.bin;0xFF9C;76 AE E0 09;ドラゴニック・オーバーロード “The Яe-birth”
ai/067.bin;0xFF9C;1B 7B 19 0D;真空に咲く花 コスモリース
ai/067.bin;0xFF9C;02 DC 8B 0D;モーント・ブラウクリューガー
ai/067.bin;0xFF9C;B1 2D 5D 0E;  対象のパワー : %d(%d)%s
ai/067.bin;0xFF9C;24 A1 3B 11;ライジング・ライオネット
ai/067.bin;0xFF9C;CA 98 65 11;神界獣 フェンリル
ai/067.bin;0xFF9C;39 6C DC 11;綻びた世界のレディヒーラー
ai/067.bin;0xFF9C;2F 96 22 12;ダンシング・ウルフ
ai/067.bin;0xFF9C;2F CE 1C 13;花占いの女神 サクヤ
ai/067.bin;0xFF9C;9F 3C 4E 15; + %d
ai/067.bin;0xFF9C;90 92 5F 15;アスリープ・メサイア
ai/067.bin;0xFF9C;26 7B 30 1A;ネコ執事
ai/067.bin;0xFF9C;8D 20 89 1A;AI未設定 : %s %d
ai/067.bin;0xFF9C;49 58 50 21;次元ロボ ダイジェット
ai/067.bin;0xFF9C;8E BC BB 21;  シールドの目標値 : 
ai/067.bin;0xFF9C;50 41 74 23;希望の子 トゥルエル
ai/067.bin;0xFF9C;ED 56 CE 26;アステロイド・ウルフ
ai/067.bin;0xFF9C;39 5F 97 27;新鋭の騎士 ダヴィド
ai/067.bin;0xFF9C;BE 51 F9 27;餓竜 バトルレックス
ai/067.bin;0xFF9C;F7 2E E0 29;～%d
ai/067.bin;0xFF9C;A6 8F 2A 2A;喧嘩屋 ファイティング・ドラコキッド
ai/067.bin;0xFF9C;6D 17 FA 2B;創世竜 アムネスティ・メサイア
ai/067.bin;0xFF9C;44 62 0C 2D;無音の射手 コンダクタンス
ai/067.bin;0xFF9C;14 30 63 2D;!!!! AI ERROR !!!!\n  
ai/067.bin;0xFF9C;EE 81 9E 32;豪腕拿捕の巨人兵
ai/067.bin;0xFF9C;C5 4D EE 32;ブラスター・ダーク “Diablo”
ai/067.bin;0xFF9C;F1 28 16 33;枚しか選んでいない
ai/067.bin;0xFF9C;BC 1F 35 33;  ブースター : %s
ai/067.bin;0xFF9C;B8 BC F2 37;伏魔忍鬼 カガミジシ
ai/067.bin;0xFF9C;6E 42 D6 38;AI(%d) : アタック情報
ai/067.bin;0xFF9C;B3 AD 45 3A;ブラスター
ai/067.bin;0xFF9C;79 D5 87 3C;星雲竜 ビッグクランチ・ドラゴン
ai/067.bin;0xFF9C;03 D4 54 45; ヒットされない
ai/067.bin;0xFF9C;2D 3A A7 45;AI(%d) : ガードステップ情報
ai/067.bin;0xFF9C;2C A5 7B 4D;枚選択する必要があるが、
ai/067.bin;0xFF9C;9F A5 E0 4F;ＣＥＯ アマテラス
ai/067.bin;0xFF9C;3A D0 5B 51;メッチャバトラー ビクトール
ai/067.bin;0xFF9C;A6 11 33 52;暗黒竜 ファントム・ブラスター “Diablo”
ai/067.bin;0xFF9C;3C E0 6F 55;ドラゴニック・オーバーロード
ai/067.bin;0xFF9C;DE C1 45 56;解放者
ai/067.bin;0xFF9C;F7 6D 78 57;スタンプ・ラッコ
ai/067.bin;0xFF9C;C5 AF 0D 60;真紅の伝承 メタトロン
ai/067.bin;0xFF9C;47 87 68 63;AI(%d) : 思考時間 %.3f秒 (行動カテゴリ:%d)
ai/067.bin;0xFF9C;55 C8 81 63;  完全ガード : %d/%d枚
ai/067.bin;0xFF9C;42 D7 DA 63;  ガーディアン候補
ai/067.bin;0xFF9C;0B 41 AE 69;創世竜 ジャッジメント・メサイア
ai/067.bin;0xFF9C;33 8E E7 69;Duo 理想の妹 メーア
ai/067.bin;0xFF9C;E8 83 60 6B;デアデビル・サムラーイ
ai/067.bin;0xFF9C;4B D4 AE 6B;  合計シールド : 
ai/067.bin;0xFF9C;DC 4C 2C 6E;立春の花乙姫 プリマヴェーラ
ai/067.bin;0xFF9C;11 E8 1D 70;神託の女王 ヒミコ
ai/067.bin;0xFF9C;E4 FB 3C 72;蒼嵐候補生 アノス
ai/067.bin;0xFF9C;29 EF C2 73;  対象(%d) : %s
ai/067.bin;0xFF9C;CD FE 52 7B;中性子星のレディガンナー
ai/067.bin;0xFF9C;7C 3A 8B 81;解放者 バーニング・ブロー
ai/067.bin;0xFF9C;DC D3 B9 83;ネオンメサイア
ai/067.bin;0xFF9C;DA 63 6D 85;次元ロボ ダイブレイブ
ai/067.bin;0xFF9C;46 DE 4B 88;ダークメタル・ドラゴン
ai/067.bin;0xFF9C;6A D5 6E 8A;カタナライザー
ai/067.bin;0xFF9C;A0 D8 63 8D;大宇宙勇機 グランギャロップ
ai/067.bin;0xFF9C;1F 10 24 8F;上
ai/067.bin;0xFF9C;6C E6 93 8F;真黒の賢者 カロン
ai/067.bin;0xFF9C;BB E2 E9 90;永劫不敗 アシュラ・カイザー
ai/067.bin;0xFF9C;E1 26 37 94;魔竜戦鬼 チャトゥラ
ai/067.bin;0xFF9C;6A 0F 95 94;  アタッカーのパワー : %d(%d)
ai/067.bin;0xFF9C;7F BB 35 95;覇天皇竜 ドラゴニック・オーバーロード “The Ace”
ai/067.bin;0xFF9C;0C DD 47 9B;バトルシスター ぱるふぇ
ai/067.bin;0xFF9C;1A 2D D2 9C;マイスガード フォーマルハウト
ai/067.bin;0xFF9C;9F 93 18 9E;落日の刀身 ダスクブレード
ai/067.bin;0xFF9C;69 08 3B A2;蒼波竜 テトラドライブ・ドラゴン
ai/067.bin;0xFF9C;F1 51 AA A2;スチームファイター バリフ
ai/067.bin;0xFF9C;A4 F3 D7 A7;  アタッカーのクリティカル : %d
ai/067.bin;0xFF9C;BD FD F6 A7;メチャバトラー ランボール
ai/067.bin;0xFF9C;9F 77 42 AC;フレアウィップ・ドラゴン
ai/067.bin;0xFF9C;41 1F 6A AD;オルターエゴ・メサイア
ai/067.bin;0xFF9C;39 6A 36 B5;超鋼闘機 ヘヴィデューク
ai/067.bin;0xFF9C;A9 AB DC B5;震脚のパルスモンク
ai/067.bin;0xFF9C;0F 66 E6 B5;デスティニー・ディーラー
ai/067.bin;0xFF9C;9A 7A D0 B6;ダークメタル・カメレオン
ai/067.bin;0xFF9C;F7 48 21 B9;ドラゴンナイト ジャラール
ai/067.bin;0xFF9C;88 EF 6D BC;イニグマン・トルネード
ai/067.bin;0xFF9C;ED F8 CC BD;ファイナル・レンチ
ai/067.bin;0xFF9C;11 9F 48 BE;修羅忍竜 ダラニコンゴウ
ai/067.bin;0xFF9C;CF AA 4F C1;煉獄竜 ドラゴニック・ネオフレイム
ai/067.bin;0xFF9C;7C 17 CE C1;ラナンキュラスの花乙女 アーシャ
ai/067.bin;0xFF9C;4A FF A6 C4;アローザル・メサイア
ai/067.bin;0xFF9C;15 6E A2 C8;ウィステリアナイト
ai/067.bin;0xFF9C;AB 51 A7 CB;AI(%d) : レシピ (フラグ:%08x)
ai/067.bin;0xFF9C;D7 DA C1 D6;AI(%d) : 思考開始 (行動カテゴリ:%d)
ai/067.bin;0xFF9C;7C 46 0A D9;忍竜 ドレッドマスター
ai/067.bin;0xFF9C;6B 1D DB DC;マシニング・モスキート mkⅡ
ai/067.bin;0xFF9C;F6 C7 0A E1;重力井戸のレディバトラー
ai/067.bin;0xFF9C;69 E8 61 E1;オーバーロード
ai/067.bin;0xFF9C;7D 1F 65 E6;獣神 ナイトジャッカル
ai/067.bin;0xFF9C;57 CD 2E E8;    
ai/067.bin;0xFF9C;CC 1A C6 E8;AI未設定 : attrib = %s
ai/067.bin;0xFF9C;39 17 8B F0;星空の解放者 ギネヴィア
ai/067.bin;0xFF9C;4B 16 BE F0;鋭気の騎士 エクター
ai/067.bin;0xFF9C;BF 43 2B F1;  アタッカー : %s
ai/067.bin;0xFF9C;27 25 50 F1;ベアダウン・サムラーイ
ai/067.bin;0xFF9C;FC B0 EB F6;清めの神器 ピュア・エンジェル
ai/067.bin;0xFF9C;89 20 23 F8;下
ai/067.bin;0xFF9C;DD 4C B3 F8;ターン開始 AI(%d)
ai/068.bin;0x10E64;DC A5 CF 01;  クインテットウォール : %d/%d枚
ai/068.bin;0x10E64;03 A2 74 04;哀慕の騎士 ブランウェン
ai/068.bin;0x10E64;51 5B 2F 06;ヘキサゴナル・メイガス
ai/068.bin;0x10E64;DD 9F CC 07;蒼嵐竜 メイルストローム
ai/068.bin;0x10E64;8D 9F AA 08;  シールドの要求値 : 
ai/068.bin;0x10E64;A4 04 45 09;クラレットソード・ドラゴン
ai/068.bin;0x10E64;76 AE E0 09;ドラゴニック・オーバーロード “The Яe-birth”
ai/068.bin;0x10E64;02 DC 8B 0D;モーント・ブラウクリューガー
ai/068.bin;0x10E64;B1 2D 5D 0E;  対象のパワー : %d(%d)%s
ai/068.bin;0x10E64;24 A1 3B 11;ライジング・ライオネット
ai/068.bin;0x10E64;CA 98 65 11;神界獣 フェンリル
ai/068.bin;0x10E64;2F 96 22 12;ダンシング・ウルフ
ai/068.bin;0x10E64;2F CE 1C 13;花占いの女神 サクヤ
ai/068.bin;0x10E64;15 30 F0 14;覇道竜 クラレットソード・ドラゴン
ai/068.bin;0x10E64;9F 3C 4E 15; + %d
ai/068.bin;0x10E64;26 7B 30 1A;ネコ執事
ai/068.bin;0x10E64;8D 20 89 1A;AI未設定 : %s %d
ai/068.bin;0x10E64;49 58 50 21;次元ロボ ダイジェット
ai/068.bin;0x10E64;8E BC BB 21;  シールドの目標値 : 
ai/068.bin;0x10E64;50 41 74 23;希望の子 トゥルエル
ai/068.bin;0x10E64;39 5F 97 27;新鋭の騎士 ダヴィド
ai/068.bin;0x10E64;BE 51 F9 27;餓竜 バトルレックス
ai/068.bin;0x10E64;F7 2E E0 29;～%d
ai/068.bin;0x10E64;A6 8F 2A 2A;喧嘩屋 ファイティング・ドラコキッド
ai/068.bin;0x10E64;3A A3 DC 2C;暗黒騎士 エヴニシェン
ai/068.bin;0x10E64;44 62 0C 2D;無音の射手 コンダクタンス
ai/068.bin;0x10E64;14 30 63 2D;!!!! AI ERROR !!!!\n  
ai/068.bin;0x10E64;EE 81 9E 32;豪腕拿捕の巨人兵
ai/068.bin;0x10E64;C5 4D EE 32;ブラスター・ダーク “Diablo”
ai/068.bin;0x10E64;F1 28 16 33;枚しか選んでいない
ai/068.bin;0x10E64;BC 1F 35 33;  ブースター : %s
ai/068.bin;0x10E64;C0 D2 5C 33;覇道黒竜 オーラガイザー・ドラゴン
ai/068.bin;0x10E64;0F 84 8F 33;月光の魔女 ヴァハ
ai/068.bin;0x10E64;B8 BC F2 37;伏魔忍鬼 カガミジシ
ai/068.bin;0x10E64;6E 42 D6 38;AI(%d) : アタック情報
ai/068.bin;0x10E64;B3 AD 45 3A;ブラスター
ai/068.bin;0x10E64;5F 07 F5 3E;選択の魔女 エリウ
ai/068.bin;0x10E64;2B 9E 47 42;秘薬の魔女 アリアンロッド
ai/068.bin;0x10E64;03 D4 54 45; ヒットされない
ai/068.bin;0x10E64;2D 3A A7 45;AI(%d) : ガードステップ情報
ai/068.bin;0x10E64;5B 8A CA 47;アビス・ヒーラー
ai/068.bin;0x10E64;2C A5 7B 4D;枚選択する必要があるが、
ai/068.bin;0x10E64;9F A5 E0 4F;ＣＥＯ アマテラス
ai/068.bin;0x10E64;3A D0 5B 51;メッチャバトラー ビクトール
ai/068.bin;0x10E64;A6 11 33 52;暗黒竜 ファントム・ブラスター “Diablo”
ai/068.bin;0x10E64;3C E0 6F 55;ドラゴニック・オーバーロード
ai/068.bin;0x10E64;DE C1 45 56;解放者
ai/068.bin;0x10E64;F7 6D 78 57;スタンプ・ラッコ
ai/068.bin;0x10E64;3C 63 E3 57;髑髏の魔女 ネヴァン
ai/068.bin;0x10E64;32 4C 96 58;黒翼のソードブレイカー
ai/068.bin;0x10E64;C5 AF 0D 60;真紅の伝承 メタトロン
ai/068.bin;0x10E64;47 87 68 63;AI(%d) : 思考時間 %.3f秒 (行動カテゴリ:%d)
ai/068.bin;0x10E64;55 C8 81 63;  完全ガード : %d/%d枚
ai/068.bin;0x10E64;42 D7 DA 63;  ガーディアン候補
ai/068.bin;0x10E64;33 8E E7 69;Duo 理想の妹 メーア
ai/068.bin;0x10E64;7C 70 E9 6A;闇夜の乙女 マーハ
ai/068.bin;0x10E64;E8 83 60 6B;デアデビル・サムラーイ
ai/068.bin;0x10E64;4B D4 AE 6B;  合計シールド : 
ai/068.bin;0x10E64;DC 4C 2C 6E;立春の花乙姫 プリマヴェーラ
ai/068.bin;0x10E64;11 E8 1D 70;神託の女王 ヒミコ
ai/068.bin;0x10E64;E4 FB 3C 72;蒼嵐候補生 アノス
ai/068.bin;0x10E64;29 EF C2 73;  対象(%d) : %s
ai/068.bin;0x10E64;87 9E 2A 77;禁忌の魔道士 カファー
ai/068.bin;0x10E64;C6 AA E9 7C;ダーククォーツ・ドラゴン
ai/068.bin;0x10E64;7C 3A 8B 81;解放者 バーニング・ブロー
ai/068.bin;0x10E64;DA 63 6D 85;次元ロボ ダイブレイブ
ai/068.bin;0x10E64;46 DE 4B 88;ダークメタル・ドラゴン
ai/068.bin;0x10E64;59 EE 0A 89;デスフェザー・イーグル
ai/068.bin;0x10E64;6A D5 6E 8A;カタナライザー
ai/068.bin;0x10E64;A0 D8 63 8D;大宇宙勇機 グランギャロップ
ai/068.bin;0x10E64;1F 10 24 8F;上
ai/068.bin;0x10E64;6C E6 93 8F;真黒の賢者 カロン
ai/068.bin;0x10E64;BB E2 E9 90;永劫不敗 アシュラ・カイザー
ai/068.bin;0x10E64;E1 26 37 94;魔竜戦鬼 チャトゥラ
ai/068.bin;0x10E64;6A 0F 95 94;  アタッカーのパワー : %d(%d)
ai/068.bin;0x10E64;7F BB 35 95;覇天皇竜 ドラゴニック・オーバーロード “The Ace”
ai/068.bin;0x10E64;0C DD 47 9B;バトルシスター ぱるふぇ
ai/068.bin;0x10E64;1A 2D D2 9C;マイスガード フォーマルハウト
ai/068.bin;0x10E64;69 08 3B A2;蒼波竜 テトラドライブ・ドラゴン
ai/068.bin;0x10E64;F1 51 AA A2;スチームファイター バリフ
ai/068.bin;0x10E64;5F 4A 4B A4;ナイトスカイ・イーグル
ai/068.bin;0x10E64;A4 F3 D7 A7;  アタッカーのクリティカル : %d
ai/068.bin;0x10E64;BD FD F6 A7;メチャバトラー ランボール
ai/068.bin;0x10E64;9F 77 42 AC;フレアウィップ・ドラゴン
ai/068.bin;0x10E64;10 43 7B B2;ダークプライド・ドラゴン
ai/068.bin;0x10E64;A3 70 B0 B3;撃退者 ブラッドマスター
ai/068.bin;0x10E64;39 6A 36 B5;超鋼闘機 ヘヴィデューク
ai/068.bin;0x10E64;F7 48 21 B9;ドラゴンナイト ジャラール
ai/068.bin;0x10E64;88 EF 6D BC;イニグマン・トルネード
ai/068.bin;0x10E64;C7 A2 BD BC;魔界城 トートヴェヒター
ai/068.bin;0x10E64;ED F8 CC BD;ファイナル・レンチ
ai/068.bin;0x10E64;11 9F 48 BE;修羅忍竜 ダラニコンゴウ
ai/068.bin;0x10E64;1B 47 F7 BE;覇道黒竜 オーラガイザー・ダムド
ai/068.bin;0x10E64;CF AA 4F C1;煉獄竜 ドラゴニック・ネオフレイム
ai/068.bin;0x10E64;7C 17 CE C1;ラナンキュラスの花乙女 アーシャ
ai/068.bin;0x10E64;15 6E A2 C8;ウィステリアナイト
ai/068.bin;0x10E64;AB 51 A7 CB;AI(%d) : レシピ (フラグ:%08x)
ai/068.bin;0x10E64;53 5F 5A D0;暗黒騎士 グリム・リクルーター
ai/068.bin;0x10E64;D7 DA C1 D6;AI(%d) : 思考開始 (行動カテゴリ:%d)
ai/068.bin;0x10E64;7C 46 0A D9;忍竜 ドレッドマスター
ai/068.bin;0x10E64;D8 30 A9 D9;グリム・リーパー
ai/068.bin;0x10E64;6B 1D DB DC;マシニング・モスキート mkⅡ
ai/068.bin;0x10E64;69 E8 61 E1;オーバーロード
ai/068.bin;0x10E64;7D 1F 65 E6;獣神 ナイトジャッカル
ai/068.bin;0x10E64;57 CD 2E E8;    
ai/068.bin;0x10E64;CC 1A C6 E8;AI未設定 : attrib = %s
ai/068.bin;0x10E64;58 3D 0C ED;屈強の騎士 グロヌ
ai/068.bin;0x10E64;99 BA 79 EF;カルマ・コレクター
ai/068.bin;0x10E64;39 17 8B F0;星空の解放者 ギネヴィア
ai/068.bin;0x10E64;4B 16 BE F0;鋭気の騎士 エクター
ai/068.bin;0x10E64;BF 43 2B F1;  アタッカー : %s
ai/068.bin;0x10E64;27 25 50 F1;ベアダウン・サムラーイ
ai/068.bin;0x10E64;FC B0 EB F6;清めの神器 ピュア・エンジェル
ai/068.bin;0x10E64;89 20 23 F8;下
ai/068.bin;0x10E64;DD 4C B3 F8;ターン開始 AI(%d)
ai/069.bin;0x11A67;DC A5 CF 01;  クインテットウォール : %d/%d枚
ai/069.bin;0x11A67;51 5B 2F 06;ヘキサゴナル・メイガス
ai/069.bin;0x11A67;DD 9F CC 07;蒼嵐竜 メイルストローム
ai/069.bin;0x11A67;8D 9F AA 08;  シールドの要求値 : 
ai/069.bin;0x11A67;76 AE E0 09;ドラゴニック・オーバーロード “The Яe-birth”
ai/069.bin;0x11A67;02 DC 8B 0D;モーント・ブラウクリューガー
ai/069.bin;0x11A67;B1 2D 5D 0E;  対象のパワー : %d(%d)%s
ai/069.bin;0x11A67;24 A1 3B 11;ライジング・ライオネット
ai/069.bin;0x11A67;CA 98 65 11;神界獣 フェンリル
ai/069.bin;0x11A67;2F 96 22 12;ダンシング・ウルフ
ai/069.bin;0x11A67;2F CE 1C 13;花占いの女神 サクヤ
ai/069.bin;0x11A67;9F 3C 4E 15; + %d
ai/069.bin;0x11A67;69 4A D5 17;空想委員 ククリ
ai/069.bin;0x11A67;26 7B 30 1A;ネコ執事
ai/069.bin;0x11A67;8D 20 89 1A;AI未設定 : %s %d
ai/069.bin;0x11A67;49 58 50 21;次元ロボ ダイジェット
ai/069.bin;0x11A67;8E BC BB 21;  シールドの目標値 : 
ai/069.bin;0x11A67;50 41 74 23;希望の子 トゥルエル
ai/069.bin;0x11A67;39 5F 97 27;新鋭の騎士 ダヴィド
ai/069.bin;0x11A67;0C 37 E1 27;学園の綺羅星 オリヴィア
ai/069.bin;0x11A67;BE 51 F9 27;餓竜 バトルレックス
ai/069.bin;0x11A67;F7 2E E0 29;～%d
ai/069.bin;0x11A67;A6 8F 2A 2A;喧嘩屋 ファイティング・ドラコキッド
ai/069.bin;0x11A67;7B 54 88 2B;ガラスの靴の伝説 アモーリス
ai/069.bin;0x11A67;44 62 0C 2D;無音の射手 コンダクタンス
ai/069.bin;0x11A67;14 30 63 2D;!!!! AI ERROR !!!!\n  
ai/069.bin;0x11A67;EE 81 9E 32;豪腕拿捕の巨人兵
ai/069.bin;0x11A67;C5 4D EE 32;ブラスター・ダーク “Diablo”
ai/069.bin;0x11A67;F1 28 16 33;枚しか選んでいない
ai/069.bin;0x11A67;BC 1F 35 33;  ブースター : %s
ai/069.bin;0x11A67;60 75 AE 34;午後のお茶会 クーベル
ai/069.bin;0x11A67;B8 BC F2 37;伏魔忍鬼 カガミジシ
ai/069.bin;0x11A67;6E 42 D6 38;AI(%d) : アタック情報
ai/069.bin;0x11A67;B3 AD 45 3A;ブラスター
ai/069.bin;0x11A67;37 F2 01 40;憧れの煌めき スピカ
ai/069.bin;0x11A67;03 D4 54 45; ヒットされない
ai/069.bin;0x11A67;2D 3A A7 45;AI(%d) : ガードステップ情報
ai/069.bin;0x11A67;92 B0 3E 46;はじめての楽譜 アカリ
ai/069.bin;0x11A67;2C A5 7B 4D;枚選択する必要があるが、
ai/069.bin;0x11A67;9F A5 E0 4F;ＣＥＯ アマテラス
ai/069.bin;0x11A67;3A D0 5B 51;メッチャバトラー ビクトール
ai/069.bin;0x11A67;A6 11 33 52;暗黒竜 ファントム・ブラスター “Diablo”
ai/069.bin;0x11A67;9D B8 48 54;破天娘 ポプリ
ai/069.bin;0x11A67;3C E0 6F 55;ドラゴニック・オーバーロード
ai/069.bin;0x11A67;DE C1 45 56;解放者
ai/069.bin;0x11A67;F7 6D 78 57;スタンプ・ラッコ
ai/069.bin;0x11A67;C5 AF 0D 60;真紅の伝承 メタトロン
ai/069.bin;0x11A67;47 87 68 63;AI(%d) : 思考時間 %.3f秒 (行動カテゴリ:%d)
ai/069.bin;0x11A67;55 C8 81 63;  完全ガード : %d/%d枚
ai/069.bin;0x11A67;42 D7 DA 63;  ガーディアン候補
ai/069.bin;0x11A67;A3 E5 B2 64;ローリス
ai/069.bin;0x11A67;33 8E E7 69;Duo 理想の妹 メーア
ai/069.bin;0x11A67;E8 83 60 6B;デアデビル・サムラーイ
ai/069.bin;0x11A67;4B D4 AE 6B;  合計シールド : 
ai/069.bin;0x11A67;DC 4C 2C 6E;立春の花乙姫 プリマヴェーラ
ai/069.bin;0x11A67;11 E8 1D 70;神託の女王 ヒミコ
ai/069.bin;0x11A67;04 6E 2F 71;大切なフレーズ レイナ
ai/069.bin;0x11A67;E4 FB 3C 72;蒼嵐候補生 アノス
ai/069.bin;0x11A67;29 EF C2 73;  対象(%d) : %s
ai/069.bin;0x11A67;20 17 55 76;とびきりの新入生 シズク
ai/069.bin;0x11A67;3D 2F A2 76;全開アイドル ルリー
ai/069.bin;0x11A67;BB 60 28 7F;ガンスリンガースター フロリダ
ai/069.bin;0x11A67;7C 3A 8B 81;解放者 バーニング・ブロー
ai/069.bin;0x11A67;DA 63 6D 85;次元ロボ ダイブレイブ
ai/069.bin;0x11A67;9E A4 BF 86;ひたむき少女 リディ
ai/069.bin;0x11A67;46 DE 4B 88;ダークメタル・ドラゴン
ai/069.bin;0x11A67;6A D5 6E 8A;カタナライザー
ai/069.bin;0x11A67;A0 D8 63 8D;大宇宙勇機 グランギャロップ
ai/069.bin;0x11A67;1F 10 24 8F;上
ai/069.bin;0x11A67;6C E6 93 8F;真黒の賢者 カロン
ai/069.bin;0x11A67;BB E2 E9 90;永劫不敗 アシュラ・カイザー
ai/069.bin;0x11A67;E1 26 37 94;魔竜戦鬼 チャトゥラ
ai/069.bin;0x11A67;6A 0F 95 94;  アタッカーのパワー : %d(%d)
ai/069.bin;0x11A67;7F BB 35 95;覇天皇竜 ドラゴニック・オーバーロード “The Ace”
ai/069.bin;0x11A67;CC F3 EB 98;飛び出し注意 アルミン
ai/069.bin;0x11A67;0C DD 47 9B;バトルシスター ぱるふぇ
ai/069.bin;0x11A67;1A 2D D2 9C;マイスガード フォーマルハウト
ai/069.bin;0x11A67;69 08 3B A2;蒼波竜 テトラドライブ・ドラゴン
ai/069.bin;0x11A67;F1 51 AA A2;スチームファイター バリフ
ai/069.bin;0x11A67;A4 F3 D7 A7;  アタッカーのクリティカル : %d
ai/069.bin;0x11A67;BD FD F6 A7;メチャバトラー ランボール
ai/069.bin;0x11A67;9F 77 42 AC;フレアウィップ・ドラゴン
ai/069.bin;0x11A67;39 6A 36 B5;超鋼闘機 ヘヴィデューク
ai/069.bin;0x11A67;F7 48 21 B9;ドラゴンナイト ジャラール
ai/069.bin;0x11A67;88 EF 6D BC;イニグマン・トルネード
ai/069.bin;0x11A67;77 20 73 BC;高飛車見習い ヒマリ
ai/069.bin;0x11A67;ED F8 CC BD;ファイナル・レンチ
ai/069.bin;0x11A67;11 9F 48 BE;修羅忍竜 ダラニコンゴウ
ai/069.bin;0x11A67;CF AA 4F C1;煉獄竜 ドラゴニック・ネオフレイム
ai/069.bin;0x11A67;7C 17 CE C1;ラナンキュラスの花乙女 アーシャ
ai/069.bin;0x11A67;15 6E A2 C8;ウィステリアナイト
ai/069.bin;0x11A67;38 81 1D CA;がんばる才能 シャンディー
ai/069.bin;0x11A67;AB 51 A7 CB;AI(%d) : レシピ (フラグ:%08x)
ai/069.bin;0x11A67;A9 9B CF CD;未来の呼び声 ローリス
ai/069.bin;0x11A67;D7 DA C1 D6;AI(%d) : 思考開始 (行動カテゴリ:%d)
ai/069.bin;0x11A67;7C 46 0A D9;忍竜 ドレッドマスター
ai/069.bin;0x11A67;6B 1D DB DC;マシニング・モスキート mkⅡ
ai/069.bin;0x11A67;77 C2 64 E0;ハートの恋人 ペンネロッタ
ai/069.bin;0x11A67;69 E8 61 E1;オーバーロード
ai/069.bin;0x11A67;7D 1F 65 E6;獣神 ナイトジャッカル
ai/069.bin;0x11A67;57 CD 2E E8;    
ai/069.bin;0x11A67;CC 1A C6 E8;AI未設定 : attrib = %s
ai/069.bin;0x11A67;19 A0 82 E9;コミカル・レイニー
ai/069.bin;0x11A67;F0 4E EA EA;ドライブ・カルテット シュプリュ
ai/069.bin;0x11A67;39 17 8B F0;星空の解放者 ギネヴィア
ai/069.bin;0x11A67;4B 16 BE F0;鋭気の騎士 エクター
ai/069.bin;0x11A67;BF 43 2B F1;  アタッカー : %s
ai/069.bin;0x11A67;27 25 50 F1;ベアダウン・サムラーイ
ai/069.bin;0x11A67;73 CF 5C F2;ゆるふわリボン ソムニ
ai/069.bin;0x11A67;B9 07 65 F4;お散歩日和 エミリア
ai/069.bin;0x11A67;FC B0 EB F6;清めの神器 ピュア・エンジェル
ai/069.bin;0x11A67;89 20 23 F8;下
ai/069.bin;0x11A67;DD 4C B3 F8;ターン開始 AI(%d)
ai/069.bin;0x11A67;B8 25 20 FA;ドライブ・カルテット フロース
ai/070.bin;0x10FCD;DC A5 CF 01;  クインテットウォール : %d/%d枚
ai/070.bin;0x10FCD;51 5B 2F 06;ヘキサゴナル・メイガス
ai/070.bin;0x10FCD;DD 9F CC 07;蒼嵐竜 メイルストローム
ai/070.bin;0x10FCD;8D 9F AA 08;  シールドの要求値 : 
ai/070.bin;0x10FCD;76 AE E0 09;ドラゴニック・オーバーロード “The Яe-birth”
ai/070.bin;0x10FCD;EB 5F 4C 0D;天竺の忍鬼 トクベエ
ai/070.bin;0x10FCD;02 DC 8B 0D;モーント・ブラウクリューガー
ai/070.bin;0x10FCD;B1 2D 5D 0E;  対象のパワー : %d(%d)%s
ai/070.bin;0x10FCD;24 A1 3B 11;ライジング・ライオネット
ai/070.bin;0x10FCD;CA 98 65 11;神界獣 フェンリル
ai/070.bin;0x10FCD;2F 96 22 12;ダンシング・ウルフ
ai/070.bin;0x10FCD;2F CE 1C 13;花占いの女神 サクヤ
ai/070.bin;0x10FCD;9F 3C 4E 15; + %d
ai/070.bin;0x10FCD;7B 8A 90 16;忍妖 ユキヒメ
ai/070.bin;0x10FCD;26 7B 30 1A;ネコ執事
ai/070.bin;0x10FCD;8D 20 89 1A;AI未設定 : %s %d
ai/070.bin;0x10FCD;49 58 50 21;次元ロボ ダイジェット
ai/070.bin;0x10FCD;8E BC BB 21;  シールドの目標値 : 
ai/070.bin;0x10FCD;50 41 74 23;希望の子 トゥルエル
ai/070.bin;0x10FCD;39 5F 97 27;新鋭の騎士 ダヴィド
ai/070.bin;0x10FCD;BE 51 F9 27;餓竜 バトルレックス
ai/070.bin;0x10FCD;F7 2E E0 29;～%d
ai/070.bin;0x10FCD;A6 8F 2A 2A;喧嘩屋 ファイティング・ドラコキッド
ai/070.bin;0x10FCD;44 62 0C 2D;無音の射手 コンダクタンス
ai/070.bin;0x10FCD;14 30 63 2D;!!!! AI ERROR !!!!\n  
ai/070.bin;0x10FCD;EE 81 9E 32;豪腕拿捕の巨人兵
ai/070.bin;0x10FCD;C5 4D EE 32;ブラスター・ダーク “Diablo”
ai/070.bin;0x10FCD;F1 28 16 33;枚しか選んでいない
ai/070.bin;0x10FCD;BC 1F 35 33;  ブースター : %s
ai/070.bin;0x10FCD;B8 BC F2 37;伏魔忍鬼 カガミジシ
ai/070.bin;0x10FCD;6E 42 D6 38;AI(%d) : アタック情報
ai/070.bin;0x10FCD;B3 AD 45 3A;ブラスター
ai/070.bin;0x10FCD;03 D4 54 45; ヒットされない
ai/070.bin;0x10FCD;2D 3A A7 45;AI(%d) : ガードステップ情報
ai/070.bin;0x10FCD;D7 64 26 4C;忍竜 ルーンスター
ai/070.bin;0x10FCD;2C A5 7B 4D;枚選択する必要があるが、
ai/070.bin;0x10FCD;9F A5 E0 4F;ＣＥＯ アマテラス
ai/070.bin;0x10FCD;3A D0 5B 51;メッチャバトラー ビクトール
ai/070.bin;0x10FCD;A6 11 33 52;暗黒竜 ファントム・ブラスター “Diablo”
ai/070.bin;0x10FCD;CD 5A 3F 52;関門の忍鬼 アタカ
ai/070.bin;0x10FCD;3C E0 6F 55;ドラゴニック・オーバーロード
ai/070.bin;0x10FCD;DE C1 45 56;解放者
ai/070.bin;0x10FCD;F7 6D 78 57;スタンプ・ラッコ
ai/070.bin;0x10FCD;C5 AF 0D 60;真紅の伝承 メタトロン
ai/070.bin;0x10FCD;47 87 68 63;AI(%d) : 思考時間 %.3f秒 (行動カテゴリ:%d)
ai/070.bin;0x10FCD;55 C8 81 63;  完全ガード : %d/%d枚
ai/070.bin;0x10FCD;42 D7 DA 63;  ガーディアン候補
ai/070.bin;0x10FCD;33 8E E7 69;Duo 理想の妹 メーア
ai/070.bin;0x10FCD;E8 83 60 6B;デアデビル・サムラーイ
ai/070.bin;0x10FCD;4B D4 AE 6B;  合計シールド : 
ai/070.bin;0x10FCD;DC 4C 2C 6E;立春の花乙姫 プリマヴェーラ
ai/070.bin;0x10FCD;11 E8 1D 70;神託の女王 ヒミコ
ai/070.bin;0x10FCD;E4 FB 3C 72;蒼嵐候補生 アノス
ai/070.bin;0x10FCD;29 EF C2 73;  対象(%d) : %s
ai/070.bin;0x10FCD;89 90 73 7E;伏魔忍妖 ウシミツトレイン
ai/070.bin;0x10FCD;88 44 4C 7F;匕首の忍鬼 ヤイバー
ai/070.bin;0x10FCD;7C 3A 8B 81;解放者 バーニング・ブロー
ai/070.bin;0x10FCD;DA 63 6D 85;次元ロボ ダイブレイブ
ai/070.bin;0x10FCD;46 DE 4B 88;ダークメタル・ドラゴン
ai/070.bin;0x10FCD;6A D5 6E 8A;カタナライザー
ai/070.bin;0x10FCD;A0 D8 63 8D;大宇宙勇機 グランギャロップ
ai/070.bin;0x10FCD;1F 10 24 8F;上
ai/070.bin;0x10FCD;6C E6 93 8F;真黒の賢者 カロン
ai/070.bin;0x10FCD;BB E2 E9 90;永劫不敗 アシュラ・カイザー
ai/070.bin;0x10FCD;E1 26 37 94;魔竜戦鬼 チャトゥラ
ai/070.bin;0x10FCD;6A 0F 95 94;  アタッカーのパワー : %d(%d)
ai/070.bin;0x10FCD;7F BB 35 95;覇天皇竜 ドラゴニック・オーバーロード “The Ace”
ai/070.bin;0x10FCD;0C DD 47 9B;バトルシスター ぱるふぇ
ai/070.bin;0x10FCD;1A 2D D2 9C;マイスガード フォーマルハウト
ai/070.bin;0x10FCD;69 08 3B A2;蒼波竜 テトラドライブ・ドラゴン
ai/070.bin;0x10FCD;E3 AE 59 A2;忍竜 ヒデンスクロール
ai/070.bin;0x10FCD;F1 51 AA A2;スチームファイター バリフ
ai/070.bin;0x10FCD;A4 F3 D7 A7;  アタッカーのクリティカル : %d
ai/070.bin;0x10FCD;BD FD F6 A7;メチャバトラー ランボール
ai/070.bin;0x10FCD;F0 E8 EF A9;忍獣 ムーンエッジ
ai/070.bin;0x10FCD;9F 77 42 AC;フレアウィップ・ドラゴン
ai/070.bin;0x10FCD;74 BE F4 AF;忍獣 チャコールフォックス
ai/070.bin;0x10FCD;39 6A 36 B5;超鋼闘機 ヘヴィデューク
ai/070.bin;0x10FCD;F7 48 21 B9;ドラゴンナイト ジャラール
ai/070.bin;0x10FCD;88 EF 6D BC;イニグマン・トルネード
ai/070.bin;0x10FCD;D6 92 89 BD;看破の忍鬼 ヤスイエ
ai/070.bin;0x10FCD;ED F8 CC BD;ファイナル・レンチ
ai/070.bin;0x10FCD;11 9F 48 BE;修羅忍竜 ダラニコンゴウ
ai/070.bin;0x10FCD;CF AA 4F C1;煉獄竜 ドラゴニック・ネオフレイム
ai/070.bin;0x10FCD;7C 17 CE C1;ラナンキュラスの花乙女 アーシャ
ai/070.bin;0x10FCD;41 0B 24 C2;忍獣 ホワイトへロン
ai/070.bin;0x10FCD;69 F6 9E C6;伏魔忍竜 ホムラレイダー
ai/070.bin;0x10FCD;15 6E A2 C8;ウィステリアナイト
ai/070.bin;0x10FCD;AB 51 A7 CB;AI(%d) : レシピ (フラグ:%08x)
ai/070.bin;0x10FCD;99 5E 5C CF;忍妖 ニュードークラウド
ai/070.bin;0x10FCD;D7 DA C1 D6;AI(%d) : 思考開始 (行動カテゴリ:%d)
ai/070.bin;0x10FCD;7C 46 0A D9;忍竜 ドレッドマスター
ai/070.bin;0x10FCD;6B 1D DB DC;マシニング・モスキート mkⅡ
ai/070.bin;0x10FCD;69 E8 61 E1;オーバーロード
ai/070.bin;0x10FCD;7D 1F 65 E6;獣神 ナイトジャッカル
ai/070.bin;0x10FCD;27 FD B1 E6;花笠の忍鬼 フジノ
ai/070.bin;0x10FCD;57 CD 2E E8;    
ai/070.bin;0x10FCD;CC 1A C6 E8;AI未設定 : attrib = %s
ai/070.bin;0x10FCD;39 17 8B F0;星空の解放者 ギネヴィア
ai/070.bin;0x10FCD;4B 16 BE F0;鋭気の騎士 エクター
ai/070.bin;0x10FCD;BF 43 2B F1;  アタッカー : %s
ai/070.bin;0x10FCD;27 25 50 F1;ベアダウン・サムラーイ
ai/070.bin;0x10FCD;FC B0 EB F6;清めの神器 ピュア・エンジェル
ai/070.bin;0x10FCD;89 20 23 F8;下
ai/070.bin;0x10FCD;DD 4C B3 F8;ターン開始 AI(%d)
ai/070.bin;0x10FCD;8F EF FD FA;鎖鎌の忍鬼 オニフンドウ
ai/071.bin;0x1050C;34 53 5F 00;湖の巫女 リアン
ai/071.bin;0x1050C;DC A5 CF 01;  クインテットウォール : %d/%d枚
ai/071.bin;0x1050C;CE A0 AE 04;ホーリーナイト・ガーディアン
ai/071.bin;0x1050C;51 5B 2F 06;ヘキサゴナル・メイガス
ai/071.bin;0x1050C;DD 9F CC 07;蒼嵐竜 メイルストローム
ai/071.bin;0x1050C;8D 9F AA 08;  シールドの要求値 : 
ai/071.bin;0x1050C;76 AE E0 09;ドラゴニック・オーバーロード “The Яe-birth”
ai/071.bin;0x1050C;02 DC 8B 0D;モーント・ブラウクリューガー
ai/071.bin;0x1050C;B1 2D 5D 0E;  対象のパワー : %d(%d)%s
ai/071.bin;0x1050C;24 A1 3B 11;ライジング・ライオネット
ai/071.bin;0x1050C;CA 98 65 11;神界獣 フェンリル
ai/071.bin;0x1050C;2F 96 22 12;ダンシング・ウルフ
ai/071.bin;0x1050C;2F CE 1C 13;花占いの女神 サクヤ
ai/071.bin;0x1050C;9F 3C 4E 15; + %d
ai/071.bin;0x1050C;26 7B 30 1A;ネコ執事
ai/071.bin;0x1050C;8D 20 89 1A;AI未設定 : %s %d
ai/071.bin;0x1050C;C0 17 EB 1D;マジェスティ・ロードブラスター
ai/071.bin;0x1050C;49 58 50 21;次元ロボ ダイジェット
ai/071.bin;0x1050C;8E BC BB 21;  シールドの目標値 : 
ai/071.bin;0x1050C;00 8C ED 21;みるびる
ai/071.bin;0x1050C;50 41 74 23;希望の子 トゥルエル
ai/071.bin;0x1050C;39 5F 97 27;新鋭の騎士 ダヴィド
ai/071.bin;0x1050C;BE 51 F9 27;餓竜 バトルレックス
ai/071.bin;0x1050C;F7 2E E0 29;～%d
ai/071.bin;0x1050C;A6 8F 2A 2A;喧嘩屋 ファイティング・ドラコキッド
ai/071.bin;0x1050C;CC 14 9E 2B;世界樹の巫女 エレイン
ai/071.bin;0x1050C;44 62 0C 2D;無音の射手 コンダクタンス
ai/071.bin;0x1050C;14 30 63 2D;!!!! AI ERROR !!!!\n  
ai/071.bin;0x1050C;EE 81 9E 32;豪腕拿捕の巨人兵
ai/071.bin;0x1050C;C5 4D EE 32;ブラスター・ダーク “Diablo”
ai/071.bin;0x1050C;F1 28 16 33;枚しか選んでいない
ai/071.bin;0x1050C;BC 1F 35 33;  ブースター : %s
ai/071.bin;0x1050C;63 BD 80 33;ナイト・オブ・ツインソード
ai/071.bin;0x1050C;B8 BC F2 37;伏魔忍鬼 カガミジシ
ai/071.bin;0x1050C;6E 42 D6 38;AI(%d) : アタック情報
ai/071.bin;0x1050C;B3 AD 45 3A;ブラスター
ai/071.bin;0x1050C;D7 5E 7B 43;[%d]=%d(%d)
ai/071.bin;0x1050C;03 D4 54 45; ヒットされない
ai/071.bin;0x1050C;2D 3A A7 45;AI(%d) : ガードステップ情報
ai/071.bin;0x1050C;2C A5 7B 4D;枚選択する必要があるが、
ai/071.bin;0x1050C;9F A5 E0 4F;ＣＥＯ アマテラス
ai/071.bin;0x1050C;3A D0 5B 51;メッチャバトラー ビクトール
ai/071.bin;0x1050C;A6 11 33 52;暗黒竜 ファントム・ブラスター “Diablo”
ai/071.bin;0x1050C;3C E0 6F 55;ドラゴニック・オーバーロード
ai/071.bin;0x1050C;DE C1 45 56;解放者
ai/071.bin;0x1050C;F7 6D 78 57;スタンプ・ラッコ
ai/071.bin;0x1050C;B0 93 08 5A;月桂の騎士 シシルス
ai/071.bin;0x1050C;C5 AF 0D 60;真紅の伝承 メタトロン
ai/071.bin;0x1050C;75 87 53 62;変革の騎士 ラディナス
ai/071.bin;0x1050C;47 87 68 63;AI(%d) : 思考時間 %.3f秒 (行動カテゴリ:%d)
ai/071.bin;0x1050C;55 C8 81 63;  完全ガード : %d/%d枚
ai/071.bin;0x1050C;42 D7 DA 63;  ガーディアン候補
ai/071.bin;0x1050C;33 8E E7 69;Duo 理想の妹 メーア
ai/071.bin;0x1050C;E8 83 60 6B;デアデビル・サムラーイ
ai/071.bin;0x1050C;4B D4 AE 6B;  合計シールド : 
ai/071.bin;0x1050C;DC 4C 2C 6E;立春の花乙姫 プリマヴェーラ
ai/071.bin;0x1050C;11 E8 1D 70;神託の女王 ヒミコ
ai/071.bin;0x1050C;E4 FB 3C 72;蒼嵐候補生 アノス
ai/071.bin;0x1050C;29 EF C2 73;  対象(%d) : %s
ai/071.bin;0x1050C;5A 1C 38 7C;宝石騎士 ぷりずみー
ai/071.bin;0x1050C;7C 3A 8B 81;解放者 バーニング・ブロー
ai/071.bin;0x1050C;E1 95 2F 85;聖棍の探索者 オクタウィウス
ai/071.bin;0x1050C;DA 63 6D 85;次元ロボ ダイブレイブ
ai/071.bin;0x1050C;68 C9 7B 87;バーニングメイン・ライオン
ai/071.bin;0x1050C;46 DE 4B 88;ダークメタル・ドラゴン
ai/071.bin;0x1050C;6A D5 6E 8A;カタナライザー
ai/071.bin;0x1050C;A0 D8 63 8D;大宇宙勇機 グランギャロップ
ai/071.bin;0x1050C;1F 10 24 8F;上
ai/071.bin;0x1050C;6C E6 93 8F;真黒の賢者 カロン
ai/071.bin;0x1050C;BB E2 E9 90;永劫不敗 アシュラ・カイザー
ai/071.bin;0x1050C;E1 26 37 94;魔竜戦鬼 チャトゥラ
ai/071.bin;0x1050C;6A 0F 95 94;  アタッカーのパワー : %d(%d)
ai/071.bin;0x1050C;7F BB 35 95;覇天皇竜 ドラゴニック・オーバーロード “The Ace”
ai/071.bin;0x1050C;5D 10 30 98;朧の聖騎士 ガブレード
ai/071.bin;0x1050C;0C DD 47 9B;バトルシスター ぱるふぇ
ai/071.bin;0x1050C;1A 2D D2 9C;マイスガード フォーマルハウト
ai/071.bin;0x1050C;69 08 3B A2;蒼波竜 テトラドライブ・ドラゴン
ai/071.bin;0x1050C;F1 51 AA A2;スチームファイター バリフ
ai/071.bin;0x1050C;A4 F3 D7 A7;  アタッカーのクリティカル : %d
ai/071.bin;0x1050C;BD FD F6 A7;メチャバトラー ランボール
ai/071.bin;0x1050C;9F 77 42 AC;フレアウィップ・ドラゴン
ai/071.bin;0x1050C;D6 07 EE B2;アラバスター・オウル
ai/071.bin;0x1050C;B0 9F 37 B3;ういんがる・ぶれいぶ
ai/071.bin;0x1050C;39 6A 36 B5;超鋼闘機 ヘヴィデューク
ai/071.bin;0x1050C;F7 48 21 B9;ドラゴンナイト ジャラール
ai/071.bin;0x1050C;88 EF 6D BC;イニグマン・トルネード
ai/071.bin;0x1050C;ED F8 CC BD;ファイナル・レンチ
ai/071.bin;0x1050C;11 9F 48 BE;修羅忍竜 ダラニコンゴウ
ai/071.bin;0x1050C;CF AA 4F C1;煉獄竜 ドラゴニック・ネオフレイム
ai/071.bin;0x1050C;7C 17 CE C1;ラナンキュラスの花乙女 アーシャ
ai/071.bin;0x1050C;15 6E A2 C8;ウィステリアナイト
ai/071.bin;0x1050C;AB 51 A7 CB;AI(%d) : レシピ (フラグ:%08x)
ai/071.bin;0x1050C;B0 72 E5 CB;ブラスター・ブレード
ai/071.bin;0x1050C;28 B2 BB CC;友誼の騎士 ケイ
ai/071.bin;0x1050C;DD 62 D5 D0;神聖竜 レリジャス・ソウルセイバー
ai/071.bin;0x1050C;DE 40 E0 D2;爆炎の剣士 バロミデス
ai/071.bin;0x1050C;D7 DA C1 D6;AI(%d) : 思考開始 (行動カテゴリ:%d)
ai/071.bin;0x1050C;7C 46 0A D9;忍竜 ドレッドマスター
ai/071.bin;0x1050C;E2 CC 7C D9;エクスカルペイト・ザ・ブラスター
ai/071.bin;0x1050C;6B 1D DB DC;マシニング・モスキート mkⅡ
ai/071.bin;0x1050C;5B A5 58 DE;ブラスター・ダーク
ai/071.bin;0x1050C;AD 32 FC DF;光の剣士 ブラスター・レイピア ローラ
ai/071.bin;0x1050C;69 E8 61 E1;オーバーロード
ai/071.bin;0x1050C;7D 1F 65 E6;獣神 ナイトジャッカル
ai/071.bin;0x1050C;57 CD 2E E8;    
ai/071.bin;0x1050C;CC 1A C6 E8;AI未設定 : attrib = %s
ai/071.bin;0x1050C;83 A0 BD E9;ぐりんがる・探索者
ai/071.bin;0x1050C;39 17 8B F0;星空の解放者 ギネヴィア
ai/071.bin;0x1050C;4B 16 BE F0;鋭気の騎士 エクター
ai/071.bin;0x1050C;BF 43 2B F1;  アタッカー : %s
ai/071.bin;0x1050C;27 25 50 F1;ベアダウン・サムラーイ
ai/071.bin;0x1050C;FC B0 EB F6;清めの神器 ピュア・エンジェル
ai/071.bin;0x1050C;89 20 23 F8;下
ai/071.bin;0x1050C;DD 4C B3 F8;ターン開始 AI(%d)
ai/071.bin;0x1050C;97 B0 A0 FB;幸運の運び手 エポナ
ai/072.bin;0x1039C;34 53 5F 00;湖の巫女 リアン
ai/072.bin;0x1039C;DC A5 CF 01;  クインテットウォール : %d/%d枚
ai/072.bin;0x1039C;51 5B 2F 06;ヘキサゴナル・メイガス
ai/072.bin;0x1039C;DD 9F CC 07;蒼嵐竜 メイルストローム
ai/072.bin;0x1039C;8D 9F AA 08;  シールドの要求値 : 
ai/072.bin;0x1039C;76 AE E0 09;ドラゴニック・オーバーロード “The Яe-birth”
ai/072.bin;0x1039C;02 DC 8B 0D;モーント・ブラウクリューガー
ai/072.bin;0x1039C;B1 2D 5D 0E;  対象のパワー : %d(%d)%s
ai/072.bin;0x1039C;24 A1 3B 11;ライジング・ライオネット
ai/072.bin;0x1039C;CA 98 65 11;神界獣 フェンリル
ai/072.bin;0x1039C;2F 96 22 12;ダンシング・ウルフ
ai/072.bin;0x1039C;2F CE 1C 13;花占いの女神 サクヤ
ai/072.bin;0x1039C;9F 3C 4E 15; + %d
ai/072.bin;0x1039C;26 7B 30 1A;ネコ執事
ai/072.bin;0x1039C;8D 20 89 1A;AI未設定 : %s %d
ai/072.bin;0x1039C;C0 17 EB 1D;マジェスティ・ロードブラスター
ai/072.bin;0x1039C;49 58 50 21;次元ロボ ダイジェット
ai/072.bin;0x1039C;8E BC BB 21;  シールドの目標値 : 
ai/072.bin;0x1039C;00 8C ED 21;みるびる
ai/072.bin;0x1039C;50 41 74 23;希望の子 トゥルエル
ai/072.bin;0x1039C;39 5F 97 27;新鋭の騎士 ダヴィド
ai/072.bin;0x1039C;BE 51 F9 27;餓竜 バトルレックス
ai/072.bin;0x1039C;F7 2E E0 29;～%d
ai/072.bin;0x1039C;A6 8F 2A 2A;喧嘩屋 ファイティング・ドラコキッド
ai/072.bin;0x1039C;FA CE 49 2C;撞着の大賢者 ジーロン
ai/072.bin;0x1039C;44 62 0C 2D;無音の射手 コンダクタンス
ai/072.bin;0x1039C;14 30 63 2D;!!!! AI ERROR !!!!\n  
ai/072.bin;0x1039C;EE 81 9E 32;豪腕拿捕の巨人兵
ai/072.bin;0x1039C;C5 4D EE 32;ブラスター・ダーク “Diablo”
ai/072.bin;0x1039C;F1 28 16 33;枚しか選んでいない
ai/072.bin;0x1039C;BC 1F 35 33;  ブースター : %s
ai/072.bin;0x1039C;34 D9 B6 34;護法の探索者 シロン
ai/072.bin;0x1039C;B8 BC F2 37;伏魔忍鬼 カガミジシ
ai/072.bin;0x1039C;6E 42 D6 38;AI(%d) : アタック情報
ai/072.bin;0x1039C;94 C9 59 39;光源の探索者 アルフレッド・エクシヴ
ai/072.bin;0x1039C;B3 AD 45 3A;ブラスター
ai/072.bin;0x1039C;03 D4 54 45; ヒットされない
ai/072.bin;0x1039C;2D 3A A7 45;AI(%d) : ガードステップ情報
ai/072.bin;0x1039C;2F 09 28 49;探索者 ブーケパロス
ai/072.bin;0x1039C;6C 8C 8A 49;ブラスター・ブレード・探索者
ai/072.bin;0x1039C;2C A5 7B 4D;枚選択する必要があるが、
ai/072.bin;0x1039C;9F A5 E0 4F;ＣＥＯ アマテラス
ai/072.bin;0x1039C;3A D0 5B 51;メッチャバトラー ビクトール
ai/072.bin;0x1039C;A6 11 33 52;暗黒竜 ファントム・ブラスター “Diablo”
ai/072.bin;0x1039C;3C E0 6F 55;ドラゴニック・オーバーロード
ai/072.bin;0x1039C;DE C1 45 56;解放者
ai/072.bin;0x1039C;F7 6D 78 57;スタンプ・ラッコ
ai/072.bin;0x1039C;C5 AF 0D 60;真紅の伝承 メタトロン
ai/072.bin;0x1039C;75 87 53 62;変革の騎士 ラディナス
ai/072.bin;0x1039C;47 87 68 63;AI(%d) : 思考時間 %.3f秒 (行動カテゴリ:%d)
ai/072.bin;0x1039C;55 C8 81 63;  完全ガード : %d/%d枚
ai/072.bin;0x1039C;42 D7 DA 63;  ガーディアン候補
ai/072.bin;0x1039C;57 30 E6 67;奮起の探索者 アレミール
ai/072.bin;0x1039C;78 94 EC 68;探索者 プラウドロアー・ライオン
ai/072.bin;0x1039C;33 8E E7 69;Duo 理想の妹 メーア
ai/072.bin;0x1039C;E8 83 60 6B;デアデビル・サムラーイ
ai/072.bin;0x1039C;4B D4 AE 6B;  合計シールド : 
ai/072.bin;0x1039C;3A 71 C5 6D;誠実の探索者 シンリック
ai/072.bin;0x1039C;DC 4C 2C 6E;立春の花乙姫 プリマヴェーラ
ai/072.bin;0x1039C;11 E8 1D 70;神託の女王 ヒミコ
ai/072.bin;0x1039C;E4 FB 3C 72;蒼嵐候補生 アノス
ai/072.bin;0x1039C;29 EF C2 73;  対象(%d) : %s
ai/072.bin;0x1039C;0B 8B F6 76;探索者 ハロウドブレス・ドラゴン
ai/072.bin;0x1039C;5A 1C 38 7C;宝石騎士 ぷりずみー
ai/072.bin;0x1039C;66 F5 8C 7E;必殺の探索者 モドロン
ai/072.bin;0x1039C;7C 3A 8B 81;解放者 バーニング・ブロー
ai/072.bin;0x1039C;E1 95 2F 85;聖棍の探索者 オクタウィウス
ai/072.bin;0x1039C;DA 63 6D 85;次元ロボ ダイブレイブ
ai/072.bin;0x1039C;46 DE 4B 88;ダークメタル・ドラゴン
ai/072.bin;0x1039C;6A D5 6E 8A;カタナライザー
ai/072.bin;0x1039C;A0 D8 63 8D;大宇宙勇機 グランギャロップ
ai/072.bin;0x1039C;1F 10 24 8F;上
ai/072.bin;0x1039C;6C E6 93 8F;真黒の賢者 カロン
ai/072.bin;0x1039C;BB E2 E9 90;永劫不敗 アシュラ・カイザー
ai/072.bin;0x1039C;E1 26 37 94;魔竜戦鬼 チャトゥラ
ai/072.bin;0x1039C;6A 0F 95 94;  アタッカーのパワー : %d(%d)
ai/072.bin;0x1039C;7F BB 35 95;覇天皇竜 ドラゴニック・オーバーロード “The Ace”
ai/072.bin;0x1039C;0C DD 47 9B;バトルシスター ぱるふぇ
ai/072.bin;0x1039C;1A 2D D2 9C;マイスガード フォーマルハウト
ai/072.bin;0x1039C;69 08 3B A2;蒼波竜 テトラドライブ・ドラゴン
ai/072.bin;0x1039C;F1 51 AA A2;スチームファイター バリフ
ai/072.bin;0x1039C;A4 F3 D7 A7;  アタッカーのクリティカル : %d
ai/072.bin;0x1039C;BD FD F6 A7;メチャバトラー ランボール
ai/072.bin;0x1039C;B5 06 DA AA;探索者 シングセイバー・ドラゴン
ai/072.bin;0x1039C;9F 77 42 AC;フレアウィップ・ドラゴン
ai/072.bin;0x1039C;B0 9F 37 B3;ういんがる・ぶれいぶ
ai/072.bin;0x1039C;39 6A 36 B5;超鋼闘機 ヘヴィデューク
ai/072.bin;0x1039C;F7 48 21 B9;ドラゴンナイト ジャラール
ai/072.bin;0x1039C;88 EF 6D BC;イニグマン・トルネード
ai/072.bin;0x1039C;ED F8 CC BD;ファイナル・レンチ
ai/072.bin;0x1039C;11 9F 48 BE;修羅忍竜 ダラニコンゴウ
ai/072.bin;0x1039C;CF AA 4F C1;煉獄竜 ドラゴニック・ネオフレイム
ai/072.bin;0x1039C;A9 82 82 C1;ぶらぼがる・探索者
ai/072.bin;0x1039C;7C 17 CE C1;ラナンキュラスの花乙女 アーシャ
ai/072.bin;0x1039C;15 6E A2 C8;ウィステリアナイト
ai/072.bin;0x1039C;AB 51 A7 CB;AI(%d) : レシピ (フラグ:%08x)
ai/072.bin;0x1039C;03 7C 9B CE;探索者
ai/072.bin;0x1039C;DD 62 D5 D0;神聖竜 レリジャス・ソウルセイバー
ai/072.bin;0x1039C;D7 DA C1 D6;AI(%d) : 思考開始 (行動カテゴリ:%d)
ai/072.bin;0x1039C;7C 46 0A D9;忍竜 ドレッドマスター
ai/072.bin;0x1039C;E2 CC 7C D9;エクスカルペイト・ザ・ブラスター
ai/072.bin;0x1039C;8F 8C AF DC;探索者 ラヴィングヒーラー
ai/072.bin;0x1039C;6B 1D DB DC;マシニング・モスキート mkⅡ
ai/072.bin;0x1039C;69 E8 61 E1;オーバーロード
ai/072.bin;0x1039C;1D E6 05 E5;協約の探索者 メンプリウス
ai/072.bin;0x1039C;7D 1F 65 E6;獣神 ナイトジャッカル
ai/072.bin;0x1039C;57 CD 2E E8;    
ai/072.bin;0x1039C;CC 1A C6 E8;AI未設定 : attrib = %s
ai/072.bin;0x1039C;83 A0 BD E9;ぐりんがる・探索者
ai/072.bin;0x1039C;39 17 8B F0;星空の解放者 ギネヴィア
ai/072.bin;0x1039C;4B 16 BE F0;鋭気の騎士 エクター
ai/072.bin;0x1039C;BF 43 2B F1;  アタッカー : %s
ai/072.bin;0x1039C;27 25 50 F1;ベアダウン・サムラーイ
ai/072.bin;0x1039C;FC B0 EB F6;清めの神器 ピュア・エンジェル
ai/072.bin;0x1039C;89 20 23 F8;下
ai/072.bin;0x1039C;DD 4C B3 F8;ターン開始 AI(%d)
ai/073.bin;0xF435;3F BF 4A 01;抹消者 イエロージェム・カーバンクル
ai/073.bin;0xF435;DC A5 CF 01;  クインテットウォール : %d/%d枚
ai/073.bin;0xF435;FF BD 31 02;抹消者 サンダーブーム・ドラゴン
ai/073.bin;0xF435;51 5B 2F 06;ヘキサゴナル・メイガス
ai/073.bin;0xF435;DD 9F CC 07;蒼嵐竜 メイルストローム
ai/073.bin;0xF435;8D 9F AA 08;  シールドの要求値 : 
ai/073.bin;0xF435;76 AE E0 09;ドラゴニック・オーバーロード “The Яe-birth”
ai/073.bin;0xF435;02 DC 8B 0D;モーント・ブラウクリューガー
ai/073.bin;0xF435;B1 2D 5D 0E;  対象のパワー : %d(%d)%s
ai/073.bin;0xF435;24 A1 3B 11;ライジング・ライオネット
ai/073.bin;0xF435;CA 98 65 11;神界獣 フェンリル
ai/073.bin;0xF435;2F 96 22 12;ダンシング・ウルフ
ai/073.bin;0xF435;2F CE 1C 13;花占いの女神 サクヤ
ai/073.bin;0xF435;9F 3C 4E 15; + %d
ai/073.bin;0xF435;26 7B 30 1A;ネコ執事
ai/073.bin;0xF435;8D 20 89 1A;AI未設定 : %s %d
ai/073.bin;0xF435;BA E1 77 1C;雷龍騎士 ゾラス
ai/073.bin;0xF435;49 58 50 21;次元ロボ ダイジェット
ai/073.bin;0xF435;8E BC BB 21;  シールドの目標値 : 
ai/073.bin;0xF435;50 41 74 23;希望の子 トゥルエル
ai/073.bin;0xF435;39 5F 97 27;新鋭の騎士 ダヴィド
ai/073.bin;0xF435;BE 51 F9 27;餓竜 バトルレックス
ai/073.bin;0xF435;F7 2E E0 29;～%d
ai/073.bin;0xF435;A6 8F 2A 2A;喧嘩屋 ファイティング・ドラコキッド
ai/073.bin;0xF435;44 62 0C 2D;無音の射手 コンダクタンス
ai/073.bin;0xF435;14 30 63 2D;!!!! AI ERROR !!!!\n  
ai/073.bin;0xF435;EE 81 9E 32;豪腕拿捕の巨人兵
ai/073.bin;0xF435;C5 4D EE 32;ブラスター・ダーク “Diablo”
ai/073.bin;0xF435;F1 28 16 33;枚しか選んでいない
ai/073.bin;0xF435;BC 1F 35 33;  ブースター : %s
ai/073.bin;0xF435;B8 BC F2 37;伏魔忍鬼 カガミジシ
ai/073.bin;0xF435;6E 42 D6 38;AI(%d) : アタック情報
ai/073.bin;0xF435;B3 AD 45 3A;ブラスター
ai/073.bin;0xF435;03 D4 54 45; ヒットされない
ai/073.bin;0xF435;2D 3A A7 45;AI(%d) : ガードステップ情報
ai/073.bin;0xF435;2C A5 7B 4D;枚選択する必要があるが、
ai/073.bin;0xF435;9F A5 E0 4F;ＣＥＯ アマテラス
ai/073.bin;0xF435;52 75 1B 51;抹消者
ai/073.bin;0xF435;3A D0 5B 51;メッチャバトラー ビクトール
ai/073.bin;0xF435;A6 11 33 52;暗黒竜 ファントム・ブラスター “Diablo”
ai/073.bin;0xF435;FF 9F A4 54;ライジング・フェニックス
ai/073.bin;0xF435;3C E0 6F 55;ドラゴニック・オーバーロード
ai/073.bin;0xF435;DE C1 45 56;解放者
ai/073.bin;0xF435;F7 6D 78 57;スタンプ・ラッコ
ai/073.bin;0xF435;95 CB 30 5B;征天覇竜 コンクエスト・ドラゴン
ai/073.bin;0xF435;C5 AF 0D 60;真紅の伝承 メタトロン
ai/073.bin;0xF435;F9 D9 1A 61;抹消者 テンペストボルト・ドラゴン
ai/073.bin;0xF435;47 87 68 63;AI(%d) : 思考時間 %.3f秒 (行動カテゴリ:%d)
ai/073.bin;0xF435;55 C8 81 63;  完全ガード : %d/%d枚
ai/073.bin;0xF435;42 D7 DA 63;  ガーディアン候補
ai/073.bin;0xF435;33 8E E7 69;Duo 理想の妹 メーア
ai/073.bin;0xF435;E8 83 60 6B;デアデビル・サムラーイ
ai/073.bin;0xF435;4B D4 AE 6B;  合計シールド : 
ai/073.bin;0xF435;DC 4C 2C 6E;立春の花乙姫 プリマヴェーラ
ai/073.bin;0xF435;11 E8 1D 70;神託の女王 ヒミコ
ai/073.bin;0xF435;E4 FB 3C 72;蒼嵐候補生 アノス
ai/073.bin;0xF435;29 EF C2 73;  対象(%d) : %s
ai/073.bin;0xF435;04 E4 63 74;覇軍の抹消者 ズイタン
ai/073.bin;0xF435;5A 0E 41 7D;ドラゴンダンサー アナスタシア
ai/073.bin;0xF435;7C 3A 8B 81;解放者 バーニング・ブロー
ai/073.bin;0xF435;0C 00 6A 84;伏竜の抹消者 リンチュウ
ai/073.bin;0xF435;DA 63 6D 85;次元ロボ ダイブレイブ
ai/073.bin;0xF435;46 DE 4B 88;ダークメタル・ドラゴン
ai/073.bin;0xF435;6A D5 6E 8A;カタナライザー
ai/073.bin;0xF435;A0 D8 63 8D;大宇宙勇機 グランギャロップ
ai/073.bin;0xF435;1F 10 24 8F;上
ai/073.bin;0xF435;6C E6 93 8F;真黒の賢者 カロン
ai/073.bin;0xF435;BB E2 E9 90;永劫不敗 アシュラ・カイザー
ai/073.bin;0xF435;E1 26 37 94;魔竜戦鬼 チャトゥラ
ai/073.bin;0xF435;6A 0F 95 94;  アタッカーのパワー : %d(%d)
ai/073.bin;0xF435;7F BB 35 95;覇天皇竜 ドラゴニック・オーバーロード “The Ace”
ai/073.bin;0xF435;4C 16 7A 96;抹消者 イグニッション・ドラゴン
ai/073.bin;0xF435;0C DD 47 9B;バトルシスター ぱるふぇ
ai/073.bin;0xF435;1A 2D D2 9C;マイスガード フォーマルハウト
ai/073.bin;0xF435;69 08 3B A2;蒼波竜 テトラドライブ・ドラゴン
ai/073.bin;0xF435;3F 5B 57 A2;神槍の抹消者 ポルックス
ai/073.bin;0xF435;F1 51 AA A2;スチームファイター バリフ
ai/073.bin;0xF435;A4 F3 D7 A7;  アタッカーのクリティカル : %d
ai/073.bin;0xF435;BD FD F6 A7;メチャバトラー ランボール
ai/073.bin;0xF435;9F 77 42 AC;フレアウィップ・ドラゴン
ai/073.bin;0xF435;39 6A 36 B5;超鋼闘機 ヘヴィデューク
ai/073.bin;0xF435;F7 48 21 B9;ドラゴンナイト ジャラール
ai/073.bin;0xF435;88 EF 6D BC;イニグマン・トルネード
ai/073.bin;0xF435;ED F8 CC BD;ファイナル・レンチ
ai/073.bin;0xF435;11 9F 48 BE;修羅忍竜 ダラニコンゴウ
ai/073.bin;0xF435;CF AA 4F C1;煉獄竜 ドラゴニック・ネオフレイム
ai/073.bin;0xF435;7C 17 CE C1;ラナンキュラスの花乙女 アーシャ
ai/073.bin;0xF435;15 6E A2 C8;ウィステリアナイト
ai/073.bin;0xF435;35 33 3D CB;蠱毒の抹消者 セイオウボ
ai/073.bin;0xF435;AB 51 A7 CB;AI(%d) : レシピ (フラグ:%08x)
ai/073.bin;0xF435;AE 72 79 D3;抹消者 ブルージェム・カーバンクル
ai/073.bin;0xF435;D7 DA C1 D6;AI(%d) : 思考開始 (行動カテゴリ:%d)
ai/073.bin;0xF435;7C 46 0A D9;忍竜 ドレッドマスター
ai/073.bin;0xF435;6B 1D DB DC;マシニング・モスキート mkⅡ
ai/073.bin;0xF435;E3 98 ED DE;抹消者 エッグヘルム・ドラコキッド
ai/073.bin;0xF435;F4 42 77 DF;抹消者 スパークレイン・ドラゴン
ai/073.bin;0xF435;69 E8 61 E1;オーバーロード
ai/073.bin;0xF435;7D 1F 65 E6;獣神 ナイトジャッカル
ai/073.bin;0xF435;57 CD 2E E8;    
ai/073.bin;0xF435;1F EC B5 E8;送り火の抹消者 カストル
ai/073.bin;0xF435;CC 1A C6 E8;AI未設定 : attrib = %s
ai/073.bin;0xF435;39 17 8B F0;星空の解放者 ギネヴィア
ai/073.bin;0xF435;4B 16 BE F0;鋭気の騎士 エクター
ai/073.bin;0xF435;BF 43 2B F1;  アタッカー : %s
ai/073.bin;0xF435;27 25 50 F1;ベアダウン・サムラーイ
ai/073.bin;0xF435;FC B0 EB F6;清めの神器 ピュア・エンジェル
ai/073.bin;0xF435;89 20 23 F8;下
ai/073.bin;0xF435;DD 4C B3 F8;ターン開始 AI(%d)
ai/074.bin;0x107CE;DC A5 CF 01;  クインテットウォール : %d/%d枚
ai/074.bin;0x107CE;51 5B 2F 06;ヘキサゴナル・メイガス
ai/074.bin;0x107CE;DD 9F CC 07;蒼嵐竜 メイルストローム
ai/074.bin;0x107CE;8D 9F AA 08;  シールドの要求値 : 
ai/074.bin;0x107CE;76 AE E0 09;ドラゴニック・オーバーロード “The Яe-birth”
ai/074.bin;0x107CE;02 DC 8B 0D;モーント・ブラウクリューガー
ai/074.bin;0x107CE;70 D6 8E 0D;喧嘩屋 グリーンジェム・カーバンクル
ai/074.bin;0x107CE;B1 2D 5D 0E;  対象のパワー : %d(%d)%s
ai/074.bin;0x107CE;24 A1 3B 11;ライジング・ライオネット
ai/074.bin;0x107CE;CA 98 65 11;神界獣 フェンリル
ai/074.bin;0x107CE;2F 96 22 12;ダンシング・ウルフ
ai/074.bin;0x107CE;2F CE 1C 13;花占いの女神 サクヤ
ai/074.bin;0x107CE;9F 3C 4E 15; + %d
ai/074.bin;0x107CE;26 7B 30 1A;ネコ執事
ai/074.bin;0x107CE;8D 20 89 1A;AI未設定 : %s %d
ai/074.bin;0x107CE;97 F0 4A 1C;喧嘩屋 ビッグバンスラッシュ・ドラゴン
ai/074.bin;0x107CE;BA E1 77 1C;雷龍騎士 ゾラス
ai/074.bin;0x107CE;49 58 50 21;次元ロボ ダイジェット
ai/074.bin;0x107CE;8E BC BB 21;  シールドの目標値 : 
ai/074.bin;0x107CE;50 41 74 23;希望の子 トゥルエル
ai/074.bin;0x107CE;39 5F 97 27;新鋭の騎士 ダヴィド
ai/074.bin;0x107CE;BE 51 F9 27;餓竜 バトルレックス
ai/074.bin;0x107CE;F7 2E E0 29;～%d
ai/074.bin;0x107CE;A6 8F 2A 2A;喧嘩屋 ファイティング・ドラコキッド
ai/074.bin;0x107CE;75 5C 3B 2B;喧嘩屋 ビッグバンスラッシュ・バスター
ai/074.bin;0x107CE;44 62 0C 2D;無音の射手 コンダクタンス
ai/074.bin;0x107CE;14 30 63 2D;!!!! AI ERROR !!!!\n  
ai/074.bin;0x107CE;EE 81 9E 32;豪腕拿捕の巨人兵
ai/074.bin;0x107CE;C5 4D EE 32;ブラスター・ダーク “Diablo”
ai/074.bin;0x107CE;F1 28 16 33;枚しか選んでいない
ai/074.bin;0x107CE;BC 1F 35 33;  ブースター : %s
ai/074.bin;0x107CE;B8 BC F2 37;伏魔忍鬼 カガミジシ
ai/074.bin;0x107CE;6E 42 D6 38;AI(%d) : アタック情報
ai/074.bin;0x107CE;B3 AD 45 3A;ブラスター
ai/074.bin;0x107CE;03 D4 54 45; ヒットされない
ai/074.bin;0x107CE;2D 3A A7 45;AI(%d) : ガードステップ情報
ai/074.bin;0x107CE;2C A5 7B 4D;枚選択する必要があるが、
ai/074.bin;0x107CE;A1 2E 7F 4F;辛苦の喧嘩屋 トウシュウ
ai/074.bin;0x107CE;9F A5 E0 4F;ＣＥＯ アマテラス
ai/074.bin;0x107CE;3A D0 5B 51;メッチャバトラー ビクトール
ai/074.bin;0x107CE;A6 11 33 52;暗黒竜 ファントム・ブラスター “Diablo”
ai/074.bin;0x107CE;3C E0 6F 55;ドラゴニック・オーバーロード
ai/074.bin;0x107CE;DE C1 45 56;解放者
ai/074.bin;0x107CE;F7 6D 78 57;スタンプ・ラッコ
ai/074.bin;0x107CE;C5 AF 0D 60;真紅の伝承 メタトロン
ai/074.bin;0x107CE;47 87 68 63;AI(%d) : 思考時間 %.3f秒 (行動カテゴリ:%d)
ai/074.bin;0x107CE;55 C8 81 63;  完全ガード : %d/%d枚
ai/074.bin;0x107CE;42 D7 DA 63;  ガーディアン候補
ai/074.bin;0x107CE;73 48 68 69;喧嘩屋 プラズマキック・ドラゴン
ai/074.bin;0x107CE;33 8E E7 69;Duo 理想の妹 メーア
ai/074.bin;0x107CE;E8 83 60 6B;デアデビル・サムラーイ
ai/074.bin;0x107CE;4B D4 AE 6B;  合計シールド : 
ai/074.bin;0x107CE;DC 4C 2C 6E;立春の花乙姫 プリマヴェーラ
ai/074.bin;0x107CE;11 E8 1D 70;神託の女王 ヒミコ
ai/074.bin;0x107CE;E4 FB 3C 72;蒼嵐候補生 アノス
ai/074.bin;0x107CE;29 EF C2 73;  対象(%d) : %s
ai/074.bin;0x107CE;7C 3A 8B 81;解放者 バーニング・ブロー
ai/074.bin;0x107CE;EB 18 57 84;気合の喧嘩屋 コウキン
ai/074.bin;0x107CE;DA 63 6D 85;次元ロボ ダイブレイブ
ai/074.bin;0x107CE;46 DE 4B 88;ダークメタル・ドラゴン
ai/074.bin;0x107CE;6A D5 6E 8A;カタナライザー
ai/074.bin;0x107CE;A0 D8 63 8D;大宇宙勇機 グランギャロップ
ai/074.bin;0x107CE;1F 10 24 8F;上
ai/074.bin;0x107CE;6C E6 93 8F;真黒の賢者 カロン
ai/074.bin;0x107CE;BB E2 E9 90;永劫不敗 アシュラ・カイザー
ai/074.bin;0x107CE;E1 26 37 94;魔竜戦鬼 チャトゥラ
ai/074.bin;0x107CE;6A 0F 95 94;  アタッカーのパワー : %d(%d)
ai/074.bin;0x107CE;7F BB 35 95;覇天皇竜 ドラゴニック・オーバーロード “The Ace”
ai/074.bin;0x107CE;0C DD 47 9B;バトルシスター ぱるふぇ
ai/074.bin;0x107CE;1A 2D D2 9C;マイスガード フォーマルハウト
ai/074.bin;0x107CE;69 08 3B A2;蒼波竜 テトラドライブ・ドラゴン
ai/074.bin;0x107CE;F1 51 AA A2;スチームファイター バリフ
ai/074.bin;0x107CE;A4 F3 D7 A7;  アタッカーのクリティカル : %d
ai/074.bin;0x107CE;BD FD F6 A7;メチャバトラー ランボール
ai/074.bin;0x107CE;9F 77 42 AC;フレアウィップ・ドラゴン
ai/074.bin;0x107CE;03 4A C1 AF;ビッグバンナックル
ai/074.bin;0x107CE;39 6A 36 B5;超鋼闘機 ヘヴィデューク
ai/074.bin;0x107CE;1B CA 42 B7;威嚇の喧嘩屋 コウメイ
ai/074.bin;0x107CE;F7 48 21 B9;ドラゴンナイト ジャラール
ai/074.bin;0x107CE;88 EF 6D BC;イニグマン・トルネード
ai/074.bin;0x107CE;ED F8 CC BD;ファイナル・レンチ
ai/074.bin;0x107CE;11 9F 48 BE;修羅忍竜 ダラニコンゴウ
ai/074.bin;0x107CE;2A C7 67 BE;喧嘩屋 ドコウソン
ai/074.bin;0x107CE;CF AA 4F C1;煉獄竜 ドラゴニック・ネオフレイム
ai/074.bin;0x107CE;7C 17 CE C1;ラナンキュラスの花乙女 アーシャ
ai/074.bin;0x107CE;DD 07 56 C2;天昇の喧嘩屋 ヨウゼン
ai/074.bin;0x107CE;B2 44 82 C2;喧嘩屋 ビッグバンナックル・ドラゴン
ai/074.bin;0x107CE;D2 06 15 C4;旋棍の喧嘩屋 アーク
ai/074.bin;0x107CE;B5 12 B7 C7;健脚の喧嘩屋 トウコン
ai/074.bin;0x107CE;15 6E A2 C8;ウィステリアナイト
ai/074.bin;0x107CE;AB 51 A7 CB;AI(%d) : レシピ (フラグ:%08x)
ai/074.bin;0x107CE;D7 DA C1 D6;AI(%d) : 思考開始 (行動カテゴリ:%d)
ai/074.bin;0x107CE;7C 46 0A D9;忍竜 ドレッドマスター
ai/074.bin;0x107CE;6B 1D DB DC;マシニング・モスキート mkⅡ
ai/074.bin;0x107CE;69 E8 61 E1;オーバーロード
ai/074.bin;0x107CE;7D 1F 65 E6;獣神 ナイトジャッカル
ai/074.bin;0x107CE;57 CD 2E E8;    
ai/074.bin;0x107CE;CC 1A C6 E8;AI未設定 : attrib = %s
ai/074.bin;0x107CE;39 17 8B F0;星空の解放者 ギネヴィア
ai/074.bin;0x107CE;4B 16 BE F0;鋭気の騎士 エクター
ai/074.bin;0x107CE;BF 43 2B F1;  アタッカー : %s
ai/074.bin;0x107CE;27 25 50 F1;ベアダウン・サムラーイ
ai/074.bin;0x107CE;50 E8 F3 F5;喧嘩屋 ビッグバンナックル・バスター
ai/074.bin;0x107CE;FC B0 EB F6;清めの神器 ピュア・エンジェル
ai/074.bin;0x107CE;82 0E AB F7;真・喧嘩屋 ビックバンナックル・ターボ
ai/074.bin;0x107CE;89 20 23 F8;下
ai/074.bin;0x107CE;DD 4C B3 F8;ターン開始 AI(%d)
ai/075.bin;0xFC74;DC A5 CF 01;  クインテットウォール : %d/%d枚
ai/075.bin;0xFC74;51 5B 2F 06;ヘキサゴナル・メイガス
ai/075.bin;0xFC74;DD 9F CC 07;蒼嵐竜 メイルストローム
ai/075.bin;0xFC74;8D 9F AA 08;  シールドの要求値 : 
ai/075.bin;0xFC74;99 38 0E 09;エメラルドウィッチ ララ
ai/075.bin;0xFC74;76 AE E0 09;ドラゴニック・オーバーロード “The Яe-birth”
ai/075.bin;0xFC74;02 DC 8B 0D;モーント・ブラウクリューガー
ai/075.bin;0xFC74;B1 2D 5D 0E;  対象のパワー : %d(%d)%s
ai/075.bin;0xFC74;24 A1 3B 11;ライジング・ライオネット
ai/075.bin;0xFC74;CA 98 65 11;神界獣 フェンリル
ai/075.bin;0xFC74;FD 5B 19 12;サイランド・メイガス
ai/075.bin;0xFC74;2F 96 22 12;ダンシング・ウルフ
ai/075.bin;0xFC74;2F CE 1C 13;花占いの女神 サクヤ
ai/075.bin;0xFC74;9F 3C 4E 15; + %d
ai/075.bin;0xFC74;26 7B 30 1A;ネコ執事
ai/075.bin;0xFC74;8D 20 89 1A;AI未設定 : %s %d
ai/075.bin;0xFC74;50 B8 25 1B;神凪 クロイカヅチ
ai/075.bin;0xFC74;49 58 50 21;次元ロボ ダイジェット
ai/075.bin;0xFC74;8E BC BB 21;  シールドの目標値 : 
ai/075.bin;0xFC74;50 41 74 23;希望の子 トゥルエル
ai/075.bin;0xFC74;7E 40 F4 24;満月の女神 ツクヨミ
ai/075.bin;0xFC74;39 5F 97 27;新鋭の騎士 ダヴィド
ai/075.bin;0xFC74;BE 51 F9 27;餓竜 バトルレックス
ai/075.bin;0xFC74;81 D8 D7 29;神鳴りの剣神 タケミカヅチ
ai/075.bin;0xFC74;F7 2E E0 29;～%d
ai/075.bin;0xFC74;A6 8F 2A 2A;喧嘩屋 ファイティング・ドラコキッド
ai/075.bin;0xFC74;43 37 79 2C;ツクヨミ
ai/075.bin;0xFC74;44 62 0C 2D;無音の射手 コンダクタンス
ai/075.bin;0xFC74;14 30 63 2D;!!!! AI ERROR !!!!\n  
ai/075.bin;0xFC74;9D D8 DB 30;オラクルガーディアン シーサー
ai/075.bin;0xFC74;EE 81 9E 32;豪腕拿捕の巨人兵
ai/075.bin;0xFC74;C5 4D EE 32;ブラスター・ダーク “Diablo”
ai/075.bin;0xFC74;F1 28 16 33;枚しか選んでいない
ai/075.bin;0xFC74;BC 1F 35 33;  ブースター : %s
ai/075.bin;0xFC74;B8 BC F2 37;伏魔忍鬼 カガミジシ
ai/075.bin;0xFC74;6E 42 D6 38;AI(%d) : アタック情報
ai/075.bin;0xFC74;B3 AD 45 3A;ブラスター
ai/075.bin;0xFC74;03 D4 54 45; ヒットされない
ai/075.bin;0xFC74;2D 3A A7 45;AI(%d) : ガードステップ情報
ai/075.bin;0xFC74;EE E0 79 4D;神凪 スクナヒコナ
ai/075.bin;0xFC74;2C A5 7B 4D;枚選択する必要があるが、
ai/075.bin;0xFC74;9F A5 E0 4F;ＣＥＯ アマテラス
ai/075.bin;0xFC74;3A D0 5B 51;メッチャバトラー ビクトール
ai/075.bin;0xFC74;A6 11 33 52;暗黒竜 ファントム・ブラスター “Diablo”
ai/075.bin;0xFC74;28 FF 89 54;天翔ける瑞獣 麒麟
ai/075.bin;0xFC74;3C E0 6F 55;ドラゴニック・オーバーロード
ai/075.bin;0xFC74;F3 9A 01 56;半月の女神 ツクヨミ
ai/075.bin;0xFC74;DE C1 45 56;解放者
ai/075.bin;0xFC74;F7 6D 78 57;スタンプ・ラッコ
ai/075.bin;0xFC74;C5 AF 0D 60;真紅の伝承 メタトロン
ai/075.bin;0xFC74;47 87 68 63;AI(%d) : 思考時間 %.3f秒 (行動カテゴリ:%d)
ai/075.bin;0xFC74;55 C8 81 63;  完全ガード : %d/%d枚
ai/075.bin;0xFC74;42 D7 DA 63;  ガーディアン候補
ai/075.bin;0xFC74;93 11 EA 68;ブルースケイル・ディアー
ai/075.bin;0xFC74;33 8E E7 69;Duo 理想の妹 メーア
ai/075.bin;0xFC74;25 CA 34 6B;三日月の女神 ツクヨミ
ai/075.bin;0xFC74;E8 83 60 6B;デアデビル・サムラーイ
ai/075.bin;0xFC74;4B D4 AE 6B;  合計シールド : 
ai/075.bin;0xFC74;DC 4C 2C 6E;立春の花乙姫 プリマヴェーラ
ai/075.bin;0xFC74;11 E8 1D 70;神託の女王 ヒミコ
ai/075.bin;0xFC74;E4 FB 3C 72;蒼嵐候補生 アノス
ai/075.bin;0xFC74;29 EF C2 73;  対象(%d) : %s
ai/075.bin;0xFC74;7C 3A 8B 81;解放者 バーニング・ブロー
ai/075.bin;0xFC74;DA 63 6D 85;次元ロボ ダイブレイブ
ai/075.bin;0xFC74;46 DE 4B 88;ダークメタル・ドラゴン
ai/075.bin;0xFC74;51 46 E3 89;夜を統べる月神 ツクヨミ
ai/075.bin;0xFC74;6A D5 6E 8A;カタナライザー
ai/075.bin;0xFC74;D1 DD 00 8D;ダーク・キャット
ai/075.bin;0xFC74;A0 D8 63 8D;大宇宙勇機 グランギャロップ
ai/075.bin;0xFC74;1F 10 24 8F;上
ai/075.bin;0xFC74;6C E6 93 8F;真黒の賢者 カロン
ai/075.bin;0xFC74;BB E2 E9 90;永劫不敗 アシュラ・カイザー
ai/075.bin;0xFC74;E1 26 37 94;魔竜戦鬼 チャトゥラ
ai/075.bin;0xFC74;6A 0F 95 94;  アタッカーのパワー : %d(%d)
ai/075.bin;0xFC74;7F BB 35 95;覇天皇竜 ドラゴニック・オーバーロード “The Ace”
ai/075.bin;0xFC74;0C DD 47 9B;バトルシスター ぱるふぇ
ai/075.bin;0xFC74;1A 2D D2 9C;マイスガード フォーマルハウト
ai/075.bin;0xFC74;69 08 3B A2;蒼波竜 テトラドライブ・ドラゴン
ai/075.bin;0xFC74;F1 51 AA A2;スチームファイター バリフ
ai/075.bin;0xFC74;46 7F 37 A5;神鷹 一拍子
ai/075.bin;0xFC74;A4 F3 D7 A7;  アタッカーのクリティカル : %d
ai/075.bin;0xFC74;BD FD F6 A7;メチャバトラー ランボール
ai/075.bin;0xFC74;F2 C6 98 A8;神宮衛士 アスハ
ai/075.bin;0xFC74;37 A8 35 AC;ペタル・フェアリー
ai/075.bin;0xFC74;9F 77 42 AC;フレアウィップ・ドラゴン
ai/075.bin;0xFC74;4F 69 EF B4;アサルトダイブ・イーグル
ai/075.bin;0xFC74;39 6A 36 B5;超鋼闘機 ヘヴィデューク
ai/075.bin;0xFC74;F7 48 21 B9;ドラゴンナイト ジャラール
ai/075.bin;0xFC74;C5 77 55 B9;神剣 アメノムラクモ
ai/075.bin;0xFC74;05 4C 7A BB;五穀豊穣 ダイコクテン
ai/075.bin;0xFC74;88 EF 6D BC;イニグマン・トルネード
ai/075.bin;0xFC74;7F 60 32 BD;お天気お姉さん らむね
ai/075.bin;0xFC74;ED F8 CC BD;ファイナル・レンチ
ai/075.bin;0xFC74;11 9F 48 BE;修羅忍竜 ダラニコンゴウ
ai/075.bin;0xFC74;CF AA 4F C1;煉獄竜 ドラゴニック・ネオフレイム
ai/075.bin;0xFC74;7C 17 CE C1;ラナンキュラスの花乙女 アーシャ
ai/075.bin;0xFC74;C7 A8 83 C6;サイキック・バード
ai/075.bin;0xFC74;15 6E A2 C8;ウィステリアナイト
ai/075.bin;0xFC74;AB 51 A7 CB;AI(%d) : レシピ (フラグ:%08x)
ai/075.bin;0xFC74;D8 71 CC CE;ラック・バード
ai/075.bin;0xFC74;D7 DA C1 D6;AI(%d) : 思考開始 (行動カテゴリ:%d)
ai/075.bin;0xFC74;7C 46 0A D9;忍竜 ドレッドマスター
ai/075.bin;0xFC74;6B 1D DB DC;マシニング・モスキート mkⅡ
ai/075.bin;0xFC74;69 E8 61 E1;オーバーロード
ai/075.bin;0xFC74;7D 1F 65 E6;獣神 ナイトジャッカル
ai/075.bin;0xFC74;57 CD 2E E8;    
ai/075.bin;0xFC74;CC 1A C6 E8;AI未設定 : attrib = %s
ai/075.bin;0xFC74;39 17 8B F0;星空の解放者 ギネヴィア
ai/075.bin;0xFC74;4B 16 BE F0;鋭気の騎士 エクター
ai/075.bin;0xFC74;BF 43 2B F1;  アタッカー : %s
ai/075.bin;0xFC74;27 25 50 F1;ベアダウン・サムラーイ
ai/075.bin;0xFC74;1B 60 84 F5;メイデン・オブ・ライブラ
ai/075.bin;0xFC74;27 9A 87 F5;調停者 アメノサギリ
ai/075.bin;0xFC74;FC B0 EB F6;清めの神器 ピュア・エンジェル
ai/075.bin;0xFC74;89 20 23 F8;下
ai/075.bin;0xFC74;DD 4C B3 F8;ターン開始 AI(%d)
ai/075.bin;0xFC74;11 31 6F FA;お天気お姉さん みるく
ai/076.bin;0x10DE5;A5 CF 01 15; 꼀ꐰ옰쌰젰꘰ꤰﰰ‰㨀 ─搀⼀─搀騀ᗒं結びの女神 ユーノ
ai/076.bin;0x10DE5;51 5B 2F 06;ヘキサゴナル・メイガス
ai/076.bin;0x10DE5;DD 9F CC 07;蒼嵐竜 メイルストローム
ai/076.bin;0x10DE5;7E 66 FF 07;凍気の神器 スヴェル
ai/076.bin;0x10DE5;8D 9F AA 08;  シールドの要求値 : 
ai/076.bin;0x10DE5;76 AE E0 09;ドラゴニック・オーバーロード “The Яe-birth”
ai/076.bin;0x10DE5;02 DC 8B 0D;モーント・ブラウクリューガー
ai/076.bin;0x10DE5;B1 2D 5D 0E;  対象のパワー : %d(%d)%s
ai/076.bin;0x10DE5;17 DC F2 10;遠見の神器 クリア・エンジェル
ai/076.bin;0x10DE5;24 A1 3B 11;ライジング・ライオネット
ai/076.bin;0x10DE5;CA 98 65 11;神界獣 フェンリル
ai/076.bin;0x10DE5;2F 96 22 12;ダンシング・ウルフ
ai/076.bin;0x10DE5;2F CE 1C 13;花占いの女神 サクヤ
ai/076.bin;0x10DE5;9F 3C 4E 15; + %d
ai/076.bin;0x10DE5;26 7B 30 1A;ネコ執事
ai/076.bin;0x10DE5;8D 20 89 1A;AI未設定 : %s %d
ai/076.bin;0x10DE5;01 58 B6 1B;祓いの神器 シャイニー・エンジェル
ai/076.bin;0x10DE5;49 58 50 21;次元ロボ ダイジェット
ai/076.bin;0x10DE5;8E BC BB 21;  シールドの目標値 : 
ai/076.bin;0x10DE5;50 41 74 23;希望の子 トゥルエル
ai/076.bin;0x10DE5;39 5F 97 27;新鋭の騎士 ダヴィド
ai/076.bin;0x10DE5;BE 51 F9 27;餓竜 バトルレックス
ai/076.bin;0x10DE5;7D 94 8A 28;聖火の究極神器 デメテール
ai/076.bin;0x10DE5;F7 2E E0 29;～%d
ai/076.bin;0x10DE5;A6 8F 2A 2A;喧嘩屋 ファイティング・ドラコキッド
ai/076.bin;0x10DE5;D9 03 AB 2B;大天使 ドゥームブレイス
ai/076.bin;0x10DE5;44 62 0C 2D;無音の射手 コンダクタンス
ai/076.bin;0x10DE5;14 30 63 2D;!!!! AI ERROR !!!!\n  
ai/076.bin;0x10DE5;68 C9 B9 31;ドリーミング・ドラゴン
ai/076.bin;0x10DE5;EE 81 9E 32;豪腕拿捕の巨人兵
ai/076.bin;0x10DE5;C5 4D EE 32;ブラスター・ダーク “Diablo”
ai/076.bin;0x10DE5;F1 28 16 33;枚しか選んでいない
ai/076.bin;0x10DE5;BC 1F 35 33;  ブースター : %s
ai/076.bin;0x10DE5;B8 BC F2 37;伏魔忍鬼 カガミジシ
ai/076.bin;0x10DE5;6E 42 D6 38;AI(%d) : アタック情報
ai/076.bin;0x10DE5;B3 AD 45 3A;ブラスター
ai/076.bin;0x10DE5;9F D3 DA 41;慈悲の神器 エイル
ai/076.bin;0x10DE5;03 D4 54 45; ヒットされない
ai/076.bin;0x10DE5;2D 3A A7 45;AI(%d) : ガードステップ情報
ai/076.bin;0x10DE5;7F 28 0F 4A;オーダイン・オウル
ai/076.bin;0x10DE5;2C A5 7B 4D;枚選択する必要があるが、
ai/076.bin;0x10DE5;9F A5 E0 4F;ＣＥＯ アマテラス
ai/076.bin;0x10DE5;3A D0 5B 51;メッチャバトラー ビクトール
ai/076.bin;0x10DE5;A6 11 33 52;暗黒竜 ファントム・ブラスター “Diablo”
ai/076.bin;0x10DE5;E0 A1 A1 53;鏡の神器 アクリス
ai/076.bin;0x10DE5;3C E0 6F 55;ドラゴニック・オーバーロード
ai/076.bin;0x10DE5;DE C1 45 56;解放者
ai/076.bin;0x10DE5;F7 6D 78 57;スタンプ・ラッコ
ai/076.bin;0x10DE5;A4 3E 79 5B;樹木の女神 ユピテール
ai/076.bin;0x10DE5;C5 AF 0D 60;真紅の伝承 メタトロン
ai/076.bin;0x10DE5;47 87 68 63;AI(%d) : 思考時間 %.3f秒 (行動カテゴリ:%d)
ai/076.bin;0x10DE5;55 C8 81 63;  完全ガード : %d/%d枚
ai/076.bin;0x10DE5;42 D7 DA 63;  ガーディアン候補
ai/076.bin;0x10DE5;41 A0 DC 68;戦巫女 ククリヒメ
ai/076.bin;0x10DE5;33 8E E7 69;Duo 理想の妹 メーア
ai/076.bin;0x10DE5;E8 83 60 6B;デアデビル・サムラーイ
ai/076.bin;0x10DE5;4B D4 AE 6B;  合計シールド : 
ai/076.bin;0x10DE5;DC 4C 2C 6E;立春の花乙姫 プリマヴェーラ
ai/076.bin;0x10DE5;11 E8 1D 70;神託の女王 ヒミコ
ai/076.bin;0x10DE5;E4 FB 3C 72;蒼嵐候補生 アノス
ai/076.bin;0x10DE5;29 EF C2 73;  対象(%d) : %s
ai/076.bin;0x10DE5;D5 FB 83 77;神器
ai/076.bin;0x10DE5;7C 3A 8B 81;解放者 バーニング・ブロー
ai/076.bin;0x10DE5;DA 63 6D 85;次元ロボ ダイブレイブ
ai/076.bin;0x10DE5;46 DE 4B 88;ダークメタル・ドラゴン
ai/076.bin;0x10DE5;6A D5 6E 8A;カタナライザー
ai/076.bin;0x10DE5;A0 D8 63 8D;大宇宙勇機 グランギャロップ
ai/076.bin;0x10DE5;1F 10 24 8F;上
ai/076.bin;0x10DE5;6C E6 93 8F;真黒の賢者 カロン
ai/076.bin;0x10DE5;BB E2 E9 90;永劫不敗 アシュラ・カイザー
ai/076.bin;0x10DE5;E1 26 37 94;魔竜戦鬼 チャトゥラ
ai/076.bin;0x10DE5;6A 0F 95 94;  アタッカーのパワー : %d(%d)
ai/076.bin;0x10DE5;7F BB 35 95;覇天皇竜 ドラゴニック・オーバーロード “The Ace”
ai/076.bin;0x10DE5;0C DD 47 9B;バトルシスター ぱるふぇ
ai/076.bin;0x10DE5;1A 2D D2 9C;マイスガード フォーマルハウト
ai/076.bin;0x10DE5;69 08 3B A2;蒼波竜 テトラドライブ・ドラゴン
ai/076.bin;0x10DE5;F1 51 AA A2;スチームファイター バリフ
ai/076.bin;0x10DE5;A4 F3 D7 A7;  アタッカーのクリティカル : %d
ai/076.bin;0x10DE5;BD FD F6 A7;メチャバトラー ランボール
ai/076.bin;0x10DE5;9F 77 42 AC;フレアウィップ・ドラゴン
ai/076.bin;0x10DE5;35 37 8A AC;真昼の神器 ヘメラ
ai/076.bin;0x10DE5;39 6A 36 B5;超鋼闘機 ヘヴィデューク
ai/076.bin;0x10DE5;F7 48 21 B9;ドラゴンナイト ジャラール
ai/076.bin;0x10DE5;88 EF 6D BC;イニグマン・トルネード
ai/076.bin;0x10DE5;ED F8 CC BD;ファイナル・レンチ
ai/076.bin;0x10DE5;11 9F 48 BE;修羅忍竜 ダラニコンゴウ
ai/076.bin;0x10DE5;CF AA 4F C1;煉獄竜 ドラゴニック・ネオフレイム
ai/076.bin;0x10DE5;7C 17 CE C1;ラナンキュラスの花乙女 アーシャ
ai/076.bin;0x10DE5;15 F8 C9 C2;真夜中の神器 ニュクス
ai/076.bin;0x10DE5;15 6E A2 C8;ウィステリアナイト
ai/076.bin;0x10DE5;AB 51 A7 CB;AI(%d) : レシピ (フラグ:%08x)
ai/076.bin;0x10DE5;91 C1 19 CC;祈りの神器 プレイ・エンジェル
ai/076.bin;0x10DE5;FE 5A 3B D5;宇宙の神器 ＣＥＯ ユグドラシル
ai/076.bin;0x10DE5;D7 DA C1 D6;AI(%d) : 思考開始 (行動カテゴリ:%d)
ai/076.bin;0x10DE5;7C 46 0A D9;忍竜 ドレッドマスター
ai/076.bin;0x10DE5;6B 1D DB DC;マシニング・モスキート mkⅡ
ai/076.bin;0x10DE5;04 FB D7 DF;運命の神器 ノルン
ai/076.bin;0x10DE5;69 E8 61 E1;オーバーロード
ai/076.bin;0x10DE5;7D 1F 65 E6;獣神 ナイトジャッカル
ai/076.bin;0x10DE5;57 CD 2E E8;    
ai/076.bin;0x10DE5;CC 1A C6 E8;AI未設定 : attrib = %s
ai/076.bin;0x10DE5;39 17 8B F0;星空の解放者 ギネヴィア
ai/076.bin;0x10DE5;4B 16 BE F0;鋭気の騎士 エクター
ai/076.bin;0x10DE5;BF 43 2B F1;  アタッカー : %s
ai/076.bin;0x10DE5;27 25 50 F1;ベアダウン・サムラーイ
ai/076.bin;0x10DE5;FC B0 EB F6;清めの神器 ピュア・エンジェル
ai/076.bin;0x10DE5;89 20 23 F8;下
ai/076.bin;0x10DE5;DD 4C B3 F8;ターン開始 AI(%d)
ai/077.bin;0x102DF;DC A5 CF 01;  クインテットウォール : %d/%d枚
ai/077.bin;0x102DF;0B 31 49 05;煉獄竜 バスターレイン・ドラゴン
ai/077.bin;0x102DF;51 5B 2F 06;ヘキサゴナル・メイガス
ai/077.bin;0x102DF;DD 9F CC 07;蒼嵐竜 メイルストローム
ai/077.bin;0x102DF;8D 9F AA 08;  シールドの要求値 : 
ai/077.bin;0x102DF;76 AE E0 09;ドラゴニック・オーバーロード “The Яe-birth”
ai/077.bin;0x102DF;02 DC 8B 0D;モーント・ブラウクリューガー
ai/077.bin;0x102DF;B1 2D 5D 0E;  対象のパワー : %d(%d)%s
ai/077.bin;0x102DF;24 A1 3B 11;ライジング・ライオネット
ai/077.bin;0x102DF;CA 98 65 11;神界獣 フェンリル
ai/077.bin;0x102DF;2F 96 22 12;ダンシング・ウルフ
ai/077.bin;0x102DF;2F CE 1C 13;花占いの女神 サクヤ
ai/077.bin;0x102DF;A9 32 C7 14;ドラゴニック・オーバーロード・ジ・エンド
ai/077.bin;0x102DF;9F 3C 4E 15; + %d
ai/077.bin;0x102DF;24 7A 2C 18;希望の火 エルモ
ai/077.bin;0x102DF;26 7B 30 1A;ネコ執事
ai/077.bin;0x102DF;8D 20 89 1A;AI未設定 : %s %d
ai/077.bin;0x102DF;81 A1 62 1C;バーニングホーン・ドラゴン
ai/077.bin;0x102DF;95 31 10 1D;封竜 カルゼ
ai/077.bin;0x102DF;49 58 50 21;次元ロボ ダイジェット
ai/077.bin;0x102DF;8E BC BB 21;  シールドの目標値 : 
ai/077.bin;0x102DF;50 41 74 23;希望の子 トゥルエル
ai/077.bin;0x102DF;39 5F 97 27;新鋭の騎士 ダヴィド
ai/077.bin;0x102DF;BE 51 F9 27;餓竜 バトルレックス
ai/077.bin;0x102DF;F7 2E E0 29;～%d
ai/077.bin;0x102DF;A6 8F 2A 2A;喧嘩屋 ファイティング・ドラコキッド
ai/077.bin;0x102DF;44 62 0C 2D;無音の射手 コンダクタンス
ai/077.bin;0x102DF;14 30 63 2D;!!!! AI ERROR !!!!\n  
ai/077.bin;0x102DF;EE 81 9E 32;豪腕拿捕の巨人兵
ai/077.bin;0x102DF;C5 4D EE 32;ブラスター・ダーク “Diablo”
ai/077.bin;0x102DF;F1 28 16 33;枚しか選んでいない
ai/077.bin;0x102DF;BC 1F 35 33;  ブースター : %s
ai/077.bin;0x102DF;79 9C 06 34;ドラゴンモンク ゲンジョウ
ai/077.bin;0x102DF;B8 BC F2 37;伏魔忍鬼 カガミジシ
ai/077.bin;0x102DF;6E 42 D6 38;AI(%d) : アタック情報
ai/077.bin;0x102DF;B3 AD 45 3A;ブラスター
ai/077.bin;0x102DF;03 D4 54 45; ヒットされない
ai/077.bin;0x102DF;2D 3A A7 45;AI(%d) : ガードステップ情報
ai/077.bin;0x102DF;2C A5 7B 4D;枚選択する必要があるが、
ai/077.bin;0x102DF;9F A5 E0 4F;ＣＥＯ アマテラス
ai/077.bin;0x102DF;34 F6 FD 50;ラーヴァフロウ・ドラゴン
ai/077.bin;0x102DF;3A D0 5B 51;メッチャバトラー ビクトール
ai/077.bin;0x102DF;A6 11 33 52;暗黒竜 ファントム・ブラスター “Diablo”
ai/077.bin;0x102DF;3C E0 6F 55;ドラゴニック・オーバーロード
ai/077.bin;0x102DF;DE C1 45 56;解放者
ai/077.bin;0x102DF;F7 6D 78 57;スタンプ・ラッコ
ai/077.bin;0x102DF;10 8E 4A 5E;レッドパルス・ドラコキッド
ai/077.bin;0x102DF;C5 AF 0D 60;真紅の伝承 メタトロン
ai/077.bin;0x102DF;47 87 68 63;AI(%d) : 思考時間 %.3f秒 (行動カテゴリ:%d)
ai/077.bin;0x102DF;55 C8 81 63;  完全ガード : %d/%d枚
ai/077.bin;0x102DF;42 D7 DA 63;  ガーディアン候補
ai/077.bin;0x102DF;33 8E E7 69;Duo 理想の妹 メーア
ai/077.bin;0x102DF;B0 4A D0 6A;カラミティタワー・ワイバーン
ai/077.bin;0x102DF;E8 83 60 6B;デアデビル・サムラーイ
ai/077.bin;0x102DF;4B D4 AE 6B;  合計シールド : 
ai/077.bin;0x102DF;DC 4C 2C 6E;立春の花乙姫 プリマヴェーラ
ai/077.bin;0x102DF;11 E8 1D 70;神託の女王 ヒミコ
ai/077.bin;0x102DF;E4 FB 3C 72;蒼嵐候補生 アノス
ai/077.bin;0x102DF;29 EF C2 73;  対象(%d) : %s
ai/077.bin;0x102DF;54 9B A9 74;神龍騎士 ムスタファー
ai/077.bin;0x102DF;7C 3A 8B 81;解放者 バーニング・ブロー
ai/077.bin;0x102DF;DA 63 6D 85;次元ロボ ダイブレイブ
ai/077.bin;0x102DF;46 DE 4B 88;ダークメタル・ドラゴン
ai/077.bin;0x102DF;6A D5 6E 8A;カタナライザー
ai/077.bin;0x102DF;80 60 05 8C;槍の化身 ター
ai/077.bin;0x102DF;A0 D8 63 8D;大宇宙勇機 グランギャロップ
ai/077.bin;0x102DF;1F 10 24 8F;上
ai/077.bin;0x102DF;6C E6 93 8F;真黒の賢者 カロン
ai/077.bin;0x102DF;BB E2 E9 90;永劫不敗 アシュラ・カイザー
ai/077.bin;0x102DF;E1 26 37 94;魔竜戦鬼 チャトゥラ
ai/077.bin;0x102DF;6A 0F 95 94;  アタッカーのパワー : %d(%d)
ai/077.bin;0x102DF;7F BB 35 95;覇天皇竜 ドラゴニック・オーバーロード “The Ace”
ai/077.bin;0x102DF;17 6F DB 98;ドラゴンモンク ゴジョー
ai/077.bin;0x102DF;04 8F 22 99;ブルーレイ・ドラコキッド
ai/077.bin;0x102DF;0C DD 47 9B;バトルシスター ぱるふぇ
ai/077.bin;0x102DF;1A 2D D2 9C;マイスガード フォーマルハウト
ai/077.bin;0x102DF;69 08 3B A2;蒼波竜 テトラドライブ・ドラゴン
ai/077.bin;0x102DF;F1 51 AA A2;スチームファイター バリフ
ai/077.bin;0x102DF;A4 F3 D7 A7;  アタッカーのクリティカル : %d
ai/077.bin;0x102DF;BD FD F6 A7;メチャバトラー ランボール
ai/077.bin;0x102DF;9F 77 42 AC;フレアウィップ・ドラゴン
ai/077.bin;0x102DF;39 6A 36 B5;超鋼闘機 ヘヴィデューク
ai/077.bin;0x102DF;F7 48 21 B9;ドラゴンナイト ジャラール
ai/077.bin;0x102DF;88 EF 6D BC;イニグマン・トルネード
ai/077.bin;0x102DF;ED F8 CC BD;ファイナル・レンチ
ai/077.bin;0x102DF;11 9F 48 BE;修羅忍竜 ダラニコンゴウ
ai/077.bin;0x102DF;CF AA 4F C1;煉獄竜 ドラゴニック・ネオフレイム
ai/077.bin;0x102DF;7C 17 CE C1;ラナンキュラスの花乙女 アーシャ
ai/077.bin;0x102DF;15 6E A2 C8;ウィステリアナイト
ai/077.bin;0x102DF;AB 51 A7 CB;AI(%d) : レシピ (フラグ:%08x)
ai/077.bin;0x102DF;D7 DA C1 D6;AI(%d) : 思考開始 (行動カテゴリ:%d)
ai/077.bin;0x102DF;D3 27 A4 D7;ドラゴンナイト ネシャート
ai/077.bin;0x102DF;7C 46 0A D9;忍竜 ドレッドマスター
ai/077.bin;0x102DF;D6 A5 13 DC;ガトリングクロー・ドラゴン
ai/077.bin;0x102DF;6B 1D DB DC;マシニング・モスキート mkⅡ
ai/077.bin;0x102DF;69 E8 61 E1;オーバーロード
ai/077.bin;0x102DF;7D 1F 65 E6;獣神 ナイトジャッカル
ai/077.bin;0x102DF;57 CD 2E E8;    
ai/077.bin;0x102DF;CC 1A C6 E8;AI未設定 : attrib = %s
ai/077.bin;0x102DF;39 17 8B F0;星空の解放者 ギネヴィア
ai/077.bin;0x102DF;4B 16 BE F0;鋭気の騎士 エクター
ai/077.bin;0x102DF;BF 43 2B F1;  アタッカー : %s
ai/077.bin;0x102DF;27 25 50 F1;ベアダウン・サムラーイ
ai/077.bin;0x102DF;FC B0 EB F6;清めの神器 ピュア・エンジェル
ai/077.bin;0x102DF;89 20 23 F8;下
ai/077.bin;0x102DF;DD 4C B3 F8;ターン開始 AI(%d)
ai/077.bin;0x102DF;F5 33 74 F9;ドラゴニック・バーンアウト
ai/077.bin;0x102DF;D1 35 79 FB;プロテクトオーブ・ドラゴン
ai/078.bin;0x108AE;DC A5 CF 01;  クインテットウォール : %d/%d枚
ai/078.bin;0x108AE;0B 31 49 05;煉獄竜 バスターレイン・ドラゴン
ai/078.bin;0x108AE;51 5B 2F 06;ヘキサゴナル・メイガス
ai/078.bin;0x108AE;DD 9F CC 07;蒼嵐竜 メイルストローム
ai/078.bin;0x108AE;8D 9F AA 08;  シールドの要求値 : 
ai/078.bin;0x108AE;76 AE E0 09;ドラゴニック・オーバーロード “The Яe-birth”
ai/078.bin;0x108AE;02 DC 8B 0D;モーント・ブラウクリューガー
ai/078.bin;0x108AE;B1 2D 5D 0E;  対象のパワー : %d(%d)%s
ai/078.bin;0x108AE;24 A1 3B 11;ライジング・ライオネット
ai/078.bin;0x108AE;CA 98 65 11;神界獣 フェンリル
ai/078.bin;0x108AE;2F 96 22 12;ダンシング・ウルフ
ai/078.bin;0x108AE;2F CE 1C 13;花占いの女神 サクヤ
ai/078.bin;0x108AE;A9 32 C7 14;ドラゴニック・オーバーロード・ジ・エンド
ai/078.bin;0x108AE;9F 3C 4E 15; + %d
ai/078.bin;0x108AE;24 7A 2C 18;希望の火 エルモ
ai/078.bin;0x108AE;26 7B 30 1A;ネコ執事
ai/078.bin;0x108AE;8D 20 89 1A;AI未設定 : %s %d
ai/078.bin;0x108AE;81 A1 62 1C;バーニングホーン・ドラゴン
ai/078.bin;0x108AE;95 31 10 1D;封竜 カルゼ
ai/078.bin;0x108AE;49 58 50 21;次元ロボ ダイジェット
ai/078.bin;0x108AE;8E BC BB 21;  シールドの目標値 : 
ai/078.bin;0x108AE;50 41 74 23;希望の子 トゥルエル
ai/078.bin;0x108AE;39 5F 97 27;新鋭の騎士 ダヴィド
ai/078.bin;0x108AE;BE 51 F9 27;餓竜 バトルレックス
ai/078.bin;0x108AE;F7 2E E0 29;～%d
ai/078.bin;0x108AE;A6 8F 2A 2A;喧嘩屋 ファイティング・ドラコキッド
ai/078.bin;0x108AE;44 62 0C 2D;無音の射手 コンダクタンス
ai/078.bin;0x108AE;14 30 63 2D;!!!! AI ERROR !!!!\n  
ai/078.bin;0x108AE;EE 81 9E 32;豪腕拿捕の巨人兵
ai/078.bin;0x108AE;C5 4D EE 32;ブラスター・ダーク “Diablo”
ai/078.bin;0x108AE;F1 28 16 33;枚しか選んでいない
ai/078.bin;0x108AE;BC 1F 35 33;  ブースター : %s
ai/078.bin;0x108AE;79 9C 06 34;ドラゴンモンク ゲンジョウ
ai/078.bin;0x108AE;B8 BC F2 37;伏魔忍鬼 カガミジシ
ai/078.bin;0x108AE;6E 42 D6 38;AI(%d) : アタック情報
ai/078.bin;0x108AE;B3 AD 45 3A;ブラスター
ai/078.bin;0x108AE;03 D4 54 45; ヒットされない
ai/078.bin;0x108AE;2D 3A A7 45;AI(%d) : ガードステップ情報
ai/078.bin;0x108AE;2C A5 7B 4D;枚選択する必要があるが、
ai/078.bin;0x108AE;9F A5 E0 4F;ＣＥＯ アマテラス
ai/078.bin;0x108AE;34 F6 FD 50;ラーヴァフロウ・ドラゴン
ai/078.bin;0x108AE;3A D0 5B 51;メッチャバトラー ビクトール
ai/078.bin;0x108AE;A6 11 33 52;暗黒竜 ファントム・ブラスター “Diablo”
ai/078.bin;0x108AE;3C E0 6F 55;ドラゴニック・オーバーロード
ai/078.bin;0x108AE;DE C1 45 56;解放者
ai/078.bin;0x108AE;F7 6D 78 57;スタンプ・ラッコ
ai/078.bin;0x108AE;C5 AF 0D 60;真紅の伝承 メタトロン
ai/078.bin;0x108AE;31 E0 DC 62;ドラゴニック・オーバーロード “The X”
ai/078.bin;0x108AE;47 87 68 63;AI(%d) : 思考時間 %.3f秒 (行動カテゴリ:%d)
ai/078.bin;0x108AE;55 C8 81 63;  完全ガード : %d/%d枚
ai/078.bin;0x108AE;42 D7 DA 63;  ガーディアン候補
ai/078.bin;0x108AE;A4 F2 3B 64;煉獄竜 ペタルフレア・ドラコキッド
ai/078.bin;0x108AE;33 8E E7 69;Duo 理想の妹 メーア
ai/078.bin;0x108AE;B0 4A D0 6A;カラミティタワー・ワイバーン
ai/078.bin;0x108AE;E8 83 60 6B;デアデビル・サムラーイ
ai/078.bin;0x108AE;4B D4 AE 6B;  合計シールド : 
ai/078.bin;0x108AE;DC 4C 2C 6E;立春の花乙姫 プリマヴェーラ
ai/078.bin;0x108AE;11 E8 1D 70;神託の女王 ヒミコ
ai/078.bin;0x108AE;E4 FB 3C 72;蒼嵐候補生 アノス
ai/078.bin;0x108AE;29 EF C2 73;  対象(%d) : %s
ai/078.bin;0x108AE;54 9B A9 74;神龍騎士 ムスタファー
ai/078.bin;0x108AE;7C 3A 8B 81;解放者 バーニング・ブロー
ai/078.bin;0x108AE;DA 63 6D 85;次元ロボ ダイブレイブ
ai/078.bin;0x108AE;46 DE 4B 88;ダークメタル・ドラゴン
ai/078.bin;0x108AE;6A D5 6E 8A;カタナライザー
ai/078.bin;0x108AE;80 60 05 8C;槍の化身 ター
ai/078.bin;0x108AE;A0 D8 63 8D;大宇宙勇機 グランギャロップ
ai/078.bin;0x108AE;1F 10 24 8F;上
ai/078.bin;0x108AE;6C E6 93 8F;真黒の賢者 カロン
ai/078.bin;0x108AE;BB E2 E9 90;永劫不敗 アシュラ・カイザー
ai/078.bin;0x108AE;E1 26 37 94;魔竜戦鬼 チャトゥラ
ai/078.bin;0x108AE;6A 0F 95 94;  アタッカーのパワー : %d(%d)
ai/078.bin;0x108AE;7F BB 35 95;覇天皇竜 ドラゴニック・オーバーロード “The Ace”
ai/078.bin;0x108AE;17 6F DB 98;ドラゴンモンク ゴジョー
ai/078.bin;0x108AE;04 8F 22 99;ブルーレイ・ドラコキッド
ai/078.bin;0x108AE;0C DD 47 9B;バトルシスター ぱるふぇ
ai/078.bin;0x108AE;1A 2D D2 9C;マイスガード フォーマルハウト
ai/078.bin;0x108AE;69 08 3B A2;蒼波竜 テトラドライブ・ドラゴン
ai/078.bin;0x108AE;F1 51 AA A2;スチームファイター バリフ
ai/078.bin;0x108AE;A4 F3 D7 A7;  アタッカーのクリティカル : %d
ai/078.bin;0x108AE;BD FD F6 A7;メチャバトラー ランボール
ai/078.bin;0x108AE;9F 77 42 AC;フレアウィップ・ドラゴン
ai/078.bin;0x108AE;39 6A 36 B5;超鋼闘機 ヘヴィデューク
ai/078.bin;0x108AE;F7 48 21 B9;ドラゴンナイト ジャラール
ai/078.bin;0x108AE;88 EF 6D BC;イニグマン・トルネード
ai/078.bin;0x108AE;ED F8 CC BD;ファイナル・レンチ
ai/078.bin;0x108AE;11 9F 48 BE;修羅忍竜 ダラニコンゴウ
ai/078.bin;0x108AE;CF AA 4F C1;煉獄竜 ドラゴニック・ネオフレイム
ai/078.bin;0x108AE;7C 17 CE C1;ラナンキュラスの花乙女 アーシャ
ai/078.bin;0x108AE;15 6E A2 C8;ウィステリアナイト
ai/078.bin;0x108AE;AB 51 A7 CB;AI(%d) : レシピ (フラグ:%08x)
ai/078.bin;0x108AE;D7 DA C1 D6;AI(%d) : 思考開始 (行動カテゴリ:%d)
ai/078.bin;0x108AE;D3 27 A4 D7;ドラゴンナイト ネシャート
ai/078.bin;0x108AE;7C 46 0A D9;忍竜 ドレッドマスター
ai/078.bin;0x108AE;D6 A5 13 DC;ガトリングクロー・ドラゴン
ai/078.bin;0x108AE;6B 1D DB DC;マシニング・モスキート mkⅡ
ai/078.bin;0x108AE;69 E8 61 E1;オーバーロード
ai/078.bin;0x108AE;7D 1F 65 E6;獣神 ナイトジャッカル
ai/078.bin;0x108AE;57 CD 2E E8;    
ai/078.bin;0x108AE;CC 1A C6 E8;AI未設定 : attrib = %s
ai/078.bin;0x108AE;39 17 8B F0;星空の解放者 ギネヴィア
ai/078.bin;0x108AE;4B 16 BE F0;鋭気の騎士 エクター
ai/078.bin;0x108AE;BF 43 2B F1;  アタッカー : %s
ai/078.bin;0x108AE;27 25 50 F1;ベアダウン・サムラーイ
ai/078.bin;0x108AE;A8 00 B3 F2;煉獄皇竜 ドラゴニック・オーバーロード・ザ・グレート
ai/078.bin;0x108AE;FC B0 EB F6;清めの神器 ピュア・エンジェル
ai/078.bin;0x108AE;89 20 23 F8;下
ai/078.bin;0x108AE;DD 4C B3 F8;ターン開始 AI(%d)
ai/078.bin;0x108AE;F5 33 74 F9;ドラゴニック・バーンアウト
ai/078.bin;0x108AE;D1 35 79 FB;プロテクトオーブ・ドラゴン
ai/079.bin;0x10638;DC A5 CF 01;  クインテットウォール : %d/%d枚
ai/079.bin;0x10638;51 5B 2F 06;ヘキサゴナル・メイガス
ai/079.bin;0x10638;DD 9F CC 07;蒼嵐竜 メイルストローム
ai/079.bin;0x10638;8D 9F AA 08;  シールドの要求値 : 
ai/079.bin;0x10638;76 AE E0 09;ドラゴニック・オーバーロード “The Яe-birth”
ai/079.bin;0x10638;02 DC 8B 0D;モーント・ブラウクリューガー
ai/079.bin;0x10638;6B A2 AF 0D;封竜 アートピケ
ai/079.bin;0x10638;B1 2D 5D 0E;  対象のパワー : %d(%d)%s
ai/079.bin;0x10638;24 A1 3B 11;ライジング・ライオネット
ai/079.bin;0x10638;CA 98 65 11;神界獣 フェンリル
ai/079.bin;0x10638;2F 96 22 12;ダンシング・ウルフ
ai/079.bin;0x10638;2F CE 1C 13;花占いの女神 サクヤ
ai/079.bin;0x10638;9F 3C 4E 15; + %d
ai/079.bin;0x10638;24 7A 2C 18;希望の火 エルモ
ai/079.bin;0x10638;8A E5 A7 19;バーサーク・ドラゴン
ai/079.bin;0x10638;26 7B 30 1A;ネコ執事
ai/079.bin;0x10638;8D 20 89 1A;AI未設定 : %s %d
ai/079.bin;0x10638;95 31 10 1D;封竜 カルゼ
ai/079.bin;0x10638;43 68 8A 1D;ドラゴンナイト ネハーレン
ai/079.bin;0x10638;49 58 50 21;次元ロボ ダイジェット
ai/079.bin;0x10638;8E BC BB 21;  シールドの目標値 : 
ai/079.bin;0x10638;50 41 74 23;希望の子 トゥルエル
ai/079.bin;0x10638;39 5F 97 27;新鋭の騎士 ダヴィド
ai/079.bin;0x10638;BE 51 F9 27;餓竜 バトルレックス
ai/079.bin;0x10638;94 D5 05 29;ヌーベルクリティック・ドラゴン
ai/079.bin;0x10638;F7 2E E0 29;～%d
ai/079.bin;0x10638;A6 8F 2A 2A;喧嘩屋 ファイティング・ドラコキッド
ai/079.bin;0x10638;44 62 0C 2D;無音の射手 コンダクタンス
ai/079.bin;0x10638;14 30 63 2D;!!!! AI ERROR !!!!\n  
ai/079.bin;0x10638;EE 81 9E 32;豪腕拿捕の巨人兵
ai/079.bin;0x10638;C5 4D EE 32;ブラスター・ダーク “Diablo”
ai/079.bin;0x10638;F1 28 16 33;枚しか選んでいない
ai/079.bin;0x10638;BC 1F 35 33;  ブースター : %s
ai/079.bin;0x10638;79 9C 06 34;ドラゴンモンク ゲンジョウ
ai/079.bin;0x10638;B8 BC F2 37;伏魔忍鬼 カガミジシ
ai/079.bin;0x10638;6E 42 D6 38;AI(%d) : アタック情報
ai/079.bin;0x10638;B3 AD 45 3A;ブラスター
ai/079.bin;0x10638;03 D4 54 45; ヒットされない
ai/079.bin;0x10638;2D 3A A7 45;AI(%d) : ガードステップ情報
ai/079.bin;0x10638;2C A5 7B 4D;枚選択する必要があるが、
ai/079.bin;0x10638;9F A5 E0 4F;ＣＥＯ アマテラス
ai/079.bin;0x10638;3A D0 5B 51;メッチャバトラー ビクトール
ai/079.bin;0x10638;A6 11 33 52;暗黒竜 ファントム・ブラスター “Diablo”
ai/079.bin;0x10638;3C E0 6F 55;ドラゴニック・オーバーロード
ai/079.bin;0x10638;DE C1 45 56;解放者
ai/079.bin;0x10638;F7 6D 78 57;スタンプ・ラッコ
ai/079.bin;0x10638;10 8E 4A 5E;レッドパルス・ドラコキッド
ai/079.bin;0x10638;C5 AF 0D 60;真紅の伝承 メタトロン
ai/079.bin;0x10638;47 87 68 63;AI(%d) : 思考時間 %.3f秒 (行動カテゴリ:%d)
ai/079.bin;0x10638;55 C8 81 63;  完全ガード : %d/%d枚
ai/079.bin;0x10638;42 D7 DA 63;  ガーディアン候補
ai/079.bin;0x10638;33 8E E7 69;Duo 理想の妹 メーア
ai/079.bin;0x10638;B0 4A D0 6A;カラミティタワー・ワイバーン
ai/079.bin;0x10638;E8 83 60 6B;デアデビル・サムラーイ
ai/079.bin;0x10638;4B D4 AE 6B;  合計シールド : 
ai/079.bin;0x10638;DC 4C 2C 6E;立春の花乙姫 プリマヴェーラ
ai/079.bin;0x10638;11 E8 1D 70;神託の女王 ヒミコ
ai/079.bin;0x10638;E4 FB 3C 72;蒼嵐候補生 アノス
ai/079.bin;0x10638;29 EF C2 73;  対象(%d) : %s
ai/079.bin;0x10638;54 9B A9 74;神龍騎士 ムスタファー
ai/079.bin;0x10638;13 5B BA 77;超越龍 ドラゴニック・ヌーベルバーグ
ai/079.bin;0x10638;7C 3A 8B 81;解放者 バーニング・ブロー
ai/079.bin;0x10638;DA 63 6D 85;次元ロボ ダイブレイブ
ai/079.bin;0x10638;46 DE 4B 88;ダークメタル・ドラゴン
ai/079.bin;0x10638;6A D5 6E 8A;カタナライザー
ai/079.bin;0x10638;80 60 05 8C;槍の化身 ター
ai/079.bin;0x10638;A0 D8 63 8D;大宇宙勇機 グランギャロップ
ai/079.bin;0x10638;1F 10 24 8F;上
ai/079.bin;0x10638;6C E6 93 8F;真黒の賢者 カロン
ai/079.bin;0x10638;BB E2 E9 90;永劫不敗 アシュラ・カイザー
ai/079.bin;0x10638;E1 26 37 94;魔竜戦鬼 チャトゥラ
ai/079.bin;0x10638;6A 0F 95 94;  アタッカーのパワー : %d(%d)
ai/079.bin;0x10638;7F BB 35 95;覇天皇竜 ドラゴニック・オーバーロード “The Ace”
ai/079.bin;0x10638;CC 6A 8B 98;神龍騎士 マフムード
ai/079.bin;0x10638;17 6F DB 98;ドラゴンモンク ゴジョー
ai/079.bin;0x10638;04 8F 22 99;ブルーレイ・ドラコキッド
ai/079.bin;0x10638;83 1D DA 99;ドーントレスドライブ・ドラゴン
ai/079.bin;0x10638;0C DD 47 9B;バトルシスター ぱるふぇ
ai/079.bin;0x10638;1A 2D D2 9C;マイスガード フォーマルハウト
ai/079.bin;0x10638;69 08 3B A2;蒼波竜 テトラドライブ・ドラゴン
ai/079.bin;0x10638;F1 51 AA A2;スチームファイター バリフ
ai/079.bin;0x10638;A4 F3 D7 A7;  アタッカーのクリティカル : %d
ai/079.bin;0x10638;BD FD F6 A7;メチャバトラー ランボール
ai/079.bin;0x10638;9F 77 42 AC;フレアウィップ・ドラゴン
ai/079.bin;0x10638;AF 71 F0 AE;封竜の精霊 ムルキベル
ai/079.bin;0x10638;39 6A 36 B5;超鋼闘機 ヘヴィデューク
ai/079.bin;0x10638;F7 48 21 B9;ドラゴンナイト ジャラール
ai/079.bin;0x10638;88 EF 6D BC;イニグマン・トルネード
ai/079.bin;0x10638;ED F8 CC BD;ファイナル・レンチ
ai/079.bin;0x10638;11 9F 48 BE;修羅忍竜 ダラニコンゴウ
ai/079.bin;0x10638;CF AA 4F C1;煉獄竜 ドラゴニック・ネオフレイム
ai/079.bin;0x10638;7C 17 CE C1;ラナンキュラスの花乙女 アーシャ
ai/079.bin;0x10638;15 6E A2 C8;ウィステリアナイト
ai/079.bin;0x10638;AB 51 A7 CB;AI(%d) : レシピ (フラグ:%08x)
ai/079.bin;0x10638;D7 DA C1 D6;AI(%d) : 思考開始 (行動カテゴリ:%d)
ai/079.bin;0x10638;D3 27 A4 D7;ドラゴンナイト ネシャート
ai/079.bin;0x10638;7C 46 0A D9;忍竜 ドレッドマスター
ai/079.bin;0x10638;6B 1D DB DC;マシニング・モスキート mkⅡ
ai/079.bin;0x10638;3E 9C 7B DF;ヌーベルロマン・ドラゴン
ai/079.bin;0x10638;69 E8 61 E1;オーバーロード
ai/079.bin;0x10638;7D 1F 65 E6;獣神 ナイトジャッカル
ai/079.bin;0x10638;57 CD 2E E8;    
ai/079.bin;0x10638;CC 1A C6 E8;AI未設定 : attrib = %s
ai/079.bin;0x10638;39 17 8B F0;星空の解放者 ギネヴィア
ai/079.bin;0x10638;4B 16 BE F0;鋭気の騎士 エクター
ai/079.bin;0x10638;BF 43 2B F1;  アタッカー : %s
ai/079.bin;0x10638;27 25 50 F1;ベアダウン・サムラーイ
ai/079.bin;0x10638;FC B0 EB F6;清めの神器 ピュア・エンジェル
ai/079.bin;0x10638;89 20 23 F8;下
ai/079.bin;0x10638;DD 4C B3 F8;ターン開始 AI(%d)
ai/079.bin;0x10638;D1 35 79 FB;プロテクトオーブ・ドラゴン
ai/080.bin;0x10D0C;DC A5 CF 01;  クインテットウォール : %d/%d枚
ai/080.bin;0x10D0C;0D 8D 84 03;レックレス・エクスプレス
ai/080.bin;0x10D0C;51 5B 2F 06;ヘキサゴナル・メイガス
ai/080.bin;0x10D0C;DD 9F CC 07;蒼嵐竜 メイルストローム
ai/080.bin;0x10D0C;8D 9F AA 08;  シールドの要求値 : 
ai/080.bin;0x10D0C;76 AE E0 09;ドラゴニック・オーバーロード “The Яe-birth”
ai/080.bin;0x10D0C;02 DC 8B 0D;モーント・ブラウクリューガー
ai/080.bin;0x10D0C;B1 2D 5D 0E;  対象のパワー : %d(%d)%s
ai/080.bin;0x10D0C;24 A1 3B 11;ライジング・ライオネット
ai/080.bin;0x10D0C;CA 98 65 11;神界獣 フェンリル
ai/080.bin;0x10D0C;2F 96 22 12;ダンシング・ウルフ
ai/080.bin;0x10D0C;2F CE 1C 13;花占いの女神 サクヤ
ai/080.bin;0x10D0C;9F 3C 4E 15; + %d
ai/080.bin;0x10D0C;26 7B 30 1A;ネコ執事
ai/080.bin;0x10D0C;8D 20 89 1A;AI未設定 : %s %d
ai/080.bin;0x10D0C;49 58 50 21;次元ロボ ダイジェット
ai/080.bin;0x10D0C;8E BC BB 21;  シールドの目標値 : 
ai/080.bin;0x10D0C;76 10 32 22;サイレンス・ジョーカー
ai/080.bin;0x10D0C;50 41 74 23;希望の子 トゥルエル
ai/080.bin;0x10D0C;07 0C D9 24;ダッドリー・ファントム
ai/080.bin;0x10D0C;39 5F 97 27;新鋭の騎士 ダヴィド
ai/080.bin;0x10D0C;BE 51 F9 27;餓竜 バトルレックス
ai/080.bin;0x10D0C;F7 2E E0 29;～%d
ai/080.bin;0x10D0C;A6 8F 2A 2A;喧嘩屋 ファイティング・ドラコキッド
ai/080.bin;0x10D0C;44 62 0C 2D;無音の射手 コンダクタンス
ai/080.bin;0x10D0C;14 30 63 2D;!!!! AI ERROR !!!!\n  
ai/080.bin;0x10D0C;EE 81 9E 32;豪腕拿捕の巨人兵
ai/080.bin;0x10D0C;C5 4D EE 32;ブラスター・ダーク “Diablo”
ai/080.bin;0x10D0C;F1 28 16 33;枚しか選んでいない
ai/080.bin;0x10D0C;BC 1F 35 33;  ブースター : %s
ai/080.bin;0x10D0C;B8 BC F2 37;伏魔忍鬼 カガミジシ
ai/080.bin;0x10D0C;6E 42 D6 38;AI(%d) : アタック情報
ai/080.bin;0x10D0C;B3 AD 45 3A;ブラスター
ai/080.bin;0x10D0C;E2 D5 56 3C;チャージング・ビル・コレクター
ai/080.bin;0x10D0C;03 D4 54 45; ヒットされない
ai/080.bin;0x10D0C;2D 3A A7 45;AI(%d) : ガードステップ情報
ai/080.bin;0x10D0C;2C A5 7B 4D;枚選択する必要があるが、
ai/080.bin;0x10D0C;62 F2 40 4E;グレイトフル・カタパルト
ai/080.bin;0x10D0C;9F A5 E0 4F;ＣＥＯ アマテラス
ai/080.bin;0x10D0C;3A D0 5B 51;メッチャバトラー ビクトール
ai/080.bin;0x10D0C;A6 11 33 52;暗黒竜 ファントム・ブラスター “Diablo”
ai/080.bin;0x10D0C;3C E0 6F 55;ドラゴニック・オーバーロード
ai/080.bin;0x10D0C;DE C1 45 56;解放者
ai/080.bin;0x10D0C;F7 6D 78 57;スタンプ・ラッコ
ai/080.bin;0x10D0C;C5 AF 0D 60;真紅の伝承 メタトロン
ai/080.bin;0x10D0C;47 87 68 63;AI(%d) : 思考時間 %.3f秒 (行動カテゴリ:%d)
ai/080.bin;0x10D0C;55 C8 81 63;  完全ガード : %d/%d枚
ai/080.bin;0x10D0C;42 D7 DA 63;  ガーディアン候補
ai/080.bin;0x10D0C;33 8E E7 69;Duo 理想の妹 メーア
ai/080.bin;0x10D0C;E8 83 60 6B;デアデビル・サムラーイ
ai/080.bin;0x10D0C;4B D4 AE 6B;  合計シールド : 
ai/080.bin;0x10D0C;DC 4C 2C 6E;立春の花乙姫 プリマヴェーラ
ai/080.bin;0x10D0C;11 E8 1D 70;神託の女王 ヒミコ
ai/080.bin;0x10D0C;E4 FB 3C 72;蒼嵐候補生 アノス
ai/080.bin;0x10D0C;29 EF C2 73;  対象(%d) : %s
ai/080.bin;0x10D0C;FD 97 60 7C;ハイスピード・ブラッキー
ai/080.bin;0x10D0C;7C 3A 8B 81;解放者 バーニング・ブロー
ai/080.bin;0x10D0C;66 F7 3E 85;至宝 ブラックパンサー
ai/080.bin;0x10D0C;DA 63 6D 85;次元ロボ ダイブレイブ
ai/080.bin;0x10D0C;46 DE 4B 88;ダークメタル・ドラゴン
ai/080.bin;0x10D0C;6A D5 6E 8A;カタナライザー
ai/080.bin;0x10D0C;A0 D8 63 8D;大宇宙勇機 グランギャロップ
ai/080.bin;0x10D0C;1F 10 24 8F;上
ai/080.bin;0x10D0C;6C E6 93 8F;真黒の賢者 カロン
ai/080.bin;0x10D0C;EF 2A 42 90;チアガール ティアラ
ai/080.bin;0x10D0C;BB E2 E9 90;永劫不敗 アシュラ・カイザー
ai/080.bin;0x10D0C;E1 26 37 94;魔竜戦鬼 チャトゥラ
ai/080.bin;0x10D0C;6A 0F 95 94;  アタッカーのパワー : %d(%d)
ai/080.bin;0x10D0C;7F BB 35 95;覇天皇竜 ドラゴニック・オーバーロード “The Ace”
ai/080.bin;0x10D0C;E1 3B 61 98;猛将 ザカリー
ai/080.bin;0x10D0C;0C DD 47 9B;バトルシスター ぱるふぇ
ai/080.bin;0x10D0C;1A 2D D2 9C;マイスガード フォーマルハウト
ai/080.bin;0x10D0C;CA 30 36 9F;指揮官 ゲイリー・ギャノン
ai/080.bin;0x10D0C;E5 64 0C A0;ソニック・ブレイカー
ai/080.bin;0x10D0C;69 08 3B A2;蒼波竜 テトラドライブ・ドラゴン
ai/080.bin;0x10D0C;F1 51 AA A2;スチームファイター バリフ
ai/080.bin;0x10D0C;75 25 67 A7;神速 フラッシュ・ブルース
ai/080.bin;0x10D0C;A4 F3 D7 A7;  アタッカーのクリティカル : %d
ai/080.bin;0x10D0C;BD FD F6 A7;メチャバトラー ランボール
ai/080.bin;0x10D0C;9F 77 42 AC;フレアウィップ・ドラゴン
ai/080.bin;0x10D0C;39 6A 36 B5;超鋼闘機 ヘヴィデューク
ai/080.bin;0x10D0C;F7 48 21 B9;ドラゴンナイト ジャラール
ai/080.bin;0x10D0C;88 EF 6D BC;イニグマン・トルネード
ai/080.bin;0x10D0C;ED F8 CC BD;ファイナル・レンチ
ai/080.bin;0x10D0C;11 9F 48 BE;修羅忍竜 ダラニコンゴウ
ai/080.bin;0x10D0C;E0 36 7A BF;恐怖政治 テルミドール
ai/080.bin;0x10D0C;CF AA 4F C1;煉獄竜 ドラゴニック・ネオフレイム
ai/080.bin;0x10D0C;7C 17 CE C1;ラナンキュラスの花乙女 アーシャ
ai/080.bin;0x10D0C;77 99 BB C5;ミラクルエレメント アトモス
ai/080.bin;0x10D0C;15 6E A2 C8;ウィステリアナイト
ai/080.bin;0x10D0C;AB 51 A7 CB;AI(%d) : レシピ (フラグ:%08x)
ai/080.bin;0x10D0C;41 5E 04 CF;ワンダー・ボーイ
ai/080.bin;0x10D0C;74 62 BC D2;フィールド・ドリラー
ai/080.bin;0x10D0C;41 F6 55 D5;ジャガーノート・マキシマム
ai/080.bin;0x10D0C;D7 DA C1 D6;AI(%d) : 思考開始 (行動カテゴリ:%d)
ai/080.bin;0x10D0C;7C 46 0A D9;忍竜 ドレッドマスター
ai/080.bin;0x10D0C;6B 1D DB DC;マシニング・モスキート mkⅡ
ai/080.bin;0x10D0C;69 E8 61 E1;オーバーロード
ai/080.bin;0x10D0C;7D 1F 65 E6;獣神 ナイトジャッカル
ai/080.bin;0x10D0C;26 84 FF E6;バッドエンド・ドラッガー
ai/080.bin;0x10D0C;57 CD 2E E8;    
ai/080.bin;0x10D0C;CC 1A C6 E8;AI未設定 : attrib = %s
ai/080.bin;0x10D0C;DC 5C 61 E9;マシンガン・グロリア
ai/080.bin;0x10D0C;EE 28 FE E9;陽気なリンクス
ai/080.bin;0x10D0C;39 17 8B F0;星空の解放者 ギネヴィア
ai/080.bin;0x10D0C;4B 16 BE F0;鋭気の騎士 エクター
ai/080.bin;0x10D0C;BF 43 2B F1;  アタッカー : %s
ai/080.bin;0x10D0C;27 25 50 F1;ベアダウン・サムラーイ
ai/080.bin;0x10D0C;FC B0 EB F6;清めの神器 ピュア・エンジェル
ai/080.bin;0x10D0C;89 20 23 F8;下
ai/080.bin;0x10D0C;DD 4C B3 F8;ターン開始 AI(%d)
ai/080.bin;0x10D0C;9B 56 BF F8;チアガール マリリン
ai/081.bin;0xFB7A;DC A5 CF 01;  クインテットウォール : %d/%d枚
ai/081.bin;0xFB7A;51 5B 2F 06;ヘキサゴナル・メイガス
ai/081.bin;0xFB7A;DD 9F CC 07;蒼嵐竜 メイルストローム
ai/081.bin;0xFB7A;8D 9F AA 08;  シールドの要求値 : 
ai/081.bin;0xFB7A;76 AE E0 09;ドラゴニック・オーバーロード “The Яe-birth”
ai/081.bin;0xFB7A;02 DC 8B 0D;モーント・ブラウクリューガー
ai/081.bin;0xFB7A;B1 2D 5D 0E;  対象のパワー : %d(%d)%s
ai/081.bin;0xFB7A;24 A1 3B 11;ライジング・ライオネット
ai/081.bin;0xFB7A;CA 98 65 11;神界獣 フェンリル
ai/081.bin;0xFB7A;2F 96 22 12;ダンシング・ウルフ
ai/081.bin;0xFB7A;2F CE 1C 13;花占いの女神 サクヤ
ai/081.bin;0xFB7A;9F 3C 4E 15; + %d
ai/081.bin;0xFB7A;DA 5D 26 16;古代竜 イグアノゴーグ
ai/081.bin;0xFB7A;26 7B 30 1A;ネコ執事
ai/081.bin;0xFB7A;8D 20 89 1A;AI未設定 : %s %d
ai/081.bin;0xFB7A;49 58 50 21;次元ロボ ダイジェット
ai/081.bin;0xFB7A;8E BC BB 21;  シールドの目標値 : 
ai/081.bin;0xFB7A;50 41 74 23;希望の子 トゥルエル
ai/081.bin;0xFB7A;39 5F 97 27;新鋭の騎士 ダヴィド
ai/081.bin;0xFB7A;BE 51 F9 27;餓竜 バトルレックス
ai/081.bin;0xFB7A;BA 07 B6 29;古代竜 ティラノレジェンド
ai/081.bin;0xFB7A;F7 2E E0 29;～%d
ai/081.bin;0xFB7A;A6 8F 2A 2A;喧嘩屋 ファイティング・ドラコキッド
ai/081.bin;0xFB7A;44 62 0C 2D;無音の射手 コンダクタンス
ai/081.bin;0xFB7A;14 30 63 2D;!!!! AI ERROR !!!!\n  
ai/081.bin;0xFB7A;C0 E5 C9 2F;古代竜 ディノダイル
ai/081.bin;0xFB7A;EE 81 9E 32;豪腕拿捕の巨人兵
ai/081.bin;0xFB7A;C5 4D EE 32;ブラスター・ダーク “Diablo”
ai/081.bin;0xFB7A;F1 28 16 33;枚しか選んでいない
ai/081.bin;0xFB7A;BC 1F 35 33;  ブースター : %s
ai/081.bin;0xFB7A;B8 BC F2 37;伏魔忍鬼 カガミジシ
ai/081.bin;0xFB7A;6E 42 D6 38;AI(%d) : アタック情報
ai/081.bin;0xFB7A;B3 AD 45 3A;ブラスター
ai/081.bin;0xFB7A;B4 1A DF 43;古代竜 ガトリングアロ
ai/081.bin;0xFB7A;03 D4 54 45; ヒットされない
ai/081.bin;0xFB7A;2D 3A A7 45;AI(%d) : ガードステップ情報
ai/081.bin;0xFB7A;ED 57 00 4D;古代竜 オルニトヒーラー
ai/081.bin;0xFB7A;2C A5 7B 4D;枚選択する必要があるが、
ai/081.bin;0xFB7A;9F A5 E0 4F;ＣＥＯ アマテラス
ai/081.bin;0xFB7A;3A D0 5B 51;メッチャバトラー ビクトール
ai/081.bin;0xFB7A;A6 11 33 52;暗黒竜 ファントム・ブラスター “Diablo”
ai/081.bin;0xFB7A;3C E0 6F 55;ドラゴニック・オーバーロード
ai/081.bin;0xFB7A;DE C1 45 56;解放者
ai/081.bin;0xFB7A;F7 6D 78 57;スタンプ・ラッコ
ai/081.bin;0xFB7A;C5 AF 0D 60;真紅の伝承 メタトロン
ai/081.bin;0xFB7A;89 62 DF 62;古代竜 ディノクラウド
ai/081.bin;0xFB7A;47 87 68 63;AI(%d) : 思考時間 %.3f秒 (行動カテゴリ:%d)
ai/081.bin;0xFB7A;55 C8 81 63;  完全ガード : %d/%d枚
ai/081.bin;0xFB7A;42 D7 DA 63;  ガーディアン候補
ai/081.bin;0xFB7A;33 8E E7 69;Duo 理想の妹 メーア
ai/081.bin;0xFB7A;E8 83 60 6B;デアデビル・サムラーイ
ai/081.bin;0xFB7A;4B D4 AE 6B;  合計シールド : 
ai/081.bin;0xFB7A;DC 4C 2C 6E;立春の花乙姫 プリマヴェーラ
ai/081.bin;0xFB7A;88 DD 98 6F;フォートレス・アンモナイト
ai/081.bin;0xFB7A;11 E8 1D 70;神託の女王 ヒミコ
ai/081.bin;0xFB7A;E4 FB 3C 72;蒼嵐候補生 アノス
ai/081.bin;0xFB7A;29 EF C2 73;  対象(%d) : %s
ai/081.bin;0xFB7A;7C 3A 8B 81;解放者 バーニング・ブロー
ai/081.bin;0xFB7A;DA 63 6D 85;次元ロボ ダイブレイブ
ai/081.bin;0xFB7A;46 DE 4B 88;ダークメタル・ドラゴン
ai/081.bin;0xFB7A;7C 73 B2 89;古代竜 スピノドライバー
ai/081.bin;0xFB7A;6A D5 6E 8A;カタナライザー
ai/081.bin;0xFB7A;A0 D8 63 8D;大宇宙勇機 グランギャロップ
ai/081.bin;0xFB7A;1F 10 24 8F;上
ai/081.bin;0xFB7A;6C E6 93 8F;真黒の賢者 カロン
ai/081.bin;0xFB7A;BB E2 E9 90;永劫不敗 アシュラ・カイザー
ai/081.bin;0xFB7A;E1 26 37 94;魔竜戦鬼 チャトゥラ
ai/081.bin;0xFB7A;6A 0F 95 94;  アタッカーのパワー : %d(%d)
ai/081.bin;0xFB7A;7F BB 35 95;覇天皇竜 ドラゴニック・オーバーロード “The Ace”
ai/081.bin;0xFB7A;0C DD 47 9B;バトルシスター ぱるふぇ
ai/081.bin;0xFB7A;1A 2D D2 9C;マイスガード フォーマルハウト
ai/081.bin;0xFB7A;05 DD 4A 9F;古代竜 パラスウォール
ai/081.bin;0xFB7A;69 08 3B A2;蒼波竜 テトラドライブ・ドラゴン
ai/081.bin;0xFB7A;F1 51 AA A2;スチームファイター バリフ
ai/081.bin;0xFB7A;A4 F3 D7 A7;  アタッカーのクリティカル : %d
ai/081.bin;0xFB7A;BD FD F6 A7;メチャバトラー ランボール
ai/081.bin;0xFB7A;9F 77 42 AC;フレアウィップ・ドラゴン
ai/081.bin;0xFB7A;39 6A 36 B5;超鋼闘機 ヘヴィデューク
ai/081.bin;0xFB7A;B6 B1 C8 B5;破壊暴君 アークレイダー
ai/081.bin;0xFB7A;57 64 F5 B6;古代竜 ティラノブレイズ
ai/081.bin;0xFB7A;F7 48 21 B9;ドラゴンナイト ジャラール
ai/081.bin;0xFB7A;88 EF 6D BC;イニグマン・トルネード
ai/081.bin;0xFB7A;ED F8 CC BD;ファイナル・レンチ
ai/081.bin;0xFB7A;11 9F 48 BE;修羅忍竜 ダラニコンゴウ
ai/081.bin;0xFB7A;D8 73 4F BE;古代竜 クリオロフォール
ai/081.bin;0xFB7A;CF AA 4F C1;煉獄竜 ドラゴニック・ネオフレイム
ai/081.bin;0xFB7A;7C 17 CE C1;ラナンキュラスの花乙女 アーシャ
ai/081.bin;0xFB7A;93 9A 39 C4;古代竜の炎術巫女
ai/081.bin;0xFB7A;15 6E A2 C8;ウィステリアナイト
ai/081.bin;0xFB7A;AB 51 A7 CB;AI(%d) : レシピ (フラグ:%08x)
ai/081.bin;0xFB7A;D7 DA C1 D6;AI(%d) : 思考開始 (行動カテゴリ:%d)
ai/081.bin;0xFB7A;7C 46 0A D9;忍竜 ドレッドマスター
ai/081.bin;0xFB7A;6B 1D DB DC;マシニング・モスキート mkⅡ
ai/081.bin;0xFB7A;69 E8 61 E1;オーバーロード
ai/081.bin;0xFB7A;C3 20 D6 E1;超古代竜 パーリータイタン
ai/081.bin;0xFB7A;23 AA 54 E3;古代竜 ビームアンキロ
ai/081.bin;0xFB7A;7D 1F 65 E6;獣神 ナイトジャッカル
ai/081.bin;0xFB7A;57 CD 2E E8;    
ai/081.bin;0xFB7A;CC 1A C6 E8;AI未設定 : attrib = %s
ai/081.bin;0xFB7A;39 17 8B F0;星空の解放者 ギネヴィア
ai/081.bin;0xFB7A;4B 16 BE F0;鋭気の騎士 エクター
ai/081.bin;0xFB7A;BF 43 2B F1;  アタッカー : %s
ai/081.bin;0xFB7A;27 25 50 F1;ベアダウン・サムラーイ
ai/081.bin;0xFB7A;FC B0 EB F6;清めの神器 ピュア・エンジェル
ai/081.bin;0xFB7A;A7 D5 C5 F7;古代竜 ベビーレックス
ai/081.bin;0xFB7A;89 20 23 F8;下
ai/081.bin;0xFB7A;7F 61 55 F8;古代竜 タイタノカーゴ
ai/081.bin;0xFB7A;DD 4C B3 F8;ターン開始 AI(%d)
ai/082.bin;0x1009B;DC A5 CF 01;  クインテットウォール : %d/%d枚
ai/082.bin;0x1009B;5C 9A 60 05;メチャバトラー ガンゾック
ai/082.bin;0x1009B;51 5B 2F 06;ヘキサゴナル・メイガス
ai/082.bin;0x1009B;DD 9F CC 07;蒼嵐竜 メイルストローム
ai/082.bin;0x1009B;8D 9F AA 08;  シールドの要求値 : 
ai/082.bin;0x1009B;76 AE E0 09;ドラゴニック・オーバーロード “The Яe-birth”
ai/082.bin;0x1009B;B0 5E 99 0B;闘神 アシュラ・カイザー
ai/082.bin;0x1009B;02 DC 8B 0D;モーント・ブラウクリューガー
ai/082.bin;0x1009B;B1 2D 5D 0E;  対象のパワー : %d(%d)%s
ai/082.bin;0x1009B;24 A1 3B 11;ライジング・ライオネット
ai/082.bin;0x1009B;CA 98 65 11;神界獣 フェンリル
ai/082.bin;0x1009B;2F 96 22 12;ダンシング・ウルフ
ai/082.bin;0x1009B;2F CE 1C 13;花占いの女神 サクヤ
ai/082.bin;0x1009B;9F 3C 4E 15; + %d
ai/082.bin;0x1009B;26 7B 30 1A;ネコ執事
ai/082.bin;0x1009B;8D 20 89 1A;AI未設定 : %s %d
ai/082.bin;0x1009B;49 58 50 21;次元ロボ ダイジェット
ai/082.bin;0x1009B;8E BC BB 21;  シールドの目標値 : 
ai/082.bin;0x1009B;50 41 74 23;希望の子 トゥルエル
ai/082.bin;0x1009B;74 67 72 24;ドローン男爵
ai/082.bin;0x1009B;39 5F 97 27;新鋭の騎士 ダヴィド
ai/082.bin;0x1009B;BE 51 F9 27;餓竜 バトルレックス
ai/082.bin;0x1009B;F7 2E E0 29;～%d
ai/082.bin;0x1009B;A6 8F 2A 2A;喧嘩屋 ファイティング・ドラコキッド
ai/082.bin;0x1009B;44 62 0C 2D;無音の射手 コンダクタンス
ai/082.bin;0x1009B;14 30 63 2D;!!!! AI ERROR !!!!\n  
ai/082.bin;0x1009B;EE 81 9E 32;豪腕拿捕の巨人兵
ai/082.bin;0x1009B;E5 C2 EB 32;エナジー・ガール
ai/082.bin;0x1009B;C5 4D EE 32;ブラスター・ダーク “Diablo”
ai/082.bin;0x1009B;F1 28 16 33;枚しか選んでいない
ai/082.bin;0x1009B;BC 1F 35 33;  ブースター : %s
ai/082.bin;0x1009B;B8 BC F2 37;伏魔忍鬼 カガミジシ
ai/082.bin;0x1009B;16 F9 26 38;ラウンドガール アイ
ai/082.bin;0x1009B;6E 42 D6 38;AI(%d) : アタック情報
ai/082.bin;0x1009B;55 9E CC 39;メチャバトラー アラシード
ai/082.bin;0x1009B;B3 AD 45 3A;ブラスター
ai/082.bin;0x1009B;03 D4 54 45; ヒットされない
ai/082.bin;0x1009B;2D 3A A7 45;AI(%d) : ガードステップ情報
ai/082.bin;0x1009B;2C A5 7B 4D;枚選択する必要があるが、
ai/082.bin;0x1009B;9F A5 E0 4F;ＣＥＯ アマテラス
ai/082.bin;0x1009B;3A D0 5B 51;メッチャバトラー ビクトール
ai/082.bin;0x1009B;A6 11 33 52;暗黒竜 ファントム・ブラスター “Diablo”
ai/082.bin;0x1009B;3C E0 6F 55;ドラゴニック・オーバーロード
ai/082.bin;0x1009B;DE C1 45 56;解放者
ai/082.bin;0x1009B;F7 6D 78 57;スタンプ・ラッコ
ai/082.bin;0x1009B;23 0A A9 5B;ホワイト・ハンク
ai/082.bin;0x1009B;C5 AF 0D 60;真紅の伝承 メタトロン
ai/082.bin;0x1009B;47 87 68 63;AI(%d) : 思考時間 %.3f秒 (行動カテゴリ:%d)
ai/082.bin;0x1009B;55 C8 81 63;  完全ガード : %d/%d枚
ai/082.bin;0x1009B;42 D7 DA 63;  ガーディアン候補
ai/082.bin;0x1009B;33 8E E7 69;Duo 理想の妹 メーア
ai/082.bin;0x1009B;E8 83 60 6B;デアデビル・サムラーイ
ai/082.bin;0x1009B;4B D4 AE 6B;  合計シールド : 
ai/082.bin;0x1009B;DC 4C 2C 6E;立春の花乙姫 プリマヴェーラ
ai/082.bin;0x1009B;11 E8 1D 70;神託の女王 ヒミコ
ai/082.bin;0x1009B;E4 FB 3C 72;蒼嵐候補生 アノス
ai/082.bin;0x1009B;29 EF C2 73;  対象(%d) : %s
ai/082.bin;0x1009B;7C 64 20 80;メチャバトラー ザンバーラ
ai/082.bin;0x1009B;7C 3A 8B 81;解放者 バーニング・ブロー
ai/082.bin;0x1009B;DA 63 6D 85;次元ロボ ダイブレイブ
ai/082.bin;0x1009B;46 DE 4B 88;ダークメタル・ドラゴン
ai/082.bin;0x1009B;6A D5 6E 8A;カタナライザー
ai/082.bin;0x1009B;A0 D8 63 8D;大宇宙勇機 グランギャロップ
ai/082.bin;0x1009B;1F 10 24 8F;上
ai/082.bin;0x1009B;6C E6 93 8F;真黒の賢者 カロン
ai/082.bin;0x1009B;BB E2 E9 90;永劫不敗 アシュラ・カイザー
ai/082.bin;0x1009B;E1 26 37 94;魔竜戦鬼 チャトゥラ
ai/082.bin;0x1009B;6A 0F 95 94;  アタッカーのパワー : %d(%d)
ai/082.bin;0x1009B;7F BB 35 95;覇天皇竜 ドラゴニック・オーバーロード “The Ace”
ai/082.bin;0x1009B;0C DD 47 9B;バトルシスター ぱるふぇ
ai/082.bin;0x1009B;1A 2D D2 9C;マイスガード フォーマルハウト
ai/082.bin;0x1009B;EA 65 55 9D;デスアーミー・レディ
ai/082.bin;0x1009B;69 08 3B A2;蒼波竜 テトラドライブ・ドラゴン
ai/082.bin;0x1009B;F1 51 AA A2;スチームファイター バリフ
ai/082.bin;0x1009B;A4 F3 D7 A7;  アタッカーのクリティカル : %d
ai/082.bin;0x1009B;BD FD F6 A7;メチャバトラー ランボール
ai/082.bin;0x1009B;9F 77 42 AC;フレアウィップ・ドラゴン
ai/082.bin;0x1009B;39 6A 36 B5;超鋼闘機 ヘヴィデューク
ai/082.bin;0x1009B;F7 48 21 B9;ドラゴンナイト ジャラール
ai/082.bin;0x1009B;88 EF 6D BC;イニグマン・トルネード
ai/082.bin;0x1009B;ED F8 CC BD;ファイナル・レンチ
ai/082.bin;0x1009B;11 9F 48 BE;修羅忍竜 ダラニコンゴウ
ai/082.bin;0x1009B;1D 17 4A BF;スターライト・ヘッジホッグ
ai/082.bin;0x1009B;CF AA 4F C1;煉獄竜 ドラゴニック・ネオフレイム
ai/082.bin;0x1009B;7C 17 CE C1;ラナンキュラスの花乙女 アーシャ
ai/082.bin;0x1009B;15 6E A2 C8;ウィステリアナイト
ai/082.bin;0x1009B;AB 51 A7 CB;AI(%d) : レシピ (フラグ:%08x)
ai/082.bin;0x1009B;32 32 45 D1;メテオカイザー ビクトプラズマ
ai/082.bin;0x1009B;A8 8C 78 D4;アシュラ・カイザー
ai/082.bin;0x1009B;D7 DA C1 D6;AI(%d) : 思考開始 (行動カテゴリ:%d)
ai/082.bin;0x1009B;7C 46 0A D9;忍竜 ドレッドマスター
ai/082.bin;0x1009B;6B 1D DB DC;マシニング・モスキート mkⅡ
ai/082.bin;0x1009B;15 DA 1B E1;メチャバトラー ケンドール
ai/082.bin;0x1009B;69 E8 61 E1;オーバーロード
ai/082.bin;0x1009B;7D 1F 65 E6;獣神 ナイトジャッカル
ai/082.bin;0x1009B;57 CD 2E E8;    
ai/082.bin;0x1009B;CC 1A C6 E8;AI未設定 : attrib = %s
ai/082.bin;0x1009B;DE CA B0 E9;レディ・サイクロン
ai/082.bin;0x1009B;39 17 8B F0;星空の解放者 ギネヴィア
ai/082.bin;0x1009B;4B 16 BE F0;鋭気の騎士 エクター
ai/082.bin;0x1009B;BF 43 2B F1;  アタッカー : %s
ai/082.bin;0x1009B;27 25 50 F1;ベアダウン・サムラーイ
ai/082.bin;0x1009B;52 B3 D1 F6;メテオカイザー ビクト・テン
ai/082.bin;0x1009B;FC B0 EB F6;清めの神器 ピュア・エンジェル
ai/082.bin;0x1009B;89 20 23 F8;下
ai/082.bin;0x1009B;DD 4C B3 F8;ターン開始 AI(%d)
ai/083.bin;0xF3B1;DC A5 CF 01;  クインテットウォール : %d/%d枚
ai/083.bin;0xF3B1;51 5B 2F 06;ヘキサゴナル・メイガス
ai/083.bin;0xF3B1;DD 9F CC 07;蒼嵐竜 メイルストローム
ai/083.bin;0xF3B1;8D 9F AA 08;  シールドの要求値 : 
ai/083.bin;0xF3B1;76 AE E0 09;ドラゴニック・オーバーロード “The Яe-birth”
ai/083.bin;0xF3B1;02 DC 8B 0D;モーント・ブラウクリューガー
ai/083.bin;0xF3B1;B1 2D 5D 0E;  対象のパワー : %d(%d)%s
ai/083.bin;0xF3B1;24 A1 3B 11;ライジング・ライオネット
ai/083.bin;0xF3B1;CA 98 65 11;神界獣 フェンリル
ai/083.bin;0xF3B1;2F 96 22 12;ダンシング・ウルフ
ai/083.bin;0xF3B1;2F CE 1C 13;花占いの女神 サクヤ
ai/083.bin;0xF3B1;9F 3C 4E 15; + %d
ai/083.bin;0xF3B1;26 7B 30 1A;ネコ執事
ai/083.bin;0xF3B1;CA 86 87 1A;忍妖 ザシキヒメ
ai/083.bin;0xF3B1;8D 20 89 1A;AI未設定 : %s %d
ai/083.bin;0xF3B1;49 58 50 21;次元ロボ ダイジェット
ai/083.bin;0xF3B1;8E BC BB 21;  シールドの目標値 : 
ai/083.bin;0xF3B1;50 41 74 23;希望の子 トゥルエル
ai/083.bin;0xF3B1;39 5F 97 27;新鋭の騎士 ダヴィド
ai/083.bin;0xF3B1;BE 51 F9 27;餓竜 バトルレックス
ai/083.bin;0xF3B1;F7 2E E0 29;～%d
ai/083.bin;0xF3B1;A6 8F 2A 2A;喧嘩屋 ファイティング・ドラコキッド
ai/083.bin;0xF3B1;44 62 0C 2D;無音の射手 コンダクタンス
ai/083.bin;0xF3B1;14 30 63 2D;!!!! AI ERROR !!!!\n  
ai/083.bin;0xF3B1;EE 81 9E 32;豪腕拿捕の巨人兵
ai/083.bin;0xF3B1;C5 4D EE 32;ブラスター・ダーク “Diablo”
ai/083.bin;0xF3B1;F1 28 16 33;枚しか選んでいない
ai/083.bin;0xF3B1;BC 1F 35 33;  ブースター : %s
ai/083.bin;0xF3B1;B8 BC F2 37;伏魔忍鬼 カガミジシ
ai/083.bin;0xF3B1;6E 42 D6 38;AI(%d) : アタック情報
ai/083.bin;0xF3B1;B3 AD 45 3A;ブラスター
ai/083.bin;0xF3B1;7A 0E 29 3F;修羅忍竜 クジキリコンゴウ
ai/083.bin;0xF3B1;03 D4 54 45; ヒットされない
ai/083.bin;0xF3B1;2D 3A A7 45;AI(%d) : ガードステップ情報
ai/083.bin;0xF3B1;2C A5 7B 4D;枚選択する必要があるが、
ai/083.bin;0xF3B1;9F A5 E0 4F;ＣＥＯ アマテラス
ai/083.bin;0xF3B1;3A D0 5B 51;メッチャバトラー ビクトール
ai/083.bin;0xF3B1;DA 39 74 51;忍竜 クロガネ
ai/083.bin;0xF3B1;A6 11 33 52;暗黒竜 ファントム・ブラスター “Diablo”
ai/083.bin;0xF3B1;3C E0 6F 55;ドラゴニック・オーバーロード
ai/083.bin;0xF3B1;DE C1 45 56;解放者
ai/083.bin;0xF3B1;F7 6D 78 57;スタンプ・ラッコ
ai/083.bin;0xF3B1;C5 AF 0D 60;真紅の伝承 メタトロン
ai/083.bin;0xF3B1;47 87 68 63;AI(%d) : 思考時間 %.3f秒 (行動カテゴリ:%d)
ai/083.bin;0xF3B1;55 C8 81 63;  完全ガード : %d/%d枚
ai/083.bin;0xF3B1;42 D7 DA 63;  ガーディアン候補
ai/083.bin;0xF3B1;33 8E E7 69;Duo 理想の妹 メーア
ai/083.bin;0xF3B1;E8 83 60 6B;デアデビル・サムラーイ
ai/083.bin;0xF3B1;4B D4 AE 6B;  合計シールド : 
ai/083.bin;0xF3B1;DC 4C 2C 6E;立春の花乙姫 プリマヴェーラ
ai/083.bin;0xF3B1;B9 C4 68 6E;忍獣 クロコ
ai/083.bin;0xF3B1;11 E8 1D 70;神託の女王 ヒミコ
ai/083.bin;0xF3B1;E4 FB 3C 72;蒼嵐候補生 アノス
ai/083.bin;0xF3B1;29 EF C2 73;  対象(%d) : %s
ai/083.bin;0xF3B1;B6 13 69 7D;忍獣 タマハガネ
ai/083.bin;0xF3B1;7C 3A 8B 81;解放者 バーニング・ブロー
ai/083.bin;0xF3B1;DA 63 6D 85;次元ロボ ダイブレイブ
ai/083.bin;0xF3B1;46 DE 4B 88;ダークメタル・ドラゴン
ai/083.bin;0xF3B1;6A D5 6E 8A;カタナライザー
ai/083.bin;0xF3B1;F5 79 93 8A;六道忍竜 ゲダツラカン
ai/083.bin;0xF3B1;A0 D8 63 8D;大宇宙勇機 グランギャロップ
ai/083.bin;0xF3B1;1F 10 24 8F;上
ai/083.bin;0xF3B1;6C E6 93 8F;真黒の賢者 カロン
ai/083.bin;0xF3B1;BB E2 E9 90;永劫不敗 アシュラ・カイザー
ai/083.bin;0xF3B1;E1 26 37 94;魔竜戦鬼 チャトゥラ
ai/083.bin;0xF3B1;6A 0F 95 94;  アタッカーのパワー : %d(%d)
ai/083.bin;0xF3B1;7F BB 35 95;覇天皇竜 ドラゴニック・オーバーロード “The Ace”
ai/083.bin;0xF3B1;5C DB 65 96;月下の忍鬼 サクラフブキ
ai/083.bin;0xF3B1;0C DD 47 9B;バトルシスター ぱるふぇ
ai/083.bin;0xF3B1;1A 2D D2 9C;マイスガード フォーマルハウト
ai/083.bin;0xF3B1;69 08 3B A2;蒼波竜 テトラドライブ・ドラゴン
ai/083.bin;0xF3B1;F1 51 AA A2;スチームファイター バリフ
ai/083.bin;0xF3B1;E8 1E 3A A6;修羅忍竜 カブキコンゴウ
ai/083.bin;0xF3B1;A4 F3 D7 A7;  アタッカーのクリティカル : %d
ai/083.bin;0xF3B1;BD FD F6 A7;メチャバトラー ランボール
ai/083.bin;0xF3B1;D0 B9 A1 AB;忍獣 ミジンガクレ
ai/083.bin;0xF3B1;9F 77 42 AC;フレアウィップ・ドラゴン
ai/083.bin;0xF3B1;76 08 F0 B3;忍妖 オオツヅラ
ai/083.bin;0xF3B1;39 6A 36 B5;超鋼闘機 ヘヴィデューク
ai/083.bin;0xF3B1;83 26 AA B5;千本太刀の忍鬼 オボロザクラ
ai/083.bin;0xF3B1;F7 48 21 B9;ドラゴンナイト ジャラール
ai/083.bin;0xF3B1;22 CC 1A BB;六道忍竜 ジョウルリラカン
ai/083.bin;0xF3B1;88 EF 6D BC;イニグマン・トルネード
ai/083.bin;0xF3B1;ED F8 CC BD;ファイナル・レンチ
ai/083.bin;0xF3B1;11 9F 48 BE;修羅忍竜 ダラニコンゴウ
ai/083.bin;0xF3B1;CF AA 4F C1;煉獄竜 ドラゴニック・ネオフレイム
ai/083.bin;0xF3B1;7C 17 CE C1;ラナンキュラスの花乙女 アーシャ
ai/083.bin;0xF3B1;15 6E A2 C8;ウィステリアナイト
ai/083.bin;0xF3B1;AB 51 A7 CB;AI(%d) : レシピ (フラグ:%08x)
ai/083.bin;0xF3B1;E7 A8 96 D6;嵐の忍鬼 フウキ
ai/083.bin;0xF3B1;D7 DA C1 D6;AI(%d) : 思考開始 (行動カテゴリ:%d)
ai/083.bin;0xF3B1;7C 46 0A D9;忍竜 ドレッドマスター
ai/083.bin;0xF3B1;6B 1D DB DC;マシニング・モスキート mkⅡ
ai/083.bin;0xF3B1;66 28 38 E1;忍妖 マシロモメン
ai/083.bin;0xF3B1;69 E8 61 E1;オーバーロード
ai/083.bin;0xF3B1;7D 1F 65 E6;獣神 ナイトジャッカル
ai/083.bin;0xF3B1;57 CD 2E E8;    
ai/083.bin;0xF3B1;CC 1A C6 E8;AI未設定 : attrib = %s
ai/083.bin;0xF3B1;39 17 8B F0;星空の解放者 ギネヴィア
ai/083.bin;0xF3B1;4B 16 BE F0;鋭気の騎士 エクター
ai/083.bin;0xF3B1;BF 43 2B F1;  アタッカー : %s
ai/083.bin;0xF3B1;27 25 50 F1;ベアダウン・サムラーイ
ai/083.bin;0xF3B1;9E FD 8E F3;忍竜 コクジョウ
ai/083.bin;0xF3B1;FC B0 EB F6;清めの神器 ピュア・エンジェル
ai/083.bin;0xF3B1;89 20 23 F8;下
ai/083.bin;0xF3B1;DD 4C B3 F8;ターン開始 AI(%d)
ai/084.bin;0xFF65;DC A5 CF 01;  クインテットウォール : %d/%d枚
ai/084.bin;0xFF65;51 5B 2F 06;ヘキサゴナル・メイガス
ai/084.bin;0xFF65;DD 9F CC 07;蒼嵐竜 メイルストローム
ai/084.bin;0xFF65;8D 9F AA 08;  シールドの要求値 : 
ai/084.bin;0xFF65;76 AE E0 09;ドラゴニック・オーバーロード “The Яe-birth”
ai/084.bin;0xFF65;02 DC 8B 0D;モーント・ブラウクリューガー
ai/084.bin;0xFF65;B1 2D 5D 0E;  対象のパワー : %d(%d)%s
ai/084.bin;0xFF65;B2 AF 4D 10;厳格なる撃退者
ai/084.bin;0xFF65;24 A1 3B 11;ライジング・ライオネット
ai/084.bin;0xFF65;CA 98 65 11;神界獣 フェンリル
ai/084.bin;0xFF65;2F 96 22 12;ダンシング・ウルフ
ai/084.bin;0xFF65;2F CE 1C 13;花占いの女神 サクヤ
ai/084.bin;0xFF65;9F 3C 4E 15; + %d
ai/084.bin;0xFF65;26 7B 30 1A;ネコ執事
ai/084.bin;0xFF65;8D 20 89 1A;AI未設定 : %s %d
ai/084.bin;0xFF65;49 58 50 21;次元ロボ ダイジェット
ai/084.bin;0xFF65;8E BC BB 21;  シールドの目標値 : 
ai/084.bin;0xFF65;50 41 74 23;希望の子 トゥルエル
ai/084.bin;0xFF65;39 5F 97 27;新鋭の騎士 ダヴィド
ai/084.bin;0xFF65;BE 51 F9 27;餓竜 バトルレックス
ai/084.bin;0xFF65;F7 2E E0 29;～%d
ai/084.bin;0xFF65;A6 8F 2A 2A;喧嘩屋 ファイティング・ドラコキッド
ai/084.bin;0xFF65;3A A3 DC 2C;暗黒騎士 エヴニシェン
ai/084.bin;0xFF65;44 62 0C 2D;無音の射手 コンダクタンス
ai/084.bin;0xFF65;14 30 63 2D;!!!! AI ERROR !!!!\n  
ai/084.bin;0xFF65;EE 81 9E 32;豪腕拿捕の巨人兵
ai/084.bin;0xFF65;C5 4D EE 32;ブラスター・ダーク “Diablo”
ai/084.bin;0xFF65;F1 28 16 33;枚しか選んでいない
ai/084.bin;0xFF65;BC 1F 35 33;  ブースター : %s
ai/084.bin;0xFF65;0F 84 8F 33;月光の魔女 ヴァハ
ai/084.bin;0xFF65;B8 BC F2 37;伏魔忍鬼 カガミジシ
ai/084.bin;0xFF65;6E 42 D6 38;AI(%d) : アタック情報
ai/084.bin;0xFF65;B3 AD 45 3A;ブラスター
ai/084.bin;0xFF65;DD A7 77 3D;虚空の撃退者 マスカレード
ai/084.bin;0xFF65;5F 07 F5 3E;選択の魔女 エリウ
ai/084.bin;0xFF65;2B 9E 47 42;秘薬の魔女 アリアンロッド
ai/084.bin;0xFF65;03 D4 54 45; ヒットされない
ai/084.bin;0xFF65;2D 3A A7 45;AI(%d) : ガードステップ情報
ai/084.bin;0xFF65;EF 54 31 46;幽幻の撃退者 モルドレッド・ファントム
ai/084.bin;0xFF65;2C A5 7B 4D;枚選択する必要があるが、
ai/084.bin;0xFF65;9F A5 E0 4F;ＣＥＯ アマテラス
ai/084.bin;0xFF65;3A D0 5B 51;メッチャバトラー ビクトール
ai/084.bin;0xFF65;A6 11 33 52;暗黒竜 ファントム・ブラスター “Diablo”
ai/084.bin;0xFF65;3C E0 6F 55;ドラゴニック・オーバーロード
ai/084.bin;0xFF65;F3 FD F6 55;撃退者 ドラグルーラー・ファントム
ai/084.bin;0xFF65;DE C1 45 56;解放者
ai/084.bin;0xFF65;F7 6D 78 57;スタンプ・ラッコ
ai/084.bin;0xFF65;3C 63 E3 57;髑髏の魔女 ネヴァン
ai/084.bin;0xFF65;01 E1 BA 59;督戦の撃退者 ドリン
ai/084.bin;0xFF65;C5 AF 0D 60;真紅の伝承 メタトロン
ai/084.bin;0xFF65;47 87 68 63;AI(%d) : 思考時間 %.3f秒 (行動カテゴリ:%d)
ai/084.bin;0xFF65;55 C8 81 63;  完全ガード : %d/%d枚
ai/084.bin;0xFF65;42 D7 DA 63;  ガーディアン候補
ai/084.bin;0xFF65;8D 22 86 67;暗黒の撃退者 マクリール
ai/084.bin;0xFF65;33 8E E7 69;Duo 理想の妹 メーア
ai/084.bin;0xFF65;15 8A 2F 6B;撃退者 ウーンデッド・エンジェル
ai/084.bin;0xFF65;E8 83 60 6B;デアデビル・サムラーイ
ai/084.bin;0xFF65;4B D4 AE 6B;  合計シールド : 
ai/084.bin;0xFF65;DC 4C 2C 6E;立春の花乙姫 プリマヴェーラ
ai/084.bin;0xFF65;11 E8 1D 70;神託の女王 ヒミコ
ai/084.bin;0xFF65;E4 FB 3C 72;蒼嵐候補生 アノス
ai/084.bin;0xFF65;67 0C 7E 73;撃退者 エアレイド・ドラゴン
ai/084.bin;0xFF65;29 EF C2 73;  対象(%d) : %s
ai/084.bin;0xFF65;26 5F AB 75;誘いの撃退者 フィネガス
ai/084.bin;0xFF65;7C 3A 8B 81;解放者 バーニング・ブロー
ai/084.bin;0xFF65;32 BE C2 83;真・撃退者 ドラグルーラー・レブナント
ai/084.bin;0xFF65;DA 63 6D 85;次元ロボ ダイブレイブ
ai/084.bin;0xFF65;46 DE 4B 88;ダークメタル・ドラゴン
ai/084.bin;0xFF65;6A D5 6E 8A;カタナライザー
ai/084.bin;0xFF65;A0 D8 63 8D;大宇宙勇機 グランギャロップ
ai/084.bin;0xFF65;1F 10 24 8F;上
ai/084.bin;0xFF65;6C E6 93 8F;真黒の賢者 カロン
ai/084.bin;0xFF65;BB E2 E9 90;永劫不敗 アシュラ・カイザー
ai/084.bin;0xFF65;13 6B 27 93;黒衣の撃退者 タルトゥ
ai/084.bin;0xFF65;E1 26 37 94;魔竜戦鬼 チャトゥラ
ai/084.bin;0xFF65;6A 0F 95 94;  アタッカーのパワー : %d(%d)
ai/084.bin;0xFF65;7F BB 35 95;覇天皇竜 ドラゴニック・オーバーロード “The Ace”
ai/084.bin;0xFF65;CB D9 F4 98;ジャッジバウ・撃退者
ai/084.bin;0xFF65;0C DD 47 9B;バトルシスター ぱるふぇ
ai/084.bin;0xFF65;1A 2D D2 9C;マイスガード フォーマルハウト
ai/084.bin;0xFF65;69 08 3B A2;蒼波竜 テトラドライブ・ドラゴン
ai/084.bin;0xFF65;F1 51 AA A2;スチームファイター バリフ
ai/084.bin;0xFF65;A4 F3 D7 A7;  アタッカーのクリティカル : %d
ai/084.bin;0xFF65;BD FD F6 A7;メチャバトラー ランボール
ai/084.bin;0xFF65;B9 2A FF AB;暗黒医術の撃退者
ai/084.bin;0xFF65;9F 77 42 AC;フレアウィップ・ドラゴン
ai/084.bin;0xFF65;A3 70 B0 B3;撃退者 ブラッドマスター
ai/084.bin;0xFF65;39 6A 36 B5;超鋼闘機 ヘヴィデューク
ai/084.bin;0xFF65;F7 48 21 B9;ドラゴンナイト ジャラール
ai/084.bin;0xFF65;88 EF 6D BC;イニグマン・トルネード
ai/084.bin;0xFF65;ED F8 CC BD;ファイナル・レンチ
ai/084.bin;0xFF65;11 9F 48 BE;修羅忍竜 ダラニコンゴウ
ai/084.bin;0xFF65;CF AA 4F C1;煉獄竜 ドラゴニック・ネオフレイム
ai/084.bin;0xFF65;7C 17 CE C1;ラナンキュラスの花乙女 アーシャ
ai/084.bin;0xFF65;15 6E A2 C8;ウィステリアナイト
ai/084.bin;0xFF65;AB 51 A7 CB;AI(%d) : レシピ (フラグ:%08x)
ai/084.bin;0xFF65;D7 DA C1 D6;AI(%d) : 思考開始 (行動カテゴリ:%d)
ai/084.bin;0xFF65;7C 46 0A D9;忍竜 ドレッドマスター
ai/084.bin;0xFF65;6B 1D DB DC;マシニング・モスキート mkⅡ
ai/084.bin;0xFF65;69 E8 61 E1;オーバーロード
ai/084.bin;0xFF65;F5 53 42 E6;無常の撃退者 マスカレード
ai/084.bin;0xFF65;7D 1F 65 E6;獣神 ナイトジャッカル
ai/084.bin;0xFF65;57 CD 2E E8;    
ai/084.bin;0xFF65;CC 1A C6 E8;AI未設定 : attrib = %s
ai/084.bin;0xFF65;CC 72 D5 E8;撃退者
ai/084.bin;0xFF65;CA DF F8 ED;ブラスター・ダーク・撃退者
ai/084.bin;0xFF65;39 17 8B F0;星空の解放者 ギネヴィア
ai/084.bin;0xFF65;4B 16 BE F0;鋭気の騎士 エクター
ai/084.bin;0xFF65;BF 43 2B F1;  アタッカー : %s
ai/084.bin;0xFF65;27 25 50 F1;ベアダウン・サムラーイ
ai/084.bin;0xFF65;FC B0 EB F6;清めの神器 ピュア・エンジェル
ai/084.bin;0xFF65;89 20 23 F8;下
ai/084.bin;0xFF65;DD 4C B3 F8;ターン開始 AI(%d)
ai/085.bin;0x113C1;DC A5 CF 01;  クインテットウォール : %d/%d枚
ai/085.bin;0x113C1;51 5B 2F 06;ヘキサゴナル・メイガス
ai/085.bin;0x113C1;DD 9F CC 07;蒼嵐竜 メイルストローム
ai/085.bin;0x113C1;8D 9F AA 08;  シールドの要求値 : 
ai/085.bin;0x113C1;76 AE E0 09;ドラゴニック・オーバーロード “The Яe-birth”
ai/085.bin;0x113C1;02 DC 8B 0D;モーント・ブラウクリューガー
ai/085.bin;0x113C1;B1 2D 5D 0E;  対象のパワー : %d(%d)%s
ai/085.bin;0x113C1;B2 AF 4D 10;厳格なる撃退者
ai/085.bin;0x113C1;24 A1 3B 11;ライジング・ライオネット
ai/085.bin;0x113C1;CA 98 65 11;神界獣 フェンリル
ai/085.bin;0x113C1;2F 96 22 12;ダンシング・ウルフ
ai/085.bin;0x113C1;2F CE 1C 13;花占いの女神 サクヤ
ai/085.bin;0x113C1;9F 3C 4E 15; + %d
ai/085.bin;0x113C1;26 7B 30 1A;ネコ執事
ai/085.bin;0x113C1;8D 20 89 1A;AI未設定 : %s %d
ai/085.bin;0x113C1;49 58 50 21;次元ロボ ダイジェット
ai/085.bin;0x113C1;8E BC BB 21;  シールドの目標値 : 
ai/085.bin;0x113C1;50 41 74 23;希望の子 トゥルエル
ai/085.bin;0x113C1;39 5F 97 27;新鋭の騎士 ダヴィド
ai/085.bin;0x113C1;BE 51 F9 27;餓竜 バトルレックス
ai/085.bin;0x113C1;F7 2E E0 29;～%d
ai/085.bin;0x113C1;A6 8F 2A 2A;喧嘩屋 ファイティング・ドラコキッド
ai/085.bin;0x113C1;44 62 0C 2D;無音の射手 コンダクタンス
ai/085.bin;0x113C1;14 30 63 2D;!!!! AI ERROR !!!!\n  
ai/085.bin;0x113C1;EE 81 9E 32;豪腕拿捕の巨人兵
ai/085.bin;0x113C1;C5 4D EE 32;ブラスター・ダーク “Diablo”
ai/085.bin;0x113C1;F1 28 16 33;枚しか選んでいない
ai/085.bin;0x113C1;BC 1F 35 33;  ブースター : %s
ai/085.bin;0x113C1;0F 84 8F 33;月光の魔女 ヴァハ
ai/085.bin;0x113C1;B8 BC F2 37;伏魔忍鬼 カガミジシ
ai/085.bin;0x113C1;6E 42 D6 38;AI(%d) : アタック情報
ai/085.bin;0x113C1;B3 AD 45 3A;ブラスター
ai/085.bin;0x113C1;C6 A9 14 3C;ダークハート・トランペッター
ai/085.bin;0x113C1;5F 07 F5 3E;選択の魔女 エリウ
ai/085.bin;0x113C1;2B 9E 47 42;秘薬の魔女 アリアンロッド
ai/085.bin;0x113C1;03 D4 54 45; ヒットされない
ai/085.bin;0x113C1;2D 3A A7 45;AI(%d) : ガードステップ情報
ai/085.bin;0x113C1;2C A5 7B 4D;枚選択する必要があるが、
ai/085.bin;0x113C1;CF DA 8A 4E;ブラスター・ダーク・撃退者 “Abyss”
ai/085.bin;0x113C1;9F A5 E0 4F;ＣＥＯ アマテラス
ai/085.bin;0x113C1;3A D0 5B 51;メッチャバトラー ビクトール
ai/085.bin;0x113C1;A6 11 33 52;暗黒竜 ファントム・ブラスター “Diablo”
ai/085.bin;0x113C1;3C E0 6F 55;ドラゴニック・オーバーロード
ai/085.bin;0x113C1;DE C1 45 56;解放者
ai/085.bin;0x113C1;F7 6D 78 57;スタンプ・ラッコ
ai/085.bin;0x113C1;25 AD DE 57;撃退者 ダークボンド・トランペッター
ai/085.bin;0x113C1;3C 63 E3 57;髑髏の魔女 ネヴァン
ai/085.bin;0x113C1;32 4C 96 58;黒翼のソードブレイカー
ai/085.bin;0x113C1;01 E1 BA 59;督戦の撃退者 ドリン
ai/085.bin;0x113C1;C5 AF 0D 60;真紅の伝承 メタトロン
ai/085.bin;0x113C1;47 87 68 63;AI(%d) : 思考時間 %.3f秒 (行動カテゴリ:%d)
ai/085.bin;0x113C1;55 C8 81 63;  完全ガード : %d/%d枚
ai/085.bin;0x113C1;42 D7 DA 63;  ガーディアン候補
ai/085.bin;0x113C1;8D 22 86 67;暗黒の撃退者 マクリール
ai/085.bin;0x113C1;33 8E E7 69;Duo 理想の妹 メーア
ai/085.bin;0x113C1;7C 70 E9 6A;闇夜の乙女 マーハ
ai/085.bin;0x113C1;15 8A 2F 6B;撃退者 ウーンデッド・エンジェル
ai/085.bin;0x113C1;E8 83 60 6B;デアデビル・サムラーイ
ai/085.bin;0x113C1;4B D4 AE 6B;  合計シールド : 
ai/085.bin;0x113C1;DC 4C 2C 6E;立春の花乙姫 プリマヴェーラ
ai/085.bin;0x113C1;11 E8 1D 70;神託の女王 ヒミコ
ai/085.bin;0x113C1;E4 FB 3C 72;蒼嵐候補生 アノス
ai/085.bin;0x113C1;67 0C 7E 73;撃退者 エアレイド・ドラゴン
ai/085.bin;0x113C1;29 EF C2 73;  対象(%d) : %s
ai/085.bin;0x113C1;7C 3A 8B 81;解放者 バーニング・ブロー
ai/085.bin;0x113C1;32 BE C2 83;真・撃退者 ドラグルーラー・レブナント
ai/085.bin;0x113C1;DA 63 6D 85;次元ロボ ダイブレイブ
ai/085.bin;0x113C1;46 DE 4B 88;ダークメタル・ドラゴン
ai/085.bin;0x113C1;6A D5 6E 8A;カタナライザー
ai/085.bin;0x113C1;A0 D8 63 8D;大宇宙勇機 グランギャロップ
ai/085.bin;0x113C1;1F 10 24 8F;上
ai/085.bin;0x113C1;6C E6 93 8F;真黒の賢者 カロン
ai/085.bin;0x113C1;BB E2 E9 90;永劫不敗 アシュラ・カイザー
ai/085.bin;0x113C1;E1 26 37 94;魔竜戦鬼 チャトゥラ
ai/085.bin;0x113C1;6A 0F 95 94;  アタッカーのパワー : %d(%d)
ai/085.bin;0x113C1;7F BB 35 95;覇天皇竜 ドラゴニック・オーバーロード “The Ace”
ai/085.bin;0x113C1;CB D9 F4 98;ジャッジバウ・撃退者
ai/085.bin;0x113C1;0C DD 47 9B;バトルシスター ぱるふぇ
ai/085.bin;0x113C1;1A 2D D2 9C;マイスガード フォーマルハウト
ai/085.bin;0x113C1;69 08 3B A2;蒼波竜 テトラドライブ・ドラゴン
ai/085.bin;0x113C1;F1 51 AA A2;スチームファイター バリフ
ai/085.bin;0x113C1;A4 F3 D7 A7;  アタッカーのクリティカル : %d
ai/085.bin;0x113C1;BD FD F6 A7;メチャバトラー ランボール
ai/085.bin;0x113C1;B9 2A FF AB;暗黒医術の撃退者
ai/085.bin;0x113C1;9F 77 42 AC;フレアウィップ・ドラゴン
ai/085.bin;0x113C1;A3 70 B0 B3;撃退者 ブラッドマスター
ai/085.bin;0x113C1;39 6A 36 B5;超鋼闘機 ヘヴィデューク
ai/085.bin;0x113C1;F7 48 21 B9;ドラゴンナイト ジャラール
ai/085.bin;0x113C1;88 EF 6D BC;イニグマン・トルネード
ai/085.bin;0x113C1;ED F8 CC BD;ファイナル・レンチ
ai/085.bin;0x113C1;11 9F 48 BE;修羅忍竜 ダラニコンゴウ
ai/085.bin;0x113C1;CF AA 4F C1;煉獄竜 ドラゴニック・ネオフレイム
ai/085.bin;0x113C1;7C 17 CE C1;ラナンキュラスの花乙女 アーシャ
ai/085.bin;0x113C1;15 6E A2 C8;ウィステリアナイト
ai/085.bin;0x113C1;AB 51 A7 CB;AI(%d) : レシピ (フラグ:%08x)
ai/085.bin;0x113C1;53 5F 5A D0;暗黒騎士 グリム・リクルーター
ai/085.bin;0x113C1;D7 DA C1 D6;AI(%d) : 思考開始 (行動カテゴリ:%d)
ai/085.bin;0x113C1;7C 46 0A D9;忍竜 ドレッドマスター
ai/085.bin;0x113C1;6B 1D DB DC;マシニング・モスキート mkⅡ
ai/085.bin;0x113C1;D7 53 47 DF;撃退者 ファントム・ブラスター “Abyss”
ai/085.bin;0x113C1;69 E8 61 E1;オーバーロード
ai/085.bin;0x113C1;F5 53 42 E6;無常の撃退者 マスカレード
ai/085.bin;0x113C1;7D 1F 65 E6;獣神 ナイトジャッカル
ai/085.bin;0x113C1;57 CD 2E E8;    
ai/085.bin;0x113C1;CC 1A C6 E8;AI未設定 : attrib = %s
ai/085.bin;0x113C1;CC 72 D5 E8;撃退者
ai/085.bin;0x113C1;CA DF F8 ED;ブラスター・ダーク・撃退者
ai/085.bin;0x113C1;39 17 8B F0;星空の解放者 ギネヴィア
ai/085.bin;0x113C1;4B 16 BE F0;鋭気の騎士 エクター
ai/085.bin;0x113C1;BF 43 2B F1;  アタッカー : %s
ai/085.bin;0x113C1;27 25 50 F1;ベアダウン・サムラーイ
ai/085.bin;0x113C1;FC B0 EB F6;清めの神器 ピュア・エンジェル
ai/085.bin;0x113C1;89 20 23 F8;下
ai/085.bin;0x113C1;DD 4C B3 F8;ターン開始 AI(%d)
ai/086.bin;0x10882;DC A5 CF 01;  クインテットウォール : %d/%d枚
ai/086.bin;0x10882;51 5B 2F 06;ヘキサゴナル・メイガス
ai/086.bin;0x10882;DD 9F CC 07;蒼嵐竜 メイルストローム
ai/086.bin;0x10882;8D 9F AA 08;  シールドの要求値 : 
ai/086.bin;0x10882;76 AE E0 09;ドラゴニック・オーバーロード “The Яe-birth”
ai/086.bin;0x10882;02 DC 8B 0D;モーント・ブラウクリューガー
ai/086.bin;0x10882;B1 2D 5D 0E;  対象のパワー : %d(%d)%s
ai/086.bin;0x10882;24 A1 3B 11;ライジング・ライオネット
ai/086.bin;0x10882;CA 98 65 11;神界獣 フェンリル
ai/086.bin;0x10882;2F 96 22 12;ダンシング・ウルフ
ai/086.bin;0x10882;2F CE 1C 13;花占いの女神 サクヤ
ai/086.bin;0x10882;9F 3C 4E 15; + %d
ai/086.bin;0x10882;26 7B 30 1A;ネコ執事
ai/086.bin;0x10882;8D 20 89 1A;AI未設定 : %s %d
ai/086.bin;0x10882;C3 29 5A 20;ルナスクエアの奇跡 クリフォード
ai/086.bin;0x10882;49 58 50 21;次元ロボ ダイジェット
ai/086.bin;0x10882;8E BC BB 21;  シールドの目標値 : 
ai/086.bin;0x10882;13 93 8B 22;銀の茨のお手伝い ゼルマ
ai/086.bin;0x10882;50 41 74 23;希望の子 トゥルエル
ai/086.bin;0x10882;39 5F 97 27;新鋭の騎士 ダヴィド
ai/086.bin;0x10882;BE 51 F9 27;餓竜 バトルレックス
ai/086.bin;0x10882;F7 2E E0 29;～%d
ai/086.bin;0x10882;A6 8F 2A 2A;喧嘩屋 ファイティング・ドラコキッド
ai/086.bin;0x10882;44 62 0C 2D;無音の射手 コンダクタンス
ai/086.bin;0x10882;14 30 63 2D;!!!! AI ERROR !!!!\n  
ai/086.bin;0x10882;EE 81 9E 32;豪腕拿捕の巨人兵
ai/086.bin;0x10882;C5 4D EE 32;ブラスター・ダーク “Diablo”
ai/086.bin;0x10882;F1 28 16 33;枚しか選んでいない
ai/086.bin;0x10882;BC 1F 35 33;  ブースター : %s
ai/086.bin;0x10882;00 12 6E 36;銀の茨のお手伝い イオネラ
ai/086.bin;0x10882;B8 BC F2 37;伏魔忍鬼 カガミジシ
ai/086.bin;0x10882;6E 42 D6 38;AI(%d) : アタック情報
ai/086.bin;0x10882;B3 AD 45 3A;ブラスター
ai/086.bin;0x10882;03 D4 54 45; ヒットされない
ai/086.bin;0x10882;2D 3A A7 45;AI(%d) : ガードステップ情報
ai/086.bin;0x10882;2C A5 7B 4D;枚選択する必要があるが、
ai/086.bin;0x10882;9F A5 E0 4F;ＣＥＯ アマテラス
ai/086.bin;0x10882;3A D0 5B 51;メッチャバトラー ビクトール
ai/086.bin;0x10882;A6 11 33 52;暗黒竜 ファントム・ブラスター “Diablo”
ai/086.bin;0x10882;A5 55 77 53;銀の茨の催眠術師 リディア
ai/086.bin;0x10882;3C E0 6F 55;ドラゴニック・オーバーロード
ai/086.bin;0x10882;DE C1 45 56;解放者
ai/086.bin;0x10882;F7 6D 78 57;スタンプ・ラッコ
ai/086.bin;0x10882;C5 AF 0D 60;真紅の伝承 メタトロン
ai/086.bin;0x10882;47 87 68 63;AI(%d) : 思考時間 %.3f秒 (行動カテゴリ:%d)
ai/086.bin;0x10882;55 C8 81 63;  完全ガード : %d/%d枚
ai/086.bin;0x10882;42 D7 DA 63;  ガーディアン候補
ai/086.bin;0x10882;33 8E E7 69;Duo 理想の妹 メーア
ai/086.bin;0x10882;E8 83 60 6B;デアデビル・サムラーイ
ai/086.bin;0x10882;4B D4 AE 6B;  合計シールド : 
ai/086.bin;0x10882;DC 4C 2C 6E;立春の花乙姫 プリマヴェーラ
ai/086.bin;0x10882;11 E8 1D 70;神託の女王 ヒミコ
ai/086.bin;0x10882;FE 90 FB 70;銀の茨 アップライト・ライオン
ai/086.bin;0x10882;E4 FB 3C 72;蒼嵐候補生 アノス
ai/086.bin;0x10882;29 EF C2 73;  対象(%d) : %s
ai/086.bin;0x10882;EC 7D F3 7C;銀の茨の竜使い ルキエ
ai/086.bin;0x10882;8C 76 15 7D;銀の茨の獣使い マリチカ
ai/086.bin;0x10882;21 C0 DF 80;銀の茨 ライジング・ドラゴン
ai/086.bin;0x10882;7C 3A 8B 81;解放者 バーニング・ブロー
ai/086.bin;0x10882;DA 63 6D 85;次元ロボ ダイブレイブ
ai/086.bin;0x10882;46 DE 4B 88;ダークメタル・ドラゴン
ai/086.bin;0x10882;6A D5 6E 8A;カタナライザー
ai/086.bin;0x10882;A0 D8 63 8D;大宇宙勇機 グランギャロップ
ai/086.bin;0x10882;93 66 DD 8E;銀の茨 ブリージング・ドラゴン
ai/086.bin;0x10882;1F 10 24 8F;上
ai/086.bin;0x10882;6C E6 93 8F;真黒の賢者 カロン
ai/086.bin;0x10882;BB E2 E9 90;永劫不敗 アシュラ・カイザー
ai/086.bin;0x10882;E1 26 37 94;魔竜戦鬼 チャトゥラ
ai/086.bin;0x10882;A0 A4 88 94;銀の茨の操り人形 なたーしゃ
ai/086.bin;0x10882;6A 0F 95 94;  アタッカーのパワー : %d(%d)
ai/086.bin;0x10882;7F BB 35 95;覇天皇竜 ドラゴニック・オーバーロード “The Ace”
ai/086.bin;0x10882;0C DD 47 9B;バトルシスター ぱるふぇ
ai/086.bin;0x10882;BC 4C A6 9C;銀の茨
ai/086.bin;0x10882;1A 2D D2 9C;マイスガード フォーマルハウト
ai/086.bin;0x10882;69 08 3B A2;蒼波竜 テトラドライブ・ドラゴン
ai/086.bin;0x10882;F1 51 AA A2;スチームファイター バリフ
ai/086.bin;0x10882;A4 F3 D7 A7;  アタッカーのクリティカル : %d
ai/086.bin;0x10882;BD FD F6 A7;メチャバトラー ランボール
ai/086.bin;0x10882;98 72 4A AA;銀の茨の神竜使い ミスティック・ルキエ
ai/086.bin;0x10882;3C 14 F3 AA;銀の茨の竜女皇 ヴィーナス・ルキエ
ai/086.bin;0x10882;9F 77 42 AC;フレアウィップ・ドラゴン
ai/086.bin;0x10882;DC 8C AB AC;炎の吐息 キャリー
ai/086.bin;0x10882;39 6A 36 B5;超鋼闘機 ヘヴィデューク
ai/086.bin;0x10882;F7 48 21 B9;ドラゴンナイト ジャラール
ai/086.bin;0x10882;88 EF 6D BC;イニグマン・トルネード
ai/086.bin;0x10882;ED F8 CC BD;ファイナル・レンチ
ai/086.bin;0x10882;11 9F 48 BE;修羅忍竜 ダラニコンゴウ
ai/086.bin;0x10882;D0 CE 85 BF;ポイゾン・ジャグラー
ai/086.bin;0x10882;CF AA 4F C1;煉獄竜 ドラゴニック・ネオフレイム
ai/086.bin;0x10882;7C 17 CE C1;ラナンキュラスの花乙女 アーシャ
ai/086.bin;0x10882;15 6E A2 C8;ウィステリアナイト
ai/086.bin;0x10882;90 9C 38 CB;ドローイング・ドレッド
ai/086.bin;0x10882;AB 51 A7 CB;AI(%d) : レシピ (フラグ:%08x)
ai/086.bin;0x10882;6B 08 5A D0;銀の茨 バーキング・ドラゴン
ai/086.bin;0x10882;A2 F2 DC D4;銀の茨のお手伝い イリナ
ai/086.bin;0x10882;D7 DA C1 D6;AI(%d) : 思考開始 (行動カテゴリ:%d)
ai/086.bin;0x10882;7C 46 0A D9;忍竜 ドレッドマスター
ai/086.bin;0x10882;6B 1D DB DC;マシニング・モスキート mkⅡ
ai/086.bin;0x10882;69 E8 61 E1;オーバーロード
ai/086.bin;0x10882;7D 1F 65 E6;獣神 ナイトジャッカル
ai/086.bin;0x10882;57 CD 2E E8;    
ai/086.bin;0x10882;CC 1A C6 E8;AI未設定 : attrib = %s
ai/086.bin;0x10882;C7 3C 1C EE;銀の茨の獣使い アナ
ai/086.bin;0x10882;39 17 8B F0;星空の解放者 ギネヴィア
ai/086.bin;0x10882;4B 16 BE F0;鋭気の騎士 エクター
ai/086.bin;0x10882;BF 43 2B F1;  アタッカー : %s
ai/086.bin;0x10882;27 25 50 F1;ベアダウン・サムラーイ
ai/086.bin;0x10882;37 CA 90 F3;エッグ・ジャグラー
ai/086.bin;0x10882;D1 1B 7A F4;銀の茨のお手玉師 ナディア
ai/086.bin;0x10882;FC B0 EB F6;清めの神器 ピュア・エンジェル
ai/086.bin;0x10882;89 20 23 F8;下
ai/086.bin;0x10882;DD 4C B3 F8;ターン開始 AI(%d)
ai/087.bin;0x100AC;DC A5 CF 01;  クインテットウォール : %d/%d枚
ai/087.bin;0x100AC;51 5B 2F 06;ヘキサゴナル・メイガス
ai/087.bin;0x100AC;DD 9F CC 07;蒼嵐竜 メイルストローム
ai/087.bin;0x100AC;8D 9F AA 08;  シールドの要求値 : 
ai/087.bin;0x100AC;76 AE E0 09;ドラゴニック・オーバーロード “The Яe-birth”
ai/087.bin;0x100AC;F5 FE 9B 0B;アモンの眷族 ヘルズ・ドロー
ai/087.bin;0x100AC;02 DC 8B 0D;モーント・ブラウクリューガー
ai/087.bin;0x100AC;B1 2D 5D 0E;  対象のパワー : %d(%d)%s
ai/087.bin;0x100AC;46 3A 98 0E;フライング・ライブラリアン
ai/087.bin;0x100AC;24 A1 3B 11;ライジング・ライオネット
ai/087.bin;0x100AC;CA 98 65 11;神界獣 フェンリル
ai/087.bin;0x100AC;2F 96 22 12;ダンシング・ウルフ
ai/087.bin;0x100AC;2F CE 1C 13;花占いの女神 サクヤ
ai/087.bin;0x100AC;9F 3C 4E 15; + %d
ai/087.bin;0x100AC;26 7B 30 1A;ネコ執事
ai/087.bin;0x100AC;8D 20 89 1A;AI未設定 : %s %d
ai/087.bin;0x100AC;49 58 50 21;次元ロボ ダイジェット
ai/087.bin;0x100AC;8E BC BB 21;  シールドの目標値 : 
ai/087.bin;0x100AC;50 41 74 23;希望の子 トゥルエル
ai/087.bin;0x100AC;AE A3 BF 26;アモンの眷族 ヘルズ・ディール
ai/087.bin;0x100AC;9C 4B E1 26;愛の嵐 キスキル・リラ
ai/087.bin;0x100AC;39 5F 97 27;新鋭の騎士 ダヴィド
ai/087.bin;0x100AC;BE 51 F9 27;餓竜 バトルレックス
ai/087.bin;0x100AC;F7 2E E0 29;～%d
ai/087.bin;0x100AC;A6 8F 2A 2A;喧嘩屋 ファイティング・ドラコキッド
ai/087.bin;0x100AC;D6 8D 8A 2C;アモンの眷族 サイキック・ウェイトレス
ai/087.bin;0x100AC;E7 24 00 2D;!!!!! soul:[%d->%d]
ai/087.bin;0x100AC;44 62 0C 2D;無音の射手 コンダクタンス
ai/087.bin;0x100AC;14 30 63 2D;!!!! AI ERROR !!!!\n  
ai/087.bin;0x100AC;EE 81 9E 32;豪腕拿捕の巨人兵
ai/087.bin;0x100AC;C5 4D EE 32;ブラスター・ダーク “Diablo”
ai/087.bin;0x100AC;F1 28 16 33;枚しか選んでいない
ai/087.bin;0x100AC;BC 1F 35 33;  ブースター : %s
ai/087.bin;0x100AC;AE 97 95 34;忌まわしき者 ジル・ド・レイ
ai/087.bin;0x100AC;B8 BC F2 37;伏魔忍鬼 カガミジシ
ai/087.bin;0x100AC;C1 A0 B8 38;アモンの眷族 ヘルズ・トリック
ai/087.bin;0x100AC;6E 42 D6 38;AI(%d) : アタック情報
ai/087.bin;0x100AC;B3 AD 45 3A;ブラスター
ai/087.bin;0x100AC;1B 39 6F 3C;アモンの眷族 ヘルズ・ネイル
ai/087.bin;0x100AC;03 D4 54 45; ヒットされない
ai/087.bin;0x100AC;2D 3A A7 45;AI(%d) : ガードステップ情報
ai/087.bin;0x100AC;2C A5 7B 4D;枚選択する必要があるが、
ai/087.bin;0x100AC;9F A5 E0 4F;ＣＥＯ アマテラス
ai/087.bin;0x100AC;3A D0 5B 51;メッチャバトラー ビクトール
ai/087.bin;0x100AC;A6 11 33 52;暗黒竜 ファントム・ブラスター “Diablo”
ai/087.bin;0x100AC;3C E0 6F 55;ドラゴニック・オーバーロード
ai/087.bin;0x100AC;DE C1 45 56;解放者
ai/087.bin;0x100AC;F7 6D 78 57;スタンプ・ラッコ
ai/087.bin;0x100AC;42 E6 8C 58;ドリーン・ザ・スラスター
ai/087.bin;0x100AC;C5 AF 0D 60;真紅の伝承 メタトロン
ai/087.bin;0x100AC;47 87 68 63;AI(%d) : 思考時間 %.3f秒 (行動カテゴリ:%d)
ai/087.bin;0x100AC;55 C8 81 63;  完全ガード : %d/%d枚
ai/087.bin;0x100AC;42 D7 DA 63;  ガーディアン候補
ai/087.bin;0x100AC;33 8E E7 69;Duo 理想の妹 メーア
ai/087.bin;0x100AC;E8 83 60 6B;デアデビル・サムラーイ
ai/087.bin;0x100AC;4B D4 AE 6B;  合計シールド : 
ai/087.bin;0x100AC;FE 13 3B 6D;ヒステリック・シャーリー
ai/087.bin;0x100AC;DC 4C 2C 6E;立春の花乙姫 プリマヴェーラ
ai/087.bin;0x100AC;11 E8 1D 70;神託の女王 ヒミコ
ai/087.bin;0x100AC;E4 FB 3C 72;蒼嵐候補生 アノス
ai/087.bin;0x100AC;29 EF C2 73;  対象(%d) : %s
ai/087.bin;0x100AC;DC C4 0E 74;魔界侯爵 アモン
ai/087.bin;0x100AC;7C 3A 8B 81;解放者 バーニング・ブロー
ai/087.bin;0x100AC;14 C1 EF 83;アモンの眷族 クルーエル・ハンド
ai/087.bin;0x100AC;DA 63 6D 85;次元ロボ ダイブレイブ
ai/087.bin;0x100AC;46 DE 4B 88;ダークメタル・ドラゴン
ai/087.bin;0x100AC;6A D5 6E 8A;カタナライザー
ai/087.bin;0x100AC;A0 D8 63 8D;大宇宙勇機 グランギャロップ
ai/087.bin;0x100AC;1F 10 24 8F;上
ai/087.bin;0x100AC;6C E6 93 8F;真黒の賢者 カロン
ai/087.bin;0x100AC;BB E2 E9 90;永劫不敗 アシュラ・カイザー
ai/087.bin;0x100AC;E1 26 37 94;魔竜戦鬼 チャトゥラ
ai/087.bin;0x100AC;6A 0F 95 94;  アタッカーのパワー : %d(%d)
ai/087.bin;0x100AC;7F BB 35 95;覇天皇竜 ドラゴニック・オーバーロード “The Ace”
ai/087.bin;0x100AC;BF 8F 01 97;純愛のサキュバス
ai/087.bin;0x100AC;19 BF 10 9B;アモンの主謀者 アスタロト
ai/087.bin;0x100AC;0C DD 47 9B;バトルシスター ぱるふぇ
ai/087.bin;0x100AC;1A 2D D2 9C;マイスガード フォーマルハウト
ai/087.bin;0x100AC;69 08 3B A2;蒼波竜 テトラドライブ・ドラゴン
ai/087.bin;0x100AC;F1 51 AA A2;スチームファイター バリフ
ai/087.bin;0x100AC;BF AD 1C A3;アモンの鉤爪 マルコキアス
ai/087.bin;0x100AC;A4 F3 D7 A7;  アタッカーのクリティカル : %d
ai/087.bin;0x100AC;BD FD F6 A7;メチャバトラー ランボール
ai/087.bin;0x100AC;9F 77 42 AC;フレアウィップ・ドラゴン
ai/087.bin;0x100AC;4B 95 61 B0;フラグ・ブレイカー
ai/087.bin;0x100AC;38 23 F1 B3;アモン
ai/087.bin;0x100AC;39 6A 36 B5;超鋼闘機 ヘヴィデューク
ai/087.bin;0x100AC;01 87 62 B5;アモンの眷族 バーメイド・グレイス
ai/087.bin;0x100AC;F7 48 21 B9;ドラゴンナイト ジャラール
ai/087.bin;0x100AC;D9 11 4F BB;アモンの眷族 グラオザーム
ai/087.bin;0x100AC;88 EF 6D BC;イニグマン・トルネード
ai/087.bin;0x100AC;ED F8 CC BD;ファイナル・レンチ
ai/087.bin;0x100AC;11 9F 48 BE;修羅忍竜 ダラニコンゴウ
ai/087.bin;0x100AC;CF AA 4F C1;煉獄竜 ドラゴニック・ネオフレイム
ai/087.bin;0x100AC;7C 17 CE C1;ラナンキュラスの花乙女 アーシャ
ai/087.bin;0x100AC;15 6E A2 C8;ウィステリアナイト
ai/087.bin;0x100AC;AB 51 A7 CB;AI(%d) : レシピ (フラグ:%08x)
ai/087.bin;0x100AC;D7 DA C1 D6;AI(%d) : 思考開始 (行動カテゴリ:%d)
ai/087.bin;0x100AC;7C 46 0A D9;忍竜 ドレッドマスター
ai/087.bin;0x100AC;6B 1D DB DC;マシニング・モスキート mkⅡ
ai/087.bin;0x100AC;69 E8 61 E1;オーバーロード
ai/087.bin;0x100AC;7D 1F 65 E6;獣神 ナイトジャッカル
ai/087.bin;0x100AC;57 CD 2E E8;    
ai/087.bin;0x100AC;CC 1A C6 E8;AI未設定 : attrib = %s
ai/087.bin;0x100AC;39 17 8B F0;星空の解放者 ギネヴィア
ai/087.bin;0x100AC;4B 16 BE F0;鋭気の騎士 エクター
ai/087.bin;0x100AC;BF 43 2B F1;  アタッカー : %s
ai/087.bin;0x100AC;27 25 50 F1;ベアダウン・サムラーイ
ai/087.bin;0x100AC;FC B0 EB F6;清めの神器 ピュア・エンジェル
ai/087.bin;0x100AC;89 20 23 F8;下
ai/087.bin;0x100AC;DD 4C B3 F8;ターン開始 AI(%d)
ai/088.bin;0x10F09;DC A5 CF 01;  クインテットウォール : %d/%d枚
ai/088.bin;0x10F09;51 7E 68 03;蒼嵐艦隊のアンコウ兵
ai/088.bin;0x10F09;51 5B 2F 06;ヘキサゴナル・メイガス
ai/088.bin;0x10F09;DD 9F CC 07;蒼嵐竜 メイルストローム
ai/088.bin;0x10F09;8D 9F AA 08;  シールドの要求値 : 
ai/088.bin;0x10F09;76 AE E0 09;ドラゴニック・オーバーロード “The Яe-birth”
ai/088.bin;0x10F09;02 DC 8B 0D;モーント・ブラウクリューガー
ai/088.bin;0x10F09;B1 2D 5D 0E;  対象のパワー : %d(%d)%s
ai/088.bin;0x10F09;24 A1 3B 11;ライジング・ライオネット
ai/088.bin;0x10F09;CA 98 65 11;神界獣 フェンリル
ai/088.bin;0x10F09;2F 96 22 12;ダンシング・ウルフ
ai/088.bin;0x10F09;2F CE 1C 13;花占いの女神 サクヤ
ai/088.bin;0x10F09;16 0E 9B 14;蒼嵐兵 キッチン・セイラー
ai/088.bin;0x10F09;9F 3C 4E 15; + %d
ai/088.bin;0x10F09;51 1C C6 16;蒼嵐兵 テンペスト・ブレーダー
ai/088.bin;0x10F09;26 7B 30 1A;ネコ執事
ai/088.bin;0x10F09;8D 20 89 1A;AI未設定 : %s %d
ai/088.bin;0x10F09;53 C3 3F 1B;戦場の歌姫 オルティア
ai/088.bin;0x10F09;49 58 50 21;次元ロボ ダイジェット
ai/088.bin;0x10F09;8E BC BB 21;  シールドの目標値 : 
ai/088.bin;0x10F09;50 41 74 23;希望の子 トゥルエル
ai/088.bin;0x10F09;91 E8 D4 24;蒼嵐帥竜 アドミラル・メイルストローム
ai/088.bin;0x10F09;41 38 8B 27;蒼嵐水将 グレゴリオス
ai/088.bin;0x10F09;39 5F 97 27;新鋭の騎士 ダヴィド
ai/088.bin;0x10F09;BE 51 F9 27;餓竜 バトルレックス
ai/088.bin;0x10F09;F7 2E E0 29;～%d
ai/088.bin;0x10F09;A6 8F 2A 2A;喧嘩屋 ファイティング・ドラコキッド
ai/088.bin;0x10F09;44 62 0C 2D;無音の射手 コンダクタンス
ai/088.bin;0x10F09;14 30 63 2D;!!!! AI ERROR !!!!\n  
ai/088.bin;0x10F09;EE 81 9E 32;豪腕拿捕の巨人兵
ai/088.bin;0x10F09;C5 4D EE 32;ブラスター・ダーク “Diablo”
ai/088.bin;0x10F09;F1 28 16 33;枚しか選んでいない
ai/088.bin;0x10F09;BC 1F 35 33;  ブースター : %s
ai/088.bin;0x10F09;B8 BC F2 37;伏魔忍鬼 カガミジシ
ai/088.bin;0x10F09;6E 42 D6 38;AI(%d) : アタック情報
ai/088.bin;0x10F09;B3 AD 45 3A;ブラスター
ai/088.bin;0x10F09;03 D4 54 45; ヒットされない
ai/088.bin;0x10F09;2D 3A A7 45;AI(%d) : ガードステップ情報
ai/088.bin;0x10F09;2C A5 7B 4D;枚選択する必要があるが、
ai/088.bin;0x10F09;9F A5 E0 4F;ＣＥＯ アマテラス
ai/088.bin;0x10F09;3A D0 5B 51;メッチャバトラー ビクトール
ai/088.bin;0x10F09;A6 11 33 52;暗黒竜 ファントム・ブラスター “Diablo”
ai/088.bin;0x10F09;72 A4 48 52;マグナム・アサルト
ai/088.bin;0x10F09;A2 CA 0A 55;士官候補生 アンドレイ
ai/088.bin;0x10F09;3C E0 6F 55;ドラゴニック・オーバーロード
ai/088.bin;0x10F09;B6 EB DA 55;蒼嵐水将 デスピナ
ai/088.bin;0x10F09;DE C1 45 56;解放者
ai/088.bin;0x10F09;F7 6D 78 57;スタンプ・ラッコ
ai/088.bin;0x10F09;F9 34 5E 59;蒼嵐戦姫 ドリア
ai/088.bin;0x10F09;C5 AF 0D 60;真紅の伝承 メタトロン
ai/088.bin;0x10F09;47 87 68 63;AI(%d) : 思考時間 %.3f秒 (行動カテゴリ:%d)
ai/088.bin;0x10F09;55 C8 81 63;  完全ガード : %d/%d枚
ai/088.bin;0x10F09;42 D7 DA 63;  ガーディアン候補
ai/088.bin;0x10F09;E6 C9 CF 66;メイルストローム
ai/088.bin;0x10F09;33 8E E7 69;Duo 理想の妹 メーア
ai/088.bin;0x10F09;E8 83 60 6B;デアデビル・サムラーイ
ai/088.bin;0x10F09;4B D4 AE 6B;  合計シールド : 
ai/088.bin;0x10F09;DC 4C 2C 6E;立春の花乙姫 プリマヴェーラ
ai/088.bin;0x10F09;11 E8 1D 70;神託の女王 ヒミコ
ai/088.bin;0x10F09;E4 FB 3C 72;蒼嵐候補生 アノス
ai/088.bin;0x10F09;BF 35 68 72;タイダル・アサルト
ai/088.bin;0x10F09;29 EF C2 73;  対象(%d) : %s
ai/088.bin;0x10F09;7C 3A 8B 81;解放者 バーニング・ブロー
ai/088.bin;0x10F09;A7 99 5A 83;蒼嵐兵 ミサイル・トルーパー
ai/088.bin;0x10F09;4D 9D 5C 83;海域の守り手 プラトン
ai/088.bin;0x10F09;DA 63 6D 85;次元ロボ ダイブレイブ
ai/088.bin;0x10F09;46 DE 4B 88;ダークメタル・ドラゴン
ai/088.bin;0x10F09;6A D5 6E 8A;カタナライザー
ai/088.bin;0x10F09;A0 D8 63 8D;大宇宙勇機 グランギャロップ
ai/088.bin;0x10F09;13 99 DC 8E;蒼嵐
ai/088.bin;0x10F09;1F 10 24 8F;上
ai/088.bin;0x10F09;6C E6 93 8F;真黒の賢者 カロン
ai/088.bin;0x10F09;BB E2 E9 90;永劫不敗 アシュラ・カイザー
ai/088.bin;0x10F09;E1 26 37 94;魔竜戦鬼 チャトゥラ
ai/088.bin;0x10F09;6A 0F 95 94;  アタッカーのパワー : %d(%d)
ai/088.bin;0x10F09;7F BB 35 95;覇天皇竜 ドラゴニック・オーバーロード “The Ace”
ai/088.bin;0x10F09;0C DD 47 9B;バトルシスター ぱるふぇ
ai/088.bin;0x10F09;1A 2D D2 9C;マイスガード フォーマルハウト
ai/088.bin;0x10F09;69 08 3B A2;蒼波竜 テトラドライブ・ドラゴン
ai/088.bin;0x10F09;F1 51 AA A2;スチームファイター バリフ
ai/088.bin;0x10F09;A4 F3 D7 A7;  アタッカーのクリティカル : %d
ai/088.bin;0x10F09;BD FD F6 A7;メチャバトラー ランボール
ai/088.bin;0x10F09;43 39 46 AB;蒼嵐水将 スピロス
ai/088.bin;0x10F09;9F 77 42 AC;フレアウィップ・ドラゴン
ai/088.bin;0x10F09;6F FB 7F AC;蒼嵐候補生 マリオス
ai/088.bin;0x10F09;B0 B8 F2 B0;天羅水将 ソクラテス
ai/088.bin;0x10F09;39 6A 36 B5;超鋼闘機 ヘヴィデューク
ai/088.bin;0x10F09;D6 A3 DF B6;哨戒遊泳のクラゲ兵
ai/088.bin;0x10F09;F7 48 21 B9;ドラゴンナイト ジャラール
ai/088.bin;0x10F09;88 EF 6D BC;イニグマン・トルネード
ai/088.bin;0x10F09;ED F8 CC BD;ファイナル・レンチ
ai/088.bin;0x10F09;11 9F 48 BE;修羅忍竜 ダラニコンゴウ
ai/088.bin;0x10F09;CF AA 4F C1;煉獄竜 ドラゴニック・ネオフレイム
ai/088.bin;0x10F09;7C 17 CE C1;ラナンキュラスの花乙女 アーシャ
ai/088.bin;0x10F09;EC 8E 85 C3;booster(%s)
ai/088.bin;0x10F09;32 A7 9C C5;カップルダガー・セイラー
ai/088.bin;0x10F09;15 6E A2 C8;ウィステリアナイト
ai/088.bin;0x10F09;AB 51 A7 CB;AI(%d) : レシピ (フラグ:%08x)
ai/088.bin;0x10F09;D7 DA C1 D6;AI(%d) : 思考開始 (行動カテゴリ:%d)
ai/088.bin;0x10F09;04 75 4F D7;蒼嵐兵 ラスカル・スイーパー
ai/088.bin;0x10F09;7C 46 0A D9;忍竜 ドレッドマスター
ai/088.bin;0x10F09;01 AB C2 DC;attacker(%s)
ai/088.bin;0x10F09;6B 1D DB DC;マシニング・モスキート mkⅡ
ai/088.bin;0x10F09;6E E4 AA DE;蒼嵐水将 ヘルメス
ai/088.bin;0x10F09;69 E8 61 E1;オーバーロード
ai/088.bin;0x10F09;7D 1F 65 E6;獣神 ナイトジャッカル
ai/088.bin;0x10F09;57 CD 2E E8;    
ai/088.bin;0x10F09;CC 1A C6 E8;AI未設定 : attrib = %s
ai/088.bin;0x10F09;C0 86 27 ED;蒼嵐覇竜 グローリー・メイルストローム
ai/088.bin;0x10F09;39 17 8B F0;星空の解放者 ギネヴィア
ai/088.bin;0x10F09;4B 16 BE F0;鋭気の騎士 エクター
ai/088.bin;0x10F09;BF 43 2B F1;  アタッカー : %s
ai/088.bin;0x10F09;27 25 50 F1;ベアダウン・サムラーイ
ai/088.bin;0x10F09;FC B0 EB F6;清めの神器 ピュア・エンジェル
ai/088.bin;0x10F09;89 20 23 F8;下
ai/088.bin;0x10F09;DD 4C B3 F8;ターン開始 AI(%d)
ai/089.bin;0xF8D4;DC A5 CF 01;  クインテットウォール : %d/%d枚
ai/089.bin;0xF8D4;4B 85 CA 03;コキュートス
ai/089.bin;0xF8D4;51 5B 2F 06;ヘキサゴナル・メイガス
ai/089.bin;0xF8D4;18 51 8C 06;深淵の海賊王 ブルーハート
ai/089.bin;0xF8D4;DD 9F CC 07;蒼嵐竜 メイルストローム
ai/089.bin;0xF8D4;8D 9F AA 08;  シールドの要求値 : 
ai/089.bin;0xF8D4;76 AE E0 09;ドラゴニック・オーバーロード “The Яe-birth”
ai/089.bin;0xF8D4;02 DC 8B 0D;モーント・ブラウクリューガー
ai/089.bin;0xF8D4;B1 2D 5D 0E;  対象のパワー : %d(%d)%s
ai/089.bin;0xF8D4;24 A1 3B 11;ライジング・ライオネット
ai/089.bin;0xF8D4;CA 98 65 11;神界獣 フェンリル
ai/089.bin;0xF8D4;2F 96 22 12;ダンシング・ウルフ
ai/089.bin;0xF8D4;2F CE 1C 13;花占いの女神 サクヤ
ai/089.bin;0xF8D4;9F 3C 4E 15; + %d
ai/089.bin;0xF8D4;26 7B 30 1A;ネコ執事
ai/089.bin;0xF8D4;8D 20 89 1A;AI未設定 : %s %d
ai/089.bin;0xF8D4;FE 5E 31 1D;荒海のバンシー
ai/089.bin;0xF8D4;49 58 50 21;次元ロボ ダイジェット
ai/089.bin;0xF8D4;8E BC BB 21;  シールドの目標値 : 
ai/089.bin;0xF8D4;50 41 74 23;希望の子 トゥルエル
ai/089.bin;0xF8D4;39 5F 97 27;新鋭の騎士 ダヴィド
ai/089.bin;0xF8D4;BE 51 F9 27;餓竜 バトルレックス
ai/089.bin;0xF8D4;F7 2E E0 29;～%d
ai/089.bin;0xF8D4;A6 8F 2A 2A;喧嘩屋 ファイティング・ドラコキッド
ai/089.bin;0xF8D4;38 C2 88 2B;イービル・シェイド
ai/089.bin;0xF8D4;44 62 0C 2D;無音の射手 コンダクタンス
ai/089.bin;0xF8D4;14 30 63 2D;!!!! AI ERROR !!!!\n  
ai/089.bin;0xF8D4;EE 81 9E 32;豪腕拿捕の巨人兵
ai/089.bin;0xF8D4;C5 4D EE 32;ブラスター・ダーク “Diablo”
ai/089.bin;0xF8D4;F1 28 16 33;枚しか選んでいない
ai/089.bin;0xF8D4;BC 1F 35 33;  ブースター : %s
ai/089.bin;0xF8D4;0F 00 54 35;ナイトスピリット
ai/089.bin;0xF8D4;B8 BC F2 37;伏魔忍鬼 カガミジシ
ai/089.bin;0xF8D4;6E 42 D6 38;AI(%d) : アタック情報
ai/089.bin;0xF8D4;B3 AD 45 3A;ブラスター
ai/089.bin;0xF8D4;83 44 68 43;ルイン・シェイド
ai/089.bin;0xF8D4;03 D4 54 45; ヒットされない
ai/089.bin;0xF8D4;2D 3A A7 45;AI(%d) : ガードステップ情報
ai/089.bin;0xF8D4;2C A5 7B 4D;枚選択する必要があるが、
ai/089.bin;0xF8D4;09 4B 82 4F;悲しき銃声 ナイトフレア
ai/089.bin;0xF8D4;9F A5 E0 4F;ＣＥＯ アマテラス
ai/089.bin;0xF8D4;3A D0 5B 51;メッチャバトラー ビクトール
ai/089.bin;0xF8D4;A6 11 33 52;暗黒竜 ファントム・ブラスター “Diablo”
ai/089.bin;0xF8D4;3C E0 6F 55;ドラゴニック・オーバーロード
ai/089.bin;0xF8D4;DE C1 45 56;解放者
ai/089.bin;0xF8D4;F7 6D 78 57;スタンプ・ラッコ
ai/089.bin;0xF8D4;C5 AF 0D 60;真紅の伝承 メタトロン
ai/089.bin;0xF8D4;C0 C3 D3 61;腐蝕竜 コラプトドラゴン
ai/089.bin;0xF8D4;47 87 68 63;AI(%d) : 思考時間 %.3f秒 (行動カテゴリ:%d)
ai/089.bin;0xF8D4;55 C8 81 63;  完全ガード : %d/%d枚
ai/089.bin;0xF8D4;42 D7 DA 63;  ガーディアン候補
ai/089.bin;0xF8D4;33 8E E7 69;Duo 理想の妹 メーア
ai/089.bin;0xF8D4;E8 83 60 6B;デアデビル・サムラーイ
ai/089.bin;0xF8D4;18 BC AE 6B;お化けのりっく
ai/089.bin;0xF8D4;4B D4 AE 6B;  合計シールド : 
ai/089.bin;0xF8D4;DC 4C 2C 6E;立春の花乙姫 プリマヴェーラ
ai/089.bin;0xF8D4;11 E8 1D 70;神託の女王 ヒミコ
ai/089.bin;0xF8D4;E4 FB 3C 72;蒼嵐候補生 アノス
ai/089.bin;0xF8D4;29 EF C2 73;  対象(%d) : %s
ai/089.bin;0xF8D4;09 BC 06 79;突風のジン
ai/089.bin;0xF8D4;61 AF 84 7E;お化けのぴーたー
ai/089.bin;0xF8D4;7C 3A 8B 81;解放者 バーニング・ブロー
ai/089.bin;0xF8D4;DA 63 6D 85;次元ロボ ダイブレイブ
ai/089.bin;0xF8D4;46 DE 4B 88;ダークメタル・ドラゴン
ai/089.bin;0xF8D4;6A D5 6E 8A;カタナライザー
ai/089.bin;0xF8D4;A0 D8 63 8D;大宇宙勇機 グランギャロップ
ai/089.bin;0xF8D4;1F 10 24 8F;上
ai/089.bin;0xF8D4;6C E6 93 8F;真黒の賢者 カロン
ai/089.bin;0xF8D4;BB E2 E9 90;永劫不敗 アシュラ・カイザー
ai/089.bin;0xF8D4;E1 26 37 94;魔竜戦鬼 チャトゥラ
ai/089.bin;0xF8D4;6A 0F 95 94;  アタッカーのパワー : %d(%d)
ai/089.bin;0xF8D4;7F BB 35 95;覇天皇竜 ドラゴニック・オーバーロード “The Ace”
ai/089.bin;0xF8D4;98 3A D6 97;ブルータル・シェイド
ai/089.bin;0xF8D4;0C DD 47 9B;バトルシスター ぱるふぇ
ai/089.bin;0xF8D4;1A 2D D2 9C;マイスガード フォーマルハウト
ai/089.bin;0xF8D4;69 08 3B A2;蒼波竜 テトラドライブ・ドラゴン
ai/089.bin;0xF8D4;F1 51 AA A2;スチームファイター バリフ
ai/089.bin;0xF8D4;A4 F3 D7 A7;  アタッカーのクリティカル : %d
ai/089.bin;0xF8D4;BD FD F6 A7;メチャバトラー ランボール
ai/089.bin;0xF8D4;9F 77 42 AC;フレアウィップ・ドラゴン
ai/089.bin;0xF8D4;EA 1D 50 AC;大幹部 ブルーブラッド
ai/089.bin;0xF8D4;39 6A 36 B5;超鋼闘機 ヘヴィデューク
ai/089.bin;0xF8D4;F7 48 21 B9;ドラゴンナイト ジャラール
ai/089.bin;0xF8D4;88 EF 6D BC;イニグマン・トルネード
ai/089.bin;0xF8D4;ED F8 CC BD;ファイナル・レンチ
ai/089.bin;0xF8D4;11 9F 48 BE;修羅忍竜 ダラニコンゴウ
ai/089.bin;0xF8D4;CF AA 4F C1;煉獄竜 ドラゴニック・ネオフレイム
ai/089.bin;0xF8D4;7C 17 CE C1;ラナンキュラスの花乙女 アーシャ
ai/089.bin;0xF8D4;C9 95 C9 C5;氷獄の冥界神 コキュートス・ネガティヴ
ai/089.bin;0xF8D4;15 6E A2 C8;ウィステリアナイト
ai/089.bin;0xF8D4;AB 51 A7 CB;AI(%d) : レシピ (フラグ:%08x)
ai/089.bin;0xF8D4;F9 57 27 CC;氷獄の死霊術師 コキュートス
ai/089.bin;0xF8D4;D7 DA C1 D6;AI(%d) : 思考開始 (行動カテゴリ:%d)
ai/089.bin;0xF8D4;7C 46 0A D9;忍竜 ドレッドマスター
ai/089.bin;0xF8D4;6B 1D DB DC;マシニング・モスキート mkⅡ
ai/089.bin;0xF8D4;69 E8 61 E1;オーバーロード
ai/089.bin;0xF8D4;7D 1F 65 E6;獣神 ナイトジャッカル
ai/089.bin;0xF8D4;55 C1 D3 E6;ダンシング・カットラス
ai/089.bin;0xF8D4;57 CD 2E E8;    
ai/089.bin;0xF8D4;CC 1A C6 E8;AI未設定 : attrib = %s
ai/089.bin;0xF8D4;39 17 8B F0;星空の解放者 ギネヴィア
ai/089.bin;0xF8D4;4B 16 BE F0;鋭気の騎士 エクター
ai/089.bin;0xF8D4;BF 43 2B F1;  アタッカー : %s
ai/089.bin;0xF8D4;E8 BA 47 F1;海中散歩のバンシー
ai/089.bin;0xF8D4;27 25 50 F1;ベアダウン・サムラーイ
ai/089.bin;0xF8D4;FC B0 EB F6;清めの神器 ピュア・エンジェル
ai/089.bin;0xF8D4;89 20 23 F8;下
ai/089.bin;0xF8D4;DD 4C B3 F8;ターン開始 AI(%d)
ai/089.bin;0xF8D4;5B 81 7A FF;七海覇王 ナイトミスト
ai/090.bin;0x102BD;DC A5 CF 01;  クインテットウォール : %d/%d枚
ai/090.bin;0x102BD;0D 8D 84 03;レックレス・エクスプレス
ai/090.bin;0x102BD;51 5B 2F 06;ヘキサゴナル・メイガス
ai/090.bin;0x102BD;DD 9F CC 07;蒼嵐竜 メイルストローム
ai/090.bin;0x102BD;8D 9F AA 08;  シールドの要求値 : 
ai/090.bin;0x102BD;76 AE E0 09;ドラゴニック・オーバーロード “The Яe-birth”
ai/090.bin;0x102BD;04 9E 17 0A;チアガール アダレード
ai/090.bin;0x102BD;02 DC 8B 0D;モーント・ブラウクリューガー
ai/090.bin;0x102BD;B1 2D 5D 0E;  対象のパワー : %d(%d)%s
ai/090.bin;0x102BD;24 A1 3B 11;ライジング・ライオネット
ai/090.bin;0x102BD;CA 98 65 11;神界獣 フェンリル
ai/090.bin;0x102BD;2F 96 22 12;ダンシング・ウルフ
ai/090.bin;0x102BD;2F CE 1C 13;花占いの女神 サクヤ
ai/090.bin;0x102BD;9F 3C 4E 15; + %d
ai/090.bin;0x102BD;26 7B 30 1A;ネコ執事
ai/090.bin;0x102BD;8D 20 89 1A;AI未設定 : %s %d
ai/090.bin;0x102BD;67 A9 4B 1D;ダッドリー・メイソン
ai/090.bin;0x102BD;49 58 50 21;次元ロボ ダイジェット
ai/090.bin;0x102BD;8E BC BB 21;  シールドの目標値 : 
ai/090.bin;0x102BD;76 10 32 22;サイレンス・ジョーカー
ai/090.bin;0x102BD;50 41 74 23;希望の子 トゥルエル
ai/090.bin;0x102BD;39 5F 97 27;新鋭の騎士 ダヴィド
ai/090.bin;0x102BD;BE 51 F9 27;餓竜 バトルレックス
ai/090.bin;0x102BD;F7 2E E0 29;～%d
ai/090.bin;0x102BD;A6 8F 2A 2A;喧嘩屋 ファイティング・ドラコキッド
ai/090.bin;0x102BD;44 62 0C 2D;無音の射手 コンダクタンス
ai/090.bin;0x102BD;14 30 63 2D;!!!! AI ERROR !!!!\n  
ai/090.bin;0x102BD;EE 81 9E 32;豪腕拿捕の巨人兵
ai/090.bin;0x102BD;C5 4D EE 32;ブラスター・ダーク “Diablo”
ai/090.bin;0x102BD;F1 28 16 33;枚しか選んでいない
ai/090.bin;0x102BD;BC 1F 35 33;  ブースター : %s
ai/090.bin;0x102BD;B8 BC F2 37;伏魔忍鬼 カガミジシ
ai/090.bin;0x102BD;6E 42 D6 38;AI(%d) : アタック情報
ai/090.bin;0x102BD;B3 AD 45 3A;ブラスター
ai/090.bin;0x102BD;03 D4 54 45; ヒットされない
ai/090.bin;0x102BD;2D 3A A7 45;AI(%d) : ガードステップ情報
ai/090.bin;0x102BD;7C 6C B6 48;ダッドリー
ai/090.bin;0x102BD;2C A5 7B 4D;枚選択する必要があるが、
ai/090.bin;0x102BD;9F A5 E0 4F;ＣＥＯ アマテラス
ai/090.bin;0x102BD;3A D0 5B 51;メッチャバトラー ビクトール
ai/090.bin;0x102BD;A6 11 33 52;暗黒竜 ファントム・ブラスター “Diablo”
ai/090.bin;0x102BD;3C E0 6F 55;ドラゴニック・オーバーロード
ai/090.bin;0x102BD;DE C1 45 56;解放者
ai/090.bin;0x102BD;F7 6D 78 57;スタンプ・ラッコ
ai/090.bin;0x102BD;C5 AF 0D 60;真紅の伝承 メタトロン
ai/090.bin;0x102BD;47 87 68 63;AI(%d) : 思考時間 %.3f秒 (行動カテゴリ:%d)
ai/090.bin;0x102BD;55 C8 81 63;  完全ガード : %d/%d枚
ai/090.bin;0x102BD;42 D7 DA 63;  ガーディアン候補
ai/090.bin;0x102BD;73 C3 E8 66;魔王 ダッドリー・ルシファー
ai/090.bin;0x102BD;33 8E E7 69;Duo 理想の妹 メーア
ai/090.bin;0x102BD;E8 83 60 6B;デアデビル・サムラーイ
ai/090.bin;0x102BD;4B D4 AE 6B;  合計シールド : 
ai/090.bin;0x102BD;15 CB 01 6D;大戦士 ダッドリー・ジェロニモ
ai/090.bin;0x102BD;DC 4C 2C 6E;立春の花乙姫 プリマヴェーラ
ai/090.bin;0x102BD;11 E8 1D 70;神託の女王 ヒミコ
ai/090.bin;0x102BD;E4 FB 3C 72;蒼嵐候補生 アノス
ai/090.bin;0x102BD;29 EF C2 73;  対象(%d) : %s
ai/090.bin;0x102BD;FD 97 60 7C;ハイスピード・ブラッキー
ai/090.bin;0x102BD;C7 40 D4 80;魔王 ダッドリー・エンペラー
ai/090.bin;0x102BD;7C 3A 8B 81;解放者 バーニング・ブロー
ai/090.bin;0x102BD;DA 63 6D 85;次元ロボ ダイブレイブ
ai/090.bin;0x102BD;46 DE 4B 88;ダークメタル・ドラゴン
ai/090.bin;0x102BD;6A D5 6E 8A;カタナライザー
ai/090.bin;0x102BD;A0 D8 63 8D;大宇宙勇機 グランギャロップ
ai/090.bin;0x102BD;1F 10 24 8F;上
ai/090.bin;0x102BD;6C E6 93 8F;真黒の賢者 カロン
ai/090.bin;0x102BD;BB E2 E9 90;永劫不敗 アシュラ・カイザー
ai/090.bin;0x102BD;E1 26 37 94;魔竜戦鬼 チャトゥラ
ai/090.bin;0x102BD;6A 0F 95 94;  アタッカーのパワー : %d(%d)
ai/090.bin;0x102BD;7F BB 35 95;覇天皇竜 ドラゴニック・オーバーロード “The Ace”
ai/090.bin;0x102BD;E1 3B 61 98;猛将 ザカリー
ai/090.bin;0x102BD;0C DD 47 9B;バトルシスター ぱるふぇ
ai/090.bin;0x102BD;1A 2D D2 9C;マイスガード フォーマルハウト
ai/090.bin;0x102BD;CA 30 36 9F;指揮官 ゲイリー・ギャノン
ai/090.bin;0x102BD;E5 64 0C A0;ソニック・ブレイカー
ai/090.bin;0x102BD;69 08 3B A2;蒼波竜 テトラドライブ・ドラゴン
ai/090.bin;0x102BD;F1 51 AA A2;スチームファイター バリフ
ai/090.bin;0x102BD;75 25 67 A7;神速 フラッシュ・ブルース
ai/090.bin;0x102BD;A4 F3 D7 A7;  アタッカーのクリティカル : %d
ai/090.bin;0x102BD;BD FD F6 A7;メチャバトラー ランボール
ai/090.bin;0x102BD;9F 77 42 AC;フレアウィップ・ドラゴン
ai/090.bin;0x102BD;39 6A 36 B5;超鋼闘機 ヘヴィデューク
ai/090.bin;0x102BD;F7 48 21 B9;ドラゴンナイト ジャラール
ai/090.bin;0x102BD;88 EF 6D BC;イニグマン・トルネード
ai/090.bin;0x102BD;ED F8 CC BD;ファイナル・レンチ
ai/090.bin;0x102BD;11 9F 48 BE;修羅忍竜 ダラニコンゴウ
ai/090.bin;0x102BD;CF AA 4F C1;煉獄竜 ドラゴニック・ネオフレイム
ai/090.bin;0x102BD;7C 17 CE C1;ラナンキュラスの花乙女 アーシャ
ai/090.bin;0x102BD;88 7B C9 C2;メカ・トレーナー
ai/090.bin;0x102BD;9B EB FA C7;メディカル・マネージャー
ai/090.bin;0x102BD;15 6E A2 C8;ウィステリアナイト
ai/090.bin;0x102BD;AB 51 A7 CB;AI(%d) : レシピ (フラグ:%08x)
ai/090.bin;0x102BD;74 62 BC D2;フィールド・ドリラー
ai/090.bin;0x102BD;41 F6 55 D5;ジャガーノート・マキシマム
ai/090.bin;0x102BD;D7 DA C1 D6;AI(%d) : 思考開始 (行動カテゴリ:%d)
ai/090.bin;0x102BD;7C 46 0A D9;忍竜 ドレッドマスター
ai/090.bin;0x102BD;6B 1D DB DC;マシニング・モスキート mkⅡ
ai/090.bin;0x102BD;69 E8 61 E1;オーバーロード
ai/090.bin;0x102BD;7D 1F 65 E6;獣神 ナイトジャッカル
ai/090.bin;0x102BD;57 CD 2E E8;    
ai/090.bin;0x102BD;CC 1A C6 E8;AI未設定 : attrib = %s
ai/090.bin;0x102BD;DC 5C 61 E9;マシンガン・グロリア
ai/090.bin;0x102BD;EE 28 FE E9;陽気なリンクス
ai/090.bin;0x102BD;39 17 8B F0;星空の解放者 ギネヴィア
ai/090.bin;0x102BD;4B 16 BE F0;鋭気の騎士 エクター
ai/090.bin;0x102BD;BF 43 2B F1;  アタッカー : %s
ai/090.bin;0x102BD;27 25 50 F1;ベアダウン・サムラーイ
ai/090.bin;0x102BD;FC B0 EB F6;清めの神器 ピュア・エンジェル
ai/090.bin;0x102BD;89 20 23 F8;下
ai/090.bin;0x102BD;DD 4C B3 F8;ターン開始 AI(%d)
ai/090.bin;0x102BD;9B 56 BF F8;チアガール マリリン
ai/091.bin;0xF84B;DC A5 CF 01;  クインテットウォール : %d/%d枚
ai/091.bin;0xF84B;51 5B 2F 06;ヘキサゴナル・メイガス
ai/091.bin;0xF84B;DD 9F CC 07;蒼嵐竜 メイルストローム
ai/091.bin;0xF84B;8D 9F AA 08;  シールドの要求値 : 
ai/091.bin;0xF84B;E9 CC C8 09;マシニング・マンティス
ai/091.bin;0xF84B;76 AE E0 09;ドラゴニック・オーバーロード “The Яe-birth”
ai/091.bin;0xF84B;5F 9A 9E 0A;マシニング・ウォーシックル
ai/091.bin;0xF84B;94 76 C7 0B;甲殻怪神 マシニング・デストロイヤー
ai/091.bin;0xF84B;C2 4F E2 0C;マシニング
ai/091.bin;0xF84B;02 DC 8B 0D;モーント・ブラウクリューガー
ai/091.bin;0xF84B;B1 2D 5D 0E;  対象のパワー : %d(%d)%s
ai/091.bin;0xF84B;24 A1 3B 11;ライジング・ライオネット
ai/091.bin;0xF84B;CA 98 65 11;神界獣 フェンリル
ai/091.bin;0xF84B;2F 96 22 12;ダンシング・ウルフ
ai/091.bin;0xF84B;2F CE 1C 13;花占いの女神 サクヤ
ai/091.bin;0xF84B;9F 3C 4E 15; + %d
ai/091.bin;0xF84B;26 7B 30 1A;ネコ執事
ai/091.bin;0xF84B;8D 20 89 1A;AI未設定 : %s %d
ai/091.bin;0xF84B;56 1D 31 1E;マシニング・シカーダ
ai/091.bin;0xF84B;49 58 50 21;次元ロボ ダイジェット
ai/091.bin;0xF84B;8E BC BB 21;  シールドの目標値 : 
ai/091.bin;0xF84B;50 41 74 23;希望の子 トゥルエル
ai/091.bin;0xF84B;39 5F 97 27;新鋭の騎士 ダヴィド
ai/091.bin;0xF84B;BE 51 F9 27;餓竜 バトルレックス
ai/091.bin;0xF84B;F7 2E E0 29;～%d
ai/091.bin;0xF84B;A6 8F 2A 2A;喧嘩屋 ファイティング・ドラコキッド
ai/091.bin;0xF84B;62 5E 38 2A;乱伐怪神 ジャギーデビル
ai/091.bin;0xF84B;44 62 0C 2D;無音の射手 コンダクタンス
ai/091.bin;0xF84B;14 30 63 2D;!!!! AI ERROR !!!!\n  
ai/091.bin;0xF84B;78 C7 7C 32;マシニング・ホーネット
ai/091.bin;0xF84B;EE 81 9E 32;豪腕拿捕の巨人兵
ai/091.bin;0xF84B;C5 4D EE 32;ブラスター・ダーク “Diablo”
ai/091.bin;0xF84B;F1 28 16 33;枚しか選んでいない
ai/091.bin;0xF84B;BC 1F 35 33;  ブースター : %s
ai/091.bin;0xF84B;EF 7F A0 33;マシニング・ブラックソルジャー
ai/091.bin;0xF84B;B8 BC F2 37;伏魔忍鬼 カガミジシ
ai/091.bin;0xF84B;6E 42 D6 38;AI(%d) : アタック情報
ai/091.bin;0xF84B;B3 AD 45 3A;ブラスター
ai/091.bin;0xF84B;A8 8B EB 3A;マシニング・レッドソルジャー
ai/091.bin;0xF84B;CE E5 68 3E;マシニング・モスキート
ai/091.bin;0xF84B;03 D4 54 45; ヒットされない
ai/091.bin;0xF84B;2D 3A A7 45;AI(%d) : ガードステップ情報
ai/091.bin;0xF84B;2C A5 7B 4D;枚選択する必要があるが、
ai/091.bin;0xF84B;9F A5 E0 4F;ＣＥＯ アマテラス
ai/091.bin;0xF84B;3A D0 5B 51;メッチャバトラー ビクトール
ai/091.bin;0xF84B;A6 11 33 52;暗黒竜 ファントム・ブラスター “Diablo”
ai/091.bin;0xF84B;1C 7E 4B 54;マシニング・リトルビー
ai/091.bin;0xF84B;3C E0 6F 55;ドラゴニック・オーバーロード
ai/091.bin;0xF84B;DE C1 45 56;解放者
ai/091.bin;0xF84B;F7 6D 78 57;スタンプ・ラッコ
ai/091.bin;0xF84B;C5 AF 0D 60;真紅の伝承 メタトロン
ai/091.bin;0xF84B;47 87 68 63;AI(%d) : 思考時間 %.3f秒 (行動カテゴリ:%d)
ai/091.bin;0xF84B;55 C8 81 63;  完全ガード : %d/%d枚
ai/091.bin;0xF84B;42 D7 DA 63;  ガーディアン候補
ai/091.bin;0xF84B;33 8E E7 69;Duo 理想の妹 メーア
ai/091.bin;0xF84B;E8 83 60 6B;デアデビル・サムラーイ
ai/091.bin;0xF84B;4B D4 AE 6B;  合計シールド : 
ai/091.bin;0xF84B;DC 4C 2C 6E;立春の花乙姫 プリマヴェーラ
ai/091.bin;0xF84B;11 E8 1D 70;神託の女王 ヒミコ
ai/091.bin;0xF84B;E4 FB 3C 72;蒼嵐候補生 アノス
ai/091.bin;0xF84B;29 EF C2 73;  対象(%d) : %s
ai/091.bin;0xF84B;70 F8 2D 74;マシニング・ボンビックス
ai/091.bin;0xF84B;7C 3A 8B 81;解放者 バーニング・ブロー
ai/091.bin;0xF84B;DA 63 6D 85;次元ロボ ダイブレイブ
ai/091.bin;0xF84B;46 DE 4B 88;ダークメタル・ドラゴン
ai/091.bin;0xF84B;6A D5 6E 8A;カタナライザー
ai/091.bin;0xF84B;A0 D8 63 8D;大宇宙勇機 グランギャロップ
ai/091.bin;0xF84B;1F 10 24 8F;上
ai/091.bin;0xF84B;6C E6 93 8F;真黒の賢者 カロン
ai/091.bin;0xF84B;BB E2 E9 90;永劫不敗 アシュラ・カイザー
ai/091.bin;0xF84B;E1 26 37 94;魔竜戦鬼 チャトゥラ
ai/091.bin;0xF84B;6A 0F 95 94;  アタッカーのパワー : %d(%d)
ai/091.bin;0xF84B;7F BB 35 95;覇天皇竜 ドラゴニック・オーバーロード “The Ace”
ai/091.bin;0xF84B;0C DD 47 9B;バトルシスター ぱるふぇ
ai/091.bin;0xF84B;1A 2D D2 9C;マイスガード フォーマルハウト
ai/091.bin;0xF84B;69 08 3B A2;蒼波竜 テトラドライブ・ドラゴン
ai/091.bin;0xF84B;F1 51 AA A2;スチームファイター バリフ
ai/091.bin;0xF84B;A4 F3 D7 A7;  アタッカーのクリティカル : %d
ai/091.bin;0xF84B;BD FD F6 A7;メチャバトラー ランボール
ai/091.bin;0xF84B;9F 77 42 AC;フレアウィップ・ドラゴン
ai/091.bin;0xF84B;39 6A 36 B5;超鋼闘機 ヘヴィデューク
ai/091.bin;0xF84B;F7 48 21 B9;ドラゴンナイト ジャラール
ai/091.bin;0xF84B;88 EF 6D BC;イニグマン・トルネード
ai/091.bin;0xF84B;ED F8 CC BD;ファイナル・レンチ
ai/091.bin;0xF84B;11 9F 48 BE;修羅忍竜 ダラニコンゴウ
ai/091.bin;0xF84B;CF AA 4F C1;煉獄竜 ドラゴニック・ネオフレイム
ai/091.bin;0xF84B;7C 17 CE C1;ラナンキュラスの花乙女 アーシャ
ai/091.bin;0xF84B;15 6E A2 C8;ウィステリアナイト
ai/091.bin;0xF84B;AB 51 A7 CB;AI(%d) : レシピ (フラグ:%08x)
ai/091.bin;0xF84B;9C 63 7A CC;マシニング・スパークヘラクレス
ai/091.bin;0xF84B;48 C6 97 CD;マシニング・タランチュラ
ai/091.bin;0xF84B;D7 DA C1 D6;AI(%d) : 思考開始 (行動カテゴリ:%d)
ai/091.bin;0xF84B;7C 46 0A D9;忍竜 ドレッドマスター
ai/091.bin;0xF84B;6B 1D DB DC;マシニング・モスキート mkⅡ
ai/091.bin;0xF84B;D8 4F 0C E1;マシニング・スコルピオ
ai/091.bin;0xF84B;69 E8 61 E1;オーバーロード
ai/091.bin;0xF84B;7D 1F 65 E6;獣神 ナイトジャッカル
ai/091.bin;0xF84B;57 CD 2E E8;    
ai/091.bin;0xF84B;CC 1A C6 E8;AI未設定 : attrib = %s
ai/091.bin;0xF84B;39 17 8B F0;星空の解放者 ギネヴィア
ai/091.bin;0xF84B;4B 16 BE F0;鋭気の騎士 エクター
ai/091.bin;0xF84B;BF 43 2B F1;  アタッカー : %s
ai/091.bin;0xF84B;27 25 50 F1;ベアダウン・サムラーイ
ai/091.bin;0xF84B;FC B0 EB F6;清めの神器 ピュア・エンジェル
ai/091.bin;0xF84B;89 20 23 F8;下
ai/091.bin;0xF84B;DD 4C B3 F8;ターン開始 AI(%d)
ai/091.bin;0xF84B;31 66 F8 F8;マシニング・レディバグ
ai/092.bin;0x11821;DC A5 CF 01;  クインテットウォール : %d/%d枚
ai/092.bin;0x11821;F6 CE 6B 04;ペイント・オッター
ai/092.bin;0x11821;94 BD 65 05;イレイサー・アルパカ
ai/092.bin;0x11821;51 5B 2F 06;ヘキサゴナル・メイガス
ai/092.bin;0x11821;DD 9F CC 07;蒼嵐竜 メイルストローム
ai/092.bin;0x11821;8D 9F AA 08;  シールドの要求値 : 
ai/092.bin;0x11821;76 AE E0 09;ドラゴニック・オーバーロード “The Яe-birth”
ai/092.bin;0x11821;02 DC 8B 0D;モーント・ブラウクリューガー
ai/092.bin;0x11821;B1 2D 5D 0E;  対象のパワー : %d(%d)%s
ai/092.bin;0x11821;24 A1 3B 11;ライジング・ライオネット
ai/092.bin;0x11821;CA 98 65 11;神界獣 フェンリル
ai/092.bin;0x11821;2F 96 22 12;ダンシング・ウルフ
ai/092.bin;0x11821;2F CE 1C 13;花占いの女神 サクヤ
ai/092.bin;0x11821;9F 3C 4E 15; + %d
ai/092.bin;0x11821;26 7B 30 1A;ネコ執事
ai/092.bin;0x11821;8D 20 89 1A;AI未設定 : %s %d
ai/092.bin;0x11821;A1 09 AD 1A;ぐるぐるダックビル
ai/092.bin;0x11821;DB 6C A4 20;クレヨン・タイガー
ai/092.bin;0x11821;49 58 50 21;次元ロボ ダイジェット
ai/092.bin;0x11821;8E BC BB 21;  シールドの目標値 : 
ai/092.bin;0x11821;50 41 74 23;希望の子 トゥルエル
ai/092.bin;0x11821;39 5F 97 27;新鋭の騎士 ダヴィド
ai/092.bin;0x11821;BE 51 F9 27;餓竜 バトルレックス
ai/092.bin;0x11821;F7 2E E0 29;～%d
ai/092.bin;0x11821;A6 8F 2A 2A;喧嘩屋 ファイティング・ドラコキッド
ai/092.bin;0x11821;44 62 0C 2D;無音の射手 コンダクタンス
ai/092.bin;0x11821;14 30 63 2D;!!!! AI ERROR !!!!\n  
ai/092.bin;0x11821;EE 81 9E 32;豪腕拿捕の巨人兵
ai/092.bin;0x11821;C5 4D EE 32;ブラスター・ダーク “Diablo”
ai/092.bin;0x11821;F1 28 16 33;枚しか選んでいない
ai/092.bin;0x11821;BC 1F 35 33;  ブースター : %s
ai/092.bin;0x11821;B8 BC F2 37;伏魔忍鬼 カガミジシ
ai/092.bin;0x11821;6E 42 D6 38;AI(%d) : アタック情報
ai/092.bin;0x11821;B3 AD 45 3A;ブラスター
ai/092.bin;0x11821;03 D4 54 45; ヒットされない
ai/092.bin;0x11821;2D 3A A7 45;AI(%d) : ガードステップ情報
ai/092.bin;0x11821;2C A5 7B 4D;枚選択する必要があるが、
ai/092.bin;0x11821;9F A5 E0 4F;ＣＥＯ アマテラス
ai/092.bin;0x11821;3A D0 5B 51;メッチャバトラー ビクトール
ai/092.bin;0x11821;A6 11 33 52;暗黒竜 ファントム・ブラスター “Diablo”
ai/092.bin;0x11821;3C E0 6F 55;ドラゴニック・オーバーロード
ai/092.bin;0x11821;DE C1 45 56;解放者
ai/092.bin;0x11821;F7 6D 78 57;スタンプ・ラッコ
ai/092.bin;0x11821;C5 AF 0D 60;真紅の伝承 メタトロン
ai/092.bin;0x11821;47 87 68 63;AI(%d) : 思考時間 %.3f秒 (行動カテゴリ:%d)
ai/092.bin;0x11821;71 6A 70 63;特別名誉博士 シャノアール
ai/092.bin;0x11821;55 C8 81 63;  完全ガード : %d/%d枚
ai/092.bin;0x11821;42 D7 DA 63;  ガーディアン候補
ai/092.bin;0x11821;87 34 74 68;全智竜 マーナガルム
ai/092.bin;0x11821;C4 9B 91 69;腕利き助手 グル・ウルフ
ai/092.bin;0x11821;33 8E E7 69;Duo 理想の妹 メーア
ai/092.bin;0x11821;E8 83 60 6B;デアデビル・サムラーイ
ai/092.bin;0x11821;4B D4 AE 6B;  合計シールド : 
ai/092.bin;0x11821;DC 4C 2C 6E;立春の花乙姫 プリマヴェーラ
ai/092.bin;0x11821;27 B5 87 6E;双筆の闘士 ポラリス
ai/092.bin;0x11821;11 E8 1D 70;神託の女王 ヒミコ
ai/092.bin;0x11821;E4 FB 3C 72;蒼嵐候補生 アノス
ai/092.bin;0x11821;29 EF C2 73;  対象(%d) : %s
ai/092.bin;0x11821;7C 3A 8B 81;解放者 バーニング・ブロー
ai/092.bin;0x11821;DA 63 6D 85;次元ロボ ダイブレイブ
ai/092.bin;0x11821;46 DE 4B 88;ダークメタル・ドラゴン
ai/092.bin;0x11821;6A D5 6E 8A;カタナライザー
ai/092.bin;0x11821;A0 D8 63 8D;大宇宙勇機 グランギャロップ
ai/092.bin;0x11821;1F 10 24 8F;上
ai/092.bin;0x11821;6C E6 93 8F;真黒の賢者 カロン
ai/092.bin;0x11821;BB E2 E9 90;永劫不敗 アシュラ・カイザー
ai/092.bin;0x11821;E1 26 37 94;魔竜戦鬼 チャトゥラ
ai/092.bin;0x11821;6A 0F 95 94;  アタッカーのパワー : %d(%d)
ai/092.bin;0x11821;7F BB 35 95;覇天皇竜 ドラゴニック・オーバーロード “The Ace”
ai/092.bin;0x11821;0C DD 47 9B;バトルシスター ぱるふぇ
ai/092.bin;0x11821;1A 2D D2 9C;マイスガード フォーマルハウト
ai/092.bin;0x11821;69 08 3B A2;蒼波竜 テトラドライブ・ドラゴン
ai/092.bin;0x11821;F1 51 AA A2;スチームファイター バリフ
ai/092.bin;0x11821;A4 F3 D7 A7;  アタッカーのクリティカル : %d
ai/092.bin;0x11821;BD FD F6 A7;メチャバトラー ランボール
ai/092.bin;0x11821;7C 4D 03 AB;ブロードキャスト・ラビット
ai/092.bin;0x11821;9F 77 42 AC;フレアウィップ・ドラゴン
ai/092.bin;0x11821;57 03 24 AE;カッター・ファルコン
ai/092.bin;0x11821;39 6A 36 B5;超鋼闘機 ヘヴィデューク
ai/092.bin;0x11821;5B 82 DC B8;ひたむき助手 ミニベリー
ai/092.bin;0x11821;F7 48 21 B9;ドラゴンナイト ジャラール
ai/092.bin;0x11821;88 EF 6D BC;イニグマン・トルネード
ai/092.bin;0x11821;ED F8 CC BD;ファイナル・レンチ
ai/092.bin;0x11821;11 9F 48 BE;修羅忍竜 ダラニコンゴウ
ai/092.bin;0x11821;05 73 20 BF;全智竜 ウィズダムテラー・ドラゴン
ai/092.bin;0x11821;CF AA 4F C1;煉獄竜 ドラゴニック・ネオフレイム
ai/092.bin;0x11821;7C 17 CE C1;ラナンキュラスの花乙女 アーシャ
ai/092.bin;0x11821;15 6E A2 C8;ウィステリアナイト
ai/092.bin;0x11821;AB 51 A7 CB;AI(%d) : レシピ (フラグ:%08x)
ai/092.bin;0x11821;7A 23 D9 D3;バイナキュラス・タイガー
ai/092.bin;0x11821;D7 DA C1 D6;AI(%d) : 思考開始 (行動カテゴリ:%d)
ai/092.bin;0x11821;7C 46 0A D9;忍竜 ドレッドマスター
ai/092.bin;0x11821;6B 1D DB DC;マシニング・モスキート mkⅡ
ai/092.bin;0x11821;69 E8 61 E1;オーバーロード
ai/092.bin;0x11821;7D 1F 65 E6;獣神 ナイトジャッカル
ai/092.bin;0x11821;57 CD 2E E8;    
ai/092.bin;0x11821;CC 1A C6 E8;AI未設定 : attrib = %s
ai/092.bin;0x11821;39 17 8B F0;星空の解放者 ギネヴィア
ai/092.bin;0x11821;4B 16 BE F0;鋭気の騎士 エクター
ai/092.bin;0x11821;BF 43 2B F1;  アタッカー : %s
ai/092.bin;0x11821;27 25 50 F1;ベアダウン・サムラーイ
ai/092.bin;0x11821;FC B0 EB F6;清めの神器 ピュア・エンジェル
ai/092.bin;0x11821;89 20 23 F8;下
ai/092.bin;0x11821;DD 4C B3 F8;ターン開始 AI(%d)
ai/092.bin;0x11821;E3 9C 69 F9;アラーム・チキン
ai/092.bin;0x11821;FB 17 1D FB;矛盾教官 シェル・マスター
ai/092.bin;0x11821;A9 03 7C FD;ブラックボード・オーム
ai/093.bin;0x108E7;DC A5 CF 01;  クインテットウォール : %d/%d枚
ai/093.bin;0x108E7;45 6F F8 03;黒鳩の魔女 ゴエウィン
ai/093.bin;0x108E7;51 5B 2F 06;ヘキサゴナル・メイガス
ai/093.bin;0x108E7;DD 9F CC 07;蒼嵐竜 メイルストローム
ai/093.bin;0x108E7;8D 9F AA 08;  シールドの要求値 : 
ai/093.bin;0x108E7;76 AE E0 09;ドラゴニック・オーバーロード “The Яe-birth”
ai/093.bin;0x108E7;E7 79 6C 0B;現の魔女 ファム
ai/093.bin;0x108E7;02 DC 8B 0D;モーント・ブラウクリューガー
ai/093.bin;0x108E7;28 AF E8 0D;髑髏の魔女っ娘 ネヴァン
ai/093.bin;0x108E7;B1 2D 5D 0E;  対象のパワー : %d(%d)%s
ai/093.bin;0x108E7;24 A1 3B 11;ライジング・ライオネット
ai/093.bin;0x108E7;CA 98 65 11;神界獣 フェンリル
ai/093.bin;0x108E7;2F 96 22 12;ダンシング・ウルフ
ai/093.bin;0x108E7;2F CE 1C 13;花占いの女神 サクヤ
ai/093.bin;0x108E7;E7 B7 7E 14;黒烏の魔女 エイネー
ai/093.bin;0x108E7;9F 3C 4E 15; + %d
ai/093.bin;0x108E7;8C C5 60 18;スノーエレメント ブリーザ
ai/093.bin;0x108E7;26 7B 30 1A;ネコ執事
ai/093.bin;0x108E7;8D 20 89 1A;AI未設定 : %s %d
ai/093.bin;0x108E7;49 58 50 21;次元ロボ ダイジェット
ai/093.bin;0x108E7;8E BC BB 21;  シールドの目標値 : 
ai/093.bin;0x108E7;50 41 74 23;希望の子 トゥルエル
ai/093.bin;0x108E7;FA 6A DA 25;幻惑の魔女 フィアナ
ai/093.bin;0x108E7;39 5F 97 27;新鋭の騎士 ダヴィド
ai/093.bin;0x108E7;BE 51 F9 27;餓竜 バトルレックス
ai/093.bin;0x108E7;F7 2E E0 29;～%d
ai/093.bin;0x108E7;A6 8F 2A 2A;喧嘩屋 ファイティング・ドラコキッド
ai/093.bin;0x108E7;44 62 0C 2D;無音の射手 コンダクタンス
ai/093.bin;0x108E7;14 30 63 2D;!!!! AI ERROR !!!!\n  
ai/093.bin;0x108E7;EE 81 9E 32;豪腕拿捕の巨人兵
ai/093.bin;0x108E7;C5 4D EE 32;ブラスター・ダーク “Diablo”
ai/093.bin;0x108E7;F1 28 16 33;枚しか選んでいない
ai/093.bin;0x108E7;BC 1F 35 33;  ブースター : %s
ai/093.bin;0x108E7;B8 BC F2 37;伏魔忍鬼 カガミジシ
ai/093.bin;0x108E7;6E 42 D6 38;AI(%d) : アタック情報
ai/093.bin;0x108E7;B3 AD 45 3A;ブラスター
ai/093.bin;0x108E7;3E F7 5F 41;荒廃の魔女 スカーハ
ai/093.bin;0x108E7;2B 9E 47 42;秘薬の魔女 アリアンロッド
ai/093.bin;0x108E7;03 D4 54 45; ヒットされない
ai/093.bin;0x108E7;2D 3A A7 45;AI(%d) : ガードステップ情報
ai/093.bin;0x108E7;CF 09 C8 49;祭儀の魔女 リアス
ai/093.bin;0x108E7;2C A5 7B 4D;枚選択する必要があるが、
ai/093.bin;0x108E7;9F A5 E0 4F;ＣＥＯ アマテラス
ai/093.bin;0x108E7;3A D0 5B 51;メッチャバトラー ビクトール
ai/093.bin;0x108E7;A6 11 33 52;暗黒竜 ファントム・ブラスター “Diablo”
ai/093.bin;0x108E7;B0 0E B9 54;誘致の魔女 アルドラ
ai/093.bin;0x108E7;3C E0 6F 55;ドラゴニック・オーバーロード
ai/093.bin;0x108E7;DE C1 45 56;解放者
ai/093.bin;0x108E7;F7 6D 78 57;スタンプ・ラッコ
ai/093.bin;0x108E7;32 4C 96 58;黒翼のソードブレイカー
ai/093.bin;0x108E7;C5 AF 0D 60;真紅の伝承 メタトロン
ai/093.bin;0x108E7;47 87 68 63;AI(%d) : 思考時間 %.3f秒 (行動カテゴリ:%d)
ai/093.bin;0x108E7;55 C8 81 63;  完全ガード : %d/%d枚
ai/093.bin;0x108E7;42 D7 DA 63;  ガーディアン候補
ai/093.bin;0x108E7;F8 37 EB 66;鋭牙の魔女 フォドラ
ai/093.bin;0x108E7;A5 71 A7 67;レインエレメント マデュー
ai/093.bin;0x108E7;33 8E E7 69;Duo 理想の妹 メーア
ai/093.bin;0x108E7;E8 83 60 6B;デアデビル・サムラーイ
ai/093.bin;0x108E7;4B D4 AE 6B;  合計シールド : 
ai/093.bin;0x108E7;DC 4C 2C 6E;立春の花乙姫 プリマヴェーラ
ai/093.bin;0x108E7;11 E8 1D 70;神託の女王 ヒミコ
ai/093.bin;0x108E7;E4 FB 3C 72;蒼嵐候補生 アノス
ai/093.bin;0x108E7;29 EF C2 73;  対象(%d) : %s
ai/093.bin;0x108E7;7C 3A 8B 81;解放者 バーニング・ブロー
ai/093.bin;0x108E7;DA 63 6D 85;次元ロボ ダイブレイブ
ai/093.bin;0x108E7;9F 7A EA 85;BA[%d]=%3d(%2d:%s)
ai/093.bin;0x108E7;46 DE 4B 88;ダークメタル・ドラゴン
ai/093.bin;0x108E7;6A D5 6E 8A;カタナライザー
ai/093.bin;0x108E7;A0 D8 63 8D;大宇宙勇機 グランギャロップ
ai/093.bin;0x108E7;1F 10 24 8F;上
ai/093.bin;0x108E7;6C E6 93 8F;真黒の賢者 カロン
ai/093.bin;0x108E7;BB E2 E9 90;永劫不敗 アシュラ・カイザー
ai/093.bin;0x108E7;E1 26 37 94;魔竜戦鬼 チャトゥラ
ai/093.bin;0x108E7;6A 0F 95 94;  アタッカーのパワー : %d(%d)
ai/093.bin;0x108E7;7F BB 35 95;覇天皇竜 ドラゴニック・オーバーロード “The Ace”
ai/093.bin;0x108E7;0C DD 47 9B;バトルシスター ぱるふぇ
ai/093.bin;0x108E7;09 36 AC 9C;蜥蜴の魔女 アイフェ
ai/093.bin;0x108E7;1A 2D D2 9C;マイスガード フォーマルハウト
ai/093.bin;0x108E7;69 08 3B A2;蒼波竜 テトラドライブ・ドラゴン
ai/093.bin;0x108E7;F1 51 AA A2;スチームファイター バリフ
ai/093.bin;0x108E7;A4 F3 D7 A7;  アタッカーのクリティカル : %d
ai/093.bin;0x108E7;BD FD F6 A7;メチャバトラー ランボール
ai/093.bin;0x108E7;9F 77 42 AC;フレアウィップ・ドラゴン
ai/093.bin;0x108E7;39 6A 36 B5;超鋼闘機 ヘヴィデューク
ai/093.bin;0x108E7;F7 48 21 B9;ドラゴンナイト ジャラール
ai/093.bin;0x108E7;88 EF 6D BC;イニグマン・トルネード
ai/093.bin;0x108E7;ED F8 CC BD;ファイナル・レンチ
ai/093.bin;0x108E7;11 9F 48 BE;修羅忍竜 ダラニコンゴウ
ai/093.bin;0x108E7;CF AA 4F C1;煉獄竜 ドラゴニック・ネオフレイム
ai/093.bin;0x108E7;7C 17 CE C1;ラナンキュラスの花乙女 アーシャ
ai/093.bin;0x108E7;15 6E A2 C8;ウィステリアナイト
ai/093.bin;0x108E7;60 6F 89 CA;FR[%d]=%3d(%2d:%s)
ai/093.bin;0x108E7;E4 DF E0 CA;査察の魔女 ディアドリー
ai/093.bin;0x108E7;AB 51 A7 CB;AI(%d) : レシピ (フラグ:%08x)
ai/093.bin;0x108E7;53 5F 5A D0;暗黒騎士 グリム・リクルーター
ai/093.bin;0x108E7;D7 DA C1 D6;AI(%d) : 思考開始 (行動カテゴリ:%d)
ai/093.bin;0x108E7;7C 46 0A D9;忍竜 ドレッドマスター
ai/093.bin;0x108E7;6B 1D DB DC;マシニング・モスキート mkⅡ
ai/093.bin;0x108E7;3D 8D 17 DE;黒猫の魔女 ミルクラ
ai/093.bin;0x108E7;69 E8 61 E1;オーバーロード
ai/093.bin;0x108E7;C1 74 EC E5;夜宴の魔女 リル
ai/093.bin;0x108E7;7D 1F 65 E6;獣神 ナイトジャッカル
ai/093.bin;0x108E7;57 CD 2E E8;    
ai/093.bin;0x108E7;CC 1A C6 E8;AI未設定 : attrib = %s
ai/093.bin;0x108E7;52 BA CD EA;山羊の魔女 メイヴ
ai/093.bin;0x108E7;13 81 D2 EB;魔女
ai/093.bin;0x108E7;39 17 8B F0;星空の解放者 ギネヴィア
ai/093.bin;0x108E7;4B 16 BE F0;鋭気の騎士 エクター
ai/093.bin;0x108E7;BF 43 2B F1;  アタッカー : %s
ai/093.bin;0x108E7;27 25 50 F1;ベアダウン・サムラーイ
ai/093.bin;0x108E7;FC B0 EB F6;清めの神器 ピュア・エンジェル
ai/093.bin;0x108E7;89 20 23 F8;下
ai/093.bin;0x108E7;DD 4C B3 F8;ターン開始 AI(%d)
ai/094.bin;0x1030C;DC A5 CF 01;  クインテットウォール : %d/%d枚
ai/094.bin;0x1030C;C2 A9 15 06;鋼闘機 ラッセルブリザード
ai/094.bin;0x1030C;51 5B 2F 06;ヘキサゴナル・メイガス
ai/094.bin;0x1030C;DD 9F CC 07;蒼嵐竜 メイルストローム
ai/094.bin;0x1030C;8D 9F AA 08;  シールドの要求値 : 
ai/094.bin;0x1030C;76 AE E0 09;ドラゴニック・オーバーロード “The Яe-birth”
ai/094.bin;0x1030C;02 DC 8B 0D;モーント・ブラウクリューガー
ai/094.bin;0x1030C;B1 2D 5D 0E;  対象のパワー : %d(%d)%s
ai/094.bin;0x1030C;24 A1 3B 11;ライジング・ライオネット
ai/094.bin;0x1030C;CA 98 65 11;神界獣 フェンリル
ai/094.bin;0x1030C;2F 96 22 12;ダンシング・ウルフ
ai/094.bin;0x1030C;2F CE 1C 13;花占いの女神 サクヤ
ai/094.bin;0x1030C;9F 3C 4E 15; + %d
ai/094.bin;0x1030C;26 7B 30 1A;ネコ執事
ai/094.bin;0x1030C;8D 20 89 1A;AI未設定 : %s %d
ai/094.bin;0x1030C;49 58 50 21;次元ロボ ダイジェット
ai/094.bin;0x1030C;8E BC BB 21;  シールドの目標値 : 
ai/094.bin;0x1030C;50 41 74 23;希望の子 トゥルエル
ai/094.bin;0x1030C;39 5F 97 27;新鋭の騎士 ダヴィド
ai/094.bin;0x1030C;BE 51 F9 27;餓竜 バトルレックス
ai/094.bin;0x1030C;F7 2E E0 29;～%d
ai/094.bin;0x1030C;A6 8F 2A 2A;喧嘩屋 ファイティング・ドラコキッド
ai/094.bin;0x1030C;44 62 0C 2D;無音の射手 コンダクタンス
ai/094.bin;0x1030C;14 30 63 2D;!!!! AI ERROR !!!!\n  
ai/094.bin;0x1030C;38 D1 0E 31;鋼闘機 ハンマーヘル
ai/094.bin;0x1030C;EE 81 9E 32;豪腕拿捕の巨人兵
ai/094.bin;0x1030C;C5 4D EE 32;ブラスター・ダーク “Diablo”
ai/094.bin;0x1030C;F1 28 16 33;枚しか選んでいない
ai/094.bin;0x1030C;BC 1F 35 33;  ブースター : %s
ai/094.bin;0x1030C;AD E4 AE 37;鋼闘機 シンバスター
ai/094.bin;0x1030C;B8 BC F2 37;伏魔忍鬼 カガミジシ
ai/094.bin;0x1030C;6E 42 D6 38;AI(%d) : アタック情報
ai/094.bin;0x1030C;B3 AD 45 3A;ブラスター
ai/094.bin;0x1030C;03 D4 54 45; ヒットされない
ai/094.bin;0x1030C;2D 3A A7 45;AI(%d) : ガードステップ情報
ai/094.bin;0x1030C;2C A5 7B 4D;枚選択する必要があるが、
ai/094.bin;0x1030C;9F A5 E0 4F;ＣＥＯ アマテラス
ai/094.bin;0x1030C;BC E9 22 51;鋼闘機 ライオネッター
ai/094.bin;0x1030C;3A D0 5B 51;メッチャバトラー ビクトール
ai/094.bin;0x1030C;A6 11 33 52;暗黒竜 ファントム・ブラスター “Diablo”
ai/094.bin;0x1030C;3C E0 6F 55;ドラゴニック・オーバーロード
ai/094.bin;0x1030C;DE C1 45 56;解放者
ai/094.bin;0x1030C;F7 6D 78 57;スタンプ・ラッコ
ai/094.bin;0x1030C;5E C4 E4 57;鋼闘機 ミストゴースト
ai/094.bin;0x1030C;73 11 69 59;鋼闘機 ブラックナース
ai/094.bin;0x1030C;C5 AF 0D 60;真紅の伝承 メタトロン
ai/094.bin;0x1030C;47 87 68 63;AI(%d) : 思考時間 %.3f秒 (行動カテゴリ:%d)
ai/094.bin;0x1030C;55 C8 81 63;  完全ガード : %d/%d枚
ai/094.bin;0x1030C;42 D7 DA 63;  ガーディアン候補
ai/094.bin;0x1030C;A5 71 A7 67;レインエレメント マデュー
ai/094.bin;0x1030C;33 8E E7 69;Duo 理想の妹 メーア
ai/094.bin;0x1030C;E8 83 60 6B;デアデビル・サムラーイ
ai/094.bin;0x1030C;4B D4 AE 6B;  合計シールド : 
ai/094.bin;0x1030C;DC 4C 2C 6E;立春の花乙姫 プリマヴェーラ
ai/094.bin;0x1030C;11 E8 1D 70;神託の女王 ヒミコ
ai/094.bin;0x1030C;E4 FB 3C 72;蒼嵐候補生 アノス
ai/094.bin;0x1030C;29 EF C2 73;  対象(%d) : %s
ai/094.bin;0x1030C;7C 3A 8B 81;解放者 バーニング・ブロー
ai/094.bin;0x1030C;DA 63 6D 85;次元ロボ ダイブレイブ
ai/094.bin;0x1030C;22 07 8F 86;宇宙勇機 グランガード
ai/094.bin;0x1030C;46 DE 4B 88;ダークメタル・ドラゴン
ai/094.bin;0x1030C;4B 92 A7 89;鋼闘機 エクスブレーズ
ai/094.bin;0x1030C;6A D5 6E 8A;カタナライザー
ai/094.bin;0x1030C;A0 D8 63 8D;大宇宙勇機 グランギャロップ
ai/094.bin;0x1030C;1F 10 24 8F;上
ai/094.bin;0x1030C;6C E6 93 8F;真黒の賢者 カロン
ai/094.bin;0x1030C;BB E2 E9 90;永劫不敗 アシュラ・カイザー
ai/094.bin;0x1030C;15 3E E5 91;鋼闘機 ウルバスター
ai/094.bin;0x1030C;E1 26 37 94;魔竜戦鬼 チャトゥラ
ai/094.bin;0x1030C;6A 0F 95 94;  アタッカーのパワー : %d(%d)
ai/094.bin;0x1030C;50 7A C9 94;鋼闘機 バレングレーダー
ai/094.bin;0x1030C;E2 95 E1 94;鋼闘機 バトルローラー
ai/094.bin;0x1030C;7F BB 35 95;覇天皇竜 ドラゴニック・オーバーロード “The Ace”
ai/094.bin;0x1030C;0C DD 47 9B;バトルシスター ぱるふぇ
ai/094.bin;0x1030C;1A 2D D2 9C;マイスガード フォーマルハウト
ai/094.bin;0x1030C;69 08 3B A2;蒼波竜 テトラドライブ・ドラゴン
ai/094.bin;0x1030C;F1 51 AA A2;スチームファイター バリフ
ai/094.bin;0x1030C;A4 F3 D7 A7;  アタッカーのクリティカル : %d
ai/094.bin;0x1030C;BD FD F6 A7;メチャバトラー ランボール
ai/094.bin;0x1030C;9F 77 42 AC;フレアウィップ・ドラゴン
ai/094.bin;0x1030C;39 6A 36 B5;超鋼闘機 ヘヴィデューク
ai/094.bin;0x1030C;A1 C5 3F B5;鋼闘機 ロコバトラー
ai/094.bin;0x1030C;F7 48 21 B9;ドラゴンナイト ジャラール
ai/094.bin;0x1030C;88 EF 6D BC;イニグマン・トルネード
ai/094.bin;0x1030C;ED F8 CC BD;ファイナル・レンチ
ai/094.bin;0x1030C;11 9F 48 BE;修羅忍竜 ダラニコンゴウ
ai/094.bin;0x1030C;CF AA 4F C1;煉獄竜 ドラゴニック・ネオフレイム
ai/094.bin;0x1030C;7C 17 CE C1;ラナンキュラスの花乙女 アーシャ
ai/094.bin;0x1030C;15 6E A2 C8;ウィステリアナイト
ai/094.bin;0x1030C;AB 51 A7 CB;AI(%d) : レシピ (フラグ:%08x)
ai/094.bin;0x1030C;D7 DA C1 D6;AI(%d) : 思考開始 (行動カテゴリ:%d)
ai/094.bin;0x1030C;7C 46 0A D9;忍竜 ドレッドマスター
ai/094.bin;0x1030C;6B 1D DB DC;マシニング・モスキート mkⅡ
ai/094.bin;0x1030C;AD 02 89 DD;鋼闘機・オペレーター キリカ
ai/094.bin;0x1030C;69 E8 61 E1;オーバーロード
ai/094.bin;0x1030C;7D 1F 65 E6;獣神 ナイトジャッカル
ai/094.bin;0x1030C;57 CD 2E E8;    
ai/094.bin;0x1030C;CC 1A C6 E8;AI未設定 : attrib = %s
ai/094.bin;0x1030C;39 17 8B F0;星空の解放者 ギネヴィア
ai/094.bin;0x1030C;4B 16 BE F0;鋭気の騎士 エクター
ai/094.bin;0x1030C;BF 43 2B F1;  アタッカー : %s
ai/094.bin;0x1030C;27 25 50 F1;ベアダウン・サムラーイ
ai/094.bin;0x1030C;FC B0 EB F6;清めの神器 ピュア・エンジェル
ai/094.bin;0x1030C;89 20 23 F8;下
ai/094.bin;0x1030C;DD 4C B3 F8;ターン開始 AI(%d)
ai/094.bin;0x1030C;74 9B A8 FD;鋼闘機 グラスカッター
ai/095.bin;0x10C57;DC A5 CF 01;  クインテットウォール : %d/%d枚
ai/095.bin;0x10C57;51 5B 2F 06;ヘキサゴナル・メイガス
ai/095.bin;0x10C57;DD 9F CC 07;蒼嵐竜 メイルストローム
ai/095.bin;0x10C57;8D 9F AA 08;  シールドの要求値 : 
ai/095.bin;0x10C57;76 AE E0 09;ドラゴニック・オーバーロード “The Яe-birth”
ai/095.bin;0x10C57;02 DC 8B 0D;モーント・ブラウクリューガー
ai/095.bin;0x10C57;B1 2D 5D 0E;  対象のパワー : %d(%d)%s
ai/095.bin;0x10C57;24 A1 3B 11;ライジング・ライオネット
ai/095.bin;0x10C57;CA 98 65 11;神界獣 フェンリル
ai/095.bin;0x10C57;2F 96 22 12;ダンシング・ウルフ
ai/095.bin;0x10C57;2F CE 1C 13;花占いの女神 サクヤ
ai/095.bin;0x10C57;9F 3C 4E 15; + %d
ai/095.bin;0x10C57;C6 46 1A 17;大願の解放者 エーサス
ai/095.bin;0x10C57;7E 02 6A 19;胡蝶の解放者 コルデリア
ai/095.bin;0x10C57;26 7B 30 1A;ネコ執事
ai/095.bin;0x10C57;8D 20 89 1A;AI未設定 : %s %d
ai/095.bin;0x10C57;49 58 50 21;次元ロボ ダイジェット
ai/095.bin;0x10C57;8E BC BB 21;  シールドの目標値 : 
ai/095.bin;0x10C57;50 41 74 23;希望の子 トゥルエル
ai/095.bin;0x10C57;39 5F 97 27;新鋭の騎士 ダヴィド
ai/095.bin;0x10C57;BE 51 F9 27;餓竜 バトルレックス
ai/095.bin;0x10C57;F7 2E E0 29;～%d
ai/095.bin;0x10C57;A6 8F 2A 2A;喧嘩屋 ファイティング・ドラコキッド
ai/095.bin;0x10C57;44 62 0C 2D;無音の射手 コンダクタンス
ai/095.bin;0x10C57;14 30 63 2D;!!!! AI ERROR !!!!\n  
ai/095.bin;0x10C57;EE 81 9E 32;豪腕拿捕の巨人兵
ai/095.bin;0x10C57;C5 4D EE 32;ブラスター・ダーク “Diablo”
ai/095.bin;0x10C57;F1 28 16 33;枚しか選んでいない
ai/095.bin;0x10C57;BC 1F 35 33;  ブースター : %s
ai/095.bin;0x10C57;B8 BC F2 37;伏魔忍鬼 カガミジシ
ai/095.bin;0x10C57;6E 42 D6 38;AI(%d) : アタック情報
ai/095.bin;0x10C57;B3 AD 45 3A;ブラスター
ai/095.bin;0x10C57;45 5D 8F 3C;黄金竜 スピアクロス・ドラゴン
ai/095.bin;0x10C57;0A E1 65 44;疾駆の黄金騎士 カンベル
ai/095.bin;0x10C57;03 D4 54 45; ヒットされない
ai/095.bin;0x10C57;2D 3A A7 45;AI(%d) : ガードステップ情報
ai/095.bin;0x10C57;9E BD DA 4B;誓いの解放者 アグロヴァル
ai/095.bin;0x10C57;2C A5 7B 4D;枚選択する必要があるが、
ai/095.bin;0x10C57;9F A5 E0 4F;ＣＥＯ アマテラス
ai/095.bin;0x10C57;A0 EB F0 50;青き炎の解放者 プロミネンスコア
ai/095.bin;0x10C57;3A D0 5B 51;メッチャバトラー ビクトール
ai/095.bin;0x10C57;A6 11 33 52;暗黒竜 ファントム・ブラスター “Diablo”
ai/095.bin;0x10C57;3C E0 6F 55;ドラゴニック・オーバーロード
ai/095.bin;0x10C57;DE C1 45 56;解放者
ai/095.bin;0x10C57;F7 6D 78 57;スタンプ・ラッコ
ai/095.bin;0x10C57;C5 AF 0D 60;真紅の伝承 メタトロン
ai/095.bin;0x10C57;47 87 68 63;AI(%d) : 思考時間 %.3f秒 (行動カテゴリ:%d)
ai/095.bin;0x10C57;55 C8 81 63;  完全ガード : %d/%d枚
ai/095.bin;0x10C57;42 D7 DA 63;  ガーディアン候補
ai/095.bin;0x10C57;44 08 7B 65;ころながる・解放者
ai/095.bin;0x10C57;33 8E E7 69;Duo 理想の妹 メーア
ai/095.bin;0x10C57;E8 83 60 6B;デアデビル・サムラーイ
ai/095.bin;0x10C57;4B D4 AE 6B;  合計シールド : 
ai/095.bin;0x10C57;DC 4C 2C 6E;立春の花乙姫 プリマヴェーラ
ai/095.bin;0x10C57;11 E8 1D 70;神託の女王 ヒミコ
ai/095.bin;0x10C57;E4 FB 3C 72;蒼嵐候補生 アノス
ai/095.bin;0x10C57;29 EF C2 73;  対象(%d) : %s
ai/095.bin;0x10C57;7F 88 65 76;神聖魔道士 プリデリー
ai/095.bin;0x10C57;B4 6A 3B 7A;雄視の解放者 バルブトルック
ai/095.bin;0x10C57;1D 15 1E 81;疾駆の解放者 ヨセフス
ai/095.bin;0x10C57;7C 3A 8B 81;解放者 バーニング・ブロー
ai/095.bin;0x10C57;DA 63 6D 85;次元ロボ ダイブレイブ
ai/095.bin;0x10C57;46 DE 4B 88;ダークメタル・ドラゴン
ai/095.bin;0x10C57;1F DD 57 88;黄金竜 スカージポイント・ドラゴン
ai/095.bin;0x10C57;6A D5 6E 8A;カタナライザー
ai/095.bin;0x10C57;A0 D8 63 8D;大宇宙勇機 グランギャロップ
ai/095.bin;0x10C57;1F 10 24 8F;上
ai/095.bin;0x10C57;6C E6 93 8F;真黒の賢者 カロン
ai/095.bin;0x10C57;BB E2 E9 90;永劫不敗 アシュラ・カイザー
ai/095.bin;0x10C57;E1 26 37 94;魔竜戦鬼 チャトゥラ
ai/095.bin;0x10C57;6A 0F 95 94;  アタッカーのパワー : %d(%d)
ai/095.bin;0x10C57;7F BB 35 95;覇天皇竜 ドラゴニック・オーバーロード “The Ace”
ai/095.bin;0x10C57;CA 6E 17 98;きゃっちがる・解放者
ai/095.bin;0x10C57;0C DD 47 9B;バトルシスター ぱるふぇ
ai/095.bin;0x10C57;1A 2D D2 9C;マイスガード フォーマルハウト
ai/095.bin;0x10C57;8F 11 13 9F;定めの解放者 アグロヴァル
ai/095.bin;0x10C57;69 08 3B A2;蒼波竜 テトラドライブ・ドラゴン
ai/095.bin;0x10C57;F1 51 AA A2;スチームファイター バリフ
ai/095.bin;0x10C57;A4 F3 D7 A7;  アタッカーのクリティカル : %d
ai/095.bin;0x10C57;BD FD F6 A7;メチャバトラー ランボール
ai/095.bin;0x10C57;9F 77 42 AC;フレアウィップ・ドラゴン
ai/095.bin;0x10C57;E1 97 D1 AF;青き炎の解放者 プロミネンスグレア
ai/095.bin;0x10C57;39 6A 36 B5;超鋼闘機 ヘヴィデューク
ai/095.bin;0x10C57;F7 48 21 B9;ドラゴンナイト ジャラール
ai/095.bin;0x10C57;88 EF 6D BC;イニグマン・トルネード
ai/095.bin;0x10C57;ED F8 CC BD;ファイナル・レンチ
ai/095.bin;0x10C57;11 9F 48 BE;修羅忍竜 ダラニコンゴウ
ai/095.bin;0x10C57;CF AA 4F C1;煉獄竜 ドラゴニック・ネオフレイム
ai/095.bin;0x10C57;7C 17 CE C1;ラナンキュラスの花乙女 アーシャ
ai/095.bin;0x10C57;15 6E A2 C8;ウィステリアナイト
ai/095.bin;0x10C57;AB 51 A7 CB;AI(%d) : レシピ (フラグ:%08x)
ai/095.bin;0x10C57;80 87 74 D4;五月雨の解放者 ブルーノ
ai/095.bin;0x10C57;D7 DA C1 D6;AI(%d) : 思考開始 (行動カテゴリ:%d)
ai/095.bin;0x10C57;7C 46 0A D9;忍竜 ドレッドマスター
ai/095.bin;0x10C57;6B 1D DB DC;マシニング・モスキート mkⅡ
ai/095.bin;0x10C57;69 E8 61 E1;オーバーロード
ai/095.bin;0x10C57;EF 25 46 E3;解放者 ローフル・トランペッター
ai/095.bin;0x10C57;7D 1F 65 E6;獣神 ナイトジャッカル
ai/095.bin;0x10C57;57 CD 2E E8;    
ai/095.bin;0x10C57;CC 1A C6 E8;AI未設定 : attrib = %s
ai/095.bin;0x10C57;F7 16 CC EF;青き炎
ai/095.bin;0x10C57;39 17 8B F0;星空の解放者 ギネヴィア
ai/095.bin;0x10C57;4B 16 BE F0;鋭気の騎士 エクター
ai/095.bin;0x10C57;BF 43 2B F1;  アタッカー : %s
ai/095.bin;0x10C57;27 25 50 F1;ベアダウン・サムラーイ
ai/095.bin;0x10C57;42 AB 0B F4;聖木の解放者 エルキア
ai/095.bin;0x10C57;FC B0 EB F6;清めの神器 ピュア・エンジェル
ai/095.bin;0x10C57;89 20 23 F8;下
ai/095.bin;0x10C57;DD 4C B3 F8;ターン開始 AI(%d)
ai/096.bin;0xFD1B;34 53 5F 00;湖の巫女 リアン
ai/096.bin;0xFD1B;DC A5 CF 01;  クインテットウォール : %d/%d枚
ai/096.bin;0xFD1B;CE A0 AE 04;ホーリーナイト・ガーディアン
ai/096.bin;0xFD1B;51 5B 2F 06;ヘキサゴナル・メイガス
ai/096.bin;0xFD1B;DD 9F CC 07;蒼嵐竜 メイルストローム
ai/096.bin;0xFD1B;8D 9F AA 08;  シールドの要求値 : 
ai/096.bin;0xFD1B;76 AE E0 09;ドラゴニック・オーバーロード “The Яe-birth”
ai/096.bin;0xFD1B;02 DC 8B 0D;モーント・ブラウクリューガー
ai/096.bin;0xFD1B;B1 2D 5D 0E;  対象のパワー : %d(%d)%s
ai/096.bin;0xFD1B;24 A1 3B 11;ライジング・ライオネット
ai/096.bin;0xFD1B;CA 98 65 11;神界獣 フェンリル
ai/096.bin;0xFD1B;2F 96 22 12;ダンシング・ウルフ
ai/096.bin;0xFD1B;2F CE 1C 13;花占いの女神 サクヤ
ai/096.bin;0xFD1B;08 F5 FB 13;閃火の聖騎士 サムイル
ai/096.bin;0xFD1B;9F 3C 4E 15; + %d
ai/096.bin;0xFD1B;26 7B 30 1A;ネコ執事
ai/096.bin;0xFD1B;8D 20 89 1A;AI未設定 : %s %d
ai/096.bin;0xFD1B;C0 17 EB 1D;マジェスティ・ロードブラスター
ai/096.bin;0xFD1B;49 58 50 21;次元ロボ ダイジェット
ai/096.bin;0xFD1B;BD D1 61 21;ナイト・オブ・フラッシュ
ai/096.bin;0xFD1B;8E BC BB 21;  シールドの目標値 : 
ai/096.bin;0xFD1B;00 8C ED 21;みるびる
ai/096.bin;0xFD1B;50 41 74 23;希望の子 トゥルエル
ai/096.bin;0xFD1B;39 5F 97 27;新鋭の騎士 ダヴィド
ai/096.bin;0xFD1B;BE 51 F9 27;餓竜 バトルレックス
ai/096.bin;0xFD1B;F7 2E E0 29;～%d
ai/096.bin;0xFD1B;A6 8F 2A 2A;喧嘩屋 ファイティング・ドラコキッド
ai/096.bin;0xFD1B;44 62 0C 2D;無音の射手 コンダクタンス
ai/096.bin;0xFD1B;14 30 63 2D;!!!! AI ERROR !!!!\n  
ai/096.bin;0xFD1B;0D 0A F2 2D;サンクチュアリガード・ドラゴン
ai/096.bin;0xFD1B;EE 81 9E 32;豪腕拿捕の巨人兵
ai/096.bin;0xFD1B;C5 4D EE 32;ブラスター・ダーク “Diablo”
ai/096.bin;0xFD1B;F1 28 16 33;枚しか選んでいない
ai/096.bin;0xFD1B;BC 1F 35 33;  ブースター : %s
ai/096.bin;0xFD1B;63 BD 80 33;ナイト・オブ・ツインソード
ai/096.bin;0xFD1B;B8 BC F2 37;伏魔忍鬼 カガミジシ
ai/096.bin;0xFD1B;6E 42 D6 38;AI(%d) : アタック情報
ai/096.bin;0xFD1B;B3 AD 45 3A;ブラスター
ai/096.bin;0xFD1B;11 D6 7F 3E;希望の剣 リシャール
ai/096.bin;0xFD1B;24 82 DE 40;閃きの騎士 ミーリウス
ai/096.bin;0xFD1B;03 D4 54 45; ヒットされない
ai/096.bin;0xFD1B;2D 3A A7 45;AI(%d) : ガードステップ情報
ai/096.bin;0xFD1B;2C A5 7B 4D;枚選択する必要があるが、
ai/096.bin;0xFD1B;9F A5 E0 4F;ＣＥＯ アマテラス
ai/096.bin;0xFD1B;3A D0 5B 51;メッチャバトラー ビクトール
ai/096.bin;0xFD1B;A6 11 33 52;暗黒竜 ファントム・ブラスター “Diablo”
ai/096.bin;0xFD1B;3C E0 6F 55;ドラゴニック・オーバーロード
ai/096.bin;0xFD1B;DE C1 45 56;解放者
ai/096.bin;0xFD1B;5D 73 EE 56;神聖竜 サンクチュアリガード・レガリア
ai/096.bin;0xFD1B;F7 6D 78 57;スタンプ・ラッコ
ai/096.bin;0xFD1B;B0 93 08 5A;月桂の騎士 シシルス
ai/096.bin;0xFD1B;C5 AF 0D 60;真紅の伝承 メタトロン
ai/096.bin;0xFD1B;75 87 53 62;変革の騎士 ラディナス
ai/096.bin;0xFD1B;47 87 68 63;AI(%d) : 思考時間 %.3f秒 (行動カテゴリ:%d)
ai/096.bin;0xFD1B;55 C8 81 63;  完全ガード : %d/%d枚
ai/096.bin;0xFD1B;42 D7 DA 63;  ガーディアン候補
ai/096.bin;0xFD1B;E5 93 1E 69;聖域の射手
ai/096.bin;0xFD1B;33 8E E7 69;Duo 理想の妹 メーア
ai/096.bin;0xFD1B;E8 83 60 6B;デアデビル・サムラーイ
ai/096.bin;0xFD1B;4B D4 AE 6B;  合計シールド : 
ai/096.bin;0xFD1B;DC 4C 2C 6E;立春の花乙姫 プリマヴェーラ
ai/096.bin;0xFD1B;11 E8 1D 70;神託の女王 ヒミコ
ai/096.bin;0xFD1B;E4 FB 3C 72;蒼嵐候補生 アノス
ai/096.bin;0xFD1B;29 EF C2 73;  対象(%d) : %s
ai/096.bin;0xFD1B;5A 1C 38 7C;宝石騎士 ぷりずみー
ai/096.bin;0xFD1B;7C 3A 8B 81;解放者 バーニング・ブロー
ai/096.bin;0xFD1B;E1 95 2F 85;聖棍の探索者 オクタウィウス
ai/096.bin;0xFD1B;DA 63 6D 85;次元ロボ ダイブレイブ
ai/096.bin;0xFD1B;68 C9 7B 87;バーニングメイン・ライオン
ai/096.bin;0xFD1B;46 DE 4B 88;ダークメタル・ドラゴン
ai/096.bin;0xFD1B;6A D5 6E 8A;カタナライザー
ai/096.bin;0xFD1B;A0 D8 63 8D;大宇宙勇機 グランギャロップ
ai/096.bin;0xFD1B;1F 10 24 8F;上
ai/096.bin;0xFD1B;6C E6 93 8F;真黒の賢者 カロン
ai/096.bin;0xFD1B;BB E2 E9 90;永劫不敗 アシュラ・カイザー
ai/096.bin;0xFD1B;E1 26 37 94;魔竜戦鬼 チャトゥラ
ai/096.bin;0xFD1B;6A 0F 95 94;  アタッカーのパワー : %d(%d)
ai/096.bin;0xFD1B;7F BB 35 95;覇天皇竜 ドラゴニック・オーバーロード “The Ace”
ai/096.bin;0xFD1B;5D 10 30 98;朧の聖騎士 ガブレード
ai/096.bin;0xFD1B;0C DD 47 9B;バトルシスター ぱるふぇ
ai/096.bin;0xFD1B;1A 2D D2 9C;マイスガード フォーマルハウト
ai/096.bin;0xFD1B;69 08 3B A2;蒼波竜 テトラドライブ・ドラゴン
ai/096.bin;0xFD1B;F1 51 AA A2;スチームファイター バリフ
ai/096.bin;0xFD1B;A4 F3 D7 A7;  アタッカーのクリティカル : %d
ai/096.bin;0xFD1B;BD FD F6 A7;メチャバトラー ランボール
ai/096.bin;0xFD1B;9F 77 42 AC;フレアウィップ・ドラゴン
ai/096.bin;0xFD1B;39 6A 36 B5;超鋼闘機 ヘヴィデューク
ai/096.bin;0xFD1B;F7 48 21 B9;ドラゴンナイト ジャラール
ai/096.bin;0xFD1B;88 EF 6D BC;イニグマン・トルネード
ai/096.bin;0xFD1B;ED F8 CC BD;ファイナル・レンチ
ai/096.bin;0xFD1B;11 9F 48 BE;修羅忍竜 ダラニコンゴウ
ai/096.bin;0xFD1B;CF AA 4F C1;煉獄竜 ドラゴニック・ネオフレイム
ai/096.bin;0xFD1B;7C 17 CE C1;ラナンキュラスの花乙女 アーシャ
ai/096.bin;0xFD1B;15 6E A2 C8;ウィステリアナイト
ai/096.bin;0xFD1B;AB 51 A7 CB;AI(%d) : レシピ (フラグ:%08x)
ai/096.bin;0xFD1B;E7 C2 F9 CC;ヒーリング・ペガサス
ai/096.bin;0xFD1B;8E 25 88 CE;バトルソング・エンジェル
ai/096.bin;0xFD1B;D7 DA C1 D6;AI(%d) : 思考開始 (行動カテゴリ:%d)
ai/096.bin;0xFD1B;7C 46 0A D9;忍竜 ドレッドマスター
ai/096.bin;0xFD1B;E2 CC 7C D9;エクスカルペイト・ザ・ブラスター
ai/096.bin;0xFD1B;6B 1D DB DC;マシニング・モスキート mkⅡ
ai/096.bin;0xFD1B;69 E8 61 E1;オーバーロード
ai/096.bin;0xFD1B;7D 1F 65 E6;獣神 ナイトジャッカル
ai/096.bin;0xFD1B;57 CD 2E E8;    
ai/096.bin;0xFD1B;CC 1A C6 E8;AI未設定 : attrib = %s
ai/096.bin;0xFD1B;83 A0 BD E9;ぐりんがる・探索者
ai/096.bin;0xFD1B;FE D7 5F ED;サンクチュアリガード・ギャランティ
ai/096.bin;0xFD1B;39 17 8B F0;星空の解放者 ギネヴィア
ai/096.bin;0xFD1B;4B 16 BE F0;鋭気の騎士 エクター
ai/096.bin;0xFD1B;BF 43 2B F1;  アタッカー : %s
ai/096.bin;0xFD1B;27 25 50 F1;ベアダウン・サムラーイ
ai/096.bin;0xFD1B;FC B0 EB F6;清めの神器 ピュア・エンジェル
ai/096.bin;0xFD1B;89 20 23 F8;下
ai/096.bin;0xFD1B;DD 4C B3 F8;ターン開始 AI(%d)
ai/096.bin;0xFD1B;BF 4D 6C F9;流転の騎士 ブレードゥ
ai/096.bin;0xFD1B;97 B0 A0 FB;幸運の運び手 エポナ
ai/097.bin;0x103A3;5D 7A A9 01;極微の星輝兵 マヨロン
ai/097.bin;0x103A3;DC A5 CF 01;  クインテットウォール : %d/%d枚
ai/097.bin;0x103A3;51 5B 2F 06;ヘキサゴナル・メイガス
ai/097.bin;0x103A3;DD 9F CC 07;蒼嵐竜 メイルストローム
ai/097.bin;0x103A3;8D 9F AA 08;  シールドの要求値 : 
ai/097.bin;0x103A3;76 AE E0 09;ドラゴニック・オーバーロード “The Яe-birth”
ai/097.bin;0x103A3;02 DC 8B 0D;モーント・ブラウクリューガー
ai/097.bin;0x103A3;B1 2D 5D 0E;  対象のパワー : %d(%d)%s
ai/097.bin;0x103A3;B0 D8 F1 10;沈黙の星輝兵 ディラトン
ai/097.bin;0x103A3;24 A1 3B 11;ライジング・ライオネット
ai/097.bin;0x103A3;CA 98 65 11;神界獣 フェンリル
ai/097.bin;0x103A3;2F 96 22 12;ダンシング・ウルフ
ai/097.bin;0x103A3;2F CE 1C 13;花占いの女神 サクヤ
ai/097.bin;0x103A3;9F 3C 4E 15; + %d
ai/097.bin;0x103A3;06 9E 51 16;障壁の星輝兵 プロメチウム
ai/097.bin;0x103A3;26 7B 30 1A;ネコ執事
ai/097.bin;0x103A3;8D 20 89 1A;AI未設定 : %s %d
ai/097.bin;0x103A3;E9 70 59 20;星雲竜 マキシマムシール・ドラゴン
ai/097.bin;0x103A3;49 58 50 21;次元ロボ ダイジェット
ai/097.bin;0x103A3;8E BC BB 21;  シールドの目標値 : 
ai/097.bin;0x103A3;50 41 74 23;希望の子 トゥルエル
ai/097.bin;0x103A3;39 5F 97 27;新鋭の騎士 ダヴィド
ai/097.bin;0x103A3;BE 51 F9 27;餓竜 バトルレックス
ai/097.bin;0x103A3;F7 2E E0 29;～%d
ai/097.bin;0x103A3;A6 8F 2A 2A;喧嘩屋 ファイティング・ドラコキッド
ai/097.bin;0x103A3;44 62 0C 2D;無音の射手 コンダクタンス
ai/097.bin;0x103A3;14 30 63 2D;!!!! AI ERROR !!!!\n  
ai/097.bin;0x103A3;8E 49 BC 30;渦動の星輝兵 モリブデン
ai/097.bin;0x103A3;EE 81 9E 32;豪腕拿捕の巨人兵
ai/097.bin;0x103A3;C5 4D EE 32;ブラスター・ダーク “Diablo”
ai/097.bin;0x103A3;F1 28 16 33;枚しか選んでいない
ai/097.bin;0x103A3;BC 1F 35 33;  ブースター : %s
ai/097.bin;0x103A3;1C 38 B1 33;星輝兵 アポロネイル・ドラゴン
ai/097.bin;0x103A3;B8 BC F2 37;伏魔忍鬼 カガミジシ
ai/097.bin;0x103A3;6E 42 D6 38;AI(%d) : アタック情報
ai/097.bin;0x103A3;B3 AD 45 3A;ブラスター
ai/097.bin;0x103A3;79 D5 87 3C;星雲竜 ビッグクランチ・ドラゴン
ai/097.bin;0x103A3;03 D4 54 45; ヒットされない
ai/097.bin;0x103A3;2D 3A A7 45;AI(%d) : ガードステップ情報
ai/097.bin;0x103A3;C9 91 11 46;星輝兵 ヌル・カメレオン
ai/097.bin;0x103A3;2C A5 7B 4D;枚選択する必要があるが、
ai/097.bin;0x103A3;9F A5 E0 4F;ＣＥＯ アマテラス
ai/097.bin;0x103A3;3A D0 5B 51;メッチャバトラー ビクトール
ai/097.bin;0x103A3;A6 11 33 52;暗黒竜 ファントム・ブラスター “Diablo”
ai/097.bin;0x103A3;3C E0 6F 55;ドラゴニック・オーバーロード
ai/097.bin;0x103A3;DE C1 45 56;解放者
ai/097.bin;0x103A3;F7 6D 78 57;スタンプ・ラッコ
ai/097.bin;0x103A3;C1 53 FC 5C;星輝兵 ブレイブファング
ai/097.bin;0x103A3;C5 AF 0D 60;真紅の伝承 メタトロン
ai/097.bin;0x103A3;47 87 68 63;AI(%d) : 思考時間 %.3f秒 (行動カテゴリ:%d)
ai/097.bin;0x103A3;55 C8 81 63;  完全ガード : %d/%d枚
ai/097.bin;0x103A3;42 D7 DA 63;  ガーディアン候補
ai/097.bin;0x103A3;33 8E E7 69;Duo 理想の妹 メーア
ai/097.bin;0x103A3;E8 83 60 6B;デアデビル・サムラーイ
ai/097.bin;0x103A3;4B D4 AE 6B;  合計シールド : 
ai/097.bin;0x103A3;DC 4C 2C 6E;立春の花乙姫 プリマヴェーラ
ai/097.bin;0x103A3;11 E8 1D 70;神託の女王 ヒミコ
ai/097.bin;0x103A3;E4 FB 3C 72;蒼嵐候補生 アノス
ai/097.bin;0x103A3;29 EF C2 73;  対象(%d) : %s
ai/097.bin;0x103A3;3D 73 3A 79;星輝兵 ピクシー・パウダー
ai/097.bin;0x103A3;7C 3A 8B 81;解放者 バーニング・ブロー
ai/097.bin;0x103A3;DA 63 6D 85;次元ロボ ダイブレイブ
ai/097.bin;0x103A3;46 DE 4B 88;ダークメタル・ドラゴン
ai/097.bin;0x103A3;6A D5 6E 8A;カタナライザー
ai/097.bin;0x103A3;81 56 0D 8C;魔爪の星輝兵 ランタン
ai/097.bin;0x103A3;A0 D8 63 8D;大宇宙勇機 グランギャロップ
ai/097.bin;0x103A3;1F 10 24 8F;上
ai/097.bin;0x103A3;6C E6 93 8F;真黒の賢者 カロン
ai/097.bin;0x103A3;BB E2 E9 90;永劫不敗 アシュラ・カイザー
ai/097.bin;0x103A3;E1 26 37 94;魔竜戦鬼 チャトゥラ
ai/097.bin;0x103A3;6A 0F 95 94;  アタッカーのパワー : %d(%d)
ai/097.bin;0x103A3;7F BB 35 95;覇天皇竜 ドラゴニック・オーバーロード “The Ace”
ai/097.bin;0x103A3;0C DD 47 9B;バトルシスター ぱるふぇ
ai/097.bin;0x103A3;7B 9F B5 9C;星輝兵 ボルトライン
ai/097.bin;0x103A3;1A 2D D2 9C;マイスガード フォーマルハウト
ai/097.bin;0x103A3;D6 EC 5E 9E;星輝兵 ガーネットスター・ドラゴン
ai/097.bin;0x103A3;69 08 3B A2;蒼波竜 テトラドライブ・ドラゴン
ai/097.bin;0x103A3;F1 51 AA A2;スチームファイター バリフ
ai/097.bin;0x103A3;A4 F3 D7 A7;  アタッカーのクリティカル : %d
ai/097.bin;0x103A3;BD FD F6 A7;メチャバトラー ランボール
ai/097.bin;0x103A3;9F 77 42 AC;フレアウィップ・ドラゴン
ai/097.bin;0x103A3;EE CD 1C AE;星輝兵 ブラスター・ジョーカー
ai/097.bin;0x103A3;39 6A 36 B5;超鋼闘機 ヘヴィデューク
ai/097.bin;0x103A3;F7 48 21 B9;ドラゴンナイト ジャラール
ai/097.bin;0x103A3;88 EF 6D BC;イニグマン・トルネード
ai/097.bin;0x103A3;ED F8 CC BD;ファイナル・レンチ
ai/097.bin;0x103A3;11 9F 48 BE;修羅忍竜 ダラニコンゴウ
ai/097.bin;0x103A3;CF AA 4F C1;煉獄竜 ドラゴニック・ネオフレイム
ai/097.bin;0x103A3;7C 17 CE C1;ラナンキュラスの花乙女 アーシャ
ai/097.bin;0x103A3;15 6E A2 C8;ウィステリアナイト
ai/097.bin;0x103A3;AB 51 A7 CB;AI(%d) : レシピ (フラグ:%08x)
ai/097.bin;0x103A3;15 5D BE CE;伴星の星輝兵 フォトン
ai/097.bin;0x103A3;D6 80 69 CF;星輝兵 コロニーメイカー
ai/097.bin;0x103A3;D7 DA C1 D6;AI(%d) : 思考開始 (行動カテゴリ:%d)
ai/097.bin;0x103A3;7C 46 0A D9;忍竜 ドレッドマスター
ai/097.bin;0x103A3;6B 1D DB DC;マシニング・モスキート mkⅡ
ai/097.bin;0x103A3;69 E8 61 E1;オーバーロード
ai/097.bin;0x103A3;7D 1F 65 E6;獣神 ナイトジャッカル
ai/097.bin;0x103A3;57 CD 2E E8;    
ai/097.bin;0x103A3;CC 1A C6 E8;AI未設定 : attrib = %s
ai/097.bin;0x103A3;39 17 8B F0;星空の解放者 ギネヴィア
ai/097.bin;0x103A3;4B 16 BE F0;鋭気の騎士 エクター
ai/097.bin;0x103A3;BF 43 2B F1;  アタッカー : %s
ai/097.bin;0x103A3;27 25 50 F1;ベアダウン・サムラーイ
ai/097.bin;0x103A3;FC B0 EB F6;清めの神器 ピュア・エンジェル
ai/097.bin;0x103A3;89 20 23 F8;下
ai/097.bin;0x103A3;DD 4C B3 F8;ターン開始 AI(%d)
ai/098.bin;0x106D4;DC A5 CF 01;  クインテットウォール : %d/%d枚
ai/098.bin;0x106D4;FF 39 DE 05;Duo 気高き冠 マデイラ
ai/098.bin;0x106D4;51 5B 2F 06;ヘキサゴナル・メイガス
ai/098.bin;0x106D4;DD 9F CC 07;蒼嵐竜 メイルストローム
ai/098.bin;0x106D4;8D 9F AA 08;  シールドの要求値 : 
ai/098.bin;0x106D4;76 AE E0 09;ドラゴニック・オーバーロード “The Яe-birth”
ai/098.bin;0x106D4;5B 12 08 0A;Duo 恋の切り札 チュリム
ai/098.bin;0x106D4;02 DC 8B 0D;モーント・ブラウクリューガー
ai/098.bin;0x106D4;B1 2D 5D 0E;  対象のパワー : %d(%d)%s
ai/098.bin;0x106D4;24 A1 3B 11;ライジング・ライオネット
ai/098.bin;0x106D4;CA 98 65 11;神界獣 フェンリル
ai/098.bin;0x106D4;2F 96 22 12;ダンシング・ウルフ
ai/098.bin;0x106D4;2F CE 1C 13;花占いの女神 サクヤ
ai/098.bin;0x106D4;9F 3C 4E 15; + %d
ai/098.bin;0x106D4;69 4A D5 17;空想委員 ククリ
ai/098.bin;0x106D4;26 7B 30 1A;ネコ執事
ai/098.bin;0x106D4;8D 20 89 1A;AI未設定 : %s %d
ai/098.bin;0x106D4;49 58 50 21;次元ロボ ダイジェット
ai/098.bin;0x106D4;8E BC BB 21;  シールドの目標値 : 
ai/098.bin;0x106D4;50 41 74 23;希望の子 トゥルエル
ai/098.bin;0x106D4;EE AC 3F 26;Duo 誘惑の悪魔 ウェパル
ai/098.bin;0x106D4;39 5F 97 27;新鋭の騎士 ダヴィド
ai/098.bin;0x106D4;BE 51 F9 27;餓竜 バトルレックス
ai/098.bin;0x106D4;F7 2E E0 29;～%d
ai/098.bin;0x106D4;A6 8F 2A 2A;喧嘩屋 ファイティング・ドラコキッド
ai/098.bin;0x106D4;7B 54 88 2B;ガラスの靴の伝説 アモーリス
ai/098.bin;0x106D4;44 62 0C 2D;無音の射手 コンダクタンス
ai/098.bin;0x106D4;14 30 63 2D;!!!! AI ERROR !!!!\n  
ai/098.bin;0x106D4;EE 81 9E 32;豪腕拿捕の巨人兵
ai/098.bin;0x106D4;C5 4D EE 32;ブラスター・ダーク “Diablo”
ai/098.bin;0x106D4;F1 28 16 33;枚しか選んでいない
ai/098.bin;0x106D4;BC 1F 35 33;  ブースター : %s
ai/098.bin;0x106D4;F9 37 D3 36;Duo 絢爛金魚 カズハ
ai/098.bin;0x106D4;B8 BC F2 37;伏魔忍鬼 カガミジシ
ai/098.bin;0x106D4;6E 42 D6 38;AI(%d) : アタック情報
ai/098.bin;0x106D4;B3 AD 45 3A;ブラスター
ai/098.bin;0x106D4;5D 54 A9 3A;Duo 小さな秘密 ローヌ
ai/098.bin;0x106D4;A8 B3 65 3D;伝説のPR♥ISM-Duo ネクタリア
ai/098.bin;0x106D4;03 D4 54 45; ヒットされない
ai/098.bin;0x106D4;2D 3A A7 45;AI(%d) : ガードステップ情報
ai/098.bin;0x106D4;2C A5 7B 4D;枚選択する必要があるが、
ai/098.bin;0x106D4;9F A5 E0 4F;ＣＥＯ アマテラス
ai/098.bin;0x106D4;3A D0 5B 51;メッチャバトラー ビクトール
ai/098.bin;0x106D4;A6 11 33 52;暗黒竜 ファントム・ブラスター “Diablo”
ai/098.bin;0x106D4;3C E0 6F 55;ドラゴニック・オーバーロード
ai/098.bin;0x106D4;DE C1 45 56;解放者
ai/098.bin;0x106D4;F7 6D 78 57;スタンプ・ラッコ
ai/098.bin;0x106D4;5A 87 A2 59;Duo 恋の雫 ヴィクトリア
ai/098.bin;0x106D4;C5 AF 0D 60;真紅の伝承 メタトロン
ai/098.bin;0x106D4;55 4B EE 61;Duo 恋の雫 クアンシー
ai/098.bin;0x106D4;47 87 68 63;AI(%d) : 思考時間 %.3f秒 (行動カテゴリ:%d)
ai/098.bin;0x106D4;55 C8 81 63;  完全ガード : %d/%d枚
ai/098.bin;0x106D4;42 D7 DA 63;  ガーディアン候補
ai/098.bin;0x106D4;33 8E E7 69;Duo 理想の妹 メーア
ai/098.bin;0x106D4;E8 83 60 6B;デアデビル・サムラーイ
ai/098.bin;0x106D4;4B D4 AE 6B;  合計シールド : 
ai/098.bin;0x106D4;DC 4C 2C 6E;立春の花乙姫 プリマヴェーラ
ai/098.bin;0x106D4;11 E8 1D 70;神託の女王 ヒミコ
ai/098.bin;0x106D4;E4 FB 3C 72;蒼嵐候補生 アノス
ai/098.bin;0x106D4;29 EF C2 73;  対象(%d) : %s
ai/098.bin;0x106D4;55 6F AC 7C;Duo 可憐な星 ピース
ai/098.bin;0x106D4;7C 3A 8B 81;解放者 バーニング・ブロー
ai/098.bin;0x106D4;DA 63 6D 85;次元ロボ ダイブレイブ
ai/098.bin;0x106D4;39 6C C0 85;Duo 誘惑の天使 ネムエル
ai/098.bin;0x106D4;46 DE 4B 88;ダークメタル・ドラゴン
ai/098.bin;0x106D4;6A D5 6E 8A;カタナライザー
ai/098.bin;0x106D4;A0 D8 63 8D;大宇宙勇機 グランギャロップ
ai/098.bin;0x106D4;1F 10 24 8F;上
ai/098.bin;0x106D4;6C E6 93 8F;真黒の賢者 カロン
ai/098.bin;0x106D4;BB E2 E9 90;永劫不敗 アシュラ・カイザー
ai/098.bin;0x106D4;E1 26 37 94;魔竜戦鬼 チャトゥラ
ai/098.bin;0x106D4;6A 0F 95 94;  アタッカーのパワー : %d(%d)
ai/098.bin;0x106D4;7F BB 35 95;覇天皇竜 ドラゴニック・オーバーロード “The Ace”
ai/098.bin;0x106D4;0C DD 47 9B;バトルシスター ぱるふぇ
ai/098.bin;0x106D4;1A 2D D2 9C;マイスガード フォーマルハウト
ai/098.bin;0x106D4;ED 6D 33 A0;Duo グランパスターン シャノン
ai/098.bin;0x106D4;69 08 3B A2;蒼波竜 テトラドライブ・ドラゴン
ai/098.bin;0x106D4;F1 51 AA A2;スチームファイター バリフ
ai/098.bin;0x106D4;A4 F3 D7 A7;  アタッカーのクリティカル : %d
ai/098.bin;0x106D4;BD FD F6 A7;メチャバトラー ランボール
ai/098.bin;0x106D4;9F 77 42 AC;フレアウィップ・ドラゴン
ai/098.bin;0x106D4;F2 BB BF B1;Duo トロピカルヒーラー メジェルダ
ai/098.bin;0x106D4;39 6A 36 B5;超鋼闘機 ヘヴィデューク
ai/098.bin;0x106D4;F7 48 21 B9;ドラゴンナイト ジャラール
ai/098.bin;0x106D4;88 EF 6D BC;イニグマン・トルネード
ai/098.bin;0x106D4;ED F8 CC BD;ファイナル・レンチ
ai/098.bin;0x106D4;11 9F 48 BE;修羅忍竜 ダラニコンゴウ
ai/098.bin;0x106D4;CF AA 4F C1;煉獄竜 ドラゴニック・ネオフレイム
ai/098.bin;0x106D4;7C 17 CE C1;ラナンキュラスの花乙女 アーシャ
ai/098.bin;0x106D4;15 6E A2 C8;ウィステリアナイト
ai/098.bin;0x106D4;38 81 1D CA;がんばる才能 シャンディー
ai/098.bin;0x106D4;AB 51 A7 CB;AI(%d) : レシピ (フラグ:%08x)
ai/098.bin;0x106D4;D7 DA C1 D6;AI(%d) : 思考開始 (行動カテゴリ:%d)
ai/098.bin;0x106D4;7C 46 0A D9;忍竜 ドレッドマスター
ai/098.bin;0x106D4;6B 1D DB DC;マシニング・モスキート mkⅡ
ai/098.bin;0x106D4;69 E8 61 E1;オーバーロード
ai/098.bin;0x106D4;7D 1F 65 E6;獣神 ナイトジャッカル
ai/098.bin;0x106D4;57 CD 2E E8;    
ai/098.bin;0x106D4;CC 1A C6 E8;AI未設定 : attrib = %s
ai/098.bin;0x106D4;39 17 8B F0;星空の解放者 ギネヴィア
ai/098.bin;0x106D4;4B 16 BE F0;鋭気の騎士 エクター
ai/098.bin;0x106D4;BF 43 2B F1;  アタッカー : %s
ai/098.bin;0x106D4;27 25 50 F1;ベアダウン・サムラーイ
ai/098.bin;0x106D4;FC B0 EB F6;清めの神器 ピュア・エンジェル
ai/098.bin;0x106D4;89 20 23 F8;下
ai/098.bin;0x106D4;8B F2 68 F8;Duo
ai/098.bin;0x106D4;DD 4C B3 F8;ターン開始 AI(%d)
ai/098.bin;0x106D4;30 BB 6C FD;Duo 親愛の歌声 ダーリング
ai/099.bin;0xE662;DC A5 CF 01;  クインテットウォール : %d/%d枚
ai/099.bin;0xE662;26 9F A5 02;Gunnergear Dracokid
ai/099.bin;0xE662;8D 81 BB 03;スチームソルジャー トーゲ
ai/099.bin;0xE662;51 5B 2F 06;ヘキサゴナル・メイガス
ai/099.bin;0xE662;DD 9F CC 07;蒼嵐竜 メイルストローム
ai/099.bin;0xE662;8D 9F AA 08;  シールドの要求値 : 
ai/099.bin;0xE662;76 AE E0 09;ドラゴニック・オーバーロード “The Яe-birth”
ai/099.bin;0xE662;02 DC 8B 0D;モーント・ブラウクリューガー
ai/099.bin;0xE662;B1 2D 5D 0E;  対象のパワー : %d(%d)%s
ai/099.bin;0xE662;24 A1 3B 11;ライジング・ライオネット
ai/099.bin;0xE662;CA 98 65 11;神界獣 フェンリル
ai/099.bin;0xE662;2F 96 22 12;ダンシング・ウルフ
ai/099.bin;0xE662;2F CE 1C 13;花占いの女神 サクヤ
ai/099.bin;0xE662;9F 3C 4E 15; + %d
ai/099.bin;0xE662;26 7B 30 1A;ネコ執事
ai/099.bin;0xE662;8D 20 89 1A;AI未設定 : %s %d
ai/099.bin;0xE662;49 58 50 21;次元ロボ ダイジェット
ai/099.bin;0xE662;8E BC BB 21;  シールドの目標値 : 
ai/099.bin;0xE662;50 41 74 23;希望の子 トゥルエル
ai/099.bin;0xE662;39 5F 97 27;新鋭の騎士 ダヴィド
ai/099.bin;0xE662;BE 51 F9 27;餓竜 バトルレックス
ai/099.bin;0xE662;5A 00 2D 29;引っ込み思案のギアレイヴン
ai/099.bin;0xE662;F7 2E E0 29;～%d
ai/099.bin;0xE662;A6 8F 2A 2A;喧嘩屋 ファイティング・ドラコキッド
ai/099.bin;0xE662;44 62 0C 2D;無音の射手 コンダクタンス
ai/099.bin;0xE662;14 30 63 2D;!!!! AI ERROR !!!!\n  
ai/099.bin;0xE662;9A C1 68 30;スチームファイター アンバー
ai/099.bin;0xE662;EE 81 9E 32;豪腕拿捕の巨人兵
ai/099.bin;0xE662;C5 4D EE 32;ブラスター・ダーク “Diablo”
ai/099.bin;0xE662;F1 28 16 33;枚しか選んでいない
ai/099.bin;0xE662;BC 1F 35 33;  ブースター : %s
ai/099.bin;0xE662;D4 80 E1 37;スチームナイト ウバル・トゥトゥ
ai/099.bin;0xE662;B8 BC F2 37;伏魔忍鬼 カガミジシ
ai/099.bin;0xE662;6E 42 D6 38;AI(%d) : アタック情報
ai/099.bin;0xE662;B3 AD 45 3A;ブラスター
ai/099.bin;0xE662;03 D4 54 45; ヒットされない
ai/099.bin;0xE662;2D 3A A7 45;AI(%d) : ガードステップ情報
ai/099.bin;0xE662;5C 11 0E 4C;スチームバトラー ダダシグ
ai/099.bin;0xE662;2C A5 7B 4D;枚選択する必要があるが、
ai/099.bin;0xE662;9F A5 E0 4F;ＣＥＯ アマテラス
ai/099.bin;0xE662;3A D0 5B 51;メッチャバトラー ビクトール
ai/099.bin;0xE662;A6 11 33 52;暗黒竜 ファントム・ブラスター “Diablo”
ai/099.bin;0xE662;3C E0 6F 55;ドラゴニック・オーバーロード
ai/099.bin;0xE662;DE C1 45 56;解放者
ai/099.bin;0xE662;F7 6D 78 57;スタンプ・ラッコ
ai/099.bin;0xE662;C5 AF 0D 60;真紅の伝承 メタトロン
ai/099.bin;0xE662;47 87 68 63;AI(%d) : 思考時間 %.3f秒 (行動カテゴリ:%d)
ai/099.bin;0xE662;55 C8 81 63;  完全ガード : %d/%d枚
ai/099.bin;0xE662;42 D7 DA 63;  ガーディアン候補
ai/099.bin;0xE662;33 8E E7 69;Duo 理想の妹 メーア
ai/099.bin;0xE662;E8 83 60 6B;デアデビル・サムラーイ
ai/099.bin;0xE662;4B D4 AE 6B;  合計シールド : 
ai/099.bin;0xE662;DC 4C 2C 6E;立春の花乙姫 プリマヴェーラ
ai/099.bin;0xE662;11 E8 1D 70;神託の女王 ヒミコ
ai/099.bin;0xE662;E4 FB 3C 72;蒼嵐候補生 アノス
ai/099.bin;0xE662;29 EF C2 73;  対象(%d) : %s
ai/099.bin;0xE662;65 B1 B8 76;腹時計付きのギアラビット
ai/099.bin;0xE662;7C 3A 8B 81;解放者 バーニング・ブロー
ai/099.bin;0xE662;DA 63 6D 85;次元ロボ ダイブレイブ
ai/099.bin;0xE662;46 DE 4B 88;ダークメタル・ドラゴン
ai/099.bin;0xE662;6A D5 6E 8A;カタナライザー
ai/099.bin;0xE662;85 BF 19 8C;スチームメイジ エンナーダ
ai/099.bin;0xE662;A0 D8 63 8D;大宇宙勇機 グランギャロップ
ai/099.bin;0xE662;1F 10 24 8F;上
ai/099.bin;0xE662;6C E6 93 8F;真黒の賢者 カロン
ai/099.bin;0xE662;BB E2 E9 90;永劫不敗 アシュラ・カイザー
ai/099.bin;0xE662;E1 26 37 94;魔竜戦鬼 チャトゥラ
ai/099.bin;0xE662;6A 0F 95 94;  アタッカーのパワー : %d(%d)
ai/099.bin;0xE662;7F BB 35 95;覇天皇竜 ドラゴニック・オーバーロード “The Ace”
ai/099.bin;0xE662;6F EB F7 95;メーザーギア・ドラゴン
ai/099.bin;0xE662;0C DD 47 9B;バトルシスター ぱるふぇ
ai/099.bin;0xE662;01 35 FF 9B;剛腕粉砕の時空巨兵
ai/099.bin;0xE662;1A 2D D2 9C;マイスガード フォーマルハウト
ai/099.bin;0xE662;69 08 3B A2;蒼波竜 テトラドライブ・ドラゴン
ai/099.bin;0xE662;F1 51 AA A2;スチームファイター バリフ
ai/099.bin;0xE662;A4 F3 D7 A7;  アタッカーのクリティカル : %d
ai/099.bin;0xE662;BD FD F6 A7;メチャバトラー ランボール
ai/099.bin;0xE662;9F 77 42 AC;フレアウィップ・ドラゴン
ai/099.bin;0xE662;39 6A 36 B5;超鋼闘機 ヘヴィデューク
ai/099.bin;0xE662;09 C0 E2 B6;ツインメーザー・ドラゴン
ai/099.bin;0xE662;F7 48 21 B9;ドラゴンナイト ジャラール
ai/099.bin;0xE662;88 EF 6D BC;イニグマン・トルネード
ai/099.bin;0xE662;ED F8 CC BD;ファイナル・レンチ
ai/099.bin;0xE662;11 9F 48 BE;修羅忍竜 ダラニコンゴウ
ai/099.bin;0xE662;83 0C AC BE;スモークギア・ドラゴン
ai/099.bin;0xE662;04 0C B6 BE;スチームライダー バーナム
ai/099.bin;0xE662;3D FB ED C0;クロノジェット・ドラゴン
ai/099.bin;0xE662;CF AA 4F C1;煉獄竜 ドラゴニック・ネオフレイム
ai/099.bin;0xE662;7C 17 CE C1;ラナンキュラスの花乙女 アーシャ
ai/099.bin;0xE662;15 6E A2 C8;ウィステリアナイト
ai/099.bin;0xE662;AB 51 A7 CB;AI(%d) : レシピ (フラグ:%08x)
ai/099.bin;0xE662;61 37 62 CC;スチームナイト シュ・シン
ai/099.bin;0xE662;D7 DA C1 D6;AI(%d) : 思考開始 (行動カテゴリ:%d)
ai/099.bin;0xE662;7C 46 0A D9;忍竜 ドレッドマスター
ai/099.bin;0xE662;78 6A 0D DA;スチームメイデン ウルル
ai/099.bin;0xE662;6B 1D DB DC;マシニング・モスキート mkⅡ
ai/099.bin;0xE662;69 E8 61 E1;オーバーロード
ai/099.bin;0xE662;7D 1F 65 E6;獣神 ナイトジャッカル
ai/099.bin;0xE662;57 CD 2E E8;    
ai/099.bin;0xE662;19 BA 6C E8;時空竜 ミステリーフレア・ドラゴン
ai/099.bin;0xE662;CC 1A C6 E8;AI未設定 : attrib = %s
ai/099.bin;0xE662;5E C0 46 EB;山盛り甲羅のギアタートル
ai/099.bin;0xE662;69 F1 59 EF;ラッキーポット・ドラコキッド
ai/099.bin;0xE662;39 17 8B F0;星空の解放者 ギネヴィア
ai/099.bin;0xE662;4B 16 BE F0;鋭気の騎士 エクター
ai/099.bin;0xE662;BF 43 2B F1;  アタッカー : %s
ai/099.bin;0xE662;27 25 50 F1;ベアダウン・サムラーイ
ai/099.bin;0xE662;FC B0 EB F6;清めの神器 ピュア・エンジェル
ai/099.bin;0xE662;89 20 23 F8;下
ai/099.bin;0xE662;DD 4C B3 F8;ターン開始 AI(%d)
ai/100.bin;0xF339;DC A5 CF 01;  クインテットウォール : %d/%d枚
ai/100.bin;0xF339;26 9F A5 02;Gunnergear Dracokid
ai/100.bin;0xF339;8D 81 BB 03;スチームソルジャー トーゲ
ai/100.bin;0xF339;51 5B 2F 06;ヘキサゴナル・メイガス
ai/100.bin;0xF339;DD 9F CC 07;蒼嵐竜 メイルストローム
ai/100.bin;0xF339;8D 9F AA 08;  シールドの要求値 : 
ai/100.bin;0xF339;76 AE E0 09;ドラゴニック・オーバーロード “The Яe-birth”
ai/100.bin;0xF339;02 DC 8B 0D;モーント・ブラウクリューガー
ai/100.bin;0xF339;B1 2D 5D 0E;  対象のパワー : %d(%d)%s
ai/100.bin;0xF339;24 A1 3B 11;ライジング・ライオネット
ai/100.bin;0xF339;CA 98 65 11;神界獣 フェンリル
ai/100.bin;0xF339;2F 96 22 12;ダンシング・ウルフ
ai/100.bin;0xF339;2F CE 1C 13;花占いの女神 サクヤ
ai/100.bin;0xF339;9F 3C 4E 15; + %d
ai/100.bin;0xF339;26 7B 30 1A;ネコ執事
ai/100.bin;0xF339;8D 20 89 1A;AI未設定 : %s %d
ai/100.bin;0xF339;49 58 50 21;次元ロボ ダイジェット
ai/100.bin;0xF339;8E BC BB 21;  シールドの目標値 : 
ai/100.bin;0xF339;50 41 74 23;希望の子 トゥルエル
ai/100.bin;0xF339;39 5F 97 27;新鋭の騎士 ダヴィド
ai/100.bin;0xF339;BE 51 F9 27;餓竜 バトルレックス
ai/100.bin;0xF339;5A 00 2D 29;引っ込み思案のギアレイヴン
ai/100.bin;0xF339;F7 2E E0 29;～%d
ai/100.bin;0xF339;A6 8F 2A 2A;喧嘩屋 ファイティング・ドラコキッド
ai/100.bin;0xF339;44 62 0C 2D;無音の射手 コンダクタンス
ai/100.bin;0xF339;14 30 63 2D;!!!! AI ERROR !!!!\n  
ai/100.bin;0xF339;9A C1 68 30;スチームファイター アンバー
ai/100.bin;0xF339;EE 81 9E 32;豪腕拿捕の巨人兵
ai/100.bin;0xF339;C5 4D EE 32;ブラスター・ダーク “Diablo”
ai/100.bin;0xF339;F1 28 16 33;枚しか選んでいない
ai/100.bin;0xF339;BC 1F 35 33;  ブースター : %s
ai/100.bin;0xF339;D4 80 E1 37;スチームナイト ウバル・トゥトゥ
ai/100.bin;0xF339;B8 BC F2 37;伏魔忍鬼 カガミジシ
ai/100.bin;0xF339;6E 42 D6 38;AI(%d) : アタック情報
ai/100.bin;0xF339;B3 AD 45 3A;ブラスター
ai/100.bin;0xF339;03 D4 54 45; ヒットされない
ai/100.bin;0xF339;2D 3A A7 45;AI(%d) : ガードステップ情報
ai/100.bin;0xF339;5C 11 0E 4C;スチームバトラー ダダシグ
ai/100.bin;0xF339;2C A5 7B 4D;枚選択する必要があるが、
ai/100.bin;0xF339;9F A5 E0 4F;ＣＥＯ アマテラス
ai/100.bin;0xF339;3A D0 5B 51;メッチャバトラー ビクトール
ai/100.bin;0xF339;A6 11 33 52;暗黒竜 ファントム・ブラスター “Diablo”
ai/100.bin;0xF339;3C E0 6F 55;ドラゴニック・オーバーロード
ai/100.bin;0xF339;DE C1 45 56;解放者
ai/100.bin;0xF339;F7 6D 78 57;スタンプ・ラッコ
ai/100.bin;0xF339;C5 AF 0D 60;真紅の伝承 メタトロン
ai/100.bin;0xF339;47 87 68 63;AI(%d) : 思考時間 %.3f秒 (行動カテゴリ:%d)
ai/100.bin;0xF339;55 C8 81 63;  完全ガード : %d/%d枚
ai/100.bin;0xF339;42 D7 DA 63;  ガーディアン候補
ai/100.bin;0xF339;33 8E E7 69;Duo 理想の妹 メーア
ai/100.bin;0xF339;E8 83 60 6B;デアデビル・サムラーイ
ai/100.bin;0xF339;4B D4 AE 6B;  合計シールド : 
ai/100.bin;0xF339;DC 4C 2C 6E;立春の花乙姫 プリマヴェーラ
ai/100.bin;0xF339;11 E8 1D 70;神託の女王 ヒミコ
ai/100.bin;0xF339;E4 FB 3C 72;蒼嵐候補生 アノス
ai/100.bin;0xF339;29 EF C2 73;  対象(%d) : %s
ai/100.bin;0xF339;65 B1 B8 76;腹時計付きのギアラビット
ai/100.bin;0xF339;7C 3A 8B 81;解放者 バーニング・ブロー
ai/100.bin;0xF339;DA 63 6D 85;次元ロボ ダイブレイブ
ai/100.bin;0xF339;46 DE 4B 88;ダークメタル・ドラゴン
ai/100.bin;0xF339;6A D5 6E 8A;カタナライザー
ai/100.bin;0xF339;A0 D8 63 8D;大宇宙勇機 グランギャロップ
ai/100.bin;0xF339;1F 10 24 8F;上
ai/100.bin;0xF339;6C E6 93 8F;真黒の賢者 カロン
ai/100.bin;0xF339;BB E2 E9 90;永劫不敗 アシュラ・カイザー
ai/100.bin;0xF339;E1 26 37 94;魔竜戦鬼 チャトゥラ
ai/100.bin;0xF339;6A 0F 95 94;  アタッカーのパワー : %d(%d)
ai/100.bin;0xF339;7F BB 35 95;覇天皇竜 ドラゴニック・オーバーロード “The Ace”
ai/100.bin;0xF339;6F EB F7 95;メーザーギア・ドラゴン
ai/100.bin;0xF339;0C DD 47 9B;バトルシスター ぱるふぇ
ai/100.bin;0xF339;01 35 FF 9B;剛腕粉砕の時空巨兵
ai/100.bin;0xF339;1A 2D D2 9C;マイスガード フォーマルハウト
ai/100.bin;0xF339;69 08 3B A2;蒼波竜 テトラドライブ・ドラゴン
ai/100.bin;0xF339;F1 51 AA A2;スチームファイター バリフ
ai/100.bin;0xF339;A4 F3 D7 A7;  アタッカーのクリティカル : %d
ai/100.bin;0xF339;BD FD F6 A7;メチャバトラー ランボール
ai/100.bin;0xF339;9F 77 42 AC;フレアウィップ・ドラゴン
ai/100.bin;0xF339;39 6A 36 B5;超鋼闘機 ヘヴィデューク
ai/100.bin;0xF339;09 C0 E2 B6;ツインメーザー・ドラゴン
ai/100.bin;0xF339;F7 48 21 B9;ドラゴンナイト ジャラール
ai/100.bin;0xF339;88 EF 6D BC;イニグマン・トルネード
ai/100.bin;0xF339;ED F8 CC BD;ファイナル・レンチ
ai/100.bin;0xF339;11 9F 48 BE;修羅忍竜 ダラニコンゴウ
ai/100.bin;0xF339;83 0C AC BE;スモークギア・ドラゴン
ai/100.bin;0xF339;04 0C B6 BE;スチームライダー バーナム
ai/100.bin;0xF339;3D FB ED C0;クロノジェット・ドラゴン
ai/100.bin;0xF339;CF AA 4F C1;煉獄竜 ドラゴニック・ネオフレイム
ai/100.bin;0xF339;7C 17 CE C1;ラナンキュラスの花乙女 アーシャ
ai/100.bin;0xF339;15 6E A2 C8;ウィステリアナイト
ai/100.bin;0xF339;AB 51 A7 CB;AI(%d) : レシピ (フラグ:%08x)
ai/100.bin;0xF339;61 37 62 CC;スチームナイト シュ・シン
ai/100.bin;0xF339;D7 DA C1 D6;AI(%d) : 思考開始 (行動カテゴリ:%d)
ai/100.bin;0xF339;7C 46 0A D9;忍竜 ドレッドマスター
ai/100.bin;0xF339;78 6A 0D DA;スチームメイデン ウルル
ai/100.bin;0xF339;6B 1D DB DC;マシニング・モスキート mkⅡ
ai/100.bin;0xF339;5A CA ED DD;ブラスウイング・ドラゴン
ai/100.bin;0xF339;69 E8 61 E1;オーバーロード
ai/100.bin;0xF339;7D 1F 65 E6;獣神 ナイトジャッカル
ai/100.bin;0xF339;57 CD 2E E8;    
ai/100.bin;0xF339;19 BA 6C E8;時空竜 ミステリーフレア・ドラゴン
ai/100.bin;0xF339;CC 1A C6 E8;AI未設定 : attrib = %s
ai/100.bin;0xF339;5E C0 46 EB;山盛り甲羅のギアタートル
ai/100.bin;0xF339;69 F1 59 EF;ラッキーポット・ドラコキッド
ai/100.bin;0xF339;39 17 8B F0;星空の解放者 ギネヴィア
ai/100.bin;0xF339;4B 16 BE F0;鋭気の騎士 エクター
ai/100.bin;0xF339;BF 43 2B F1;  アタッカー : %s
ai/100.bin;0xF339;27 25 50 F1;ベアダウン・サムラーイ
ai/100.bin;0xF339;FC B0 EB F6;清めの神器 ピュア・エンジェル
ai/100.bin;0xF339;89 20 23 F8;下
ai/100.bin;0xF339;DD 4C B3 F8;ターン開始 AI(%d)
ai/101.bin;0x10959;DC A5 CF 01;  クインテットウォール : %d/%d枚
ai/101.bin;0x10959;51 5B 2F 06;ヘキサゴナル・メイガス
ai/101.bin;0x10959;DD 9F CC 07;蒼嵐竜 メイルストローム
ai/101.bin;0x10959;8D 9F AA 08;  シールドの要求値 : 
ai/101.bin;0x10959;76 AE E0 09;ドラゴニック・オーバーロード “The Яe-birth”
ai/101.bin;0x10959;02 DC 8B 0D;モーント・ブラウクリューガー
ai/101.bin;0x10959;76 0E 98 0D;蹂躙する根絶者 ヲルグ
ai/101.bin;0x10959;B1 2D 5D 0E;  対象のパワー : %d(%d)%s
ai/101.bin;0x10959;24 A1 3B 11;ライジング・ライオネット
ai/101.bin;0x10959;CA 98 65 11;神界獣 フェンリル
ai/101.bin;0x10959;2F 96 22 12;ダンシング・ウルフ
ai/101.bin;0x10959;2F CE 1C 13;花占いの女神 サクヤ
ai/101.bin;0x10959;7A FA 23 14;慢心する根絶者 ギヲ
ai/101.bin;0x10959;9F 3C 4E 15; + %d
ai/101.bin;0x10959;68 FD C4 16;心酔する根絶者 グヰム
ai/101.bin;0x10959;26 7B 30 1A;ネコ執事
ai/101.bin;0x10959;8D 20 89 1A;AI未設定 : %s %d
ai/101.bin;0x10959;49 58 50 21;次元ロボ ダイジェット
ai/101.bin;0x10959;8E BC BB 21;  シールドの目標値 : 
ai/101.bin;0x10959;50 41 74 23;希望の子 トゥルエル
ai/101.bin;0x10959;39 5F 97 27;新鋭の騎士 ダヴィド
ai/101.bin;0x10959;BE 51 F9 27;餓竜 バトルレックス
ai/101.bin;0x10959;F7 2E E0 29;～%d
ai/101.bin;0x10959;A6 8F 2A 2A;喧嘩屋 ファイティング・ドラコキッド
ai/101.bin;0x10959;6D 17 FA 2B;創世竜 アムネスティ・メサイア
ai/101.bin;0x10959;44 62 0C 2D;無音の射手 コンダクタンス
ai/101.bin;0x10959;14 30 63 2D;!!!! AI ERROR !!!!\n  
ai/101.bin;0x10959;EE 81 9E 32;豪腕拿捕の巨人兵
ai/101.bin;0x10959;C5 4D EE 32;ブラスター・ダーク “Diablo”
ai/101.bin;0x10959;F1 28 16 33;枚しか選んでいない
ai/101.bin;0x10959;BC 1F 35 33;  ブースター : %s
ai/101.bin;0x10959;B8 BC F2 37;伏魔忍鬼 カガミジシ
ai/101.bin;0x10959;6E 42 D6 38;AI(%d) : アタック情報
ai/101.bin;0x10959;B3 AD 45 3A;ブラスター
ai/101.bin;0x10959;79 D5 87 3C;星雲竜 ビッグクランチ・ドラゴン
ai/101.bin;0x10959;03 D4 54 45; ヒットされない
ai/101.bin;0x10959;2D 3A A7 45;AI(%d) : ガードステップ情報
ai/101.bin;0x10959;2C A5 7B 4D;枚選択する必要があるが、
ai/101.bin;0x10959;9F A5 E0 4F;ＣＥＯ アマテラス
ai/101.bin;0x10959;3A D0 5B 51;メッチャバトラー ビクトール
ai/101.bin;0x10959;A6 11 33 52;暗黒竜 ファントム・ブラスター “Diablo”
ai/101.bin;0x10959;3C E0 6F 55;ドラゴニック・オーバーロード
ai/101.bin;0x10959;DE C1 45 56;解放者
ai/101.bin;0x10959;58 57 73 57;発芽する根絶者 ルチ
ai/101.bin;0x10959;F7 6D 78 57;スタンプ・ラッコ
ai/101.bin;0x10959;5B 68 7C 5E;責苛む根絶者 ゴヲト
ai/101.bin;0x10959;C5 AF 0D 60;真紅の伝承 メタトロン
ai/101.bin;0x10959;47 87 68 63;AI(%d) : 思考時間 %.3f秒 (行動カテゴリ:%d)
ai/101.bin;0x10959;55 C8 81 63;  完全ガード : %d/%d枚
ai/101.bin;0x10959;42 D7 DA 63;  ガーディアン候補
ai/101.bin;0x10959;0B 41 AE 69;創世竜 ジャッジメント・メサイア
ai/101.bin;0x10959;33 8E E7 69;Duo 理想の妹 メーア
ai/101.bin;0x10959;E8 83 60 6B;デアデビル・サムラーイ
ai/101.bin;0x10959;4B D4 AE 6B;  合計シールド : 
ai/101.bin;0x10959;E4 F0 C1 6C;始源根絶者 ヱヰゴヲグ
ai/101.bin;0x10959;DC 4C 2C 6E;立春の花乙姫 プリマヴェーラ
ai/101.bin;0x10959;11 E8 1D 70;神託の女王 ヒミコ
ai/101.bin;0x10959;E4 FB 3C 72;蒼嵐候補生 アノス
ai/101.bin;0x10959;29 EF C2 73;  対象(%d) : %s
ai/101.bin;0x10959;2A 0A 50 7D;悪運の根絶者 ドロヲン
ai/101.bin;0x10959;A9 20 97 7F;痙攣する根絶者 ヱディ
ai/101.bin;0x10959;7C 3A 8B 81;解放者 バーニング・ブロー
ai/101.bin;0x10959;DA 63 6D 85;次元ロボ ダイブレイブ
ai/101.bin;0x10959;46 DE 4B 88;ダークメタル・ドラゴン
ai/101.bin;0x10959;6A D5 6E 8A;カタナライザー
ai/101.bin;0x10959;A0 D8 63 8D;大宇宙勇機 グランギャロップ
ai/101.bin;0x10959;1F 10 24 8F;上
ai/101.bin;0x10959;6C E6 93 8F;真黒の賢者 カロン
ai/101.bin;0x10959;BB E2 E9 90;永劫不敗 アシュラ・カイザー
ai/101.bin;0x10959;E1 26 37 94;魔竜戦鬼 チャトゥラ
ai/101.bin;0x10959;6A 0F 95 94;  アタッカーのパワー : %d(%d)
ai/101.bin;0x10959;7F BB 35 95;覇天皇竜 ドラゴニック・オーバーロード “The Ace”
ai/101.bin;0x10959;0C DD 47 9B;バトルシスター ぱるふぇ
ai/101.bin;0x10959;1A 2D D2 9C;マイスガード フォーマルハウト
ai/101.bin;0x10959;E8 7A 6B 9D;並列する根絶者 ゲヰール
ai/101.bin;0x10959;69 08 3B A2;蒼波竜 テトラドライブ・ドラゴン
ai/101.bin;0x10959;F1 51 AA A2;スチームファイター バリフ
ai/101.bin;0x10959;B8 14 C8 A2;絆の根絶者 グレイヲン
ai/101.bin;0x10959;2B 2D A5 A5;根絶者
ai/101.bin;0x10959;A4 F3 D7 A7;  アタッカーのクリティカル : %d
ai/101.bin;0x10959;BD FD F6 A7;メチャバトラー ランボール
ai/101.bin;0x10959;BB AC 90 AB;速攻する根絶者 ガタリヲ
ai/101.bin;0x10959;8D 7D C8 AB;波動する根絶者 グレイドール
ai/101.bin;0x10959;9F 77 42 AC;フレアウィップ・ドラゴン
ai/101.bin;0x10959;65 FA 28 AD;追撃する根絶者 ヱゴット
ai/101.bin;0x10959;39 6A 36 B5;超鋼闘機 ヘヴィデューク
ai/101.bin;0x10959;F7 48 21 B9;ドラゴンナイト ジャラール
ai/101.bin;0x10959;88 EF 6D BC;イニグマン・トルネード
ai/101.bin;0x10959;ED F8 CC BD;ファイナル・レンチ
ai/101.bin;0x10959;11 9F 48 BE;修羅忍竜 ダラニコンゴウ
ai/101.bin;0x10959;CF AA 4F C1;煉獄竜 ドラゴニック・ネオフレイム
ai/101.bin;0x10959;7C 17 CE C1;ラナンキュラスの花乙女 アーシャ
ai/101.bin;0x10959;15 6E A2 C8;ウィステリアナイト
ai/101.bin;0x10959;AB 51 A7 CB;AI(%d) : レシピ (フラグ:%08x)
ai/101.bin;0x10959;D7 DA C1 D6;AI(%d) : 思考開始 (行動カテゴリ:%d)
ai/101.bin;0x10959;7C 46 0A D9;忍竜 ドレッドマスター
ai/101.bin;0x10959;6D 92 B4 DA;染み渡る根絶者 ヱンダー
ai/101.bin;0x10959;6B 1D DB DC;マシニング・モスキート mkⅡ
ai/101.bin;0x10959;69 E8 61 E1;オーバーロード
ai/101.bin;0x10959;7D 1F 65 E6;獣神 ナイトジャッカル
ai/101.bin;0x10959;57 CD 2E E8;    
ai/101.bin;0x10959;CC 1A C6 E8;AI未設定 : attrib = %s
ai/101.bin;0x10959;39 17 8B F0;星空の解放者 ギネヴィア
ai/101.bin;0x10959;4B 16 BE F0;鋭気の騎士 エクター
ai/101.bin;0x10959;BF 43 2B F1;  アタッカー : %s
ai/101.bin;0x10959;27 25 50 F1;ベアダウン・サムラーイ
ai/101.bin;0x10959;85 C5 FC F3;喰い千切る根絶者 ギヰバ
ai/101.bin;0x10959;FC B0 EB F6;清めの神器 ピュア・エンジェル
ai/101.bin;0x10959;89 20 23 F8;下
ai/101.bin;0x10959;DD 4C B3 F8;ターン開始 AI(%d)
common/choice.bin;0x0BC6;5C C9 AC 58;選択肢２－さしすせそたちつてとな
common/choice.bin;0x0BC6;2D A9 96 64;選択肢３－なにぬねのはひふへほま
common/choice.bin;0x0BC6;AC 99 DD FE;選択肢１－あいうえおかきくけこさ
common/line_mess.bin;0x60D0;23 11 12 63;行メッセージウィンドウ<|横|よこ|>２２<|文字|もじ|>。８９０１２\n<|縦|たて|>は１から３<|行|ぎょう|>。９０１２３４５６７８９０１２\n３<|行表示|ぎょうひょうじ|>した<|状態|じょうたい|>だとこんな<|感|かん|>じですようよう。
common/line_mess.bin;0x60D0;2E 2B AA 80;行メッセージウィンドウ<|横|よこ|>２２<|文字|もじ|>。８９０１２\n<|縦|たて|>は１から６<|行|ぎょう|>。９０１２３４５６７８９０１２\n１２３４５６７８９０１２３４５６７８９０１２\n１２３４５６７８９０１２３４５６７８９０１２\n１２３４５６７８９０１２３４５６７８９０１２\n１２３４５６７８９０１２３４５６７８９０１２
common/skip_yn.bin;0x0827;86 41 BD B9;イベントをスキップしますか？
common/yesno.bin;0x9DA4;E6 A9 05 B4;ヘルプウィンドウ<|横|よこ|>２０<|文字|もじ|>。５６７８９０\n<|縦|たて|>は１から３<|行|ぎょう|>。９０１２３４５６７８９０\n３<|行表示|ぎょうひょうじ|>した<|状態|じょうたい|>だとこんな<|感|かん|>じですよう。
cutin/cutin.bin;0x4F0C;9A C6 45 1B;究極次元ロボ グレートダイユーシャ
cutin/cutin.bin;0x4F0C;1F 18 FD 51;第99代次元ロボ司令官 グレートダイアース
cutin/cutin.bin;0x4F0C;4D 2A 1A 82;究極次元ロボ グレートダイカイザー
cutin/cutin.bin;0x4F0C;F1 76 1B EE;超次元ロボ ダイカイザー
event/evview.bin;0x4D89;D6 C5 4A 00;54 KIRIMIちゃん
event/evview.bin;0x4D89;8F F6 03 02;58 主人公男　橘アツシ
event/evview.bin;0x4D89;8F FC 50 05;79 男前たこ焼き
event/evview.bin;0x4D89;18 23 15 07;60 主人公男　鳴神アキ
event/evview.bin;0x4D89;B1 24 06 09;20 東雲ショウマ
event/evview.bin;0x4D89;81 E8 54 09;00 通常(ポーズ1)
event/evview.bin;0x4D89;20 82 D6 09;10 馬場タケル
event/evview.bin;0x4D89;B7 FF 00 0A;02 綺場シオン
event/evview.bin;0x4D89;7C 92 08 0C;体　　 = 
event/evview.bin;0x4D89;E8 16 27 11;29 店長代理Jr(白)
event/evview.bin;0x4D89;53 EE 14 13;78 ドーナツ
event/evview.bin;0x4D89;F1 39 2B 15;68 山路カル
event/evview.bin;0x4D89;20 25 00 16;73 MCミヤ（V）
event/evview.bin;0x4D89;66 8E A4 16;13 支部長
event/evview.bin;0x4D89;2A 7A 6E 18;84 ゲットアバター
event/evview.bin;0x4D89;B3 AA EE 18;33 石田ナオキ
event/evview.bin;0x4D89;B9 2A B4 1B;04 岡崎クミ
event/evview.bin;0x4D89;8F 13 F8 1B;12 安城マモル
event/evview.bin;0x4D89;20 D3 4E 1F;03 ポーズ4(ブレイドのみ)
event/evview.bin;0x4D89;51 97 F7 24;76 カレーライス
event/evview.bin;0x4D89;91 9C B9 25;46 矢作キョウ
event/evview.bin;0x4D89;97 C7 D6 25;64 主人公女　花島キララ
event/evview.bin;0x4D89;37 7A 23 26;22 伊吹コウジ
event/evview.bin;0x4D89;F7 BE 9E 2E;42 新城テツ
event/evview.bin;0x4D89;44 17 C2 32;90 モブ少年CD
event/evview.bin;0x4D89;AF E9 5B 34;32 先導アイチ
event/evview.bin;0x4D89;1F 47 BF 35;36 三和タイシ
event/evview.bin;0x4D89;1B FE 66 37;02 ポーズ3(15ソフィア,36アクシア,55シルフは無し)
event/evview.bin;0x4D89;98 38 33 38;01 カードキャピタル（外観）
event/evview.bin;0x4D89;25 A5 C0 3C;表示
event/evview.bin;0x4D89;CD F3 BD 3D;40 雀ケ森レン
event/evview.bin;0x4D89;BD E8 3B 44;MesWin = 
event/evview.bin;0x4D89;36 CF 0D 45;21 羽島リン
event/evview.bin;0x4D89;68 50 16 46;04 悲しみ
event/evview.bin;0x4D89;BE 38 2A 4A;35 櫂トシキ
event/evview.bin;0x4D89;96 68 AA 4B;38 井崎ユウタ
event/evview.bin;0x4D89;A9 93 41 4D;25 弥富サヤ
event/evview.bin;0x4D89;FA 67 FA 4F;202 カード画像　コキュートス
event/evview.bin;0x4D89;97 51 C8 54;31 ヴァンガ郎
event/evview.bin;0x4D89;57 B1 7C 57;48 オリビエ・ガイヤール
event/evview.bin;0x4D89;15 86 8F 58;23 神埼ユウイチロウ
event/evview.bin;0x4D89;93 90 71 5B;15 臼井ユリ
event/evview.bin;0x4D89;F0 96 A9 5B;67 長良ケイ
event/evview.bin;0x4D89;B4 04 27 5C;81 クレープ
event/evview.bin;0x4D89;BB 50 26 5F;57 主人公男　和泉キョウスケ
event/evview.bin;0x4D89;24 C8 78 5F;キャラ = 
event/evview.bin;0x4D89;65 CB B4 62;43 蒼龍レオン
event/evview.bin;0x4D89;52 3E F5 63;86 製品版告知（上画面）
event/evview.bin;0x4D89;8D 8D C8 64;28 戸倉ミサキ(V)
event/evview.bin;0x4D89;73 F7 63 65;08 大文字ナギサ（V）
event/evview.bin;0x4D89;F4 A7 55 66;77 ハヤシライス
event/evview.bin;0x4D89;3F B7 68 69;00 通常
event/evview.bin;0x4D89;5A 1E 9E 69;01 笑い
event/evview.bin;0x4D89;E1 AA 85 6A;26 新田シン（G）
event/evview.bin;0x4D89;AE 38 93 6A;01 新導クロノ
event/evview.bin;0x4D89;40 77 B6 73;65 主人公女　水城ユキノ
event/evview.bin;0x4D89;10 25 2D 75;30 店長代理Jr(黒)
event/evview.bin;0x4D89;82 C8 8C 77;03 驚き
event/evview.bin;0x4D89;99 DE 03 79;72 MCミヤ（G）
event/evview.bin;0x4D89;72 5B 6E 79;14 光定ケンジ
event/evview.bin;0x4D89;2D F5 0A 7A;17 明日川タイヨウ（闇堕ち）
event/evview.bin;0x4D89;C6 50 ED 7D;87 製品版告知（下画面）
event/evview.bin;0x4D89;FE BD 97 82;27 戸倉ミサキ
event/evview.bin;0x4D89;39 64 A7 82;70 ジリアン
event/evview.bin;0x4D89;EC 48 AC 85;53 店長代理
event/evview.bin;0x4D89;96 85 12 86;66 主人公女　天音アリス
event/evview.bin;0x4D89;B3 7D 02 92;＊苗字＊＊名前＊
event/evview.bin;0x4D89;A2 2A A1 94;49 フィリップ・ネーヴ
event/evview.bin;0x4D89;C1 E0 98 95;05 自信(ノボル),策略(孫六),照れ(鈴羽)(アクシア)
event/evview.bin;0x4D89;E2 A8 AA 95;比較　 = 
event/evview.bin;0x4D89;74 AE AB 99;07 大文字ナギサ
event/evview.bin;0x4D89;EB 47 6F 9A;51 日田リョータ
event/evview.bin;0x4D89;5E 9C B6 9B;50 ラティ・カーティ
event/evview.bin;0x4D89;A7 B5 9C 9E;11 ハイメ・アルカラス
event/evview.bin;0x4D89;42 3A C4 9E;03 安城トコハ
event/evview.bin;0x4D89;06 00 4D A1;34 先導エミ
event/evview.bin;0x4D89;53 91 61 A2;59 主人公男　氷堂リュウト
event/evview.bin;0x4D89;1F D9 8E A3;83 りんご飴
event/evview.bin;0x4D89;6B B2 B2 A3;45 大文字ゴウキ
event/evview.bin;0x4D89;D0 CC 03 A8;09 多度ツネト
event/evview.bin;0x4D89;3D 93 2D A9;82 冷やしキュウリ
event/evview.bin;0x4D89;35 9D DD AB;表情　 = 
event/evview.bin;0x4D89;BC 56 41 B3;44 クリス
event/evview.bin;0x4D89;6E 15 4A B3;89 モブ少年AB
event/evview.bin;0x4D89;B8 43 2D B5;背景　 = 
event/evview.bin;0x4D89;50 55 E7 B5;41 鳴海アサカ
event/evview.bin;0x4D89;AC E1 4C B8;05 葛木カムイ
event/evview.bin;0x4D89;B3 A5 0E BB;52 月城ルナ
event/evview.bin;0x4D89;A3 9D 2D C3;71 シャーリーン
event/evview.bin;0x4D89;B6 E8 55 C7;69 小茂井シンゴ
event/evview.bin;0x4D89;58 E8 72 C9;06 葛木カムイ（V）
event/evview.bin;0x4D89;2F A2 B9 CE;39 ニンジャマスターNEO
event/evview.bin;0x4D89;8B B1 F5 CE;全身　 = 
event/evview.bin;0x4D89;2D E1 98 CF;201 カード画像　インビンシブル
event/evview.bin;0x4D89;65 BF 03 D2;62 主人公女　佐倉ユイ
event/evview.bin;0x4D89;9E B2 DE D3;47 岸田オサム
event/evview.bin;0x4D89;DB 25 20 D6;80 イカ焼き
event/evview.bin;0x4D89;A2 EF C7 DD;%02d 
event/evview.bin;0x4D89;4A 19 D2 E0;37 森川カツミ
event/evview.bin;0x4D89;6F E3 8B E2;16 明日川タイヨウ
event/evview.bin;0x4D89;26 9E C6 E3;01 ポーズ2(36アクシア,37ジャック無し)
event/evview.bin;0x4D89;F7 AF 69 E8;19 刈谷スギル
event/evview.bin;0x4D89;C3 7D F0 EC;63 主人公女　日下部アン
event/evview.bin;0x4D89;47 06 03 EF;88 臼井ガイ（V）
event/evview.bin;0x4D89;09 13 EA F3;61 主人公男　日向マサト
event/evview.bin;0x4D89;33 D9 5C F6;02 怒り
event/evview.bin;0x4D89;31 8B CC F6;85 明日川タイヨウ（和解後）
event/evview.bin;0x4D89;D9 8B EC F6;非表示
event/evview.bin;0x4D89;A1 EA AB F8;18 烏森ユウヤ
event/evview.bin;0x4D89;1C B9 37 FB;75 葛木カムイ（ショップ店員）
event/evview.bin;0x4D89;87 EE C7 FD;＞
fe/fe0001.bin;0x17A5;AD B2 09 00;<|期待|きたい|>の<|新鋭|しんえい|><|同士|どうし|>のたたかい……\nどのようなファイトになるのでしょうか！？
fe/fe0001.bin;0x17A5;71 AF 2D 08;<|始|はじ|>めようぜ！！
fe/fe0001.bin;0x17A5;DD 28 50 14;いくぞ……\n<|本気|ほんき|>で<|来|こ|>い、<|三和|みわ|>！
fe/fe0001.bin;0x17A5;F7 90 9A 14;さて……せっかくのエキシビションマッチ\nですし、<|派手|はで|>にいきましょうか。
fe/fe0001.bin;0x17A5;8E 31 DC 2B;いくぜ……！！
fe/fe0001.bin;0x17A5;6B 9E 95 2C;<|全国大会出場|　　　　ぜんこくたいかいしゅつじょう|>をかけたたたかい、\n<|勝者|しょうしゃ|>はどちらだー！？
fe/fe0001.bin;0x17A5;B6 48 49 31;お<|前|まえ|>のカレーへの<|思|おも|>い……\n<|見|み|>せてもらおう！
fe/fe0001.bin;0x17A5;9F E7 A7 4C;どっちもがんばれなんだがー！
fe/fe0001.bin;0x17A5;EF 28 A7 6B;ついにやってきました……<|決勝戦|けっしょうせん|>！！\nどちらがこの<|大会|たいかい|>を<|制|せい|>するのかー！？
fe/fe0001.bin;0x17A5;64 2E C3 6D;……じゃ、いくぜ。
fe/fe0001.bin;0x17A5;8B AA 75 6F;どっちも<|一歩|いっぽ|>も<|引|ひ|>かないんだが！
fe/fe0001.bin;0x17A5;B5 9E C3 74;<|運命|うんめい|>の<|準決勝|じゅんけっしょう|>、なんだがー！！
fe/fe0001.bin;0x17A5;C6 AE BE 79;……<|全力|ぜんりょく|>でいくぞ、アイチ！\nイメージしろ！
fe/fe0001.bin;0x17A5;D8 D8 CA 79;よーし、いくぜ！！
fe/fe0001.bin;0x17A5;61 92 63 7D;ついに<|全国大会|ぜんこくたいかい|>、<|開幕|かいまく|>！\n<|注目|ちゅうもく|>の１<|回戦|かいせん|>、どうなるのでしょう！？
fe/fe0001.bin;0x17A5;55 6A 47 81;ドキドキなんだが～！
fe/fe0001.bin;0x17A5;38 A9 7E 87;……。<|始|はじ|>めたからには……\n<|絶対|ぜったい|>、<|勝|か|>つ！！
fe/fe0001.bin;0x17A5;EF 82 61 8A;さあ、<|盛|も|>り<|上|あ|>がってまいりました！
fe/fe0001.bin;0x17A5;90 81 55 9E;どっちが<|勝|か|>つんだが……！？
fe/fe0001.bin;0x17A5;CA 92 51 AD;いくぞ、レン。
fe/fe0001.bin;0x17A5;7F 2F 0B BC;さあ、<|見|み|>せてみろ。\nお<|前|まえ|>の<|力|ちから|>を！
fe/fe0001.bin;0x17A5;C0 35 FA C1;す、すごい<|気迫|きはく|>なんだが……
fe/fe0001.bin;0x17A5;75 16 CE C4;<|漢|おとこ|>なら<|覚悟|かくご|>を<|決|き|>めろ、カムイ！
fe/fe0001.bin;0x17A5;19 4C 38 CB;それじゃ……いくよ、<|櫂|かい|>くん！
fe/fe0001.bin;0x17A5;A6 8D 31 CC;この２<|回戦|かいせん|>を<|制|せい|>した<|選手|せんしゅ|>は、\n<|準決勝|じゅんけっしょう|>に<|進|すす|>むことになります！
fe/fe0001.bin;0x17A5;E6 C2 6A CF;よーし……\nいくよ、みさきん！
fe/fe0001.bin;0x17A5;F0 30 BC D9;<|始|はじ|>めるぞ……\nお<|前|まえ|>のファイトを<|見|み|>せてみろ。
fe/fe0001.bin;0x17A5;CC 92 E7 E7;いくよ、ガイヤールくん！
fe/fe0001.bin;0x17A5;D4 06 69 F7;いくわよ、コーテー！
fe/fe0001.bin;0x17A5;9B F9 2D FE;<|地区予選|ちくよせん|>、<|開幕|かいまく|>です！\nどんなファイトが<|繰|く|>り<|広|ひろ|>げられるのか！？
fe/tuto_001.bin;0x1C1F;26 9F A5 02;Gunnergear Dracokid
fe/tuto_001.bin;0x1C1F;9E BD 97 03;<|次|つぎ|>に、こっちの<|数字|すうじ|>。この<|数字|すうじ|>はカードの\n{$336600}『パワー』{$}よ。
fe/tuto_001.bin;0x1C1F;DA D4 F9 18;ダメージゾーンのカードが、\n{$336600}６<|枚|まい|>{$}になると<|負|ま|>けよ。
fe/tuto_001.bin;0x1C1F;A9 3D 0B 1B;{$336600}プレイマット{$}について、<|詳|くわ|>しく<|説明|せつめい|>するね。
fe/tuto_001.bin;0x1C1F;B1 41 08 23;<|次|つぎ|>に、その<|他|ほか|>のフィールドの<|説明|せつめい|>をするね。
fe/tuto_001.bin;0x1C1F;9C 49 17 29;それぞれの{$336600}フィールドに<|置|お|>かれた{$}{$336600}カード{$}の\nことは、{$336600}ユニット{$}って<|言|い|>うの。
fe/tuto_001.bin;0x1C1F;39 1F E9 30;ドロップゾーンは、\n{$336600}フィールドから<|退却|たいきゃく|>したカード{$}や
fe/tuto_001.bin;0x1C1F;D6 84 D7 36;{$336600}<|手札|てふだ|>から<|捨|す|>てたカード{$}を<|置|お|>く<|場所|ばしょ|>よ。
fe/tuto_001.bin;0x1C1F;D4 80 E1 37;スチームナイト ウバル・トゥトゥ
fe/tuto_001.bin;0x1C1F;97 B4 EE 41;{$336600}フィールドとカード{$}についての\n<|説明|せつめい|>をするね。
fe/tuto_001.bin;0x1C1F;83 20 19 4A;<|最後|さいご|>に……この<|場所|ばしょ|>は、\n{$336600}ジェネレーションゾーン（Ｇゾーン）{$}。
fe/tuto_001.bin;0x1C1F;CB 8C 4F 4A;<|最後|さいご|>に、この<|数字|すうじ|>は{$336600}『シールド』{$}。\nシールドはガーディアンとしての、
fe/tuto_001.bin;0x1C1F;1D 9F 7B 4E;{$336600}ヴァンガードがダメージを<|受|う|>ける{$}と、\nここにカードが<|置|お|>かれるわ。
fe/tuto_001.bin;0x1C1F;61 9C C6 51;この<|数字|すうじ|>は、{$336600}『グレード』{$}を<|表|あらわ|>しているの。
fe/tuto_001.bin;0x1C1F;E8 B8 44 5A;ここは{$336600}ダメージゾーン{$}。
fe/tuto_001.bin;0x1C1F;6C 32 B7 5A;<|他|ほか|>にもカードについては\n<|色々教|いろいろおし|>えることがあるんだけど…
fe/tuto_001.bin;0x1C1F;44 E8 5F 5E;パワーは{$336600}<|攻撃|こうげき|>する<|時|とき|>{$}も、{$336600}<|防御|ぼうぎょ|>する<|時|とき|>{$}も\n<|高|たか|>いほうが<|有利|ゆうり|>よ。
fe/tuto_001.bin;0x1C1F;AE 02 3A 63;{$336600}<|下画面|したがめん|>のカード<|画像|がぞう|>をタッチ{$}すると、\n{$336600}カード<|画像|がぞう|>を<|拡大|かくだい|>{$}することもできるよ。
fe/tuto_001.bin;0x1C1F;E6 0E 71 65;ファイトは、この{$336600}プレイマット{$}の<|上|うえ|>で\n<|行|おこな|>われるの。
fe/tuto_001.bin;0x1C1F;9F 26 3C 67;{$336600}ドライブチェック{$}や、\n{$336600}ダメージチェック{$}をした<|際|さい|>に
fe/tuto_001.bin;0x1C1F;1C DE C3 68;このカード<|達|たち|>（デッキ）は{$336600}あなたと<|一緒|いっしょ|>に{$}\n{$336600}<|戦|たたか|>う<|仲間|なかま|>{$}よ。
fe/tuto_001.bin;0x1C1F;A2 00 1F 6C;あなたが<|呼|よ|>び<|出|だ|>した\n{$336600}<|味方|みかた|>のカード{$}を<|置|お|>く<|場所|ばしょ|>ね。
fe/tuto_001.bin;0x1C1F;10 F3 CF 6C;メイデン・オブ・グラジオラス
fe/tuto_001.bin;0x1C1F;6F B5 5A 77;それから、ここは{$336600}ドロップゾーン{$}。
fe/tuto_001.bin;0x1C1F;84 20 50 80;そして、ここが{$336600}ガーディアンサークル{$}。
fe/tuto_001.bin;0x1C1F;05 48 5C 81;{$336600}ガードをする<|力|ちから|>{$}を<|表|あらわ|>しているの。\n<|中|なか|>にはシールドがないカードもあるけどね。
fe/tuto_001.bin;0x1C1F;D2 7E B4 88;それは、<|他|ほか|>のチュートリアルで\n<|教|おし|>えていくね。
fe/tuto_001.bin;0x1C1F;27 D9 89 8D;あなたの<|分身|ぶんしん|>になるカード、{$336600}『ヴァンガード』{$}を\n<|置|お|>く<|場所|ばしょ|>よ。
fe/tuto_001.bin;0x1C1F;BD 7D A6 91;春待ちの乙女 オズ
fe/tuto_001.bin;0x1C1F;8C A0 DC 91;ジェネレーションゾーンは、\nあなたの{$336600}Ｇユニットを<|置|お|>く<|場所|ばしょ|>{$}よ。
fe/tuto_001.bin;0x1C1F;5C 8D 8A 93;<|山札|やまふだ|>からめくったカードを<|一度|いちど|><|置|お|>いて、\n{$336600}<|相手|あいて|>に<|見|み|>せる{$}ための<|場所|ばしょ|>よ。
fe/tuto_001.bin;0x1C1F;48 E0 F3 94;その<|他|ほか|>のサークルは、\n{$336600}リアガードサークル{$}。
fe/tuto_001.bin;0x1C1F;BF 18 40 95;<|次|つぎ|>に、カードについての<|説明|せつめい|>をするね。\n{$336600}<|下画面|したがめん|>の<|印|しるし|>のついている<|部分|ぶぶん|>{$}を<|見|み|>て。
fe/tuto_001.bin;0x1C1F;6F EB F7 95;メーザーギア・ドラゴン
fe/tuto_001.bin;0x1C1F;9D B9 A4 A3;ジャングルロード・ドラゴン
fe/tuto_001.bin;0x1C1F;BE B2 28 A7;この<|場所|ばしょ|>は{$336600}<|山札|やまふだ|>{$}と<|言|い|>って、\nあなたのカードの<|束|たば|>を<|置|お|>く<|場所|ばしょ|>。
fe/tuto_001.bin;0x1C1F;21 E9 82 B2;デッキのカード<|枚数|まいすう|>は{$336600}５０<|枚|まい|>ちょうど{$}\nじゃないといけないから、<|注意|ちゅうい|>してね。
fe/tuto_001.bin;0x1C1F;47 71 A2 B2;グレースナイト
fe/tuto_001.bin;0x1C1F;BE 2D 93 BA;<|真|ま|>ん<|中|なか|>に{$336600}カード{$}があるでしょ？その<|下|した|>の\nサークルは{$336600}ヴァンガードサークル{$}と<|言|い|>って
fe/tuto_001.bin;0x1C1F;83 0C AC BE;スモークギア・ドラゴン
fe/tuto_001.bin;0x1C1F;3D FB ED C0;クロノジェット・ドラゴン
fe/tuto_001.bin;0x1C1F;90 A9 21 C1;グレードは{$336600}『０』～『４』{$}まであるから、\n<|覚|おぼ|>えておいてね。
fe/tuto_001.bin;0x1C1F;0E 8F 46 C1;フルブルーム・ドラゴン
fe/tuto_001.bin;0x1C1F;7C 17 CE C1;ラナンキュラスの花乙女 アーシャ
fe/tuto_001.bin;0x1C1F;09 A8 5A D5;さっき<|教|おし|>えた<|山札|やまふだ|>にあるカードの<|束|たば|>。\nこれを{$336600}デッキ{$}っていうの。
fe/tuto_001.bin;0x1C1F;A6 CF 3D D6;Ｇデッキには、{$336600}Ｇユニット{$}っていう\n<|特別|とくべつ|>なカードを、{$336600}<|最大|さいだい|>８<|枚|まい|>まで{$}<|入|い|>れられるわ。
fe/tuto_001.bin;0x1C1F;CB C4 FD DA;アタックされた<|味方|みかた|>を<|守|まも|>る、{$336600}ガーディアン{$}と\n<|呼|よ|>ばれるカードを<|置|お|>く<|場所|ばしょ|>なの。
fe/tuto_001.bin;0x1C1F;7A D2 75 DC;まずは、{$336600}フィールド{$}の<|説明|せつめい|>。
fe/tuto_001.bin;0x1C1F;5A CA ED DD;ブラスウイング・ドラゴン
fe/tuto_001.bin;0x1C1F;D8 DA 66 ED;そして、この<|場所|ばしょ|>は{$336600}トリガーゾーン{$}。
fe/tuto_001.bin;0x1C1F;57 EB F2 EE;<|次|つぎ|>に、ジェネレーションゾーンにあるカードの<|束|たば|>。\nこっちは、{$336600}Ｇデッキ{$}っていうの。
fe/tuto_002.bin;0x1AAF;2F 80 17 01;ただし、{$336600}５ターン<|目|め|>になる<|前|まえ|>に<|投了|とうりょう|>{$}すると\n{$3333FF}<|獲得|かくとく|>ＶＰが０{$}になるからこれも<|注意|ちゅうい|>して！
fe/tuto_002.bin;0x1AAF;26 9F A5 02;Gunnergear Dracokid
fe/tuto_002.bin;0x1AAF;BF E9 4F 03;１つ<|目|め|>は、{$336600}スタンドフェイズ{$}。\n<|自分|じぶん|>のカードを{$336600}スタンド{$}するんだ。
fe/tuto_002.bin;0x1AAF;71 49 50 21;ファイトを<|途中|とちゅう|>で<|終|お|>わらせることができるけど、\n{$336600}<|敗北扱|　はいぼくあつか|>い{$}になるから<|気|き|>を<|付|つ|>けてね。
fe/tuto_002.bin;0x1AAF;3A D3 53 21;<|今回|こんかい|>はこれで<|終|お|>わりよ。\n<|各|かく|>フェイズの<|詳細|しょうさい|>は、<|他|ほか|>の<|項目|こうもく|>で<|説明|せつめい|>するね。
fe/tuto_002.bin;0x1AAF;C9 15 5D 22;{$336600}<|通信|つうしん|>ファイト{$}は５ターン<|目|め|>になるまで\n<|投了|とうりょう|>できないけど、
fe/tuto_002.bin;0x1AAF;4C 92 10 25;<|次|つぎ|>に、{$336600}じゃんけん{$}をして{$336600}<|先攻後攻|せんこうこうこう|>{$}を<|決|き|>める。
fe/tuto_002.bin;0x1AAF;66 02 36 2D;４つ<|目|め|>は、{$336600}メインフェイズ{$}。\nフィールドに{$336600}<|仲間|なかま|>をコール{$}したり、
fe/tuto_002.bin;0x1AAF;25 10 AE 36;２つ<|目|め|>は、{$336600}ドローフェイズ{$}。\n<|自分|じぶん|>の<|山札|やまふだ|>からカードを{$336600}１<|枚|まい|><|引|ひ|>ける{$}の。
fe/tuto_002.bin;0x1AAF;D4 80 E1 37;スチームナイト ウバル・トゥトゥ
fe/tuto_002.bin;0x1AAF;39 DF B3 3D;１つのターンは、{$336600}６つのフェイズ{$}で\n<|成|な|>り<|立|た|>っているの。
fe/tuto_002.bin;0x1AAF;82 5C C7 44;{$336600}ストーリー{$}<|中|ちゅう|>のファイトでは{$336600}\n{$336600}１ターン<|目|め|>から{$}<|投了|とうりょう|>できるよ。
fe/tuto_002.bin;0x1AAF;1B 14 C1 49;まずは、ファイトを<|始|はじ|>めるための\n{$336600}<|準備|じゅんび|>{$}から<|始|はじ|>めよう。
fe/tuto_002.bin;0x1AAF;C9 18 F8 57;この３つが<|終|お|>わったら、{$336600}スタンドアップ{$}と\n<|言|い|>って、ファイトを<|始|はじ|>めるの。
fe/tuto_002.bin;0x1AAF;8B B2 45 5D;お<|互|たが|>いのターンを<|交互|こうご|>に<|繰|く|>り<|返|かえ|>して、\n{$336600}<|相手|あいて|>のダメージを６{$}にするか、
fe/tuto_002.bin;0x1AAF;F6 DA D7 5F;ライドした<|後|あと|>、{$336600}お<|互|たが|>いのヴァンガード{$}が\n{$336600}グレード３<|以上|いじょう|>{$}なら……
fe/tuto_002.bin;0x1AAF;4B B0 09 65;６つ<|目|め|>は、{$336600}エンドフェイズ{$}。\n<|自分|じぶん|>の{$336600}ターンが<|終了|しゅうりょう|>{$}するフェイズよ。
fe/tuto_002.bin;0x1AAF;9F 9B 41 68;まず、{$336600}ファーストヴァンガード{$}を\n１<|枚|まい|><|決|き|>めて{$336600}<|裏向|うらむ|>き{$}で<|置|お|>く。
fe/tuto_002.bin;0x1AAF;10 F3 CF 6C;メイデン・オブ・グラジオラス
fe/tuto_002.bin;0x1AAF;5C 39 84 78;これが１つのターンの<|流|なが|>れ。ターンが<|終了|しゅうりょう|>\nすると、{$336600}<|相手|あいて|>のターンが<|開始|かいし|>{$}するの。
fe/tuto_002.bin;0x1AAF;C8 1C 8E 78;５つ<|目|め|>は、{$336600}バトルフェイズ{$}。\nヴァンガードやリアガードで、
fe/tuto_002.bin;0x1AAF;2D 98 AE 7E;３つ<|目|め|>は、{$336600}ライドフェイズ{$}。\n{$336600}ヴァンガードをライド{$}して、
fe/tuto_002.bin;0x1AAF;BD 7D A6 91;春待ちの乙女 オズ
fe/tuto_002.bin;0x1AAF;E8 45 DD 91;ファイト<|中|ちゅう|>に{$336600}ＳＴＡＲＴボタン{$}を<|押|お|>して\n{$336600}<|投了|とうりょう|>を<|選択|せんたく|>{$}すると、
fe/tuto_002.bin;0x1AAF;6F EB F7 95;メーザーギア・ドラゴン
fe/tuto_002.bin;0x1AAF;9D B9 A4 A3;ジャングルロード・ドラゴン
fe/tuto_002.bin;0x1AAF;47 71 A2 B2;グレースナイト
fe/tuto_002.bin;0x1AAF;83 0C AC BE;スモークギア・ドラゴン
fe/tuto_002.bin;0x1AAF;E4 59 B6 C0;<|最後|さいご|>に、<|手札|てふだ|>のカードを\n{$336600}１<|度|ど|>だけ<|交換|こうかん|>{$}できるよ。
fe/tuto_002.bin;0x1AAF;3D FB ED C0;クロノジェット・ドラゴン
fe/tuto_002.bin;0x1AAF;0E 8F 46 C1;フルブルーム・ドラゴン
fe/tuto_002.bin;0x1AAF;7C 17 CE C1;ラナンキュラスの花乙女 アーシャ
fe/tuto_002.bin;0x1AAF;53 A9 47 CA;{$336600}<|指定|してい|>されたコストを<|払|はら|>う{$}と、Ｇゾーンから\n{$336600}Ｇユニットをストライド{$}できるの。
fe/tuto_002.bin;0x1AAF;5D 1F 82 CD;{$336600}<|起動能力|きどうのうりょく|>{$}を<|使|つか|>って\nファイトに<|備|そな|>えることができるよ。
fe/tuto_002.bin;0x1AAF;79 79 43 D0;<|先攻|せんこう|>のプレイヤーは、{$336600}<|最初|さいしょ|>のターン{$}は\n{$336600}アタックができない{$}から<|気|き|>をつけてね。
fe/tuto_002.bin;0x1AAF;14 23 2D D7;{$336600}<|相手|あいて|>の<|山札|やまふだ|>が０<|枚|まい|>{$}になったり、\n{$336600}カードの<|効果条件|こうかじょうけん|>が<|揃|そろ|>う{$}と{$336600}<|勝利|しょうり|>{$}よ。
fe/tuto_002.bin;0x1AAF;DE A2 A9 DA;<|次|つぎ|>に{$336600}ターン{$}の<|説明|せつめい|>をするね。
fe/tuto_002.bin;0x1AAF;A4 C0 8F DD;{$336600}パワーアップ{$}することができるよ。
fe/tuto_002.bin;0x1AAF;5A CA ED DD;ブラスウイング・ドラゴン
fe/tuto_002.bin;0x1AAF;83 3C 16 E8;<|順番| じゅんばん|>に<|説明|せつめい|>していくね。
fe/tuto_002.bin;0x1AAF;7C B4 F7 E9;<|今回|こんかい|>は{$336600}ファイトの<|流|なが|>れ{$}と{$336600}<|勝利条件|しょうりじょうけん|>{$}を\n<|説明|せつめい|>するね。
fe/tuto_002.bin;0x1AAF;9B E3 AC F8;<|相手|あいて|>のユニットに{$336600}アタック{$}をして、\n{$336600}ダメージを<|与|あた|>える{$}ことができるの。
fe/tuto_003.bin;0x1907;FD BC 62 00;ファーストヴァンガードを{$336600}<|表|おもて|>にして{$}、\nファイトを<|始|はじ|>めましょ。
fe/tuto_003.bin;0x1907;C9 BC 6B 05;{$336600}『１ターン<|目|め|>はアタックが<|出来|でき|>ない』{$}\nっていう<|条件|じょうけん|>があるんだ。
fe/tuto_003.bin;0x1907;E7 B7 BA 15;<|今回|こんかい|>は{$336600}『Gunnergear Dracokid』{$}が\n<|自動|じどう|>で<|選|えら|>ばれるよ。
fe/tuto_003.bin;0x1907;14 D9 C1 4A;まず<|必要|ひつよう|>なのは\n{$336600}ファーストヴァンガードの<|選択|せんたく|>{$}よ。
fe/tuto_003.bin;0x1907;5C 11 0E 4C;スチームバトラー ダダシグ
fe/tuto_003.bin;0x1907;F1 C9 D5 55;<|先攻|せんこう|>だと、{$336600}ヴァンガードのグレード{$}を\n{$336600}<|早|はや|>く<|上|あ|>げる{$}ことができるけど、
fe/tuto_003.bin;0x1907;4F F5 C6 6C;デッキカスタマイズで{$336600}デッキを<|作|つく|>る<|時|とき|>{$}に\n{$336600}ファーストヴァンガードを<|設定|せってい|>{$}すると
fe/tuto_003.bin;0x1907;E2 35 34 76;<|今回|こんかい|>は<|手札|てふだ|>の{$336600}グレード０を<|全部|ぜんぶ|>{$}\n<|交換|こうかん|>してみてね。
fe/tuto_003.bin;0x1907;50 DC AA 78;プレイヤーの\n{$336600}<|最初|さいしょ|>の<|分身|ぶんしん|>{$}となる{$336600}<|重要|じゅうよう|>なカード{$}なんだ。
fe/tuto_003.bin;0x1907;7C 2E B8 80;じゃあ<|次|つぎ|>は、<|山札|やまふだ|>の<|上|うえ|>から<|手札|てふだ|>として、\nお<|互|たが|>いに{$336600}カードを５<|枚引|まいひ|>く{$}よ。
fe/tuto_003.bin;0x1907;E2 F1 24 86;<|先攻|せんこう|>と<|後攻|こうこう|>で、それぞれの<|良|よ|>さがあるから、\n<|色々考|　いろいろかんが|>えてファイトしてみてね。
fe/tuto_003.bin;0x1907;6F EB F7 95;メーザーギア・ドラゴン
fe/tuto_003.bin;0x1907;01 A9 66 97;{$336600}グレード１・２・３{$}が、\n<|手札|てふだ|>に{$336600}<|揃|そろ|>うように{$}するといいよ。
fe/tuto_003.bin;0x1907;E0 7F BC BA;いくわよ！
fe/tuto_003.bin;0x1907;83 0C AC BE;スモークギア・ドラゴン
fe/tuto_003.bin;0x1907;F5 8B 6F BF;{$336600}<|自動|じどう|>で<|選|えら|>ばれる{$}ようになるから\nデッキを<|作|つく|>る<|時|とき|>は、<|設定|せってい|>してみてね。
fe/tuto_003.bin;0x1907;3D FB ED C0;クロノジェット・ドラゴン
fe/tuto_003.bin;0x1907;12 D5 89 C3;<|次|つぎ|>は{$336600}じゃんけん{$}で{$336600}<|先攻後攻|せんこうこうこう|>{$}を<|決|き|>めるの。\nそれじゃ、じゃんけんしてみよっか。
fe/tuto_003.bin;0x1907;CE B8 04 CB;うん、<|交換|こうかん|>できたね。
fe/tuto_003.bin;0x1907;61 37 62 CC;スチームナイト シュ・シン
fe/tuto_003.bin;0x1907;78 6A 0D DA;スチームメイデン ウルル
fe/tuto_003.bin;0x1907;5E 09 9F DA;<|次|つぎ|>は、いよいよファイト<|開始|かいし|>ね！
fe/tuto_003.bin;0x1907;DC DA F9 DC;<|今回|こんかい|>は{$336600}スタンドアップまでの<|流|なが|>れ{$}を\n<|説明|せつめい|>するね。
fe/tuto_003.bin;0x1907;ED 12 54 E0;ファーストヴァンガードは{$336600}グレード０{$}の\nカードじゃないといけないから<|注意|ちゅうい|>してね。
fe/tuto_003.bin;0x1907;37 D6 81 EE;<|気|き|>にいらない<|手札|てふだ|>の<|時|とき|>は{$336600}<|一度|いちど|>だけ{$}、\n{$336600}<|好|す|>きな<|枚数|まいすう|>{$}<|引|ひ|>き<|直|なお|>しができるんだ。
fe/tuto_003.bin;0x1907;32 1E 9D FB;{$336600}<|勝|か|>ったほうが<|先攻|せんこう|>{$}だから、\n<|今回|こんかい|>はあなたが<|先攻|せんこう|>ね。
fe/tuto_003.bin;0x1907;D8 B0 BD FC;スタンドアップまでの<|流|なが|>れはこんな<|感|かん|>じ。\nちゃんと<|覚|おぼ|>えられた？
fe/tuto_004.bin;0x1772;26 9F A5 02;Gunnergear Dracokid
fe/tuto_004.bin;0x1772;A4 6C 84 09;スタンドフェイズでは、\n{$336600}レスト{$}しているユニットを、
fe/tuto_004.bin;0x1772;E1 DC CA 09;ドローフェイズでは{$336600}<|山札|やまふだ|>からカードを{$}\n{$336600}1<|枚|まい|><|引|ひ|>くことができる{$}よ。
fe/tuto_004.bin;0x1772;77 00 EA 12;スタンドフェイズとドローフェイズの<|説明|せつめい|>は\nこれで<|終|お|>わりよ。
fe/tuto_004.bin;0x1772;2B 73 15 61;<|今回|こんかい|>は{$336600}スタンドフェイズ{$}と\n{$336600}ドローフェイズ{$}の<|説明|せつめい|>をするね。
fe/tuto_004.bin;0x1772;54 7B 13 6B;ユニット（カード）は、\n{$336600}レスト（<|横向|よこむ|>きの<|状態|じょうたい|>）{$}していると
fe/tuto_004.bin;0x1772;DE 78 34 7F;<|次|つぎ|>は{$336600}ドローフェイズ{$}の<|説明|せつめい|>をするね。
fe/tuto_004.bin;0x1772;B6 D5 44 82;{$336600}アタックすることができない{$}から……
fe/tuto_004.bin;0x1772;D3 8C 4A 87;{$336600}スタンド（<|縦向|たてむ|>きの<|状態|じょうたい|>）{$}することで\n{$336600}アタックできる{$}ようにするの。
fe/tuto_004.bin;0x1772;F8 8F 19 8C;「Ｇアシスト」については、\nまた<|別|べつ|>の<|項目|こうもく|>で<|説明|せつめい|>するね。
fe/tuto_004.bin;0x1772;B7 9B 79 8E;カードを<|引|ひ|>いた<|後|あと|>、<|条件|じょうけん|>を<|満|み|>たすと\n{$336600}『Ｇアシスト』{$}を<|使|つか|>えるんだけど……
fe/tuto_004.bin;0x1772;BD 7D A6 91;春待ちの乙女 オズ
fe/tuto_004.bin;0x1772;DE 05 F9 D8;{$336600}スタンドフェイズ{$}は、ターンの<|最初|さいしょ|>に\n<|行|おこな|>うフェイズなんだ。
fe/tuto_004.bin;0x1772;C8 7B 5D FF;ドローフェイズはスタンドフェイズの\n<|次|つぎ|>に<|行|おこな|>われるの。
fe/tuto_005.bin;0x1924;69 FA AC 20;さっそく{$336600}『スモークギア・ドラゴン』で、{$}\n{$336600}ライド{$}してみましょ。
fe/tuto_005.bin;0x1924;6A 84 4F 22;ライドフェイズの<|説明|せつめい|>はこれで<|終|お|>わりよ。
fe/tuto_005.bin;0x1924;45 92 FC 23;ヴァンガードサークルにある\n{$336600}『メーザーギア・ドラゴン』{$}の
fe/tuto_005.bin;0x1924;A9 FD 21 2E;<|他|ほか|>のカードを{$336600}『ライド』{$}することで\nアップさせることができるわ。
fe/tuto_005.bin;0x1924;31 37 96 2F;あなたの<|手札|てふだ|>のグレード２のカードは……\n{$336600}『スモークギア・ドラゴン』{$}だね。
fe/tuto_005.bin;0x1924;9C A2 CB 31;よく<|考|かんが|>えてライドしてね。
fe/tuto_005.bin;0x1924;CC A9 5D 32;いかに<|早|はや|>く、{$336600}グレード３までライド{$}\n{$336600}できるか{$}が<|勝敗|しょうはい|>の<|分|わ|>かれ<|目|め|>になるよ。
fe/tuto_005.bin;0x1924;3A 89 20 33;<|下画面|したがめん|>のパワー<|部分|ぶぶん|>を<|見|み|>てみましょ。
fe/tuto_005.bin;0x1924;6D FE 53 3F;つまり……\n{$336600}グレード１から２{$}へはライドできるけど、
fe/tuto_005.bin;0x1924;91 8C 59 44;<|今回|こんかい|>は{$336600}ライドフェイズ{$}の<|説明|せつめい|>をするね。
fe/tuto_005.bin;0x1924;F8 39 51 4F;あと、{$336600}グレード１から１{$}のように\n{$336600}<|同|おな|>じグレードへライド{$}することはできるけど
fe/tuto_005.bin;0x1924;0A 40 6F 5C;{$336600}『スモークギア・ドラゴン』{$}の\nパワーは@07{$336600}１００００{$}。
fe/tuto_005.bin;0x1924;6F CA 15 6A;ライドすると、パワー<|以外|いがい|>にも<|色々|いろいろ|>な<|面|めん|>で\nヴァンガードがパワーアップするよ。
fe/tuto_005.bin;0x1924;ED 4D 58 84;パワー@07{$336600}８０００{$}よりも\n<|高|たか|>いことが<|分|わ|>かるよね。
fe/tuto_005.bin;0x1924;7D 63 76 8E;それじゃ、あなたの<|手札|てふだ|>を<|見|み|>てみましょ。
fe/tuto_005.bin;0x1924;6F EB F7 95;メーザーギア・ドラゴン
fe/tuto_005.bin;0x1924;BE A9 8C A8;萌芽の乙女 ディアン
fe/tuto_005.bin;0x1924;49 3F 74 AF;こうして{$336600}ライド{$}することで、ヴァンガードの\n{$336600}グレードをアップ{$}させていくの。
fe/tuto_005.bin;0x1924;D4 11 7A B9;{$336600}ライドフェイズで{$}\nライドできるのは{$336600}１<|回|かい|>だけ{$}だから、
fe/tuto_005.bin;0x1924;83 0C AC BE;スモークギア・ドラゴン
fe/tuto_005.bin;0x1924;67 4C 9B BF;あなたの{$336600}ヴァンガードのグレードは１{$}だから\n{$336600}グレード２まで{$}のカードをライドできるね。
fe/tuto_005.bin;0x1924;3D FB ED C0;クロノジェット・ドラゴン
fe/tuto_005.bin;0x1924;61 37 62 CC;スチームナイト シュ・シン
fe/tuto_005.bin;0x1924;2A 50 42 CE;ライドフェイズでは、\n<|自分|じぶん|>の{$336600}ヴァンガードのグレード{$}を、
fe/tuto_005.bin;0x1924;99 D3 B9 D1;ライドできたわね。
fe/tuto_005.bin;0x1924;22 01 DE D4;ただし、{$336600}グレードは<|順番|じゅんばん|>{$}に\n{$336600}<|上|あ|>げて{$}いかないといけないの。
fe/tuto_005.bin;0x1924;12 3B 6F EB;{$336600}『スモークギア・ドラゴン』で、{$}\n{$336600}ライド{$}してみましょ。
fe/tuto_005.bin;0x1924;26 44 85 F0;これであなたのヴァンガードの{$336600}グレードが{$}\n{$336600}１から２に{$}なったよ。
fe/tuto_005.bin;0x1924;66 55 2F FB;{$336600}１から３{$}にはライドできないってこと。
fe/tuto_006.bin;0x1E20;ED 5B F1 16;うん、コールできたね！
fe/tuto_006.bin;0x1E20;3C 56 73 17;カードが<|持|も|>つ<|能力|のうりょく|>は、\n<|他|ほか|>にも<|色々|いろいろ|>な<|種類|しゅるい|>があるんだけど、
fe/tuto_006.bin;0x1E20;0C BE 9F 23;{$336600}ヴァンガード{$}のパワーが<|上昇|　じょうしょう|>したでしょ？
fe/tuto_006.bin;0x1E20;F5 F3 BC 23;これは、それぞれのカードが\n{$336600}<|持|も|>っている<|能力|のうりょく|>のひとつ{$}なの。
fe/tuto_006.bin;0x1E20;15 A4 FC 26;{$336600}Ａボタンで<|選択|せんたく|>{$}してみてね。
fe/tuto_006.bin;0x1E20;48 D3 DB 29;@0D{$336600}<|起動能力|きどうのうりょく|>を<|選択|せんたく|>{$}してね。
fe/tuto_006.bin;0x1E20;6C 0F F7 2E;２つ、アイコンがあるよね。
fe/tuto_006.bin;0x1E20;F5 84 C8 2F;これはその<|効果|こうか|>を{$336600}<|発動|はつどう|>できる<|場所|ばしょ|>{$}を\n<|表|あらわ|>してるの。
fe/tuto_006.bin;0x1E20;A2 84 7A 32;<|効果|こうか|>の<|対象|たいしょう|>はヴァンガードにしてみて。
fe/tuto_006.bin;0x1E20;2B 05 9C 39;<|起動能力|きどうのうりょく|>はコストがある<|限|かぎ|>り、\n{$336600}メインフェイ<|ズ中|ちゅう|>{$}、<|何度|なんど|>でも<|使|つか|>える<|能力|のうりょく|>よ。
fe/tuto_006.bin;0x1E20;FC 33 E2 39;<|手札|てふだ|>を<|上手|じょうず|>に<|使|つか|>って、<|場|ば|>を<|整|ととの|>えてね。
fe/tuto_006.bin;0x1E20;16 45 12 3B;その<|次|つぎ|>……[]で<|囲|かこ|>われている<|文章|ぶんしょう|>は、\n{$336600}<|能力|のうりょく|>を<|使|つか|>うためのコスト{$}よ。
fe/tuto_006.bin;0x1E20;66 6D 3E 3F;<|今回|こんかい|>は、<|手札|てふだ|>の{$336600}『ラッキーポット・ドラコキッド』{$}\nにカーソルを<|合|あ|>わせて、
fe/tuto_006.bin;0x1E20;C7 FA DC 59;『ラッキーポット・ドラコキッド』に\nカーソルを<|合|あ|>わせて{$336600}Ａボタンで<|選択|せんたく|>{$}してみて。
fe/tuto_006.bin;0x1E20;25 BA 77 65;<|移動|いどう|>は{$336600}<|何回|なんかい|>でも{$}できるから、\n<|活用|かつよう|>してみてね。
fe/tuto_006.bin;0x1E20;DB 66 81 74;それから@0Dの<|次|つぎ|>……\n@1Aって<|書|か|>いてあるでしょ？
fe/tuto_006.bin;0x1E20;CD 89 0E 8A;{$336600}ヴァンガードとその<|後|うし|>ろのリアガード<|以外|いがい|>は{$}\n<|前後|ぜんご|>に<|移動|いどう|>することができるの。
fe/tuto_006.bin;0x1E20;84 8C 3D 8B;{$336600}『ラッキーポット・ドラコキッド』{$}を\n{$336600}<|左前|ひだりまえ|>のリアガードサークルにコール{$}してね。
fe/tuto_006.bin;0x1E20;38 B0 D5 8B;{$336600}『ラッキーポット・ドラコキッド』{$}を\n{$336600}Ａボタンで<|選択|せんたく|>{$}してね。
fe/tuto_006.bin;0x1E20;F8 52 93 9B;@1Cは{$336600}ヴァンガードサークル{$}のことで、
fe/tuto_006.bin;0x1E20;7B 52 F3 9D;まずは<|味方|みかた|>を<|呼|よ|>び<|出|だ|>す{$336600}コール{$}の\n<|説明|せつめい|>をするから、やってみよっか。
fe/tuto_006.bin;0x1E20;51 76 97 A6;コストには<|色々|いろいろ|>な<|種類|しゅるい|>があるんだけど、\nこれも{$336600}<|他|ほか|>のチュートリアルで<|説明|せつめい|>{$}するね。
fe/tuto_006.bin;0x1E20;ED 0C 13 A8;<|今回|こんかい|>の<|場合|ばあい|>は@1Aだから、{$336600}リアガードサークル{$}\nでしか<|使|つか|>えない<|能力|のうりょく|>ってことね。
fe/tuto_006.bin;0x1E20;BE A9 8C A8;萌芽の乙女 ディアン
fe/tuto_006.bin;0x1E20;59 87 36 AA;<|今回|こんかい|>は{$336600}メインフェイズ{$}の<|説明|せつめい|>をするね。
fe/tuto_006.bin;0x1E20;C3 2A 6B AB;リアガードが<|後|うし|>ろに<|移動|いどう|>したよね？
fe/tuto_006.bin;0x1E20;60 FD CD AB;メインフェイズの<|説明|せつめい|>はこれで<|終|お|>わりよ。
fe/tuto_006.bin;0x1E20;C1 13 B3 AD;それについては、{$336600}『カードの<|能力|のうりょく|>とコストに{$}\n{$336600}ついて』{$}で<|詳|くわ|>しく<|説明|せつめい|>するわね。
fe/tuto_006.bin;0x1E20;FE CA 8C B0;それじゃ、<|次|つぎ|>は{$336600}<|移動|いどう|>{$}について<|説明|せつめい|>するよ。\nさっきコールした、
fe/tuto_006.bin;0x1E20;3F 85 08 B1;{$336600}<|左前|ひだりまえ|>のリアガードサークルに、{$}\nコールをしてみて。
fe/tuto_006.bin;0x1E20;20 E7 7E B5;{$336600}<|同|おな|>じか、それ<|以下|いか|>のグレード{$}じゃないと\nいけないから、<|気|き|>をつけて。
fe/tuto_006.bin;0x1E20;D8 DE 67 BB;{$336600}Ａボタン{$}でメニューを<|開|ひら|>き、\n{$336600}コールのアイコンを<|選択|せんたく|>{$}して、
fe/tuto_006.bin;0x1E20;83 0C AC BE;スモークギア・ドラゴン
fe/tuto_006.bin;0x1E20;AC 27 DB C5;<|下画面|したがめん|>の{$336600}『ラッキーポット・ドラコキッド』{$}\nの<|能力|のうりょく|>を<|見|み|>て。
fe/tuto_006.bin;0x1E20;10 B1 2B C6;ヴァンガードを{$336600}Ａボタンで<|選択|せんたく|>{$}して\n{$336600}Ｙボタンで<|決定|けってい|>{$}してね。
fe/tuto_006.bin;0x1E20;35 A7 B2 C6;それじゃあ、この@0D{$336600}<|起動能力|きどうのうりょく|>を{$}\n{$336600}<|選択|せんたく|>{$}してみてね。
fe/tuto_006.bin;0x1E20;80 58 E2 CB;こうやって{$336600}<|能力|のうりょく|>を<|使用|しよう|>{$}することで、\n{$336600}ファイトを<|有利|ゆうり|>に{$}<|進|すす|>められるわよ。
fe/tuto_006.bin;0x1E20;62 1D E4 CE;@0D{$336600}<|起動能力|きどうのうりょく|>{$}のアイコンがあるでしょ？
fe/tuto_006.bin;0x1E20;86 73 62 D0;{$336600}<|味方|みかた|>のユニットを<|呼|よ|>ぶこと{$}を、\n{$336600}コール{$}っていうんだ。
fe/tuto_006.bin;0x1E20;E1 4B BA DE;{$336600}<|十字|じゅうじ|>ボタンの<|下|した|>{$}を<|押|お|>して\n{$336600}<|移動|いどう|>を<|選択|せんたく|>{$}してみて。
fe/tuto_006.bin;0x1E20;22 04 87 DF;{$336600}<|移動|いどう|>を<|選択|せんたく|>{$}してね。
fe/tuto_006.bin;0x1E20;FF 07 E3 E7;{$336600}メインフェイズ<|中|ちゅう|>{$}なら{$336600}<|何枚|なんまい|>{$}でも\nコールすることができるから……
fe/tuto_006.bin;0x1E20;69 F1 59 EF;ラッキーポット・ドラコキッド
fe/tuto_006.bin;0x1E20;C4 E4 7B F7;コールするユニットは、\n{$336600}ヴァンガードサークルのユニットと、{$}
fe/tuto_006.bin;0x1E20;A5 A7 EE F7;<|最初|さいしょ|>に@0Dって<|書|か|>いてあるよね。\nこれが<|起動能力|きどうのうりょく|>のことを<|表|あらわ|>しているの。
fe/tuto_006.bin;0x1E20;D8 6C 3D FA;@1Aは{$336600}リアガードサークル{$}のこと。
fe/tuto_006.bin;0x1E20;9D 77 A1 FA;<|最後|さいご|>に@0D{$336600}<|起動能力|きどうのうりょく|>{$}を<|説明|せつめい|>するね。
fe/tuto_006.bin;0x1E20;BE 3A 96 FC;もう<|一度|いちど|>{$336600}『ラッキーポット・ドラコキッド』{$}に\nカーソルを<|合|あ|>わせて、
fe/tuto_007.bin;0x27DA;7B 17 20 00;この<|時|とき|>、ドライブチェックと<|同|おな|>じように\n{$336600}ダメージチェック{$}が<|行|おこな|>われるわ。
fe/tuto_007.bin;0x27DA;FD 08 42 02;それと……<|今回|こんかい|>のアタックは\n{$336600}リアガードでのアタック{$}だから、
fe/tuto_007.bin;0x27DA;A8 72 6B 04;{$336600}パワーが<|同|おな|>じ{$}ならアタックは\n{$336600}ヒット{$}するんだ。
fe/tuto_007.bin;0x27DA;11 BF 1B 07;またアタックステップに<|戻|もど|>って\n{$336600}<|他|ほか|>のユニットでアタック{$}ができるわ。
fe/tuto_007.bin;0x27DA;1B 99 8E 08;アタックされたユニットが、\nヴァンガードじゃないから
fe/tuto_007.bin;0x27DA;C4 8E 19 09;{$336600}アタックされたユニットのパワーに{$}\n{$336600}プラス{$}されるよ。
fe/tuto_007.bin;0x27DA;41 39 59 0A;アタックが{$336600}ヒットした<|時|とき|>、{$}\n{$336600}<|与|あた|>えるダメージの<|数|かず|>{$}のことよ。
fe/tuto_007.bin;0x27DA;ED DC 00 0E;この<|時|とき|>、{$336600}<|後列|こうれつ|>のユニットはアタック<|出来|でき|>ない{$}\nから<|注意|ちゅうい|>してね。
fe/tuto_007.bin;0x27DA;EA B9 33 0E;クリティカルっていうのは、\n{$336600}<|相手|あいて|>のヴァンガードに{$}
fe/tuto_007.bin;0x27DA;7A 24 60 0E;もしトリガーユニットがでたら、\n{$336600}アイコンの<|効果|こうか|>が<|発動|はつどう|>{$}するの。
fe/tuto_007.bin;0x27DA;47 2D 89 0E;<|私|わたし|>のヴァンガードよりもパワーが<|高|たか|>く\nなって、アタックがヒットしたよね。
fe/tuto_007.bin;0x27DA;00 3F 19 12;『ブラスウイング・ドラゴン』の\nパワー@07{$336600}７０００{$}を
fe/tuto_007.bin;0x27DA;9B 91 2A 13;まだブーストの<|説明|せつめい|>をしてなかったよね。
fe/tuto_007.bin;0x27DA;D2 3F 73 13;<|種類|しゅるい|>によって<|色々|いろいろ|>な<|効果|こうか|>が<|発動|はつどう|>するわ。
fe/tuto_007.bin;0x27DA;D2 DC 2B 20;{$336600}『ブラスウイング・ドラゴン』{$}で\nヴァンガードをブーストして。
fe/tuto_007.bin;0x27DA;F3 B5 97 22;{$336600}ドロップゾーンに<|置|お|>かれる{$}わ。
fe/tuto_007.bin;0x27DA;5E B9 23 2A;そうだなぁ…\n<|私|わたし|>はガードするね。
fe/tuto_007.bin;0x27DA;40 1A BD 2F;{$336600}<|右側|みぎがわ|>のリアガード{$}で\n{$336600}<|私|わたし|>のリアガード{$}にアタックしてね。
fe/tuto_007.bin;0x27DA;BB 35 E9 35;{$336600}<|私|わたし|>のヴァンガードを{$}、\n{$336600}Ａボタンで<|選択|せんたく|>{$}してね。
fe/tuto_007.bin;0x27DA;6F 9C 5A 38;２<|枚目|まいめ|>もトリガーユニットじゃなかったね。\n<|残念|ざんねん|>。
fe/tuto_007.bin;0x27DA;75 32 D1 38;{$336600}ダメージチェックは<|無|な|>し{$}よ。
fe/tuto_007.bin;0x27DA;5B C0 71 40;フィールドにアタックできる\nユニットがいなくなったから、
fe/tuto_007.bin;0x27DA;BD DA B5 42;めくったカードが、<|下|した|>の<|部分|ぶぶん|>に{$336600}<|黄色|きいろ|>いライン{$}\nの<|入|はい|>った{$336600}『トリガーユニット』{$}だと、
fe/tuto_007.bin;0x27DA;67 2C A2 45;<|今回|こんかい|>は{$336600}バトルフェイズ{$}の<|説明|せつめい|>をするね。
fe/tuto_007.bin;0x27DA;33 BD 00 46;<|今回|こんかい|>の<|場合|ばあい|>は『メーザーギア・ドラゴン』の\nパワー@07{$336600}８０００{$}に
fe/tuto_007.bin;0x27DA;5C 11 0E 4C;スチームバトラー ダダシグ
fe/tuto_007.bin;0x27DA;B6 E2 5D 54;まずは、{$336600}ヴァンガードから{$}\nアタックしてみよっか。
fe/tuto_007.bin;0x27DA;60 13 AD 55;ヴァンガードの<|後|うし|>ろのユニット、\n{$336600}『ブラスウイング・ドラゴン』{$}を、
fe/tuto_007.bin;0x27DA;3F 1A F6 55;{$336600}『トリガーゾーン』{$}に\nそのカードを<|表|おもて|>にして<|出|だ|>すのよ。
fe/tuto_007.bin;0x27DA;97 78 CE 58;これでバトルフェイズは<|終了|しゅうりょう|>。
fe/tuto_007.bin;0x27DA;2C 2D E7 62;アタックは{$336600}<|相手|あいて|>の<|前列|ぜんれつ|>ユニットに<|対|たい|>して{$}\n<|行|おこな|>うことができるわ。
fe/tuto_007.bin;0x27DA;71 5B D7 64;ファイトの<|状況|じょうきょう|>に<|合|あ|>わせて、\n<|効果|こうか|>を<|使|つか|>うユニットを<|決|き|>めてね。
fe/tuto_007.bin;0x27DA;B0 32 F6 69;ヴァンガードがダメージを<|受|う|>けたら\n<|山札|やまふだ|>から{$336600}クリティカルの<|数分|かずぶん|>{$}、
fe/tuto_007.bin;0x27DA;D3 38 75 6B;それぞれ、{$336600}<|別|べつ|>のユニットに{$}\n{$336600}<|使|つか|>うこともできる{$}から
fe/tuto_007.bin;0x27DA;FA BF 23 6D;リアガードにヒットした<|場合|ばあい|>は、\nそのユニットは{$336600}<|退却|たいきゃく|>して、{$}
fe/tuto_007.bin;0x27DA;3A A8 AA 6E;ちなみに、ブーストできるのは@0C{$336600}を<|持|も|>って{$}\n{$336600}いるグレード１<|以下|いか|>のユニットだけ{$}よ。
fe/tuto_007.bin;0x27DA;27 BD 27 70;{$336600}<|後列|こうれつ|>のユニットのパワーをプラスする{$}ことを\n{$336600}ブースト{$}って<|言|い|>うの。
fe/tuto_007.bin;0x27DA;E3 F7 C3 70;パワーも{$336600}ヴァンガードに{$}\nプラスしてみてね。
fe/tuto_007.bin;0x27DA;33 9A 12 76;<|有利|ゆうり|>にファイトを<|進|すす|>められるわよ。
fe/tuto_007.bin;0x27DA;26 EF 66 79;{$336600}レスト（<|横向|よこむ|>き）する{$}ことで、\nアタックができるの。
fe/tuto_007.bin;0x27DA;B9 1F E0 7E;<|今回|こんかい|>は<|同|おな|>じユニットにトリガーの<|効果|こうか|>を\n<|両方|りょうほう|>とも<|使|つか|>ったけど、
fe/tuto_007.bin;0x27DA;55 01 0E 82;じゃあ、ブーストしてみましょ。
fe/tuto_007.bin;0x27DA;38 A5 6F 82;これでドライブステップは<|終了| しゅうりょう|>よ。
fe/tuto_007.bin;0x27DA;00 6F 7C 83;<|次|つぎ|>は{$336600}ブースト{$}をするユニットを、\n<|選択|せんたく|>するんだけど……
fe/tuto_007.bin;0x27DA;62 8C AB 86;それじゃあ１<|枚|まい|>めくってみて。
fe/tuto_007.bin;0x27DA;DB FC B3 8D;{$336600}アタックがヒットしない{$}の。
fe/tuto_007.bin;0x27DA;08 E5 05 8E;{$336600}ドライブチェックはなし{$}ね。
fe/tuto_007.bin;0x27DA;BF B0 35 92;{$336600}Ａボタンで<|選択|せんたく|>{$}してね。
fe/tuto_007.bin;0x27DA;6F EB F7 95;メーザーギア・ドラゴン
fe/tuto_007.bin;0x27DA;1A EF 35 99;ダメージとしてカードを\n{$336600}ダメージゾーンに<|置|お|>く{$}の。
fe/tuto_007.bin;0x27DA;28 57 93 9A;これで<|一度|いちど|>の<|攻撃|こうげき|>で、<|相手|あいて|>に{$336600}２ダメージを{$}\n{$336600}<|与|あた|>え{$}られるの。
fe/tuto_007.bin;0x27DA;9F 92 F1 9A;だけど、<|今回|こんかい|>あなたは{$336600}ヴァンガード{$}で\nアタックしたよね？
fe/tuto_007.bin;0x27DA;C1 C4 80 9D;これで、<|私|わたし|>のユニットの<|方|ほう|>が\nパワーが<|高|たか|>くなったね。
fe/tuto_007.bin;0x27DA;56 10 48 9E;ガードに<|出|だ|>したユニットが<|持|も|>ってる\n{$336600}@08シールドの<|数字|すうじ|>が、{$}
fe/tuto_007.bin;0x27DA;83 36 D2 A2;あなたの{$336600}ヴァンガードに{$}\n{$336600}クリティカルを＋１{$}してみてね。
fe/tuto_007.bin;0x27DA;BE 72 B3 A3;これは@16{$336600}クリティカルトリガー{$}といって、\nアイコンの<|効果|こうか|>が２つ<|発動|はつどう|>するの。
fe/tuto_007.bin;0x27DA;71 FF 3D A4;{$336600}プラスする{$}ことになるね。
fe/tuto_007.bin;0x27DA;BE A9 8C A8;萌芽の乙女 ディアン
fe/tuto_007.bin;0x27DA;27 97 59 A9;<|今|いま|>、あなたのヴァンガードのパワーは、\n<|私|わたし|>のヴァンガードより<|低|ひく|>いけど、
fe/tuto_007.bin;0x27DA;6E 94 0C AA;<|今回|こんかい|>は、{$336600}<|私|わたし|>のヴァンガードを{$}、\n{$336600}Ａボタンで<|選択|せんたく|>{$}してね。
fe/tuto_007.bin;0x27DA;24 ED 3B AB;メイデン・オブ・ディモルフォーセ
fe/tuto_007.bin;0x27DA;37 75 6B AB;リアガードにアタックすると、\n{$336600}<|相手|あいて|>のユニットを<|減|へ|>らす{$}ことができて
fe/tuto_007.bin;0x27DA;C9 9C E2 AF;<|前列|ぜんれつ|>のユニットが{$336600}アタックする<|時|とき|>{$}、
fe/tuto_007.bin;0x27DA;A3 A9 82 B0;ヴァンガードでアタックした<|時|とき|>は、\n{$336600}『ドライブチェック』が<|行|おこな|>われる{$}よ。
fe/tuto_007.bin;0x27DA;D4 E1 8C B0;{$336600}ヴァンガードを<|選択|せんたく|>{$}してね。
fe/tuto_007.bin;0x27DA;47 71 A2 B2;グレースナイト
fe/tuto_007.bin;0x27DA;69 95 F5 BB;それと、ドライブチェックでめくった\nカードは{$336600}<|自分|じぶん|>の<|手札|てふだ|>になる{$}からね。 
fe/tuto_007.bin;0x27DA;CA 40 22 BC;<|今回|こんかい|>は{$336600}ダメージ２{$}だから、{$336600}２<|枚|まい|>{$}めくるね。
fe/tuto_007.bin;0x27DA;61 56 05 BF;じゃあ２<|枚目|まいめ|>。
fe/tuto_007.bin;0x27DA;0E 8F 46 C1;フルブルーム・ドラゴン
fe/tuto_007.bin;0x27DA;98 1E 3C C5;パワーを{$336600}＋５０００する{$}ことで\n{$336600}<|私|わたし|>のヴァンガードより<|高|たか|>く{$}なるわ。
fe/tuto_007.bin;0x27DA;F3 BF 6B C7;<|次|つぎ|>にアタックの<|対象|たいしょう|>を<|選|えら|>びましょ。
fe/tuto_007.bin;0x27DA;50 4F 93 CA;このカードは{$336600}ダメージゾーン{$}に<|送|おく|>られるの。
fe/tuto_007.bin;0x27DA;4B 7F 73 CB;１<|枚目|まいめ|>はトリガーユニットじゃなかったか。
fe/tuto_007.bin;0x27DA;58 40 BB D2;パワーがプラスされるのは{$336600}ブーストしている{$}\n{$336600}<|間|あいだ|>だけ{$}だから<|気|き|>をつけて。
fe/tuto_007.bin;0x27DA;7B 94 AF D5;それからさっき<|説明|せつめい|>した<|通|とお|>り、パワーも\n{$336600}＋５０００{$}することができるよ。
fe/tuto_007.bin;0x27DA;FC E0 D8 D7;１つ<|目|め|>は、{$336600}@16クリティカルを＋１{$}する<|効果|こうか|>。
fe/tuto_007.bin;0x27DA;74 47 2E D9;<|次|つぎ|>は{$336600}ガードステップ{$}ね。あなたの\n<|攻撃|こうげき|>をガードするか、<|相手|あいて|>が<|決|き|>めるの。
fe/tuto_007.bin;0x27DA;B8 F8 60 DA;@16クリティカル<|の数|すうじ|>字が{$336600}２{$}に\nなったでしょ？
fe/tuto_007.bin;0x27DA;5A CA ED DD;ブラスウイング・ドラゴン
fe/tuto_007.bin;0x27DA;45 2D F2 DD;お<|互|たが|>いのリアガードのパワーは\n@07８０００。<|同|おな|>じ<|数値|すうち|>だけど……
fe/tuto_007.bin;0x27DA;F7 69 AB DF;すごい！\n{$336600}トリガーユニット{$}だよ。
fe/tuto_007.bin;0x27DA;00 83 4C E0;ヴァンガードを{$336600}Ａボタンで<|選択|せんたく|>{$}してみて。
fe/tuto_007.bin;0x27DA;0C 66 4F E0;バトルフェイズについての<|説明|せつめい|>は\nこれで<|終|お|>わりよ。
fe/tuto_007.bin;0x27DA;19 08 47 E1;フィールドにまだアタックできる\nユニットがいる<|場合|ばあい|>は、
fe/tuto_007.bin;0x27DA;F0 E3 5A E1;２つ<|目|め|>は、このターン<|中|ちゅう|>{$336600}ユニット１<|体|たい|>の{$}\n{$336600}パワーに、＋５０００{$}する<|効果|こうか|>。
fe/tuto_007.bin;0x27DA;CB 6A DB E1;ドライブチェックの<|時|とき|>には、\n<|山札|やまふだ|>からカードをめくって、
fe/tuto_007.bin;0x27DA;B3 F3 25 E4;<|次|つぎ|>は、あなたの{$336600}<|右側|みぎがわ|>のリアガード{$}で\n{$336600}<|私|わたし|>のリアガードに{$}アタックしてね。
fe/tuto_007.bin;0x27DA;6D 8D 0E E5;ダメージステップでは\nバトルの<|結果|けっか|>が<|判定|はんてい|>されるの。
fe/tuto_007.bin;0x27DA;49 FF 1B E7;じゃあ１<|枚目|まいめ|>。
fe/tuto_007.bin;0x27DA;D9 EA D1 EC;これでアタックステップは<|終了|しゅうりょう|>よ。
fe/tuto_007.bin;0x27DA;B4 0B 76 ED;アタックステップでは、{$336600}<|前列|ぜんれつ|>の{$}\n{$336600}スタンド（<|縦向|たてむ|>き）<|状態|じょうたい|>のユニットを{$}
fe/tuto_007.bin;0x27DA;A9 49 94 F4;<|次|つぎ|>はダメージステップね。
fe/tuto_007.bin;0x27DA;A0 7D EF F5;{$336600}アタックした<|側|がわ|>のパワー{$}より、\n{$336600}アタックされた<|側|がわ|>のパワー{$}が<|高|たか|>い<|場合|ばあい|>は、
fe/tuto_007.bin;0x27DA;90 D1 99 F6;<|今回|こんかい|>は、あなたの{$336600}ヴァンガードに{$}\n{$336600}クリティカルを＋１{$}してみてね。
fe/tuto_007.bin;0x27DA;43 78 B3 F6;<|私|わたし|>はノーガード。\nアタックがヒットするわよ。
fe/tuto_007.bin;0x27DA;BA CF 94 FA;<|今回|こんかい|>はドライブチェックで\nトリガーが<|出|で|>たから、
fe/tuto_008.bin;0x22F2;DC AE 06 02;{$336600}『バトルフェイズ』{$}で<|説明|せつめい|>したように、
fe/tuto_008.bin;0x22F2;26 9F A5 02;Gunnergear Dracokid
fe/tuto_008.bin;0x22F2;ED 62 95 05;<|今|いま|>、あなたのヴァンガードの\nグレードは２だから、
fe/tuto_008.bin;0x22F2;4B E3 66 0F;このままだとアタックが\nヒットしちゃうから、
fe/tuto_008.bin;0x22F2;31 4C 06 10;だけど、まだ<|私|わたし|>のヴァンガードよりも\nパワーが<|低|ひく|>いわね。
fe/tuto_008.bin;0x22F2;40 E9 93 14;ヴァンガードがアタックをすると\n{$336600}『ドライブチェック』{$}が<|行|おこな|>われるわ。
fe/tuto_008.bin;0x22F2;BF 17 4B 17;パワーが<|高|たか|>くなったから、\n<|私|わたし|>のターンはこれでおしまいね。
fe/tuto_008.bin;0x22F2;9E 76 07 1D;{$336600}Ｙボタンでノーガードを{$}\n<|宣言|せんげん|>してね。
fe/tuto_008.bin;0x22F2;34 2C F7 1F;@0Bインターセプトの<|説明|せつめい|>をするね。
fe/tuto_008.bin;0x22F2;56 F0 96 21;<|私|わたし|>のアタックステップになったわね。
fe/tuto_008.bin;0x22F2;1E 96 DF 22;<|今|いま|>はヴァンガードしかいないから、\n{$336600}ヴァンガードを<|選択|せんたく|>して{$}ね。
fe/tuto_008.bin;0x22F2;41 B3 F6 25;<|回復|かいふく|>できるのは、自分のダメージが\n{$336600}<|相手|あいて|>のダメージと<|同|おな|>じ{$}か、{$336600}<|多|おお|>い<|時|とき|>{$}だけ。
fe/tuto_008.bin;0x22F2;8F 72 D9 29;ヴァンガードのパワーにプラスされたわね。
fe/tuto_008.bin;0x22F2;35 35 7D 2D;グレード２までのカードを\n{$336600}<|手札|てふだ|>からコール{$}できるわ。
fe/tuto_008.bin;0x22F2;27 13 9E 2E;コールすると、\nユニットの{$336600}シールド<|分|ぶん|>の<|数値|すうち|>{$}が、
fe/tuto_008.bin;0x22F2;5A FB 9B 34;{$336600}Ｙボタンを<|押|お|>してノーガードを{$}<|宣言|せんげん|>してね。
fe/tuto_008.bin;0x22F2;50 62 36 3E;{$336600}『メーザーギア・ドラゴン』{$}のシールドの<|値|あたい|>が
fe/tuto_008.bin;0x22F2;A4 BA 65 43;あなたのヴァンガードは@07{$336600}１００００{$}だから\n<|私|わたし|>の<|方|ほう|>が<|高|たか|>いよね。
fe/tuto_008.bin;0x22F2;09 6D B3 44;…したいけど、さっきのトリガーで\nあなたのヴァンガードのほうが
fe/tuto_008.bin;0x22F2;CD FE 7F 46;<|手札|てふだ|>から{$336600}ガーディアンサークルに\nユニットをコール{$}することができるわ。
fe/tuto_008.bin;0x22F2;E0 2D F6 48;{$336600}ヴァンガードと<|同|おな|>じか、それ<|以下|いか|>の{$}\n{$336600}グレード{$}のカードだけよ。
fe/tuto_008.bin;0x22F2;7A 25 61 52;じゃあ、ガードしてみよう。\n{$336600}Ｙボタンで<|決定|けってい|>{$}してね。
fe/tuto_008.bin;0x22F2;C6 2B B6 52;アタックする<|側|がわ|>のパワーが、\nアタックされた<|側|がわ|>のパワーより
fe/tuto_008.bin;0x22F2;04 0C DF 5C;これで、あなたのヴァンガードのほうが\nパワーが<|高|たか|>くなったね。
fe/tuto_008.bin;0x22F2;AB 16 27 5E;これは@18{$336600}ヒールトリガー{$}といって、\n{$336600}ダメージを１<|回復|かいふく|>{$}できるの。ただし……
fe/tuto_008.bin;0x22F2;4A 2C 82 61;<|今回|こんかい|>は<|私|わたし|>よりもあなたのダメージの<|方|ほう|>が\n<|多|おお|>いから、１<|回復|かいふく|>できるよ。
fe/tuto_008.bin;0x22F2;84 B7 D8 63;ドライブチェックでトリガーが<|出|で|>れば、\nこのアタックはヒットするね。
fe/tuto_008.bin;0x22F2;46 C4 5D 64;<|今|いま|>は{$336600}ユニットを１<|枚|まい|>ずつコール{$}したけど、\n{$336600}まとめてコール{$}することもできるよ。
fe/tuto_008.bin;0x22F2;DA 78 CB 68;メイデン・オブ・サフラワー
fe/tuto_008.bin;0x22F2;C9 33 D5 6A;{$336600}『メーザーギア・ドラゴン』を{$336600}<|選択|せんたく|>{$}して、\n{$336600}Ｙボタン{$}で{$336600}コール{$}して。
fe/tuto_008.bin;0x22F2;82 EF FB 6B;ドライブチェック！
fe/tuto_008.bin;0x22F2;77 7D 44 6E;カコカワ・キウイ
fe/tuto_008.bin;0x22F2;D5 A4 93 70;<|次|つぎ|>は、リアガードであなたの\nヴァンガードをアタックするわ。
fe/tuto_008.bin;0x22F2;D2 DC EF 72;あと、{$336600}パワーも＋５０００{$}できるよ。
fe/tuto_008.bin;0x22F2;17 D3 F3 76;<|今回|こんかい|>は{$336600}<|相手|あいて|>ターン<|時|じ|>の{$}\n{$336600}ガード（<|防御|ぼうぎょ|>）について{$}<|説明|せつめい|>するね。
fe/tuto_008.bin;0x22F2;C3 AB 09 77;すごい！！\n{$336600}トリガーユニット{$}ね。
fe/tuto_008.bin;0x22F2;47 99 B5 7A;{$336600}Ａボタンで<|選択|せんたく|>して、Ｙボタンで{$}\n{$336600}ガーディアンサークルにコール{$}してね。
fe/tuto_008.bin;0x22F2;43 8A DF 7B;開花の乙女 ケラ
fe/tuto_008.bin;0x22F2;B5 9D 24 7C;@0Bのスキルを<|持|も|>つ\n{$336600}グレード２{$}の{$336600}<|前列|ぜんれつ|>リアガード{$}は、
fe/tuto_008.bin;0x22F2;66 06 37 82;<|私|わたし|>のユニットはまだ<|残|のこ|>っているから、\nもう<|一度|いちど|>アタックステップよ。
fe/tuto_008.bin;0x22F2;35 45 D4 88;Ｙボタンで<|終了|しゅうりょう|>してね。
fe/tuto_008.bin;0x22F2;C9 14 F5 88;<|手札|てふだ|>の{$336600}『メーザーギア・ドラゴン』{$}を{$336600}Ａボタン{$}で\n<|選択|せんたく|>して、{$336600}Ｙボタン{$}でコールして。
fe/tuto_008.bin;0x22F2;D6 E4 67 8F;リアガードであなたのヴァンガードに\nアタック！
fe/tuto_008.bin;0x22F2;BD 7D A6 91;春待ちの乙女 オズ
fe/tuto_008.bin;0x22F2;6F EB F7 95;メーザーギア・ドラゴン
fe/tuto_008.bin;0x22F2;E8 C8 73 98;これでガードが<|成功|せいこう|>したよ。
fe/tuto_008.bin;0x22F2;E5 54 BE 9D;でも、<|私|わたし|>がアタックしたユニットは\nヴァンガード。
fe/tuto_008.bin;0x22F2;BE A9 8C A8;萌芽の乙女 ディアン
fe/tuto_008.bin;0x22F2;33 24 D1 A8;<|相手|あいて|>の{$336600}クリティカルの<|数字分|すうじぶん|>、{$}\n{$336600}ダメージチェックが<|行|おこな|>われる{$}の。
fe/tuto_008.bin;0x22F2;BF EA A0 AC;ヴァンガードがアタックをされて\nダメージを<|受|う|>けると、
fe/tuto_008.bin;0x22F2;F8 FD 1C B0;それじゃあ<|私|わたし|>のヴァンガードで、\nあなたのヴァンガードにアタックよ。
fe/tuto_008.bin;0x22F2;D4 E1 8C B0;{$336600}ヴァンガードを<|選択|せんたく|>{$}してね。
fe/tuto_008.bin;0x22F2;40 D7 03 B2;<|相手|あいて|>もあなたと<|同|おな|>じように、\n{$336600}ドローやライドを<|行|おこな|>う{$}の。
fe/tuto_008.bin;0x22F2;AD 5A 48 B2;インターセプトできたみたいね。
fe/tuto_008.bin;0x22F2;83 E1 53 B2;それから、ガーディアンサークルに\nコールできるカードは、
fe/tuto_008.bin;0x22F2;17 98 EC B3;{$336600}『スモークギア・ドラゴン』{$}を\n{$336600}<|選択|せんたく|>{$}して、Ｙボタンを<|押|お|>してね。
fe/tuto_008.bin;0x22F2;B2 01 BF BB;コールしても{$336600}パワーがプラスされない{$}から\n<|気|き|>を<|付|つ|>けてね。
fe/tuto_008.bin;0x22F2;83 0C AC BE;スモークギア・ドラゴン
fe/tuto_008.bin;0x22F2;3D FB ED C0;クロノジェット・ドラゴン
fe/tuto_008.bin;0x22F2;1F 66 4A C1;アタックされたユニットの\n{$336600}パワーにプラス{$}されるの。
fe/tuto_008.bin;0x22F2;7C 17 CE C1;ラナンキュラスの花乙女 アーシャ
fe/tuto_008.bin;0x22F2;CE B6 F4 C1;{$336600}@0Bインターセプト{$}も\nしてみよう。
fe/tuto_008.bin;0x22F2;88 5F FE C3;<|私|わたし|>のリアガードのほうがパワーが<|高|たか|>いから、\nあなたはダメージを１<|受|う|>けるわよ。
fe/tuto_008.bin;0x22F2;CF 7B C6 C7;<|今回|こんかい|>は{$336600}『メーザーギア・ドラゴン』{$}を\nコールしてみよっか。
fe/tuto_008.bin;0x22F2;EF 7E 11 CB;<|次|つぎ|>は、パワーを＋５０００する\nユニットを<|決|き|>めるんだけど、
fe/tuto_008.bin;0x22F2;CE DB D7 CE;{$336600}アタックされているユニットを{$}\n{$336600}<|守|まも|>る{$}ことができるのよ。
fe/tuto_008.bin;0x22F2;F4 9D 78 D0;<|今|いま|>のあなたの<|手札|てふだ|>のカードだとシールドが\n<|足|た|>りなくて、ガード<|出来|でき|>ないから……
fe/tuto_008.bin;0x22F2;78 6A 0D DA;スチームメイデン ウルル
fe/tuto_008.bin;0x22F2;DE 14 FC DC;<|各|かく|>フェイズの<|行動|こうどう|>をするから\n<|少|すこ|>し<|見|み|>ててね。
fe/tuto_008.bin;0x22F2;E2 A7 9C DF;ここから、{$336600}ガード（<|防御|ぼうぎょ|>）{$}<|側|がわ|>の<|説明|せつめい|>よ。
fe/tuto_008.bin;0x22F2;5E D7 AB E0;アタックステップではまず、{$336600}どのユニットで{$}\n{$336600}アタックをするか<|決|き|>める{$}の。
fe/tuto_008.bin;0x22F2;69 4B 73 E3;お<|互|たが|>いのパワーの<|数値|すうち|>を<|比|くら|>べると、\n<|私|わたし|>のヴァンガードは@07{$336600}１８０００{$}
fe/tuto_008.bin;0x22F2;F0 17 EB E6;う～ん<|残念|ざんねん|>。\nトリガーユニットじゃなかったか。
fe/tuto_008.bin;0x22F2;52 CF 20 EF;じゃあ、やってみて。<|前列|ぜんれつ|>リアガードの\n{$336600}『スモークギア・ドラゴン』{$}も
fe/tuto_008.bin;0x22F2;4D 3E 02 F2;<|今回|こんかい|>はダメージが１だから、\n<|山札|やまふだ|>のカードを１<|枚|まい|>めくってね。
fe/tuto_008.bin;0x22F2;0C 60 31 F4;ダメージゾーンにあるカードを\n{$336600}Ａボタン{$}で<|選択|せんたく|>してね。
fe/tuto_008.bin;0x22F2;59 C0 01 F5;{$336600}シールド<|部分|ぶぶん|>に<|数字|すうじ|>のないカード{$}は、
fe/tuto_008.bin;0x22F2;9D 63 B6 F5;<|下画面|したがめん|>にも<|注目|ちゅうもく|>してね。\nアタックを<|受|う|>けているファイターは、
fe/tuto_008.bin;0x22F2;10 FB 2C F7;これで、ガードについての<|説明|せつめい|>は<|終|お|>わり。
fe/tuto_008.bin;0x22F2;65 17 B5 F9;{$336600}<|高|たか|>い{$}、もしくは{$336600}<|同|おな|>じ<|場合|ばあい|>{$}は\n{$336600}アタックがヒットする{$}んだけど…
fe/tuto_009.bin;0x19DE;26 9F A5 02;Gunnergear Dracokid
fe/tuto_009.bin;0x19DE;3C 47 79 04;トリガー<|次第|しだい|>で、\n<|不利|ふり|>な<|状況|じょうきょう|>でも<|逆転|ぎゃくてん|>できるから
fe/tuto_009.bin;0x19DE;73 37 38 12;<|次|つぎ|>は@19{$336600}スタンドトリガー{$}。\n<|青|あお|>い{$336600}『醒』{$}の<|文字|もじ|>が<|描|か|>いてあるわ。
fe/tuto_009.bin;0x19DE;0C F4 3F 36;{$336600}リアガード１<|体|たい|>だけ{$}だから、\n<|慎重|しんちょう|>にユニットを<|選|えら|>んでね。
fe/tuto_009.bin;0x19DE;77 F6 A1 38;これで、トリガーについての\n<|説明|せつめい|>は<|終|お|>わりよ。
fe/tuto_009.bin;0x19DE;5E D3 66 43;{$336600}<|効果|こうか|>が<|発動|はつどう|>しない{$}から<|気|き|>をつけて。
fe/tuto_009.bin;0x19DE;5C 11 0E 4C;スチームバトラー ダダシグ
fe/tuto_009.bin;0x19DE;E0 E2 07 50;<|自分|じぶん|>のダメージを{$336600}\n１<|枚回復|まいかいふく|>{$}することができるの。
fe/tuto_009.bin;0x19DE;22 2E F6 53;{$336600}ヴァンガードへのアタック{$}がヒットした<|時|とき|>は\n{$336600}クリティカルの<|数字|すうじ|><|分|ぶん|>{$}
fe/tuto_009.bin;0x19DE;39 9F 8C 58;クランは、{$336600}そのカードが<|属|ぞく|>するグループ{$}を\n<|表|あらわ|>してるわ。
fe/tuto_009.bin;0x19DE;08 D9 B5 64;まずは、【@16】{$336600}クリティカルトリガー{$}。\n<|黄色|きいろ|>い<|星|ほし|>のような<|模様|もよう|>よ。
fe/tuto_009.bin;0x19DE;10 F3 CF 6C;メイデン・オブ・グラジオラス
fe/tuto_009.bin;0x19DE;B7 AA B2 6E;クリティカルトリガーが<|出|で|>ると、\n{$336600}クリティカルを＋１{$}できるんだ。
fe/tuto_009.bin;0x19DE;65 B1 B8 76;腹時計付きのギアラビット
fe/tuto_009.bin;0x19DE;B8 24 37 78;トリガーは<|全部|ぜんぶ|>で{$336600}４<|種類|しゅるい|>あって{$}、\nそれぞれ<|特別|とくべつ|>な<|効果|こうか|>が<|発動|はつどう|>するの。
fe/tuto_009.bin;0x19DE;C8 74 E2 7F;<|次|つぎ|>に@17{$336600}ドロートリガー{$}。\n<|赤|あか|>い{$336600}『引』{$}の<|文字|もじ|>が<|描|か|>いてあるわ。
fe/tuto_009.bin;0x19DE;D0 D0 A9 83;ここに<|書|か|>いてある{$336600}『ギアクロニクル』{$}は\nこのカードの{$336600}クラン{$}よ。
fe/tuto_009.bin;0x19DE;FF 86 BE 8B;<|今回|こんかい|>は{$336600}トリガーについて{$}<|説明|せつめい|>をするわ。
fe/tuto_009.bin;0x19DE;BD 7D A6 91;春待ちの乙女 オズ
fe/tuto_009.bin;0x19DE;8B 1C 4B 9D;どのトリガーも<|味方|みかた|>ユニット１<|体|たい|>のパワーを\n{$336600}＋５０００{$}することができるからね。
fe/tuto_009.bin;0x19DE;6B 7E 80 9D;{$336600}スタンド（<|縦向|たてむ|>き）{$}することが\nできるの。
fe/tuto_009.bin;0x19DE;8D 9E BA 9E;ただ、スタンドトリガーで\nスタンドできるのは、
fe/tuto_009.bin;0x19DE;9D B9 A4 A3;ジャングルロード・ドラゴン
fe/tuto_009.bin;0x19DE;47 71 A2 B2;グレースナイト
fe/tuto_009.bin;0x19DE;3A C1 C0 B6;<|最後|さいご|>まであきらめないで\nファイトしてね。
fe/tuto_009.bin;0x19DE;2C EE 7E B7;ドロートリガーが<|出|で|>ると、<|山札|やまふだ|>からカードを\n{$336600}１<|枚引|まいひ|>いて<|手札|てふだ|>に{$}することができるの。
fe/tuto_009.bin;0x19DE;7B 38 45 BE;ヒールトリガーがでた<|時|とき|>、<|自分|じぶん|>のダメージが\n<|相手|あいて|>のダメージと<|同|おな|>じか、それ<|以上|いじょう|>なら
fe/tuto_009.bin;0x19DE;20 3C A8 C0;ダメージを<|与|あた|>えられるから、\nクリティカルトリガーが<|出|で|>ると、
fe/tuto_009.bin;0x19DE;0E 8F 46 C1;フルブルーム・ドラゴン
fe/tuto_009.bin;0x19DE;7C 17 CE C1;ラナンキュラスの花乙女 アーシャ
fe/tuto_009.bin;0x19DE;9A 9F 14 C8;@1C{$336600}ヴァンガードサークル{$}か、\n@1A{$336600}リアガードサークル{$}にいないと
fe/tuto_009.bin;0x19DE;61 37 62 CC;スチームナイト シュ・シン
fe/tuto_009.bin;0x19DE;18 DB 61 D6;トリガーが<|出|で|>た<|時|とき|>、トリガーユニットと\n{$336600}<|同|おな|>じクランのユニット{$}が、
fe/tuto_009.bin;0x19DE;F6 1D 20 D9;{$336600}１<|点多|てんおお|>くダメージを<|与|あた|>える{$}ことが\nできるわ。
fe/tuto_009.bin;0x19DE;78 6A 0D DA;スチームメイデン ウルル
fe/tuto_009.bin;0x19DE;77 78 E7 EA;スタンドトリガーが<|出|で|>ると、\n{$336600}レスト（<|横向|よこむ|>き）<|状態|じょうたい|>のリアガード{$}を
fe/tuto_009.bin;0x19DE;B2 6A A2 F2;スタンドしたユニットは、{$336600}もう<|一度|いちど|>{$}\n{$336600}アタック{$}できるわ。
fe/tuto_009.bin;0x19DE;84 CF 70 F8;<|最後|さいご|>にトリガーの{$336600}<|発動条件|はつどうじょうけん|>{$}を\n<|説明|せつめい|>するから、<|下画面|したがめん|>を<|見|み|>てね。
fe/tuto_009.bin;0x19DE;54 92 84 FC;<|最後|さいご|>は@18{$336600}ヒールトリガー{$}。\n<|緑|みどり|>で{$336600}『治』{$}の<|文字|もじ|>が<|描|か|>いてあるわ。
fe/tuto_010.bin;0x1CE5;7A B9 7D 00;<|手札|てふだ|>の{$336600}グレード０と１{$}のカードを<|選|えら|>んで\nＹボタンで<|決定|けってい|>してみて。
fe/tuto_010.bin;0x1CE5;40 77 ED 01;グレードが１つ<|高|たか|>いカードが<|無|な|>くて\nライドできない<|時|とき|>は、
fe/tuto_010.bin;0x1CE5;26 9F A5 02;Gunnergear Dracokid
fe/tuto_010.bin;0x1CE5;81 BF 5B 03;Ａボタンを<|押|お|>して{$336600}Ｇアシスト{$}をしてみてね。
fe/tuto_010.bin;0x1CE5;29 40 CE 0F;{$336600}Ｇゾーンから２<|枚|まい|>{$}を<|選|えら|>んで、\n{$336600}<|相手|あいて|>に<|公開|こうかい|>{$}してね。
fe/tuto_010.bin;0x1CE5;50 B6 D4 14;{$336600}<|手札|てふだ|>とＧゾーンからカードを<|選|えら|>ぶ<|必要|ひつよう|>はない{$}\nからそのままライドフェイズに<|進|すす|>んでね。
fe/tuto_010.bin;0x1CE5;5D FB 27 1B;Ｇアシストステップでは３つの<|条件|じょうけん|>を\n<|満|み|>たしていると{$336600}Ｇアシスト{$}ができるの。
fe/tuto_010.bin;0x1CE5;84 DC 0D 21;さっきドローした{$336600}グレード３{$}の\nカードがあるわね。
fe/tuto_010.bin;0x1CE5;88 6F 8F 22;２つめは、{$336600}<|手札|てふだ|>に<|自分|じぶん|>のヴァンガードより、{$}\n{$336600}グレードが１つ<|高|たか|>いカードが<|無|な|>い。{$}
fe/tuto_010.bin;0x1CE5;23 F1 49 23;<|公開|こうかい|>したカードは、{$336600}このファイトでは{$}\n{$336600}<|使|つか|>えなくなる{$}から<|気|き|>をつけて。
fe/tuto_010.bin;0x1CE5;EA 2F B6 25;もし、<|山札|やまふだ|>の<|上|うえ|>から５<|枚|まい|>カードを<|見|み|>た<|時|とき|>に\n{$336600}<|必要|ひつよう|>なグレードのカードがなかった{$}ら、
fe/tuto_010.bin;0x1CE5;DA 7C C5 53;<|手札|てふだ|>にカードを<|加|くわ|>えた<|場合|ばあい|>は、\n{$336600}<|自分|じぶん|>の<|手札|てふだ|>から２<|枚|まい|>と……{$}
fe/tuto_010.bin;0x1CE5;36 A8 0A 56;<|今回|こんかい|>は{$336600}Ｇアシスト{$}について{$}<|説明|せつめい|>をするね。
fe/tuto_010.bin;0x1CE5;52 C4 AA 57;{$336600}Ｇアシスト{$}の<|説明|せつめい|>はこれでおしまいよ。
fe/tuto_010.bin;0x1CE5;4F A7 F0 6C;そんな<|時|とき|>は、{$336600}Ｇアシスト{$}をするといいよ。
fe/tuto_010.bin;0x1CE5;0F 79 D7 6D;ドローできたわね。\nそれじゃ<|手札|てふだ|>を<|見|み|>てみましょ。
fe/tuto_010.bin;0x1CE5;E2 B1 3A 78;<|次|つぎ|>に、{$336600}Ｇゾーンのカードを{$}\n{$336600}２<|枚|まい|>{$}<|選|　えら|>んでね。
fe/tuto_010.bin;0x1CE5;8C 20 9A 79;{$336600}Ｇゾーンのカードを{$}\n{$336600}２枚{$}選んでみて。
fe/tuto_010.bin;0x1CE5;C8 51 E9 79;{$336600}グレード０{$}と、
fe/tuto_010.bin;0x1CE5;31 78 EF 88;<|今回|こんかい|>はすべての<|条件|じょうけん|>を<|満|み|>たしているから、\n{$336600}Ｇアシスト{$}ができるわ。
fe/tuto_010.bin;0x1CE5;D5 1D FA 88;<|次|つぎ|>に、<|山札|やまふだ|>の<|上|うえ|>から５<|枚|まい|>カードを<|見|み|>て……
fe/tuto_010.bin;0x1CE5;BD 7D A6 91;春待ちの乙女 オズ
fe/tuto_010.bin;0x1CE5;36 2E 6D 95;<|今|いま|>あなたの<|手札|てふだ|>には、{$336600}グレード１{$}と
fe/tuto_010.bin;0x1CE5;6F EB F7 95;メーザーギア・ドラゴン
fe/tuto_010.bin;0x1CE5;B2 E2 86 9A;１つめは、{$336600}<|自分|じぶん|>のヴァンガードが\nグレード３<|以上|いじょう|>でない。{$}
fe/tuto_010.bin;0x1CE5;0C CC 8F 9A;<|積極的|せっきょくてき|>に、{$336600}Ｇアシスト{$}をしてみてね。
fe/tuto_010.bin;0x1CE5;0C D9 BC 9A;あなたのヴァンガードは<|今|いま|>……\n{$336600}グレード１{$}だよね。
fe/tuto_010.bin;0x1CE5;A9 21 53 A2;{$336600}グレード２{$}のカードを<|選|えら|>んでね。
fe/tuto_010.bin;0x1CE5;BE A9 8C A8;萌芽の乙女 ディアン
fe/tuto_010.bin;0x1CE5;77 51 6C A9;その<|中|なか|>から、{$336600}<|自分|じぶん|>のヴァンガードより\nグレードが１つ<|高|たか|>いカード{$}を１<|枚|まい|>まで<|探|さが|>して、
fe/tuto_010.bin;0x1CE5;83 0C AC BE;スモークギア・ドラゴン
fe/tuto_010.bin;0x1CE5;4D 37 FC BE;３つめは、{$336600}Ｇゾーンにカードが\n２<|枚以上|まいいじょう|>ある。{$}
fe/tuto_010.bin;0x1CE5;3D FB ED C0;クロノジェット・ドラゴン
fe/tuto_010.bin;0x1CE5;E4 62 88 C5;<|最初|さいしょ|>にグレードが<|高|たか|>いカードがないことを\n<|相手|あいて|>に<|示|しめ|>すため、{$336600}<|手札|てふだ|>を<|公開|こうかい|>{$}しましょ。
fe/tuto_010.bin;0x1CE5;61 37 62 CC;スチームナイト シュ・シン
fe/tuto_010.bin;0x1CE5;BC 5D E3 CC;それじゃあ、<|手札|てふだ|>の{$336600}グレード０と１{$}の\nカードを<|選|えら|>んで、
fe/tuto_010.bin;0x1CE5;3B 53 C9 CF;それじゃあ５<|枚引|まいひ|>いて、その<|中|なか|>から\n{$336600}グレード２{$}のカードを<|選|えら|>んでみて。
fe/tuto_010.bin;0x1CE5;4F 05 E7 E4;<|次|つぎ|>はヴァンガードを<|見|み|>てみましょ。
fe/tuto_010.bin;0x1CE5;35 F1 E0 E5;このままだと<|手札|てふだ|>に{$336600}グレード２{$}が<|無|な|>いから\nライドすることができないわ。
fe/tuto_010.bin;0x1CE5;19 B3 23 F2;まずはカードをドローするわよ。
fe/tuto_010.bin;0x1CE5;08 FA 3C F2;Ｙボタンで<|決定|けってい|>してみて。
fe/tuto_010.bin;0x1CE5;09 66 62 F8;さっき<|言|い|>った<|通|とお|>り、ここに<|置|お|>かれたカードは\n{$336600}このファイト<|中|ちゅう|><|使|つか|>えなくなる{$}よ。
fe/tuto_010.bin;0x1CE5;8B A5 89 F8;<|相手|あいて|>に<|見|み|>せてから、{$336600}<|手札|てふだ|>に<|加|くわ|>えられる{$}の。\nその<|後|あと|>、<|山札|やまふだ|>はシャッフルしてね。
fe/tuto_011.bin;0x22D7;8A 1F 1B 01;<|今回|こんかい|>はどっちを<|選|えら|>んでも<|変|か|>わらないから\n<|好|す|>きな<|方|ほう|>を<|選|えら|>んでみよう。
fe/tuto_011.bin;0x22D7;FD C3 92 07;これを、{$336600}シークメイト{$}っていうんだ。\n<|実際|じっさい|>にやってみよう。
fe/tuto_011.bin;0x22D7;6A 46 1B 0C;{$336600}<|双闘|レギオン|>{$}しているユニットが\n{$336600}アタックされた<|場合|ばあい|>{$}は、
fe/tuto_011.bin;0x22D7;EF C4 6B 13;{$336600}<|強力|きょうりょく|>なアタックが<|出来|でき|>るんだ。
fe/tuto_011.bin;0x22D7;DD 7D 35 14;{$336600}「<|探索者|シーカー|> セイクリッド・ういんがる」{$}の\n{$336600}<|自動能力|じどうのうりょく|>{$}が<|発動|はつどう|>したよ。
fe/tuto_011.bin;0x22D7;FB B3 91 16;{$3040ff}レギオンメイト{$}が<|並|なら|>び<|立|た|>ち、\n<|共|とも|>に<|闘|たたか|>う<|能力|のうりょく|>だ。
fe/tuto_011.bin;0x22D7;25 C0 34 18;探索者 ユースフルメイジ
fe/tuto_011.bin;0x22D7;C4 A9 64 18;もう<|片方|かたほう|>のユニットも{$336600}スタンド（レスト）{$}\n{$336600}する{$}ことも、<|覚|おぼ|>えておいて。
fe/tuto_011.bin;0x22D7;D6 B4 DB 19;じゃあ、{$336600}Ｙボタン{$}を<|押|お|>して\n<|君|きみ|>の{$336600}ターンを<|終了|しゅうりょう|>{$}してみて。
fe/tuto_011.bin;0x22D7;67 A8 67 1E;<|下画面|したがめん|>の<|能力|のうりょく|>を<|見|み|>てみよう。
fe/tuto_011.bin;0x22D7;66 0A 23 21;探索者 ルーンイーグル
fe/tuto_011.bin;0x22D7;26 F2 0B 23;{$336600}ブーストしたヴァンガード{$}で\n{$336600}アタック{$}してみて。
fe/tuto_011.bin;0x22D7;D9 86 BC 25;<|僕|ぼく|>のターンになったけど、\n<|君|きみ|>のヴァンガードは{$336600}<|双闘|レギオン|>{$}したままだね。
fe/tuto_011.bin;0x22D7;91 FA CD 26;<|今回|こんかい|>は{$336600}<|双闘|レギオン|>{$}についての<|説明|せつめい|>をするよ。
fe/tuto_011.bin;0x22D7;EB AD 44 2D;ただし、アタックが<|相手|あいて|>のヴァンガードに\nヒットした<|時|とき|>は、
fe/tuto_011.bin;0x22D7;A2 48 24 2F;{$336600}<|双闘|レギオン|>{$}できたね。
fe/tuto_011.bin;0x22D7;36 BE 20 31;探索者 セイクリッド・ういんがる
fe/tuto_011.bin;0x22D7;86 48 23 31;天賦の探索者 ヴァルロッド
fe/tuto_011.bin;0x22D7;4E 68 BC 34;絶剣の騎士 リヴァーロ
fe/tuto_011.bin;0x22D7;A9 C5 0D 37;{$3040ff}「「ブラスター・ブレード・<|探索者|シーカー|>」{$}を<|含|ふく|>む\n４<|枚|まい|>のカードを<|山札|やまふだ|>に<|戻|もど|>してね。
fe/tuto_011.bin;0x22D7;74 5F 88 3F;{$3040ff}「ブラスター・ブレード・<|探索者|シーカー|>」{$}を<|選|えら|>んで\n{$336600}<|双闘|レギオン|>{$}してみよう。
fe/tuto_011.bin;0x22D7;82 04 28 40;ブーストする<|側|がわ|>のユニットの<|能力|のうりょく|>が、\n{$336600}<|名称|めいしょう|>{$}に<|関係|かんけい|>する<|能力|のうりょく|>の<|場合|ばあい|>、
fe/tuto_011.bin;0x22D7;95 62 4B 40;{$336600}レギオンリーダー{$}か{$3040ff}レギオンメイト{$}の\nどちらかが{$336600}スタンド（レスト）{$}すると、
fe/tuto_011.bin;0x22D7;38 4B 02 45;{$3040ff}「ブラスター・ブレード・<|探索者|シーカー|>」{$}を<|含|ふく|>む\n４<|枚|まい|>を<|選|えら|>んで<|山札|やまふだ|>に<|戻|もど|>そう。
fe/tuto_011.bin;0x22D7;2E CB 13 46;{$336600}Ｙボタン{$}を<|押|お|>して、<|君|きみ|>の{$336600}ターンを<|終了|しゅうりょう|>{$}してね。
fe/tuto_011.bin;0x22D7;FF 82 D3 48;じゃあ、<|山札|やまふだ|>から{$3040ff}「ブラスター・ブレード・<|探索者|シーカー|>」{$}\nを<|選|えら|>んで{$336600}<|双闘|レギオン|>{$}してみよう。
fe/tuto_011.bin;0x22D7;6C 8C 8A 49;ブラスター・ブレード・探索者
fe/tuto_011.bin;0x22D7;28 87 E9 4A;どちらを{$336600}ブーストの<|対象|たいしょう|>にするか{$}を\n<|選|えら|>ぶことができるんだ。
fe/tuto_011.bin;0x22D7;4A F9 EF 4A;ヴァンガードのパワーにブーストした\nユニットのパワーだけじゃなく、
fe/tuto_011.bin;0x22D7;AC 7C 57 4C;<|後列|こうれつ|>のユニットで{$336600}ブースト{$}するのを\n<|忘|わす|>れないでね。
fe/tuto_011.bin;0x22D7;24 B2 8C 51;{$336600}コール{$}できたね。\n{$336600}バトルフェイズ{$}に<|移行|いこう|>しよう。
fe/tuto_011.bin;0x22D7;65 92 6C 59;{$336600}レギオンリーダー{$}だけが{$336600}アタック<|対象|たいしょう|>として{$}\n{$336600}<|参照|さんしょう|>される{$}ことと……
fe/tuto_011.bin;0x22D7;F0 E5 C5 5B;<|今|いま|>、<|山札|やまふだ|>には {$3040ff}「ブラスター・ブレード・<|探索者|シーカー|>」{$}が\n<|入|はい|>っていないから……
fe/tuto_011.bin;0x22D7;0D 65 56 5C;{$336600}ブーストの<|対象|たいしょう|>にするユニット{$}を\n<|選|えら|>んでね。
fe/tuto_011.bin;0x22D7;29 CF 10 62;繊月の騎士 フェレックス
fe/tuto_011.bin;0x22D7;FD 41 7A 62;{$336600}<|双闘|レギオン|>{$}したヴァンガードに\nもう<|一度|いちど|>ライドをするか、
fe/tuto_011.bin;0x22D7;DF 9B 25 64;それじゃ、カードを<|選|えら|>んでみて。
fe/tuto_011.bin;0x22D7;18 09 E2 6E;{$336600}<|双闘|レギオン|>{$}について、<|大体|だいたい|><|分|わ|>かったかな？\nあとは、ちょっと<|細|こま|>かいことだけど……
fe/tuto_011.bin;0x22D7;72 01 E8 70;<|君|きみ|>のヴァンガードは\n{$336600}「<|探索者|シーカー|> セイクリッド・ういんがる{$}」。
fe/tuto_011.bin;0x22D7;B8 1C 10 7C;<|該当|がいとう|>する{$336600}<|名称|めいしょう|>{$}を<|持|も|>っているユニットを\n<|選択|せんたく|>するといいよ。
fe/tuto_011.bin;0x22D7;00 A9 C0 84;{$3040ff}レギオンメイト{$}のパワーも\nプラスされたね。
fe/tuto_011.bin;0x22D7;B2 FC 6A 86;ここで<|指定|してい|>されたユニットが、{$3040ff}レギオンメイト{$}。
fe/tuto_011.bin;0x22D7;3B 1B AC 86;それじゃあ{$336600}ヴァンガード{$}で\n{$336600}<|僕|ぼく|>のヴァンガードにアタック{$}してみようか。
fe/tuto_011.bin;0x22D7;7A 8B 02 88;{$336600}アタックステップ{$}になったね。
fe/tuto_011.bin;0x22D7;8A D9 76 8B;<|君|きみ|>のメインフェイズに、{$336600}<|相手|あいて|>のヴァンガード{$}\n{$336600}のグレードが３<|以上|いじょう|>{$}で……
fe/tuto_011.bin;0x22D7;CE 43 21 8C;{$336600}レギオンリーダー{$}のクリティカルの<|値|あたい|>のみが\n<|参照|さんしょう|>されるから<|気|き|>をつけてね。
fe/tuto_011.bin;0x22D7;02 3D D5 8C;それじゃ、{$336600}<|双闘|レギオン|>{$}してみよう。
fe/tuto_011.bin;0x22D7;51 7B F7 8D;ヴァンガードの{$336600}<|起動能力|きどうのうりょく|>{$}を\n<|使|つか|>ってみて。
fe/tuto_011.bin;0x22D7;B4 4C CE 90;{$336600}ドロップゾーンに４<|枚|まい|>のカードがあれば{$}、\n{$336600}<|双闘|レギオン|>{$}することができるよ。
fe/tuto_011.bin;0x22D7;21 C7 D1 91;{$336600}<|双闘|レギオン|>{$}をしている<|時|とき|>は\n{$336600}レギオンリーダー{$}と{$3040ff}レギオンメイト{$}の
fe/tuto_011.bin;0x22D7;8A 72 0B 97;カードが<|山札|やまふだ|>に<|戻|もど|>ったね。
fe/tuto_011.bin;0x22D7;DF DB 28 99;<|特定|とくてい|>のカードの<|能力|のうりょく|>を<|使|つか|>わない<|限|かぎ|>り\n{$336600}<|双闘|レギオン|>{$}は<|解除|かいじょ|>されないよ。
fe/tuto_011.bin;0x22D7;50 97 07 9A;これで<|君|きみ|>のターンは<|終了|しゅうりょう|>したね。
fe/tuto_011.bin;0x22D7;15 BA FE 9A;{$336600}<|双闘|レギオン|>{$}は、\n<|君|きみ|>の<|分身|ぶんしん|>であるヴァンガードと……
fe/tuto_011.bin;0x22D7;57 37 C3 9F;この<|自動能力|じどうのうりょく|>は、{$336600}<|双闘|レギオン|>{$}した<|時|とき|>に\n<|発動|はつどう|>するんだ。
fe/tuto_011.bin;0x22D7;71 7D C2 A0;これで{$336600}<|双闘|レギオン|>{$}についての\n<|説明|せつめい|>は<|終|お|>わりだよ。
fe/tuto_011.bin;0x22D7;A7 B7 07 A2;それじゃあ、<|能力|のうりょく|>を<|使|つか|>ってみよう。
fe/tuto_011.bin;0x22D7;4A 63 95 A7;{$3040ff}レギオンメイト{$}が<|全|すべ|>てドロップゾーンにある<|時|とき|>は\nこのタイミングで{$336600}<|山札|やまふだ|>に<|戻|もど|>して{$}おこう。
fe/tuto_011.bin;0x22D7;6B B6 7E A8;ヴァンガードの{$336600}<|起動能力|きどうのうりょく|>{$}を<|使|つか|>ってね。
fe/tuto_011.bin;0x22D7;64 D9 9E A8;<|通常|つうじょう|>はブーストする<|対象|たいしょう|>は<|自動|じどう|>で\n<|選|えら|>ばれるんだけど、
fe/tuto_011.bin;0x22D7;CF 47 D2 AB;{$336600}<|双闘|レギオン|>{$}をすると、\n{$3040ff}レギオンメイト{$}の{$336600}パワー{$}も<|加|くわ|>わって、
fe/tuto_011.bin;0x22D7;DD 0F 2B AC;<|次|つぎ|>に、{$336600}ドロップゾーンのカードを４<|枚|まい|>{$}<|選| えら|>んで、\n{$336600}<|山札|やまふだ|>に<|戻|もど|>す{$}んだけど……
fe/tuto_011.bin;0x22D7;80 35 A7 AC;{$336600}ドロップゾーン{$}からカードを{$336600}４<|枚山札|まいやまふだ|>に<|戻|もど|>したら{$}、\n{$3040ff}レギオンメイト{$}を<|山札|やまふだ|>から<|探|さが|>すことができる。
fe/tuto_011.bin;0x22D7;7E 9D B2 B5;アタックがヒットしたね。
fe/tuto_011.bin;0x22D7;4E 31 67 BB;挑発の探索者 ブルメンタル
fe/tuto_011.bin;0x22D7;EC E7 56 C8;Ｙボタンを<|押|お|>して、{$336600}メインフェイズ{$}を\n<|終了|しゅうりょう|>してね。
fe/tuto_011.bin;0x22D7;B8 9F F7 CC;{$336600}シークメイト{$}する<|時|とき|>、<|山札|やまふだ|>に{$3040ff}レギオンメイト{$}が\nいないと、{$336600}<|双闘|レギオン|>{$}できないから、
fe/tuto_011.bin;0x22D7;44 6F 1E DA;メインフェイズになったね。
fe/tuto_011.bin;0x22D7;FC D3 CE DC;このユニットが、{$336600}<|双闘|レギオン|>{$}を<|行|おこな|>う、\n{$336600}レギオンリーダー{$}だ。
fe/tuto_011.bin;0x22D7;D2 5E 55 EA;どちらを<|選|えら|>んでも、プラスされる\nパワー<|値|ち|>は<|変|か|>わらないけど、
fe/tuto_011.bin;0x22D7;FE 94 67 EC;{$336600}<|起動能力|きどうのうりょく|>{$}を<|発動|はつどう|>できたね。
fe/tuto_011.bin;0x22D7;24 E6 DA EC;@1F {$3040ff}「ブラスター・ブレード・<|探索者|シーカー|>」{$}と\n<|書|か|>いてあるね。
fe/tuto_011.bin;0x22D7;18 6E 1D ED;<|好|す|>きなユニットを<|選択|せんたく|>して\n<|左上|ひだりうえ|>のリアガードサークルに{$336600}コール{$}してね。
fe/tuto_011.bin;0x22D7;D7 AF 7D F5;青天の騎士 アルトマイル
fe/tuto_012.bin;0x209A;DF 7A 3E 00;{$336600}<|超越|ストライド|>{$}は、{$336600}ライドステップ{$}の<|後|あと|>、\n{$336600}ストライドステップ{$}で<|行|おこな|>うの。
fe/tuto_012.bin;0x209A;26 9F A5 02;Gunnergear Dracokid
fe/tuto_012.bin;0x209A;5A 8E 53 03;{$336600}「<|時空竜|じくうりゅう|> ミステリーフレア・ドラゴン」{$}を\n<|選|えら|>んでね。
fe/tuto_012.bin;0x209A;6E CF 39 07;<|次|つぎ|>は{$336600}<|右側|みぎがわ|>のリアガードで{$336600}アタックを\nしてみてね。
fe/tuto_012.bin;0x209A;AF 34 8E 0D;ドライブチェックが{$336600}３<|回|かい|>{$}あったのが\n<|分|わ|>かった？
fe/tuto_012.bin;0x209A;A5 41 71 15;それじゃ、<|能力|のうりょく|>を<|使|つか|>ってみて。
fe/tuto_012.bin;0x209A;44 EF 79 25;{$336600}「<|豪腕粉砕|ごうわんふんさい|>の<|時空巨兵|コロッサス|>」{$}を<|選|えら|>んでね。
fe/tuto_012.bin;0x209A;F1 33 05 2C;Ｙボタンで{$336600}メインフェイズ{$}を<|終了|しゅうりょう|>してね。
fe/tuto_012.bin;0x209A;74 DC 2B 2D;あなたのアタックフェイズはこれで<|終|お|>わりね。
fe/tuto_012.bin;0x209A;0C 57 F3 2D;{$336600}<|能力|のうりょく|>は<|使|つか|>わない{$}で{$336600}Ｙボタンで<|終了|しゅうりょう|>{$}してね。
fe/tuto_012.bin;0x209A;9A C1 68 30;スチームファイター アンバー
fe/tuto_012.bin;0x209A;D9 73 2E 34;{$336600}Ｇゾーン{$}のカードが<|表示|ひょうじ|>されるから、\nその<|中|なか|>から、１<|枚選|まいえら|>んで{$336600}<|超越|ストライド|>{$}するの。
fe/tuto_012.bin;0x209A;9D E2 25 35;{$336600}<|超越|ストライド|>{$}したＧユニットは、\nこの{$336600}「ハーツ」の<|名前|なまえ|>とパワーを<|得|え|>る{$}の。
fe/tuto_012.bin;0x209A;D4 80 E1 37;スチームナイト ウバル・トゥトゥ
fe/tuto_012.bin;0x209A;DD A4 F4 40;それじゃあ、<|次|つぎ|>は{$336600}Ｇユニットでアタック{$}\nしてみましょ。
fe/tuto_012.bin;0x209A;BC C9 33 48;アイコンに<|付|つ|>いている<|数字|すうじ|>が、{$336600}<|必要|ひつよう|>な{$}\n{$336600}<|表向|おもてむ|>きのＧユニットの<|枚数|まいすう|>{$}を<|表|あらわ|>しているの。
fe/tuto_012.bin;0x209A;72 FA 68 5B;Ｙボタンを<|押|お|>して、\n{$336600}メインフェイズ{$}を<|終了|しゅうりょう|>してね。
fe/tuto_012.bin;0x209A;0D FE AA 66;{$336600}<|超越|ストライド|>{$}する<|時|とき|>は、\n{$336600}ハーツとなるユニットの<|能力|のうりょく|>{$}も<|考|かんが|>えてみて。
fe/tuto_012.bin;0x209A;DA 78 CB 68;メイデン・オブ・サフラワー
fe/tuto_012.bin;0x209A;D2 CD 36 6A;<|能力|のうりょく|>が<|発動|はつどう|>したけど、この{$336600}<|能力|のうりょく|>は<|使|つか|>わない{$}で\n{$336600}Ｙボタンで<|終了|しゅうりょう|>{$}してね。
fe/tuto_012.bin;0x209A;9F 9B DB 6A;{$336600}<|右側|みぎがわ|>のリアガード{$}で{$336600}アタック{$}をしてね。
fe/tuto_012.bin;0x209A;A1 2A 48 6C;<|次|つぎ|>は{$336600}コスト{$}の<|選択|せんたく|>。
fe/tuto_012.bin;0x209A;59 B1 2B 6D;あなたの{$336600}ヴァンガード{$}で\n{$336600}<|私|わたし|>のヴァンガードにアタック{$}をしてみて。
fe/tuto_012.bin;0x209A;90 25 7E 6D;{$336600}レギオンメイト{$}と{$336600}レギオンリーダー{$}の{$336600}<|両方|りょうほう|>が{$}\n{$336600}ハーツになる{$}から<|覚|おぼ|>えておいてね。
fe/tuto_012.bin;0x209A;67 A9 88 72;Ｇユニットの<|下|した|>に<|入|はい|>る<|元|もと|>のヴァンガードは、\n{$336600}「ハーツ」{$}と<|呼|よ|>ばれるよ。
fe/tuto_012.bin;0x209A;62 8F 88 7F;<|能力|のうりょく|>の<|最初|さいしょ|>に@25って<|書|か|>いてあるよね。
fe/tuto_012.bin;0x209A;24 6E 64 81;{$336600}<|超越|ストライド|>{$}したＧユニットは{$336600}エンドフェイズ{$}に\n{$336600}<|表向|おもてむ|>き{$}でＧゾーンに<|戻|もど|>って……
fe/tuto_012.bin;0x209A;0D C0 9E 89;{$336600}ドロップゾーン{$}に<|送|おく|>らないといけないの。
fe/tuto_012.bin;0x209A;B7 04 34 8C;{$336600}お<|互|たが|>いのヴァンガードがグレード３<|以上|いじょう|>{$}の<|時|とき|>、\n<|指定|してい|>された{$336600}コスト{$}を<|払|はら|>うと、{$336600}<|超越|ストライド|>{$}できるわ。
fe/tuto_012.bin;0x209A;AA ED 5A 95;ヴァンガードのアタックだから、\n{$336600}ドライブチェック{$}が<|行|おこな|>われるわ。
fe/tuto_012.bin;0x209A;62 C1 73 95;これでコストを<|払|はら|>ったから、\n{$336600}「<|時空竜|じくうりゅう|> ミステリーフレア・ドラゴン」{$}を
fe/tuto_012.bin;0x209A;B2 A9 DE 95;<|手札|てふだ|>から{$336600}「<|豪腕粉砕|ごうわんふんさい|>の<|時空巨兵|コロッサス|>」{$}を\n<|選|えら|>んでみて。
fe/tuto_012.bin;0x209A;6F EB F7 95;メーザーギア・ドラゴン
fe/tuto_012.bin;0x209A;01 35 FF 9B;剛腕粉砕の時空巨兵
fe/tuto_012.bin;0x209A;9D B9 A4 A3;ジャングルロード・ドラゴン
fe/tuto_012.bin;0x209A;47 71 A2 B2;グレースナイト
fe/tuto_012.bin;0x209A;44 D2 80 B4;<|今回|こんかい|>は<|手札|てふだ|>に<|丁度|ちょうど|>グレード３のカードが\nあるから、このカードをコストにしよう。
fe/tuto_012.bin;0x209A;DF 1B F9 B4;{$336600}ライドステップ{$}をＹボタンで<|終|お|>わらせてね。
fe/tuto_012.bin;0x209A;09 C0 E2 B6;ツインメーザー・ドラゴン
fe/tuto_012.bin;0x209A;83 0C AC BE;スモークギア・ドラゴン
fe/tuto_012.bin;0x209A;D4 DB 7D C2;<|今回|こんかい|>は{$336600}<|超越|ストライド|>{$}についての<|説明|せつめい|>ね。
fe/tuto_012.bin;0x209A;6E 10 EF C3;Ｇユニットは{$336600}@24トリプルドライブ{$}を<|持|も|>っていて\n{$336600}３<|回|かい|>ドライブチェックができる{$}のよ。
fe/tuto_012.bin;0x209A;A7 88 80 C5;ヴァンガードの<|上|うえ|>に<|重|かさ|>ねて、\n{$336600}<|超越|ストライド|>{$}できるわ。
fe/tuto_012.bin;0x209A;03 4A 81 C5;<|下|した|>にあった{$336600}ハーツカード{$}が\nまた{$336600}ヴァンガード{$}になるの。
fe/tuto_012.bin;0x209A;66 96 BC CB;{$336600}<|超越|ストライド|>{$}する<|時|とき|>は{$336600}<|手札|てふだ|>{$}から{$336600}グレードの<|合計|ごうけい|>が{$}\n{$336600}３<|以上|いじょう|>になるように１<|枚以上選|まいいじょうえら|>んで{$}、
fe/tuto_012.bin;0x209A;AF 45 24 CC;{$336600}<|超越|ストライド|>{$}した<|時|とき|>ヴァンガードサークルにいると\n<|能力|のうりょく|>が<|発動|はつどう|>するユニットもあるから……
fe/tuto_012.bin;0x209A;EE 61 20 CD;<|今回|こんかい|>は、{$336600}「<|時空竜|じくうりゅう|> ミステリーフレア・ドラゴン」{$}を\n<|選|えら|>んでみて。
fe/tuto_012.bin;0x209A;5E 37 CD D2;{$336600}<|超越|ストライド|>{$}の<|説明|せつめい|>はこれでおしまいよ。
fe/tuto_012.bin;0x209A;21 18 8F D6;これは、\n{$336600}ジェネレーションブレイク{$}っていって……
fe/tuto_012.bin;0x209A;E1 98 75 DD;ちなみに、{$336600}<|双闘|レギオン|>{$}しているユニットに\n{$336600}<|超越|ストライド|>{$}した<|時|とき|>は、
fe/tuto_012.bin;0x209A;5A CA ED DD;ブラスウイング・ドラゴン
fe/tuto_012.bin;0x209A;EF 6F C7 EB;{$336600}<|能力|のうりょく|>が<|発動|はつどう|>{$}したわね。\n<|下画面|したがめん|>を<|見|み|>てみて。
fe/tuto_012.bin;0x209A;22 33 2C EE;それじゃ、あなたの{$336600}ヴァンガード{$}で\n{$336600}<|私|わたし|>のヴァンガードにアタック{$}をしてみて。
fe/tuto_012.bin;0x209A;26 54 49 EE;@25～@2Cまであるんだ。<|今回|こんかい|>は、\n@25だから、{$336600}１<|枚|まい|>{$}ね。
fe/tuto_012.bin;0x209A;AE BB A1 FD;{$336600}ヴァンガードサークル{$}と{$336600}Ｇゾーン{$}に{$336600}<|表向|おもてむ|>きの{$}\n{$336600}Ｇユニットが<|指定|してい|><|枚数|まいすう|>あると<|使|つか|>える{$}<|能力|のうりょく|>よ。
fe/tuto_013.bin;0x2346;92 EA 99 03;<|自動能力|じどうのうりょく|>が<|発動|はつどう|>したね。
fe/tuto_013.bin;0x2346;E2 04 5E 06;{$336600}『<|星輝兵|スターベイダー|> メビウスブレス・ドラゴン』{$}を\n<|選択|せんたく|>して、<|能力|のうりょく|>を<|使|つか|>ってみよう。
fe/tuto_013.bin;0x2346;F9 09 38 08;{$336600}Ｙボタン{$}で{$336600}バトルフェイズを<|終了|しゅうりょう|>{$}してね。
fe/tuto_013.bin;0x2346;13 3E 25 09;<|次|つぎ|>は<|君|きみ|>の{$336600}<|右側|みぎがわ|>のリアガード{$}で\nアタックしてみよう。
fe/tuto_013.bin;0x2346;39 CE B0 0F;<|手札|てふだ|>の{$336600}『<|追撃|ついげき|>の<|星輝兵|スターベイダー|> フェルミウム』{$}を\n<|選択|せんたく|>してみて。
fe/tuto_013.bin;0x2346;04 3A E5 10;<|呪縛|ロック|>されているユニットは\n{$336600}<|移動|いどう|>をすることもできない{$}んだ。
fe/tuto_013.bin;0x2346;84 E4 8A 1A;<|今回|こんかい|>は{$336600}<|呪縛|ロック|>{$}についての<|説明|せつめい|>をするよ。
fe/tuto_013.bin;0x2346;DD DC 1E 1D;{$336600}ヴァンガードを<|選|えら|>んで{$}、{$336600}<|僕|ぼく|>のヴァンガードに\nアタック{$}してみよう。
fe/tuto_013.bin;0x2346;F3 F2 13 25;<|呪縛|ロック|>されたカードは、<|持|も|>ち<|主|ぬし|>のターンが\n<|終了|　　しゅうりょう|>するまで{$336600}<|元|もと|>に<|戻|もど|>らない{$}んだ。
fe/tuto_013.bin;0x2346;45 02 70 29;{$336600}<|呪縛|ロック|>されていない{$}\n{$336600}リアガードでインターセプト{$}してみよう。
fe/tuto_013.bin;0x2346;A0 83 68 2B;<|呪縛|ロック|>されたユニットがあるサークルには、\n{$336600}<|他|ほか|>のユニットをコールできない{$}んだ。
fe/tuto_013.bin;0x2346;2A B7 D3 2B;<|前列|ぜんれつ|>の<|左側|ひだりがわ|>のリアガードが\n{$336600}<|呪縛|ロック|>された{$}ね。
fe/tuto_013.bin;0x2346;B9 1E DD 2D;新星の星輝兵 アクチニウム
fe/tuto_013.bin;0x2346;05 B2 4E 2E;<|左下|ひだりした|>のリアガードを<|選択|せんたく|>してね。
fe/tuto_013.bin;0x2346;1E D2 B4 34;ヴァンガードで、<|僕|ぼく|>のヴァンガードに\nアタックしてね。
fe/tuto_013.bin;0x2346;4B 7A D6 36;<|裏返|うらがえ|>しになって、{$336600}アタック、ブースト、{$}\n{$336600}<|能力|のうりょく|>の<|使用|しよう|>、<|移動|いどう|>、<|退却|たいきゃく|>{$}といった
fe/tuto_013.bin;0x2346;05 45 0A 38;これが{$336600}<|呪縛|ロック|>{$}だよ。\n<|呪縛|ロック|>されたリアガードは
fe/tuto_013.bin;0x2346;EE 6F D4 39;<|持|も|>ち<|主|ぬし|>のターンが<|終了|しゅうりょう|>すると、ユニットは\n<|自動的|じどうてき|>に<|解呪|アンロック|>されるんだ。
fe/tuto_013.bin;0x2346;D7 AD FB 3D;<|君|きみ|>のリアガードは、<|君|きみ|>のターンが<|終|お|>わるまで\n{$336600}<|呪縛|ロック|>されたまま{$}だ。
fe/tuto_013.bin;0x2346;EB 98 B7 3F;<|僕|ぼく|>のターンが<|終了|しゅうりょう|>したから\n<|呪縛|ロック|>されていたユニットが
fe/tuto_013.bin;0x2346;10 3C E2 47;{$336600}<|右側|みぎがわ|>のリアガードでアタック{$}してね。
fe/tuto_013.bin;0x2346;E3 42 67 4B;<|次|つぎ|>はリアガードでアタックするよ。
fe/tuto_013.bin;0x2346;4F EB 7C 4D;{$336600}Ｙボタン{$}を<|押|お|>して、{$336600}ノーガードを<|選択|せんたく|>{$}してね。
fe/tuto_013.bin;0x2346;92 41 0B 56;<|今回|こんかい|>は、ヴァンガードにアタックしてみて。
fe/tuto_013.bin;0x2346;60 AE F2 5C;星輝兵 インフィニットゼロ・ドラゴン
fe/tuto_013.bin;0x2346;CA DD 75 63;リアガードが<|行|おこな|>える<|行動|こうどう|>が\n{$336600}<|全|すべ|>てできなくなる{$}んだ。
fe/tuto_013.bin;0x2346;5D 50 47 68;<|呪縛|ロック|>されているユニットは\n{$336600}インターセプトできない{$}から
fe/tuto_013.bin;0x2346;E6 0A A3 6A;襲撃の星輝兵 フランシウム
fe/tuto_013.bin;0x2346;F0 D9 D2 70;飛将の星輝兵 クリプトン
fe/tuto_013.bin;0x2346;B2 A9 D5 72;<|移動|いどう|>アイコンが<|無|な|>いよね？
fe/tuto_013.bin;0x2346;E5 77 EF 7D;{$336600}<|右側|みぎがわ|>のリアガードでヴァンガードに{$}\n{$336600}アタック{$}してね。
fe/tuto_013.bin;0x2346;28 DB 3E 83;まだユニットがいるけど、<|今回|こんかい|>は{$336600}Ｙボタン{$}で\n{$336600}バトルフェイズを<|終了|しゅうりょう|>{$}してね。
fe/tuto_013.bin;0x2346;5C A8 0F 87;{$336600}<|解呪|アンロック|>{$}されて、{$336600}<|表向|おもてむ|>きになった{$}ね。
fe/tuto_013.bin;0x2346;A7 F8 FD 8C;<|左下|ひだりした|>のリアガードサークルに\nコールしてね。
fe/tuto_013.bin;0x2346;33 84 7D 90;それじゃあ、コールしてみようか。
fe/tuto_013.bin;0x2346;BE ED F8 90;Ｙボタンを<|押|お|>して、ライドフェイズを\n<|終|お|>わらせてね。
fe/tuto_013.bin;0x2346;0A B7 2E 91;{$336600}<|呪縛|ロック|>{$}されたリアガードは<|裏向|うらむ|>きになって\n<|何|なに|>も<|出来|でき|>なくなるんだ。
fe/tuto_013.bin;0x2346;B5 82 AB 98;コールできたね。
fe/tuto_013.bin;0x2346;D8 68 20 A0;星輝兵 メビウスブレス・ドラゴン
fe/tuto_013.bin;0x2346;FE E1 B6 A0;追撃の星輝兵 フェルミウム
fe/tuto_013.bin;0x2346;7E 76 C7 A1;{$336600}『<|星輝兵|スターベイダー|> メビウスブレス・ドラゴン』{$}を\n<|選択|せんたく|>してね。
fe/tuto_013.bin;0x2346;44 1E AD A4;<|大体|だいたい|><|分|わ|>かったかな？\nこれで、<|呪縛|ロック|>についての<|説明|せつめい|>は<|終|お|>わりだよ。
fe/tuto_013.bin;0x2346;AF CF 46 AB;<|次|つぎ|>は<|僕|ぼく|>が<|呪縛|ロック|>をするよ。
fe/tuto_013.bin;0x2346;32 D7 29 B0;ちなみに、<|自分|じぶん|>のターン<|内|ない|>に、<|他|ほか|>のユニットを\n{$336600}<|解呪|アンロック|>する{$}{$336600}<|能力|のうりょく|>を<|持|も|>つユニットもいる{$}よ。
fe/tuto_013.bin;0x2346;47 FC 84 B1;{$336600}<|呪縛|ロック|>されているユニットの{$}\n{$336600}<|後|うし|>ろにコール{$}してみよう。
fe/tuto_013.bin;0x2346;82 C5 6D B8;アタックステップになったね。
fe/tuto_013.bin;0x2346;D7 52 95 B8;<|僕|ぼく|>のヴァンガードにアタックがヒットした\nから、<|下画面|したがめん|>に{$336600}<|自動能力|じどうのうりょく|>が<|表示|ひょうじ|>された{$}よ。
fe/tuto_013.bin;0x2346;8D 55 D4 B9;無双の星輝兵 ラドン
fe/tuto_013.bin;0x2346;57 D2 51 BB;<|呪縛|ロック|>されているユニットには{$336600}アタック{$}\n{$336600}できない{$}から<|注意|ちゅうい|>してね。
fe/tuto_013.bin;0x2346;83 A3 E1 BC;<|僕|ぼく|>のターンになったけど<|呪縛|ロック|>\nされたユニットは{$336600}<|裏返|うらがえ|>ったまま{$}だね。
fe/tuto_013.bin;0x2346;77 B6 99 CA;魔弾の星輝兵 ネオン
fe/tuto_013.bin;0x2346;8A A7 0D DA;ここからは<|実際|じっさい|>にプレイをしながら\n<|説明|せつめい|>をしていくね。
fe/tuto_013.bin;0x2346;44 6F 1E DA;メインフェイズになったね。
fe/tuto_013.bin;0x2346;B9 77 21 E0;{$336600}<|右側|みぎがわ|>のリアガード{$}で{$336600}インターセプト{$}\nしてね。
fe/tuto_013.bin;0x2346;B2 EF 13 E1;<|今|いま|>コールしたユニットをＡボタンで\n<|選択|せんたく|>してみて。
fe/tuto_013.bin;0x2346;3A 15 02 E3;<|手札|てふだ|>の{$336600}『<|追撃|ついげき|>の<|星輝兵|スターベイダー|> フェルミウム』{$}を\n<|選択|せんたく|>してみてね。
fe/tuto_013.bin;0x2346;89 42 DF E8;<|今回|こんかい|>はライドしないから、\n{$336600}Ｙボタンを<|押|お|>して{$}みて。
fe/tuto_013.bin;0x2346;99 E7 EF EE;{$336600}Ｙボタン{$}で{$336600}ノーガードを<|選択|せんたく|>{$}してね。
fe/tuto_013.bin;0x2346;E2 D8 A8 FF;星輝兵 ステラガレージ
fe/tuto_014.bin;0x1B69;7A FA 23 14;慢心する根絶者 ギヲ
fe/tuto_014.bin;0x1B69;EA 17 F4 1C;{$336600}デリート{$}されたヴァンガードは、\n{$336600}<|持|も|>ち<|主|ぬし|>のターンが<|終了|しゅうりょう|>{$}するまで、
fe/tuto_014.bin;0x1B69;59 80 BA 32;{$336600}パワーと<|能力|のうりょく|>テキストを<|失|うしな|>ってしまう{$}んだ。
fe/tuto_014.bin;0x1B69;A1 F8 3E 3A;そのユニットは{$336600}<|表向|おもてむ|>きになって{$}\n{$336600}ソウルに<|入|はい|>る{$}んだ。
fe/tuto_014.bin;0x1B69;64 44 0F 3D;有毒の根絶者 ヱッダ
fe/tuto_014.bin;0x1B69;53 23 25 42;蠢く根絶者 ルルヱルル
fe/tuto_014.bin;0x1B69;44 3A D8 42;<|今回|こんかい|>は{$336600}デリート{$}についての<|説明|せつめい|>をするよ。
fe/tuto_014.bin;0x1B69;08 88 D8 44;このユニットの<|能力|のうりょく|>はドライブチェックで\nグレード３のカードが<|出|で|>た<|時発動|ときはつどう|>するんだ。
fe/tuto_014.bin;0x1B69;16 4C 6F 4C;それじゃあ、{$336600}<|君|きみ|>のヴァンガード{$}で\n<|僕|ぼく|>のヴァンガードにアタックをしてみて。
fe/tuto_014.bin;0x1B69;F1 41 DA 54;ヴァンガードが{$336600}デリート{$}されていても\n{$336600}ライドやストライドはできる{$}んだ。
fe/tuto_014.bin;0x1B69;29 CF 10 62;繊月の騎士 フェレックス
fe/tuto_014.bin;0x1B69;6C 6F BC 6F;{$336600}<|元|もと|>に<|戻|もど|>らない{$}よ。
fe/tuto_014.bin;0x1B69;D9 F6 89 7C;ヴァンガードの<|能力|のうりょく|>が<|発動|はつどう|>したね。\n<|実際|じっさい|>に<|使|つか|>ってみよう。
fe/tuto_014.bin;0x1B69;61 C4 BA 85;ライドフェイズになったね。
fe/tuto_014.bin;0x1B69;8D 84 89 92;<|君|きみ|>の<|右前|みぎまえ|>のリアガードを<|退却|たいきゃく|>させて、\n<|僕|ぼく|>のヴァンガードを{$336600}デリート{$}してみてね。
fe/tuto_014.bin;0x1B69;9A 61 29 9F;<|実際|じっさい|>にためしてみようか。
fe/tuto_014.bin;0x1B69;0B 07 ED A1;{$336600}デリート{$}についての<|説明|せつめい|>は\nこれで<|終|お|>わりだよ。
fe/tuto_014.bin;0x1B69;8F 3A C4 A4;<|僕|ぼく|>のターンになってもヴァンガードは\n{$336600}<|裏向|うらむ|>き{$}のままだ。
fe/tuto_014.bin;0x1B69;F2 D7 98 A5;<|今君|いまきみ|>のヴァンガードサークルにいる\nユニットは{$336600}「<|蠢く根絶者|スクワーム・デリーター|> ルルヱルル」{$}。
fe/tuto_014.bin;0x1B69;1D E5 8D AC;{$336600}デリート{$}できたね。
fe/tuto_014.bin;0x1B69;5B 64 78 BC;デリートは、{$336600}<|特定|とくてい|>のユニットが<|持|も|>つ\nヴァンガードを<|無力化|むりょくか|>する<|能力|のうりょく|>{$}なんだ。
fe/tuto_014.bin;0x1B69;52 63 96 BC;突貫する根絶者 ヰギー
fe/tuto_014.bin;0x1B69;BD 94 62 C3;<|君|きみ|>のヴァンガードで\n<|僕|ぼく|>のヴァンガードにアタックをしてみてね。
fe/tuto_014.bin;0x1B69;EF 45 04 CF;ライドしてみるね。
fe/tuto_014.bin;0x1B69;0E AA 71 CF;これで<|君|きみ|>のターンは<|終了|しゅうりょう|>だね。
fe/tuto_014.bin;0x1B69;FF A6 BF D5;こんな<|風|ふう|>に、{$336600}デリート{$}されたユニットが\nライドされた<|時|とき|>は、
fe/tuto_014.bin;0x1B69;92 F2 76 DB;享受する根絶者 ヰゴール
fe/tuto_014.bin;0x1B69;AE 09 06 DE;ヴァンガードが{$336600}デリート{$}されると\n{$336600}<|裏向|うらむ|>き{$}になって……
fe/tuto_014.bin;0x1B69;D7 AF 7D F5;青天の騎士 アルトマイル
fe/tuto_015.bin;0x1CC5;62 7F 4F 01;@0Dは、{$336600}メインフェイズ<|中|ちゅう|>{$}にコストを<|\n|\n|><|支払|しはら|>うことで{$336600}<|何度|なんど|>でも{$}<|使|つか|>える<|能力|のうりょく|>よ。
fe/tuto_015.bin;0x1CC5;C3 1E 56 03;<|今回|こんかい|>は{$336600}<|能力|のうりょく|>を<|発動|はつどう|>させない{$}から、\n{$336600}Ｙボタンで<|終了|しゅうりょう|>{$}を<|選択|せんたく|>してね。
fe/tuto_015.bin;0x1CC5;16 24 7B 0E;<|能力|のうりょく|>には、<|今回説明|こんかいせつめい|>した@0F・@0Eの<|他|ほか|>に\n@0Dの{$336600}<|起動能力|きどうのうりょく|>{$}もあるわ。
fe/tuto_015.bin;0x1CC5;A0 FB 15 13;<|能力|のうりょく|>を<|上手|うま|>く<|使|つか|>えば、ファイトを<|有利|ゆうり|>に\n<|進|すす|>められるから、<|試|ため|>してみてね。
fe/tuto_015.bin;0x1CC5;2F CE 1C 13;花占いの女神 サクヤ
fe/tuto_015.bin;0x1CC5;9A 7B DF 16;<|効果|こうか|>を<|発動|はつどう|>する<|条件|じょうけん|>として、<|他|ほか|>に\n@13{$336600}ソウルチャージ{$}があるよ。
fe/tuto_015.bin;0x1CC5;6F A3 0D 18;<|今回|こんかい|>は{$336600}カードの<|能力|のうりょく|>とコストについて{$}\n<|説明|せつめい|>するよ。
fe/tuto_015.bin;0x1CC5;EA E0 4F 1D;<|手札|てふだ|>の{$336600}『ラック・バード』{$}を\nコールしてみて。
fe/tuto_015.bin;0x1CC5;9F 27 21 22;{$336600}『<|花占|はなうらな|>いの<|女神|めがみ|> サクヤ』{$}の\n<|自動能力|じどうのうりょく|>が<|発動|はつどう|>したの。
fe/tuto_015.bin;0x1CC5;5F 88 F1 22;オラクルガーディアン ジェミニ
fe/tuto_015.bin;0x1CC5;2C 60 32 27;こんな<|感|かん|>じで<|色々|いろいろ|>なコストがあるんだけど…\n<|下画面|したがめん|>の{$336600}<|能力|のうりょく|>テキスト{$}を<|見|み|>ると
fe/tuto_015.bin;0x1CC5;CC CB 1B 2C;『<|花占|はなうらな|>いの<|女神|めがみ|> サクヤ』の<|場合|ばあい|>は、\nあなたのターン<|中|ちゅう|>に、{$336600}<|手札|てふだ|>が４<|枚以上|まいいじょう|>{$}だと
fe/tuto_015.bin;0x1CC5;FD F7 70 30;その<|時|とき|>に『<|花占|はなうらな|>いの<|女神|めがみ|> サクヤ』の{$336600}パワーが{$}\n{$336600}プラスされた{$}んだけど、<|分|わ|>かった？
fe/tuto_015.bin;0x1CC5;3B 67 36 36;@15{$336600}は、カウンターブラスト{$}で、
fe/tuto_015.bin;0x1CC5;BE C0 71 3E;@14と@15の{$336600}<|両方|りょうほう|>{$}のコストが<|\n|\n|><|必要|ひつよう|>になるから<|注意|ちゅうい|>してね。
fe/tuto_015.bin;0x1CC5;DE B5 C6 3E;オラクルガーディアン ワイズマン
fe/tuto_015.bin;0x1CC5;52 F1 F0 43;<|今度|こんど|>は<|自動能力|じどうのうりょく|>の<|後|うし|>ろに、\n@14{$336600}のアイコンと<|数字|すうじ|>{$}があるよね。
fe/tuto_015.bin;0x1CC5;E4 42 D1 50;{$336600}『コストを<|払|はら|>ってよい』{$}\nって<|書|か|>いてあるよね。
fe/tuto_015.bin;0x1CC5;C1 36 77 5B;{$336600}<|自動能力|じどうのうりょく|>{$}は\n@0Eのアイコンで<|表記|ひょうき|>される、
fe/tuto_015.bin;0x1CC5;36 8D 2C 62;これで、カードの<|能力|のうりょく|>とコストについての\n<|説明|せつめい|>は<|終|お|>わりよ。
fe/tuto_015.bin;0x1CC5;40 79 32 6A;<|手札|てふだ|>の{$336600}『<|花占|はなうらな|>いの<|女神|めがみ|> サクヤ』{$}に\n{$336600}ライド{$}してみてね。
fe/tuto_015.bin;0x1CC5;22 15 80 77;これは{$336600}ソウルブラスト{$}といって、\nヴァンガードの<|下|した|>にあるカード、
fe/tuto_015.bin;0x1CC5;E8 1F EB 78;{$336600}ソウル{$}を<|横|よこ|>の<|数字|すうじ|><|分|ぶん|>、ドロップゾーンに<|送|おく|>る\nことで<|能力|のうりょく|>が<|発動|はつどう|>することを<|表|あらわ|>しているんだ。
fe/tuto_015.bin;0x1CC5;0E EB 8E 7D;カードの<|能力|のうりょく|>は、<|全部|ぜんぶ|>で{$336600}３<|種類|しゅるい|>{$}あるの。\n<|実際|じっさい|>にプレイしながら<|説明|せつめい|>していくね。
fe/tuto_015.bin;0x1CC5;02 0F AB 84;@15と<|書|か|>いてある<|場合|ばあい|>、ダメージゾーンにある\n{$336600}<|表向|おもてむ|>き{$}のカードを{$336600}<|指定枚数分裏返|していまいすうぶんうらがえ|>す{$}ことで、
fe/tuto_015.bin;0x1CC5;54 EE 68 8F;<|確|たし|>かめてみてね。
fe/tuto_015.bin;0x1CC5;32 73 6C 8F;こんなふうに<|書|か|>かれている<|場合|ばあい|>は、\n<|能力|のうりょく|>が<|表示|ひょうじ|>された<|時|とき|>に、
fe/tuto_015.bin;0x1CC5;72 6A 42 96;こういう、<|効果|こうか|>を<|発動|はつどう|>するために<|必要|ひつよう|>な\n{$336600}『コスト』{$}は、<|他|ほか|>に@15があるよ。
fe/tuto_015.bin;0x1CC5;3D 6A 50 96;<|次|つぎ|>に、<|手札|てふだ|>の{$336600}『ラック・バード』{$}を\nコールしてみて。
fe/tuto_015.bin;0x1CC5;F7 5D 48 9D;{$336600}<|永続能力|えいぞくのうりょく|>によって{$}、{$336600}パワーが{$}\n{$336600}＋４０００{$}された<|状態|じょうたい|>になるの。
fe/tuto_015.bin;0x1CC5;BE A9 8C A8;萌芽の乙女 ディアン
fe/tuto_015.bin;0x1CC5;1E DC E4 AC;<|下画面|したがめん|>に、@0Fのアイコンが\n<|表示|ひょうじ|>されているよね。
fe/tuto_015.bin;0x1CC5;33 D0 8B B7;ちなみに、［@14⑧，@15⑤］みたいに２つ\n<|書|か|>かれている<|場合|ばあい|>は、
fe/tuto_015.bin;0x1CC5;2F A2 DF B8;{$336600}『<|花占|はなうらな|>いの<|女神|めがみ|> サクヤ』{$}を\n{$336600}Ａボタンで<|選択|せんたく|>{$}してね。
fe/tuto_015.bin;0x1CC5;CB 8D 67 BA;ライドしたら、【@0E】{$336600}<|自動能力|じどうのうりょく|>{$}が\n{$336600}<|下画面|したがめん|>に<|表示|ひょうじ|>{$}されたでしょ？
fe/tuto_015.bin;0x1CC5;4D 08 50 BE;これは、{$336600}<|条件|じょうけん|>を<|満|み|>たせば{$}\n{$336600}<|常|つね|>に<|効果|こうか|>が<|発生|はっせい|>{$}する{$336600}<|永続能力|えいぞくのうりょく|>{$}なのよ。
fe/tuto_015.bin;0x1CC5;7F B7 13 C1;<|他|ほか|>にどんな<|能力|のうりょく|>を<|持|も|>っているか、\nスライドパッドを<|左右|さゆう|>に<|入力|にゅうりょく|>して
fe/tuto_015.bin;0x1CC5;CA B2 7F C9;また@0E<|自動能力|じどうのうりょく|>が<|下画面|したがめん|>に<|表示|ひょうじ|>されたね。
fe/tuto_015.bin;0x1CC5;2C 73 82 CD;{$336600}<|自動能力|じどうのうりょく|>が<|発動|はつどう|>{$}して、あなたのフィールドの\nユニットがすべて<|手札|てふだ|>に<|戻|もど|>ったよね。
fe/tuto_015.bin;0x1CC5;D8 71 CC CE;ラック・バード
fe/tuto_015.bin;0x1CC5;17 89 CA D4;こうすれば、<|能力|のうりょく|>は<|発動|はつどう|>しないよ。\nコストを<|考|かんが|>えて<|能力|のうりょく|>を<|使|つか|>ってみてね。
fe/tuto_015.bin;0x1CC5;57 93 7B DA;コストを<|支払|しはら|>うんだ。
fe/tuto_015.bin;0x1CC5;2F DA F4 DA;まずは、{$336600}『<|花占|はなうらな|>いの<|女神|めがみ|> サクヤ』{$}に\n{$336600}ライド{$}してみてね。
fe/tuto_015.bin;0x1CC5;97 D4 20 DD;@13{$336600}ソウルチャージ{$}は、<|山札|やまふだ|>の<|上|うえ|>から<|\n|\n|><|指定枚数分|していまいすうぶん|>、{$336600}カードをソウルに<|入|い|>れる{$}の。
fe/tuto_015.bin;0x1CC5;0B 5B FC E1;あと、スライドパッドを<|左右|さゆう|>に<|入力|にゅうりょく|>すると、\n<|下画面|したがめん|>の<|能力|のうりょく|>のページが<|切|き|>り<|替|か|>わるんだ。
fe/tuto_015.bin;0x1CC5;AD 4E 9C E3;<|指定|してい|>の<|条件|じょうけん|>が<|満|み|>たされた<|時|とき|>に、\n{$336600}１<|度|ど|>だけ<|自動|じどう|>で<|発動|はつどう|>する<|能力|のうりょく|>{$}よ。
fe/tuto_015.bin;0x1CC5;D6 9C 5C EB;<|試|ため|>してみましょ。Ａボタンは<|押|お|>さないで、\n{$336600}Ｙボタンで<|終了|しゅうりょう|>{$}してみてね。
fe/tuto_015.bin;0x1CC5;56 02 EA FA;{$336600}『このユニットが@02に<|登場|とうじょう|>した<|時|とき|>』{$}\nという<|条件|じょうけん|>を<|満|み|>たしたから、
fe/tuto_015.bin;0x1CC5;DE 3A 60 FF;コストを<|支払|しはら|>わず、{$336600}<|能力|のうりょく|>を{$}\n{$336600}<|発動|はつどう|>させない{$}こともできるの。
fe/tuto_016.bin;0x2701;26 9F A5 02;Gunnergear Dracokid
fe/tuto_016.bin;0x2701;FA 8A 29 09;{$336600}<|右側|みぎがわ|>の<|前衛|ぜんえい|>のリアガード{$}にプラスしてね。
fe/tuto_016.bin;0x2701;43 0B 44 0E;パワーは{$336600}ヴァンガード{$}にプラスするよ。
fe/tuto_016.bin;0x2701;E6 90 93 10;{$336600}クリティカル２{$}のアタックだから\n{$336600}ダメージチェックは２<|回|かい|>{$}だ。
fe/tuto_016.bin;0x2701;88 CB 2D 11;@18{$336600}ヒールトリガー{$}<|が|で|>出たね。
fe/tuto_016.bin;0x2701;6A C3 BA 12;パワーをプラスする\nユニットを<|決|き|>めてみてね。
fe/tuto_016.bin;0x2701;F4 48 8E 1D;まずダメージを{$336600}１<|枚回復|まいかいふく|>{$}して、\n{$336600}ダメージが４になった<|後|あと|>{$}に、
fe/tuto_016.bin;0x2701;AE 44 A8 1D;<|後衛|こうえい|>のユニットで\n{$336600}ブースト{$}をするのも<|忘|わす|>れずにね。
fe/tuto_016.bin;0x2701;A1 16 B1 1F;クリティカルトリガーは、{$336600}<|好|す|>きなユニットの{$}\n{$336600}クリティカルを＋１{$}することができる。
fe/tuto_016.bin;0x2701;B9 E5 56 23;{$336600}ヴァンガードは{$336600}パワー１１０００{$}。
fe/tuto_016.bin;0x2701;E6 0C 75 24;アタックがヒットしたね。\n<|僕|ぼく|>のダメージチェックだ。
fe/tuto_016.bin;0x2701;53 51 06 30;どちらのアタックも\n<|通|とお|>る<|可能性|かのうせい|>があるんだけど……
fe/tuto_016.bin;0x2701;1B B1 3C 30;<|相手|あいて|>に{$336600}<|効率|こうりつ|>よくダメージを{$}\n{$336600<|与|あた|>える{$}ことができる<|場合|ばあい|>もあるから、
fe/tuto_016.bin;0x2701;AA 1F 75 30;{$336600}スタンドトリガー{$}が<|出|で|>ても、{$336600}スタンド{$}できる\nユニットがいないよね。
fe/tuto_016.bin;0x2701;75 55 5C 31;{$336600}<|左側|ひだりがわ|>のリアガード{$}で<|僕|ぼく|>のヴァンガードに\nアタックしてね。
fe/tuto_016.bin;0x2701;CB 0D AF 31;だからパワーの<|低|ひく|>い{$336600}<|右側|みぎがわ|>のリアガード{$}で\n<|先|さき|>にアタックしておこう。
fe/tuto_016.bin;0x2701;4E 68 BC 34;絶剣の騎士 リヴァーロ
fe/tuto_016.bin;0x2701;E5 7C 05 38;<|左側|ひだりがわ|>のリアガードは<|僕|ぼく|>が{$336600}トリガーを２<|回|かい|>{$}\n{$336600}<|引|ひ|>いてもアタックが<|通|とお|>る{$}けど、
fe/tuto_016.bin;0x2701;AF DE 30 38;デッキに<|入|はい|>っている{$336600}トリガーの<|種類|しゅるい|>{$}や\n{$336600}<|場|ば|>の<|状況|じょうきょう|>{$}をよく<|考|かんが|>えてみてね。
fe/tuto_016.bin;0x2701;EE C0 D9 3E;まず、<|最初|さいしょ|>に{$336600}どのユニットから\nアタックするか{$}、だけど……
fe/tuto_016.bin;0x2701;2B 2F CE 3F;{$336600}クリティカルトリガーが<|出|で|>たね。
fe/tuto_016.bin;0x2701;24 82 DE 40;閃きの騎士 ミーリウス
fe/tuto_016.bin;0x2701;6F ED 88 44;それじゃあ、{$336600}<|右側|みぎがわ|>の<|前衛|ぜんえい|>のリアガード{$}に\nパワーをプラスしてみよう。
fe/tuto_016.bin;0x2701;7C 81 AB 45;{$336600}<|左側|ひだりがわ|>のリアガード{$}は、<|後衛|こうえい|>のブーストを\nプラスすると{$336600}パワー１８０００{$}で、
fe/tuto_016.bin;0x2701;A5 83 AB 45;<|次|つぎ|>のアタックで<|僕|ぼく|>がノーガード\nだった<|場合|ばあい|>……
fe/tuto_016.bin;0x2701;57 CB B2 45;<|上手|じょうず|>にアタックをすることで、{$336600}それ<|以上|いじょう|>の\nダメージ{$}を<|与|あた|>えられる<|可能性|かのうせい|>があるんだ。
fe/tuto_016.bin;0x2701;9C CD D9 47;{$336600}<|右側|みぎがわ|>のリアガード{$}で<|僕|ぼく|>のヴァンガードに\nアタックしよう。
fe/tuto_016.bin;0x2701;66 27 F7 4A;<|実際|じっさい|>のファイトでは、その<|時|とき|>の{$336600}<|場|ば|>の<|状況|じょうきょう|>{$}や\n{$336600}<|相手|あいて|>の<|残|のこ|>りトリガー<|数|すう|>{$}を<|考|かんが|>えて
fe/tuto_016.bin;0x2701;5C 11 0E 4C;スチームバトラー ダダシグ
fe/tuto_016.bin;0x2701;2A C4 13 4F;こうやってカードが\nダメージゾーンに<|送|おく|>られるから、
fe/tuto_016.bin;0x2701;BF F7 A1 51;そのユニットを<|選|えら|>んで、{$336600}スタンド{$}してね。
fe/tuto_016.bin;0x2701;C4 53 80 59;{$336600}<|右側|みぎがわ|>のリアガード{$}でアタックしてね。
fe/tuto_016.bin;0x2701;38 47 6E 5C;ヴァンガードからアタックしてしまうと、\nその<|時|とき|>のドライブチェックで、
fe/tuto_016.bin;0x2701;E8 BD C8 61;{$336600}<|左側|ひだりがわ|>のリアガード{$}と、{$336600}ヴァンガード{$}だ。
fe/tuto_016.bin;0x2701;29 CF 10 62;繊月の騎士 フェレックス
fe/tuto_016.bin;0x2701;43 77 57 66;だから、<|今|いま|>のうちに{$336600}ヴァンガード{$}で\nアタックしておこう。
fe/tuto_016.bin;0x2701;DD 23 C4 67;ナイト・オブ・フェスティバル
fe/tuto_016.bin;0x2701;DA 7E A5 68;まずは{$336600}<|右側|みぎがわ|>のリアガード{$}で\n<|僕|ぼく|>のヴァンガードにアタックしよう。
fe/tuto_016.bin;0x2701;30 E7 DD 70;<|僕|ぼく|>のリアガードサークルにはリアガードが\nいないから{$336600}スタンド{$}はできないね。
fe/tuto_016.bin;0x2701;59 10 B7 72;それじゃあ、\n２<|枚目|まいめ|>のドライブチェックだ。
fe/tuto_016.bin;0x2701;65 B1 B8 76;腹時計付きのギアラビット
fe/tuto_016.bin;0x2701;79 B7 1D 81;{$336600}<|右側|みぎがわ|>のリアガード{$}のアタックは、\n{$336600}<|通|とお|>らなくなる{$}。
fe/tuto_016.bin;0x2701;58 14 27 82;{$336600}ヴァンガードのパワーが<|足|た|>りない<|時|とき|>{$}は\n{$336600}ヴァンガードにプラス{$}するけど、
fe/tuto_016.bin;0x2701;21 73 B9 8D;ヒールトリガーは、{$336600}ダメージを１<|枚回復|まいかいふく|>{$}して\n{$336600}パワーを＋５０００{$}できる。
fe/tuto_016.bin;0x2701;01 23 C3 92;{$336600}<|君|きみ|>のヴァンガードよりパワーが{$}\n{$336600}<|高|たか|>くなってしまう{$}よね。
fe/tuto_016.bin;0x2701;6F EB F7 95;メーザーギア・ドラゴン
fe/tuto_016.bin;0x2701;D3 7C FE 95;{$336600}ヴァンガード{$}でアタックをしてみよう。
fe/tuto_016.bin;0x2701;E1 12 27 97;{$336600}スタンドトリガー{$}が<|出|で|>たけど……
fe/tuto_016.bin;0x2701;B3 C7 98 98;<|次|つぎ|>のアタックだね。\nこのアタックが<|通|とお|>った<|時|とき|>……
fe/tuto_016.bin;0x2701;E0 81 69 9D;<|例|たと|>えば、デッキに{$336600}スタンドトリガー{$}を\n<|入|い|>れている<|時|とき|>は……
fe/tuto_016.bin;0x2701;96 A4 FC 9E;これで、{$336600}アタックのコツ{$}についての\n<|説明|せつめい|>は<|終|お|>わりだよ。
fe/tuto_016.bin;0x2701;CD 24 BB 9F;もし<|次|つぎ|>のアタックの{$336600}ダメージチェック{$}で\n<|僕|ぼく|>が{$336600}トリガー{$}を<|引|ひ|>いた<|場合|ばあい|>、
fe/tuto_016.bin;0x2701;82 CE F9 A1;<|結果的|けっかてき|>にダメージは５で、\n{$336600}<|敗北|はいぼく|>にはならない{$}んだ。
fe/tuto_016.bin;0x2701;29 CF C4 AD;トリガーが<|出|で|>たから、{$336600}<|好|す|>きなユニットに{$}\n{$336600}パワーを＋５０００{$}できるよ。
fe/tuto_016.bin;0x2701;D4 BC D3 AF;<|今|いま|>みたいに、{$336600}アタックする<|順番|じゅんばん|>{$}と\n{$336600}トリガー<|効果|こうか|>{$}をうまく<|使|つか|>うと、
fe/tuto_016.bin;0x2701;F7 03 2E B3;{$336600}スタンドトリガー{$}が<|出|で|>たね。
fe/tuto_016.bin;0x2701;30 C6 76 B5;それじゃあ、<|実際|じっさい|>にプレイしながら\n<|教|おし|>えていくね。
fe/tuto_016.bin;0x2701;6B DC B9 B5;さあ、<|次|つぎ|>のアタックだね。
fe/tuto_016.bin;0x2701;D0 BB FD B9;だから<|今|いま|><|引|ひ|>いたトリガーの{$336600}パワー＋５０００{$}\nは{$336600}<|右側|みぎがわ|>のリアガード{$}に<|使|つか|>ってみよう。
fe/tuto_016.bin;0x2701;D0 61 A6 BB;<|今回|こんかい|>は{$336600}アタックのコツ{$}を\n<|説明|せつめい|>するね。
fe/tuto_016.bin;0x2701;9E 27 9E BC;<|君|きみ|>の{$336600}ヴァンガード{$}で<|僕|ぼく|>のヴァンガードに\nアタックをしてみて。
fe/tuto_016.bin;0x2701;6B 6E FC BC;<|僕|ぼく|>はヴァンガードの{$336600}パワーを{$}\n{$336600}＋５０００{$}できる。そうなると……
fe/tuto_016.bin;0x2701;26 3C 9A BE;それじゃあ<|僕|ぼく|>のダメージチェックだね。
fe/tuto_016.bin;0x2701;83 0C AC BE;スモークギア・ドラゴン
fe/tuto_016.bin;0x2701;B6 93 C9 C0;もちろん、<|相手|あいて|>のガードを<|見越|みこ|>して<|左側|ひだりがわ|>の\nリアガードのパワーを<|上|あ|>げる<|場合|ばあい|>もあるから
fe/tuto_016.bin;0x2701;3D FB ED C0;クロノジェット・ドラゴン
fe/tuto_016.bin;0x2701;0C 5C 5B C3;{$336600}パワー＋５０００{$}はヴァンガードに<|使|つか|>うよ。
fe/tuto_016.bin;0x2701;D4 1E 50 C5;<|今|いま|>は、<|最初|さいしょ|>にアタックした{$336600}<|右側|みぎがわ|>のユニット{$}が\n{$336600}レスト{$}しているね。
fe/tuto_016.bin;0x2701;49 00 34 C6;{$336600}ヴァンガードを<|選|えら|>んでね。
fe/tuto_016.bin;0x2701;5D 4A A0 C6;{$336600}スタンドトリガー{$}は、{$336600}レスト{$}<|状態|じょうたい|>の\nユニットを{$336600}スタンド{$}することができるんだ。
fe/tuto_016.bin;0x2701;7C A4 D5 C6;{$336600}<|右側|みぎがわ|>の<|前衛|ぜんえい|>リアガード{$}を<|選|えら|>んで、\n{$336600}スタンド{$}してね。
fe/tuto_016.bin;0x2701;71 67 58 C7;{$336600}<|左側|ひだりがわ|>のリアガード{$}はさっきのトリガーで\n{$336600}パワーが＋５０００{$}されているから、
fe/tuto_016.bin;0x2701;33 74 2F C9;<|君|きみ|>のヴァンガードは{$336600}グレード３{$}だから、\n{$336600}２<|回|かい|>ドライブチェックができる{$}よ。
fe/tuto_016.bin;0x2701;E7 C2 F9 CC;ヒーリング・ペガサス
fe/tuto_016.bin;0x2701;E4 27 18 CF;<|今回|こんかい|>はヒットしているから、{$336600}<|左側|ひだりがわ|>の<|前衛|ぜんえい|>{$}\n{$336600}リアガード{$}にプラスしてみよう。
fe/tuto_016.bin;0x2701;27 DB 3D CF;<|左側|ひだりがわ|>の{$336600}<|前衛|ぜんえい|>リアガード{$}にプラスしてね。
fe/tuto_016.bin;0x2701;C1 12 70 D2;<|僕|ぼく|>はノーガードだよ。
fe/tuto_016.bin;0x2701;51 0F 4A D4;<|今回|こんかい|>のデッキには{$336600}スタンドトリガー{$}が\n<|入|はい|>っているから、
fe/tuto_016.bin;0x2701;EA 6C 30 D6;このアタックはヒットするから、\n{$336600}ヴァンガードのクリティカルを＋１{$}しておこう。
fe/tuto_016.bin;0x2701;DA 70 47 DD;<|僕|ぼく|>のダメージチェックでトリガーが出ると、\n{$336600}パワーがまた＋５０００される{$}から、
fe/tuto_016.bin;0x2701;3C 7C 7F E4;<|僕|ぼく|>のヴァンガードのパワーは\n{$336600}１１０００{$}だから、
fe/tuto_016.bin;0x2701;B6 F0 AD E4;<|右側|みぎがわ|>のリアガードは{$336600}トリガーを１<|枚|まい|>でも{$}\n{$336600}<|引|ひ|>かれると、アタックが<|通|とお|>らなくなる{$}よね。
fe/tuto_016.bin;0x2701;4A F3 8E E6;<|普通|ふつう|>にアタックすると、\n<|与|あた|>えられるダメージは{$336600}３{$}だけど
fe/tuto_016.bin;0x2701;6F E1 68 E8;<|君|きみ|>のフィールドには{$336600}ユニットが４<|体|たい|>いるから\nこのユニット<|達|たち|>で<|僕|ぼく|>にアタックをしていこう。
fe/tuto_016.bin;0x2701;66 76 CB E9;<|状況|　じょうきょう|>をよく<|見|み|>て<|順番|じゅんばん|>を<|決|き|>めよう。\n<|君|きみ|>の<|残|のこ|>りのアタックは{$336600}２<|回|かい|>{$}。
fe/tuto_016.bin;0x2701;82 FF CC EF;<|最後|さいご|>のアタックだ。{$336600}<|左側|ひだりがわ|>のリアガード{$}で\n<|僕|ぼく|>のヴァンガードをアタックしてみよう。
fe/tuto_016.bin;0x2701;D7 AF 7D F5;青天の騎士 アルトマイル
fe/tuto_016.bin;0x2701;72 BB 58 F9;トリーガーはなしだね。\nこれで<|僕|ぼく|>の{$336600}ダメージは６{$}。<|君|きみ|>の<|勝|か|>ちだ。
fe/tuto_016.bin;0x2701;98 59 47 FB;ブースト<|込|こ|>みで、{$336600}パワー２３０００{$}。\n<|今|いま|>スタンドしたユニットは{$336600}パワー１１０００{$}。
fe/tuto_016.bin;0x2701;E1 D0 B1 FB;<|今|いま|>みたいに、{$336600}ダメージが５の<|時|とき|>{$}に\n{$336600}ヒールトリガー{$}を<|引|ひ|>くと
fe/tuto_016.bin;0x2701;9E AC 9A FC;アタックの<|順番|じゅんばん|>を<|決|き|>めるときは、{$336600}デッキの\n<|中|なか|>のトリガー{$}を<|考慮|こうりょ|>するようにしよう。
fe/tuto_017.bin;0x1958;72 7E 74 0A;それと、@12 を{$336600}ダメージゾーンが{$}\n{$336600}３<|枚|まい|><|以下|いか|>{$}でも<|使|つか|>えるようになる、
fe/tuto_017.bin;0x1958;BF 62 A3 1A;<|能力|のうりょく|>を<|持|も|>ったカードもあるから\n<|使|つか|>ってみるといいよ、
fe/tuto_017.bin;0x1958;04 C4 C8 2C;美技の騎士 ガレス
fe/tuto_017.bin;0x1958;D8 78 49 30;<|他|ほか|>のユニットに{$336600}ライドされた<|時|とき|>に<|発動|はつどう|>{$}する\nものは{$336600}「ブレイクライド」{$}と<|呼|よ|>ばれるよ。
fe/tuto_017.bin;0x1958;92 94 75 32;これで、{$336600}リミットブレイク{$}の<|説明|せつめい|>は<|終|お|>わりだよ。
fe/tuto_017.bin;0x1958;41 E9 52 34;{$336600}「《ゴールドパラディン》がこのユニット{$}\n{$336600}にライドした<|時|とき|>」{$}の<|条件|じょうけん|>を、
fe/tuto_017.bin;0x1958;C4 05 FE 45;ディグニファイド・ゴールド・ドラゴン
fe/tuto_017.bin;0x1958;A7 44 48 46;{$336600}ダメージゾーンのカードが５<|枚以上|まいいじょう|>{$}\nじゃないと{$336600}<|発動|はつどう|>しない{$}から<|注意|ちゅうい|>してね。
fe/tuto_017.bin;0x1958;E2 4C 9E 59;孤高の解放者 ガンスロッド
fe/tuto_017.bin;0x1958;11 A8 90 5F;<|他|ほか|>にも{$336600}<|色々|いろいろ|>な<|能力|のうりょく|>{$}があるけど、\nどれも{$336600}<|強力|きょうりょく|>な<|能力|のうりょく|>ばかり{$}だから、
fe/tuto_017.bin;0x1958;6B 3B 63 61;<|能力|のうりょく|>を<|発動|はつどう|>できたね。これが{$336600}「<|孤高|ここう|>の<|解放者|リベレイター|>{$}\n{$336600}ガンスロット」{$}の{$336600}リミットブレイク{$}だ。
fe/tuto_017.bin;0x1958;E6 81 97 66;まずは<|君|きみ|>のヴァンガードの\n<|能力|のうりょく|>をみてみよう。
fe/tuto_017.bin;0x1958;C6 DE BD 77;{$336600}４<|枚以上|まいいじょう|>の<|時|とき|>{$}に<|発動|はつどう|>できる<|能力|のうりょく|>なんだ。
fe/tuto_017.bin;0x1958;7B 10 F7 78;沈黙の解放者 ギャラティン
fe/tuto_017.bin;0x1958;DF AF 3A 8B;<|下画面|したがめん|>を<|見|み|>ると、<|効果|こうか|>の<|部分|ぶぶん|>に\n@12 がついてるよね。
fe/tuto_017.bin;0x1958;C6 76 17 9F;霊薬の解放者
fe/tuto_017.bin;0x1958;E1 76 5D A1;@12 は{$336600}リミットブレイク{$}と<|言|い|>って、<|\n|\n|><|自分|じぶん|>の{$336600}ダメージゾーンの<|枚数|まいすう|>{$}が
fe/tuto_017.bin;0x1958;8B 39 07 A7;{$336600}「ディグニファイド・ゴールド・ドラゴン」{$}を\nライドしてみよう。
fe/tuto_017.bin;0x1958;7C DE D3 B0;それじゃあ<|実際|じっさい|>に<|試|ため|>してみようか。
fe/tuto_017.bin;0x1958;D7 AF 86 B3;それじゃあ<|能力|のうりょく|>を<|使|つか|>ってみようか。
fe/tuto_017.bin;0x1958;BC CF 8E B6;ちなみにアイコンが@1E  となっているのは\n{$336600}「アルティメットブレイク」{$}って<|言|い|>って、
fe/tuto_017.bin;0x1958;D2 F3 1F BB;<|下画面|したがめん|>に@0E{$336600}<|自動能力|じどうのうりょく|>{$}が<|表示|ひょうじ|>されたね。
fe/tuto_017.bin;0x1958;96 54 39 C1;{$336600}「ディグニファイド・ゴールド・ドラゴン」{$}を\nライドしてみてね。
fe/tuto_017.bin;0x1958;1C F4 26 E3;この<|能力|のうりょく|>のように\nリミットブレイクの<|中|なか|>でも、
fe/tuto_017.bin;0x1958;01 9A E1 F0;<|今回|こんかい|>は{$336600}リミットブレイク{$}を\n<|説明|せつめい|>するね。
fe/tuto_017.bin;0x1958;94 0D 4C F1;<|満|み|>たしたから<|能力|のうりょく|>が<|発動|はつどう|>したんだ。
fe/tuto_017.bin;0x1958;28 DB B7 F4;リミットブレイクを<|持|も|>つカードをデッキに\n<|入|い|>れた<|時|とき|>は、<|積極的|せっきょくてき|>に<|使|つか|>ってみてね。
fe/tuto_017.bin;0x1958;D7 AF 7D F5;青天の騎士 アルトマイル
fe/tuto_019.bin;0x1BFE;26 9F A5 02;Gunnergear Dracokid
fe/tuto_019.bin;0x1BFE;B9 76 E1 1E;{$336600}<|多|おお|>めにガードを<|出|だ|>していた{$}から……\n{$336600}このアタックは<|通|とお|>らない{$}よ。
fe/tuto_019.bin;0x1BFE;7A AB E5 25;<|僕|ぼく|>のアタックステップになったね。
fe/tuto_019.bin;0x1BFE;4E 68 BC 34;絶剣の騎士 リヴァーロ
fe/tuto_019.bin;0x1BFE;D4 80 E1 37;スチームナイト ウバル・トゥトゥ
fe/tuto_019.bin;0x1BFE;24 82 DE 40;閃きの騎士 ミーリウス
fe/tuto_019.bin;0x1BFE;C8 F6 ED 47;{$336600}ダメージが６{$}になると{$336600}<|敗北|はいぼく|>{$}してしまうから、\nこのアタックは{$336600}<|絶対|ぜったい|>にガード{$}しないとね。
fe/tuto_019.bin;0x1BFE;1B C9 AF 4B;<|今回|こんかい|>は{$336600}ガードする<|時|とき|>のコツ{$}を\n<|説明|せつめい|>するよ。
fe/tuto_019.bin;0x1BFE;45 FB 82 55;『スチームメイデン ウルル』のシールドの<|値|あたい|>が\nヴァンガードのパワーにプラスされたね。
fe/tuto_019.bin;0x1BFE;F0 F8 89 5D;これで、<|君|きみ|>のヴァンガードのパワーは\n@07２００００になったね。
fe/tuto_019.bin;0x1BFE;29 CF 10 62;繊月の騎士 フェレックス
fe/tuto_019.bin;0x1BFE;C4 ED 29 6D;{$336600}『スチームメイデン ウルル』{$}を\n{$336600}Ａボタン{$}で<|選択|せんたく|>してみて。
fe/tuto_019.bin;0x1BFE;66 7C C7 79;<|手札|てふだ|>にあるグレード２のカードは\n{$336600}ガードに<|使|つか|>えない{$}よ。
fe/tuto_019.bin;0x1BFE;15 D8 0C 7A;@07１５０００になって、\nアタックがヒットするかもしれない。
fe/tuto_019.bin;0x1BFE;68 C9 7B 87;バーニングメイン・ライオン
fe/tuto_019.bin;0x1BFE;B5 82 AB 98;コールできたね。
fe/tuto_019.bin;0x1BFE;01 35 FF 9B;剛腕粉砕の時空巨兵
fe/tuto_019.bin;0x1BFE;62 38 E6 A1;ダメージゾーンのカードが５<|枚|まい|>だから\n<|今|いま|>、<|君|きみ|>の{$336600}ダメージは５{$}だ。
fe/tuto_019.bin;0x1BFE;46 F9 EF A4;パワーを＋５０００することが\nできるから、
fe/tuto_019.bin;0x1BFE;47 C2 79 A7;Ｙボタンを<|押|お|>して<|決定|けってい|>しよう。
fe/tuto_019.bin;0x1BFE;68 ED 42 A9;<|僕|ぼく|>のヴァンガードは\n@07１００００だ。
fe/tuto_019.bin;0x1BFE;6E 7C 90 AF;トリガーが<|出|で|>ても<|大丈夫|だいじょうぶ|>なように、\n{$336600}『スチームナイト シュ・シン』{$}も<|出|だ|>して
fe/tuto_019.bin;0x1BFE;A5 2E 14 BD;じゃあいくよ。ドライブチェック！
fe/tuto_019.bin;0x1BFE;83 0C AC BE;スモークギア・ドラゴン
fe/tuto_019.bin;0x1BFE;3D FB ED C0;クロノジェット・ドラゴン
fe/tuto_019.bin;0x1BFE;5A AF 47 C1;Ｙボタンを<|押|お|>して<|決定|けってい|>してね。
fe/tuto_019.bin;0x1BFE;55 82 4E CC;もし<|僕|ぼく|>のドライブチェックで\n{$336600}トリガーが<|出|で|>たら{$}、
fe/tuto_019.bin;0x1BFE;61 37 62 CC;スチームナイト シュ・シン
fe/tuto_019.bin;0x1BFE;58 36 10 D3;まずはアタックステップまで\n<|進|すす|>めよう。
fe/tuto_019.bin;0x1BFE;FC A2 3F D7;{$336600}『スチームメイデン ウルル』を{$336600}<|選択|せんたく|>{$}してね。
fe/tuto_019.bin;0x1BFE;EF 3A 42 D7;アタックを<|受|う|>ける<|前|まえ|>に、\n<|君|きみ|>のダメージを<|確認|かくにん|>してみよう。
fe/tuto_019.bin;0x1BFE;78 6A 0D DA;スチームメイデン ウルル
fe/tuto_019.bin;0x1BFE;C5 35 2E DB;ヴァンガードよりもグレードが<|高|たか|>いカードは\nガードに<|出|だ|>せないから、
fe/tuto_019.bin;0x1BFE;BB C3 4D DE;それじゃあ、<|僕|ぼく|>のヴァンガードで\n<|君|きみ|>のヴァンガードにアタックするよ。
fe/tuto_019.bin;0x1BFE;BC 42 B0 DF;<|君|きみ|>のヴァンガードは\n@07１５０００になって、
fe/tuto_019.bin;0x1BFE;08 B0 7D E1;こんなふうに、{$336600}トリガーのことも{$}\n{$336600}<|考|かんが|>えて{$}ガードをしてみてね。
fe/tuto_019.bin;0x1BFE;83 6E 9B E6;{$336600}クリティカルトリガー{$}が<|出|で|>たけど、\nトリガーが<|出|で|>ても<|大丈夫|だいじょうぶ|>なように
fe/tuto_019.bin;0x1BFE;8E D4 07 EB;{$336600}２<|枚|まい|>のカード{$}でガードをしてみよう。
fe/tuto_019.bin;0x1BFE;57 40 1F F1;<|手札|てふだ|>のグレード０の\nカードでガードしてみよう。
fe/tuto_019.bin;0x1BFE;6C 5D EB F4;グレード０のカードを\n２<|枚選択|まいせんたく|>して、ガードしてね。
fe/tuto_019.bin;0x1BFE;83 1D 94 F6;<|今|いま|>、<|君|きみ|>のヴァンガードはグレード０だね。
fe/tuto_019.bin;0x1BFE;B3 72 55 FA;これで、ガードのコツについての\n<|説明|せつめい|>は<|終|お|>わりだよ。
fe/tuto_020.bin;0x1FFA;9D 28 89 01;<|前列|ぜんれつ|>のリアガードで@0B{$336600}インターセプト{$}してね。
fe/tuto_020.bin;0x1FFA;26 9F A5 02;Gunnergear Dracokid
fe/tuto_020.bin;0x1FFA;92 EA 99 03;<|自動能力|じどうのうりょく|>が<|発動|はつどう|>したね。
fe/tuto_020.bin;0x1FFA;36 A0 18 0A;<|今回|こんかい|>は{$336600}<|特殊|とくしゅ|>なガード{$}についての\n<|説明|せつめい|>をするよ。
fe/tuto_020.bin;0x1FFA;89 E1 A0 0A;「<|引|ひ|>っ<|込|こ|>み<|思案|じあん|>のギアレイヴン」は{$336600}<|守護者|センチネル|>{$}\nと<|言|い|>って、<|能力|のうりょく|>を<|使用|しよう|>することで、
fe/tuto_020.bin;0x1FFA;11 2D ED 0B;<|自分|じぶん|>のデッキに<|合|あ|>わせて、\n{$336600}２タイプの<|守護者|センチネル|>を<|選|えら|>ぶ<|事|こと|>が<|重要|じゅうよう|>{$}だよ。
fe/tuto_020.bin;0x1FFA;C2 5B 3F 0F;ダメージゾーンのカードを<|選択|せんたく|>してね。
fe/tuto_020.bin;0x1FFA;08 A1 F0 12;じゃあ<|僕|ぼく|>は{$336600}<|残|のこ|>りのリアガードで\nアタック{$}するよ。
fe/tuto_020.bin;0x1FFA;45 BE 99 13;<|守護者|センチネル|>のカードは、{$336600}デッキに４<|枚|まい|>までしか\n<|入|い|>れられない{$}から<|注意|ちゅうい|>してね。
fe/tuto_020.bin;0x1FFA;DB 4E FE 15;<|前列|ぜんれつ|>のリアガードで@0B{$336600}インターセプト{$}を\nしてみて。
fe/tuto_020.bin;0x1FFA;CC 52 B2 23;{$336600}「<|引|ひ|>っ<|込|こ|>み<|思案|じあん|>のギアレイヴン」{$}を<|選択|せんたく|>してね。
fe/tuto_020.bin;0x1FFA;37 C4 FA 25;<|手札|てふだ|>のカード（コスト）も<|頭|あたま|>に<|入|い|>れて<|使|つか|>おう。
fe/tuto_020.bin;0x1FFA;79 19 F7 26;コストを<|払|はら|>えたみたいだね。\nそれじゃ{$336600}Ｙボタンを<|押|お|>して{$}<|決定|けってい|>してね。
fe/tuto_020.bin;0x1FFA;5A 00 2D 29;引っ込み思案のギアレイヴン
fe/tuto_020.bin;0x1FFA;DC 7B 32 2F;まずは、ガードについて<|今|いま|>まで\n<|覚|おぼ|>えたことをおさらいしよう。
fe/tuto_020.bin;0x1FFA;25 16 09 31;{$336600}<|特殊|とくしゅ|>なガードをすることができる{$}んだ。
fe/tuto_020.bin;0x1FFA;73 1E 59 32;うん、ガードできたね。\n<|次|つぎ|>は{$336600}ヴァンガードでアタック{$}するから、
fe/tuto_020.bin;0x1FFA;4E 68 BC 34;絶剣の騎士 リヴァーロ
fe/tuto_020.bin;0x1FFA;24 82 DE 40;閃きの騎士 ミーリウス
fe/tuto_020.bin;0x1FFA;C2 16 0C 42;<|今度|こんど|>は、<|手札|てふだ|>の{$336600}「スチームメイジ エンナーダ」{$}\nを<|出|だ|>してみてね。
fe/tuto_020.bin;0x1FFA;A2 1D 07 44;どんなアタックでも<|防|ふせ|>げる\n<|強力| きょうりょく|>なカードだけど……
fe/tuto_020.bin;0x1FFA;92 95 76 4B;「スチームメイジ エンナーダ」は、さっきの\n<|守護者|センチネル|>と{$336600}<|違|ちが|>う<|能力|のうりょく|>を<|持|も|>っている{$}んだ。
fe/tuto_020.bin;0x1FFA;5C 11 0E 4C;スチームバトラー ダダシグ
fe/tuto_020.bin;0x1FFA;E1 50 83 53;<|次|つぎ|>にコストとして、{$336600}<|手札|てふだ|>のカードを\n１<|枚|まい|><|捨|す|>てる{$}んだ。
fe/tuto_020.bin;0x1FFA;09 4D B0 58;カードによっては<|捨|す|>てるカードに{$336600}クランの{$}\n{$336600}<|指定|してい|>がある<|場合|ばあい|>もある{$}から<|注意|ちゅうい|>してね。
fe/tuto_020.bin;0x1FFA;2D 61 5F 5E;{$336600}ガーディアンサークルに<|直接|ちょくせつ|>コール{$}\n{$336600}する<|能力|のうりょく|>{$}を<|持|も|>っているんだ。
fe/tuto_020.bin;0x1FFA;29 CF 10 62;繊月の騎士 フェレックス
fe/tuto_020.bin;0x1FFA;88 8D 48 6C;{$336600}<|使用|しよう|>したバトル<|中|ちゅう|>、アタックが\nヒットしなくなる<|能力|のうりょく|>{$}を<|持|も|>っているんだ。
fe/tuto_020.bin;0x1FFA;37 A8 F6 75;それじゃあコストを<|選|えら|>んでみようか。
fe/tuto_020.bin;0x1FFA;3E 44 55 7A;<|手札|てふだ|>の{$336600}「<|引|ひ|>っ<|込|こ|>み<|思案|じあん|>のギアレイヴン」{$}を\nガーディアンサークルにコールしてみよう。
fe/tuto_020.bin;0x1FFA;15 B5 6B 7D;まずは「<|引|ひ|>っ<|込|こ|>み<|思案|じあん|>のギアレイヴン」の<|能力|のうりょく|>を\n<|使|つか|>ってみよう。
fe/tuto_020.bin;0x1FFA;85 BF 19 8C;スチームメイジ エンナーダ
fe/tuto_020.bin;0x1FFA;E6 85 48 8D;<|僕|ぼく|>のアタックフェイズだ。\n<|君|きみ|>のヴァンガードにアタックするよ。
fe/tuto_020.bin;0x1FFA;89 50 1E 92;コストを<|払|はら|>い<|終|お|>えたね。\nさあ、<|能力|のうりょく|>が<|発動|はつどう|>するよ。
fe/tuto_020.bin;0x1FFA;6F EB F7 95;メーザーギア・ドラゴン
fe/tuto_020.bin;0x1FFA;71 D0 9F 9C;{$336600}『クロノジェット・ドラゴン』{$}\nを<|選択|せんたく|>してね。
fe/tuto_020.bin;0x1FFA;EF E7 52 9F;{$336600}<|能力|のうりょく|>を<|持|も|>つユニットが<|選択|せんたく|>できなくなる{$}\nから、<|覚|おぼ|>えておいてね。
fe/tuto_020.bin;0x1FFA;F3 A9 1E A1;{$336600}「スチームメイジ エンナーダ」{$}を<|選択|せんたく|>してね。
fe/tuto_020.bin;0x1FFA;A7 78 66 A9;{$336600}「スチームメイジ エンナーダ」{$}の<|能力|のうりょく|>を\n<|使|つか|>ってみよう。
fe/tuto_020.bin;0x1FFA;C8 7B 12 AE;<|他|ほか|>のユニットを{$336600}<|先|さき|>にＡボタンで\n<|選択|せんたく|>している<|場合|ばあい|>{$}には、
fe/tuto_020.bin;0x1FFA;FD 82 EA B2;この<|守護者|センチネル|>は、<|能力|のうりょく|>を<|発動|はつどう|>するための\nコストとして、@15①が<|必要|ひつよう|>だよ。
fe/tuto_020.bin;0x1FFA;83 0C AC BE;スモークギア・ドラゴン
fe/tuto_020.bin;0x1FFA;3D FB ED C0;クロノジェット・ドラゴン
fe/tuto_020.bin;0x1FFA;71 EC 34 C5;それから、{$336600}ガーディアンサークルへ\nコールした<|時|とき|>に<|能力|のうりょく|>が<|発動|はつどう|>するユニット{$}は
fe/tuto_020.bin;0x1FFA;4E B8 1A C7;<|守護者|センチネル|>には{$336600}２<|種類|しゅるい|>のタイプがある{$}んだけど、
fe/tuto_020.bin;0x1FFA;D2 98 64 CA;そのユニットを{$336600}Ａボタンで<|選択|せんたく|>する{$}と\n<|他|ほか|>のユニットを{$336600}<|選択|せんたく|>できなくなる{$}んだ。
fe/tuto_020.bin;0x1FFA;74 55 98 CB;「スチームメイジ エンナーダ」を<|選択|せんたく|>してね。
fe/tuto_020.bin;0x1FFA;5C A2 02 CD;「スチームメイジ エンナーダ」は、\n{$336600}<|山札|やまふだ|>の<|上|うえ|>から５<|枚|まい|>のカードを{$}
fe/tuto_020.bin;0x1FFA;52 3F B5 D1;<|僕|ぼく|>のアタックをガードできたね。\n「<|引|ひ|>っ<|込|こ|>み<|思案|じあん|>のギアレイヴン」は、
fe/tuto_020.bin;0x1FFA;76 CC 75 D7;{$336600}Ｙボタンを<|押|お|>して{$}、<|決定|けってい|>してね。
fe/tuto_020.bin;0x1FFA;78 6A 0D DA;スチームメイデン ウルル
fe/tuto_020.bin;0x1FFA;D2 96 3B DC;<|今回|こんかい|>は{$336600}『クロノジェット・ドラゴン』{$}\nをコストにしてね。
fe/tuto_020.bin;0x1FFA;81 3D 6D E5;{$336600}<|手札|てふだ|>からカードを１<|枚|まい|><|捨|す|>てないと{$}\n{$336600}いけない{$}んだ。
fe/tuto_020.bin;0x1FFA;D7 AF 7D F5;青天の騎士 アルトマイル
fe/tuto_020.bin;0x1FFA;78 A0 0B F6;これで、<|特殊|とくしゅ|>なガードについての<|説明|せつめい|>は\n<|終|お|>わりだよ。
fe/tuto_020.bin;0x1FFA;C0 B1 D4 F6;ただし、<|山札|やまふだ|>のカードによっては、{$336600}シールド{$}\n{$336600}が<|足|た|>りない{$}<|可能性|かのうせい|>もあるから<|気|き|>を<|付|つ|>けてね。
fight/_fight_yesno.bin;0x0AFA;E9 F4 69 76;<|あいうえおかきくけこさしすせそたちつてと|あいうえおかきくけこさしすせそたちつてと|>
fight/btn_help.bin;0x0ECA;EF DE B9 02;バインドゾーン
fight/btn_help.bin;0x0ECA;FA D3 50 05;フェイズ終了
fight/btn_help.bin;0x0ECA;9C 9A C0 10;公開する
fight/btn_help.bin;0x0ECA;A8 B4 00 16;交換しない
fight/btn_help.bin;0x0ECA;9A 46 81 1A;Ｇゾーン
fight/btn_help.bin;0x0ECA;93 5A BE 1D;戻る
fight/btn_help.bin;0x0ECA;B5 FD 41 21;退却させない
fight/btn_help.bin;0x0ECA;04 11 42 23;見ない
fight/btn_help.bin;0x0ECA;BC 34 93 35;Ｇアシスト
fight/btn_help.bin;0x0ECA;75 4B 00 44;山札に戻さない
fight/btn_help.bin;0x0ECA;E4 CE 58 4A;する
fight/btn_help.bin;0x0ECA;D1 89 82 50;選択
fight/btn_help.bin;0x0ECA;67 6A 21 58;山札
fight/btn_help.bin;0x0ECA;BC 63 46 59;ノーガード
fight/btn_help.bin;0x0ECA;88 3D 44 5D;確認
fight/btn_help.bin;0x0ECA;EF D0 3F 5E;決定
fight/btn_help.bin;0x0ECA;46 ED 5D 6D;引かない
fight/btn_help.bin;0x0ECA;E9 94 11 6E;終了
fight/btn_help.bin;0x0ECA;EF 8F 63 70;再ライドしない
fight/btn_help.bin;0x0ECA;AD C2 A6 70;ゲーム外
fight/btn_help.bin;0x0ECA;EB 97 EE 81;交換を終了する
fight/btn_help.bin;0x0ECA;AE E9 09 83;ソウル
fight/btn_help.bin;0x0ECA;B8 A8 3B 88;公開しない
fight/btn_help.bin;0x0ECA;02 B4 F6 94;ブーストしない
fight/btn_help.bin;0x0ECA;7B A1 04 95;ガード
fight/btn_help.bin;0x0ECA;34 39 25 9C;リストに戻る
fight/btn_help.bin;0x0ECA;AC 79 26 A3;引く
fight/btn_help.bin;0x0ECA;27 52 6E A9;見る
fight/btn_help.bin;0x0ECA;D1 E1 7B AB;ドロップゾーン
fight/btn_help.bin;0x0ECA;F5 E8 53 BC;ガーディアンサークル
fight/btn_help.bin;0x0ECA;65 40 55 C7;フィールド確認
fight/btn_help.bin;0x0ECA;A1 5C C3 CF;ステップ終了
fight/btn_help.bin;0x0ECA;3D DA 50 D6;ソウル／ハーツ
fight/btn_help.bin;0x0ECA;59 FE 4A D9;ハーツ
fight/btn_help.bin;0x0ECA;2C 12 DA F2;しない
fight/btn_help.bin;0x0ECA;C2 50 B3 F8;交換する
fight/fight_result.bin;0x9789;6A B1 AB 37;メニューに<|戻|もど|>る
fight/fight_result.bin;0x9789;3F DE A3 7E;マップに<|戻|もど|>る
fight/fight_result.bin;0x9789;DD 8F 08 C9;もう<|一度|いちど|>ファイトする
fight/fight_signup.bin;0x8690;2F 6F 68 89;<|対戦相手|たいせんあいて|>の<|評価|ひょうか|>を<|変更|へんこう|>して<|下|くだ|>さい\n（<|評価|ひょうか|>は<|後|あと|>からでも<|変更|へんこう|>できます）
fight/fighter_info.bin;0x191E;42 FF 78 66;<|先導|せんどう|> アイチ
fight/fighter_info.bin;0x191E;A9 D0 4D F5;<|森川|もりかわ|> カツミ
fight/help_window.bin;0x0932;E9 F4 69 76;<|あいうえおかきくけこさしすせそたちつてと|あいうえおかきくけこさしすせそたちつてと|>
fight/sys_menu.bin;0x0FEB;86 B0 4B 20;アタックエフェクトや<|一部|いちぶ|>エフェクトの<|表示|ひょうじ|>・<|非表示|ひひょうじ|>を<|変更|へんこう|>します。
fight/sys_menu.bin;0x0FEB;C1 14 D1 25;<|投了|とうりょう|>します。<|通信|つうしん|>ファイトでは５ターン<|目|め|>まで<|行|おこな|>えません。
fight/sys_menu.bin;0x0FEB;0B AF A8 27;ファイナルターンを<|宣言|せんげん|>します。
fight/sys_menu.bin;0x0FEB;04 B3 E0 7C;ＶＯＩＣＥのＯＮ・ＯＦＦを<|変更|へんこう|>します。
fight/sys_menu.bin;0x0FEB;E1 CA 5B CA;<|各種項目|かくしゅこうもく|>とＧアシストステップのスキップのＯＮ/ＯＦＦを<|変更|へんこう|>します。
fight/sys_menu.bin;0x0FEB;70 F2 08 FF;カットインの<|表示|ひょうじ|>・<|非表示|ひひょうじ|>を<|変更|へんこう|>します。
