path;offset;bytes;extract
ai/000.bin;0x151B6;34 53 5F 00;Lake Maiden, Lien
ai/000.bin;0x151B6;DC A5 CF 01;  クインテットウォール : %d/%d枚
ai/000.bin;0x151B6;51 5B 2F 06;Hexagonal Magus
ai/000.bin;0x151B6;18 51 8C 06;Pirate King of the Abyss, Blueheart
ai/000.bin;0x151B6;DD 9F CC 07;Blue Storm Dragon, Maelstrom
ai/000.bin;0x151B6;8D 9F AA 08;  シールドの要求値 : 
ai/000.bin;0x151B6;99 38 0E 09;Emerald Witch, LaLa
ai/000.bin;0x151B6;76 AE E0 09;Dragonic Overlord "The Яe-birth" (Trigger)
ai/000.bin;0x151B6;02 DC 8B 0D;Mond Blaukluger
ai/000.bin;0x151B6;B1 2D 5D 0E;  対象のパワー : %d(%d)%s
ai/000.bin;0x151B6;24 A1 3B 11;Rising Lionet
ai/000.bin;0x151B6;CA 98 65 11;Mythic Beast, Fenrir
ai/000.bin;0x151B6;2F 96 22 12;Dancing Wolf
ai/000.bin;0x151B6;2F CE 1C 13;Goddess of Flower Divination, Sakuya
ai/000.bin;0x151B6;9F 3C 4E 15; + %d
ai/000.bin;0x151B6;24 7A 2C 18;Flame of Hope, Aermo
ai/000.bin;0x151B6;26 7B 30 1A;Cat Butler
ai/000.bin;0x151B6;8D 20 89 1A;AI未設定 : %s %d
ai/000.bin;0x151B6;53 C3 3F 1B;Battle Siren, Orthia
ai/000.bin;0x151B6;95 31 10 1D;Seal Dragon, Kersey
ai/000.bin;0x151B6;C0 17 EB 1D;Majesty Lord Blaster (Trigger)
ai/000.bin;0x151B6;49 58 50 21;Dimensional Robo, Daijet
ai/000.bin;0x151B6;8E BC BB 21;  シールドの目標値 : 
ai/000.bin;0x151B6;00 8C ED 21;Miru Biru
ai/000.bin;0x151B6;50 41 74 23;Hope Child, Turiel
ai/000.bin;0x151B6;39 5F 97 27;Promising Knight, David
ai/000.bin;0x151B6;BE 51 F9 27;Ravenous Dragon, Battlerex
ai/000.bin;0x151B6;F7 2E E0 29;～%d
ai/000.bin;0x151B6;A6 8F 2A 2A;Brawler, Fighting Dracokid
ai/000.bin;0x151B6;44 62 0C 2D;Soundless Archer, Conductance
ai/000.bin;0x151B6;14 30 63 2D;!!!! AI ERROR !!!!\n  
ai/000.bin;0x151B6;9D D8 DB 30;Oracle Guardian, Shisa
ai/000.bin;0x151B6;68 C9 B9 31;Dreaming Dragon
ai/000.bin;0x151B6;EE 81 9E 32;Titan of the Capturing Arm
ai/000.bin;0x151B6;C5 4D EE 32;Blaster Dark "Diablo"
ai/000.bin;0x151B6;F1 28 16 33;枚しか選んでいない
ai/000.bin;0x151B6;BC 1F 35 33;  ブースター : %s
ai/000.bin;0x151B6;0F 84 8F 33;Moonlight Witch, Vaha
ai/000.bin;0x151B6;B8 BC F2 37;Ambush Demon Stealth Rogue, Kagamijishi
ai/000.bin;0x151B6;6E 42 D6 38;AI(%d) : アタック情報
ai/000.bin;0x151B6;B3 AD 45 3A;ブラスター
ai/000.bin;0x151B6;5F 07 F5 3E;Witch of Choices, Eriu
ai/000.bin;0x151B6;2B 9E 47 42;Witch of Nostrum, Arianrhod
ai/000.bin;0x151B6;03 D4 54 45; ヒットされない
ai/000.bin;0x151B6;2D 3A A7 45;AI(%d) : ガードステップ情報
ai/000.bin;0x151B6;2C A5 7B 4D;枚選択する必要があるが、
ai/000.bin;0x151B6;9F A5 E0 4F;CEO Amaterasu
ai/000.bin;0x151B6;3A D0 5B 51;Exxtreme Battler, Victor
ai/000.bin;0x151B6;A6 11 33 52;Dark Dragon, Phantom Blaster "Diablo"
ai/000.bin;0x151B6;72 A4 48 52;Magnum Assault
ai/000.bin;0x151B6;A2 CA 0A 55;Officer Cadet, Andrey
ai/000.bin;0x151B6;3C E0 6F 55;Dragonic Overlord (Break Ride)
ai/000.bin;0x151B6;B6 EB DA 55;Blue Storm Marine General, Despina
ai/000.bin;0x151B6;DE C1 45 56;解放者
ai/000.bin;0x151B6;F7 6D 78 57;Stamp Sea Otter
ai/000.bin;0x151B6;3C 63 E3 57;Skull Witch, Nemain
ai/000.bin;0x151B6;C5 AF 0D 60;Crimson Roar, Metatron
ai/000.bin;0x151B6;75 87 53 62;Knight of Reform, Ladinas
ai/000.bin;0x151B6;29 1A 85 62;Maiden of Dreaming Aroma
ai/000.bin;0x151B6;47 87 68 63;AI(%d) : 思考時間 %.3f秒 (行動カテゴリ:%d)
ai/000.bin;0x151B6;55 C8 81 63;  完全ガード : %d/%d枚
ai/000.bin;0x151B6;42 D7 DA 63;  ガーディアン候補
ai/000.bin;0x151B6;93 11 EA 68;Blue Scale Deer
ai/000.bin;0x151B6;33 8E E7 69;Duo True Sister, Meer
ai/000.bin;0x151B6;B0 4A D0 6A;Calamity Tower Wyvern
ai/000.bin;0x151B6;E8 83 60 6B;Daredevil Samurai
ai/000.bin;0x151B6;4B D4 AE 6B;  合計シールド : 
ai/000.bin;0x151B6;DC 4C 2C 6E;Flower Princess of Spring's Beginning, Primavera
ai/000.bin;0x151B6;88 DD 98 6F;Fortress Ammonite
ai/000.bin;0x151B6;11 E8 1D 70;Oracle Queen, Himiko
ai/000.bin;0x151B6;E4 FB 3C 72;Blue Storm Cadet, Anos
ai/000.bin;0x151B6;BF 35 68 72;Tidal Assault
ai/000.bin;0x151B6;29 EF C2 73;  対象(%d) : %s
ai/000.bin;0x151B6;5A 1C 38 7C;Jewel Knight, Prizmy
ai/000.bin;0x151B6;7C 3A 8B 81;Liberator, Burning Blow
ai/000.bin;0x151B6;E1 95 2F 85;Sacred Wielding Seeker, Octavius
ai/000.bin;0x151B6;DA 63 6D 85;Dimensional Robo, Daibrave
ai/000.bin;0x151B6;46 DE 4B 88;Dark Metal Dragon
ai/000.bin;0x151B6;6A D5 6E 8A;Katanaraizer
ai/000.bin;0x151B6;D1 DD 00 8D;Dark Cat
ai/000.bin;0x151B6;A0 D8 63 8D;Great Cosmic Hero, Grandgallop
ai/000.bin;0x151B6;1F 10 24 8F;上
ai/000.bin;0x151B6;6C E6 93 8F;Pitch Black Sage, Charon
ai/000.bin;0x151B6;5D 93 52 90;Lady of the Sunlight Forest
ai/000.bin;0x151B6;BB E2 E9 90;Immortal, Asura Kaiser
ai/000.bin;0x151B6;E1 26 37 94;Demonic Dragon Berserker, Chatura
ai/000.bin;0x151B6;6A 0F 95 94;  アタッカーのパワー : %d(%d)
ai/000.bin;0x151B6;7F BB 35 95;Supreme Heavenly Emperor Dragon, Dragonic Overlord "the Ace"
ai/000.bin;0x151B6;E1 3B 61 98;Fierce Leader, Zachary
ai/000.bin;0x151B6;17 6F DB 98;Dragon Monk, Gojo (V Series Start Deck)
ai/000.bin;0x151B6;0C DD 47 9B;Battle Sister, Parfait
ai/000.bin;0x151B6;1A 2D D2 9C;Myth Guard, Fomalhaut
ai/000.bin;0x151B6;CA 30 36 9F;Commander, Garry Gannon
ai/000.bin;0x151B6;69 08 3B A2;Blue Wave Dragon, Tetra-drive Dragon
ai/000.bin;0x151B6;F1 51 AA A2;Steam Fighter, Balih
ai/000.bin;0x151B6;A4 F3 D7 A7;  アタッカーのクリティカル : %d
ai/000.bin;0x151B6;BD FD F6 A7;Extreme Battler, Runbhol
ai/000.bin;0x151B6;43 39 46 AB;Blue Storm Marine General, Spyros
ai/000.bin;0x151B6;37 A8 35 AC;Petal Fairy
ai/000.bin;0x151B6;9F 77 42 AC;Flare Whip Dragon
ai/000.bin;0x151B6;DC 8C AB AC;Fire Breeze, Carrie
ai/000.bin;0x151B6;A3 70 B0 B3;Revenger, Bloodmaster
ai/000.bin;0x151B6;39 6A 36 B5;Hyper Metalborg, Heavyduke
ai/000.bin;0x151B6;F7 48 21 B9;Dragon Knight, Jaral
ai/000.bin;0x151B6;4D 11 72 B9;Glass Beads Dragon
ai/000.bin;0x151B6;88 EF 6D BC;Enigman Tornado
ai/000.bin;0x151B6;7F 60 32 BD;Weather Girl, Ramune
ai/000.bin;0x151B6;ED F8 CC BD;Final Wrench
ai/000.bin;0x151B6;11 9F 48 BE;Shura Stealth Dragon, Daranicongo
ai/000.bin;0x151B6;1D 17 4A BF;Starlight Hedgehog
ai/000.bin;0x151B6;CF AA 4F C1;Perdition Dragon, Dragonic Neoflame
ai/000.bin;0x151B6;7C 17 CE C1;Ranunculus Flower Maiden, Ahsha
ai/000.bin;0x151B6;32 A7 9C C5;Couple Dagger Sailor
ai/000.bin;0x151B6;15 6E A2 C8;Wisteria Knight
ai/000.bin;0x151B6;90 9C 38 CB;Drawing Dread
ai/000.bin;0x151B6;AB 51 A7 CB;AI(%d) : レシピ (フラグ:%08x)
ai/000.bin;0x151B6;D8 71 CC CE;Luck Bird
ai/000.bin;0x151B6;74 62 BC D2;Field Driller
ai/000.bin;0x151B6;D7 DA C1 D6;AI(%d) : 思考開始 (行動カテゴリ:%d)
ai/000.bin;0x151B6;04 75 4F D7;Blue Storm Soldier, Rascal Sweeper
ai/000.bin;0x151B6;D3 27 A4 D7;Dragon Knight, Neshat
ai/000.bin;0x151B6;7C 46 0A D9;Stealth Dragon, Dreadmaster
ai/000.bin;0x151B6;E2 CC 7C D9;Exculpate the Blaster
ai/000.bin;0x151B6;6B 1D DB DC;Machining Mosquito mkII
ai/000.bin;0x151B6;69 E8 61 E1;オーバーロード
ai/000.bin;0x151B6;7D 1F 65 E6;Beast Deity, Night Jackal
ai/000.bin;0x151B6;51 EB 60 E7;Maiden of Rainbow Wood
ai/000.bin;0x151B6;57 CD 2E E8;    
ai/000.bin;0x151B6;19 BA 6C E8;Interdimensional Dragon, Mystery-flare Dragon
ai/000.bin;0x151B6;CC 1A C6 E8;AI未設定 : attrib = %s
ai/000.bin;0x151B6;DC 5C 61 E9;Machine Gun Gloria
ai/000.bin;0x151B6;83 A0 BD E9;Grynngal Seeker
ai/000.bin;0x151B6;39 17 8B F0;Starry Skies Liberator, Guinevere
ai/000.bin;0x151B6;4B 16 BE F0;Knight of Frevor, Hector
ai/000.bin;0x151B6;BF 43 2B F1;  アタッカー : %s
ai/000.bin;0x151B6;27 25 50 F1;Bear Down Samurai
ai/000.bin;0x151B6;FC BA BC F1;Poison Mushroom
ai/000.bin;0x151B6;37 CA 90 F3;Egg Juggler
ai/000.bin;0x151B6;1B 60 84 F5;Maiden of Libra
ai/000.bin;0x151B6;FC B0 EB F6;Purification Regalia, Pure Angel
ai/000.bin;0x151B6;89 20 23 F8;下
ai/000.bin;0x151B6;DD 4C B3 F8;ターン開始 AI(%d)
ai/001.bin;0xE6B8;34 53 5F 00;Lake Maiden, Lien
ai/001.bin;0xE6B8;DC A5 CF 01;  クインテットウォール : %d/%d枚
ai/001.bin;0xE6B8;51 5B 2F 06;Hexagonal Magus
ai/001.bin;0xE6B8;DD 9F CC 07;Blue Storm Dragon, Maelstrom
ai/001.bin;0xE6B8;8D 9F AA 08;  シールドの要求値 : 
ai/001.bin;0xE6B8;76 AE E0 09;Dragonic Overlord "The Яe-birth" (Trigger)
ai/001.bin;0xE6B8;02 DC 8B 0D;Mond Blaukluger
ai/001.bin;0xE6B8;B1 2D 5D 0E;  対象のパワー : %d(%d)%s
ai/001.bin;0xE6B8;24 A1 3B 11;Rising Lionet
ai/001.bin;0xE6B8;CA 98 65 11;Mythic Beast, Fenrir
ai/001.bin;0xE6B8;2F 96 22 12;Dancing Wolf
ai/001.bin;0xE6B8;2F CE 1C 13;Goddess of Flower Divination, Sakuya
ai/001.bin;0xE6B8;9F 3C 4E 15; + %d
ai/001.bin;0xE6B8;26 7B 30 1A;Cat Butler
ai/001.bin;0xE6B8;8D 20 89 1A;AI未設定 : %s %d
ai/001.bin;0xE6B8;C0 17 EB 1D;Majesty Lord Blaster (Trigger)
ai/001.bin;0xE6B8;49 58 50 21;Dimensional Robo, Daijet
ai/001.bin;0xE6B8;8E BC BB 21;  シールドの目標値 : 
ai/001.bin;0xE6B8;00 8C ED 21;Miru Biru
ai/001.bin;0xE6B8;50 41 74 23;Hope Child, Turiel
ai/001.bin;0xE6B8;39 5F 97 27;Promising Knight, David
ai/001.bin;0xE6B8;BE 51 F9 27;Ravenous Dragon, Battlerex
ai/001.bin;0xE6B8;F7 2E E0 29;～%d
ai/001.bin;0xE6B8;A6 8F 2A 2A;Brawler, Fighting Dracokid
ai/001.bin;0xE6B8;CC 14 9E 2B;Yggdrasil Maiden, Elaine
ai/001.bin;0xE6B8;44 62 0C 2D;Soundless Archer, Conductance
ai/001.bin;0xE6B8;14 30 63 2D;!!!! AI ERROR !!!!\n  
ai/001.bin;0xE6B8;EE 81 9E 32;Titan of the Capturing Arm
ai/001.bin;0xE6B8;C5 4D EE 32;Blaster Dark "Diablo"
ai/001.bin;0xE6B8;F1 28 16 33;枚しか選んでいない
ai/001.bin;0xE6B8;BC 1F 35 33;  ブースター : %s
ai/001.bin;0xE6B8;B8 BC F2 37;Ambush Demon Stealth Rogue, Kagamijishi
ai/001.bin;0xE6B8;6E 42 D6 38;AI(%d) : アタック情報
ai/001.bin;0xE6B8;B3 AD 45 3A;ブラスター
ai/001.bin;0xE6B8;2A D7 66 43;Starlight Unicorn
ai/001.bin;0xE6B8;03 D4 54 45; ヒットされない
ai/001.bin;0xE6B8;2D 3A A7 45;AI(%d) : ガードステップ情報
ai/001.bin;0xE6B8;2C A5 7B 4D;枚選択する必要があるが、
ai/001.bin;0xE6B8;9F A5 E0 4F;CEO Amaterasu
ai/001.bin;0xE6B8;3A D0 5B 51;Exxtreme Battler, Victor
ai/001.bin;0xE6B8;A6 11 33 52;Dark Dragon, Phantom Blaster "Diablo"
ai/001.bin;0xE6B8;3C E0 6F 55;Dragonic Overlord (Break Ride)
ai/001.bin;0xE6B8;DE C1 45 56;解放者
ai/001.bin;0xE6B8;F7 6D 78 57;Stamp Sea Otter
ai/001.bin;0xE6B8;C5 AF 0D 60;Crimson Roar, Metatron
ai/001.bin;0xE6B8;80 B0 30 62;Knight of the Harp, Tristan
ai/001.bin;0xE6B8;75 87 53 62;Knight of Reform, Ladinas
ai/001.bin;0xE6B8;47 87 68 63;AI(%d) : 思考時間 %.3f秒 (行動カテゴリ:%d)
ai/001.bin;0xE6B8;55 C8 81 63;  完全ガード : %d/%d枚
ai/001.bin;0xE6B8;42 D7 DA 63;  ガーディアン候補
ai/001.bin;0xE6B8;33 8E E7 69;Duo True Sister, Meer
ai/001.bin;0xE6B8;E8 83 60 6B;Daredevil Samurai
ai/001.bin;0xE6B8;4B D4 AE 6B;  合計シールド : 
ai/001.bin;0xE6B8;DC 4C 2C 6E;Flower Princess of Spring's Beginning, Primavera
ai/001.bin;0xE6B8;11 E8 1D 70;Oracle Queen, Himiko
ai/001.bin;0xE6B8;34 2D 13 71;Solitary Knight, Gancelot
ai/001.bin;0xE6B8;E4 FB 3C 72;Blue Storm Cadet, Anos
ai/001.bin;0xE6B8;29 EF C2 73;  対象(%d) : %s
ai/001.bin;0xE6B8;0F DA 93 75;Weapons Dealer, Govannon
ai/001.bin;0xE6B8;6E C1 EE 75;Little Sage, Marron
ai/001.bin;0xE6B8;FA 66 76 77;Knight of Rose, Morgana
ai/001.bin;0xE6B8;5A 1C 38 7C;Jewel Knight, Prizmy
ai/001.bin;0xE6B8;7C 3A 8B 81;Liberator, Burning Blow
ai/001.bin;0xE6B8;E1 95 2F 85;Sacred Wielding Seeker, Octavius
ai/001.bin;0xE6B8;DA 63 6D 85;Dimensional Robo, Daibrave
ai/001.bin;0xE6B8;C6 59 9B 86;Flogal
ai/001.bin;0xE6B8;46 DE 4B 88;Dark Metal Dragon
ai/001.bin;0xE6B8;6A D5 6E 8A;Katanaraizer
ai/001.bin;0xE6B8;A0 D8 63 8D;Great Cosmic Hero, Grandgallop
ai/001.bin;0xE6B8;00 F9 E6 8E;Covenant Knight, Randolf
ai/001.bin;0xE6B8;1F 10 24 8F;上
ai/001.bin;0xE6B8;6C E6 93 8F;Pitch Black Sage, Charon
ai/001.bin;0xE6B8;BB E2 E9 90;Immortal, Asura Kaiser
ai/001.bin;0xE6B8;E1 26 37 94;Demonic Dragon Berserker, Chatura
ai/001.bin;0xE6B8;6A 0F 95 94;  アタッカーのパワー : %d(%d)
ai/001.bin;0xE6B8;7F BB 35 95;Supreme Heavenly Emperor Dragon, Dragonic Overlord "the Ace"
ai/001.bin;0xE6B8;0C DD 47 9B;Battle Sister, Parfait
ai/001.bin;0xE6B8;1A 2D D2 9C;Myth Guard, Fomalhaut
ai/001.bin;0xE6B8;69 08 3B A2;Blue Wave Dragon, Tetra-drive Dragon
ai/001.bin;0xE6B8;F1 51 AA A2;Steam Fighter, Balih
ai/001.bin;0xE6B8;A4 F3 D7 A7;  アタッカーのクリティカル : %d
ai/001.bin;0xE6B8;BD FD F6 A7;Extreme Battler, Runbhol
ai/001.bin;0xE6B8;9F 77 42 AC;Flare Whip Dragon
ai/001.bin;0xE6B8;DD 1B C6 AC;Stardust Trumpeter
ai/001.bin;0xE6B8;39 6A 36 B5;Hyper Metalborg, Heavyduke
ai/001.bin;0xE6B8;F7 48 21 B9;Dragon Knight, Jaral
ai/001.bin;0xE6B8;A1 A1 07 BB;Crimson Butterfly, Brigitte
ai/001.bin;0xE6B8;88 EF 6D BC;Enigman Tornado
ai/001.bin;0xE6B8;ED F8 CC BD;Final Wrench
ai/001.bin;0xE6B8;11 9F 48 BE;Shura Stealth Dragon, Daranicongo
ai/001.bin;0xE6B8;CF AA 4F C1;Perdition Dragon, Dragonic Neoflame
ai/001.bin;0xE6B8;7C 17 CE C1;Ranunculus Flower Maiden, Ahsha
ai/001.bin;0xE6B8;15 6E A2 C8;Wisteria Knight
ai/001.bin;0xE6B8;AB 51 A7 CB;AI(%d) : レシピ (フラグ:%08x)
ai/001.bin;0xE6B8;B0 72 E5 CB;Blaster Blade (No Ability)
ai/001.bin;0xE6B8;9D 57 C2 D1;Knight of Silence, Gallatin
ai/001.bin;0xE6B8;D7 DA C1 D6;AI(%d) : 思考開始 (行動カテゴリ:%d)
ai/001.bin;0xE6B8;7C 46 0A D9;Stealth Dragon, Dreadmaster
ai/001.bin;0xE6B8;E2 CC 7C D9;Exculpate the Blaster
ai/001.bin;0xE6B8;6B 1D DB DC;Machining Mosquito mkII
ai/001.bin;0xE6B8;AF 82 E7 DC;Knight of Conviction, Bors
ai/001.bin;0xE6B8;69 E8 61 E1;オーバーロード
ai/001.bin;0xE6B8;66 21 B6 E2;Wingal
ai/001.bin;0xE6B8;7D 1F 65 E6;Beast Deity, Night Jackal
ai/001.bin;0xE6B8;57 CD 2E E8;    
ai/001.bin;0xE6B8;CC 1A C6 E8;AI未設定 : attrib = %s
ai/001.bin;0xE6B8;83 A0 BD E9;Grynngal Seeker
ai/001.bin;0xE6B8;39 17 8B F0;Starry Skies Liberator, Guinevere
ai/001.bin;0xE6B8;4B 16 BE F0;Knight of Frevor, Hector
ai/001.bin;0xE6B8;BF 43 2B F1;  アタッカー : %s
ai/001.bin;0xE6B8;27 25 50 F1;Bear Down Samurai
ai/001.bin;0xE6B8;FC B0 EB F6;Purification Regalia, Pure Angel
ai/001.bin;0xE6B8;89 20 23 F8;下
ai/001.bin;0xE6B8;DD 4C B3 F8;ターン開始 AI(%d)
ai/001.bin;0xE6B8;97 B0 A0 FB;Bringer of Good Luck, Epona
ai/002.bin;0xE7C6;DC A5 CF 01;  クインテットウォール : %d/%d枚
ai/002.bin;0xE7C6;51 5B 2F 06;Hexagonal Magus
ai/002.bin;0xE7C6;DD 9F CC 07;Blue Storm Dragon, Maelstrom
ai/002.bin;0xE7C6;8D 9F AA 08;  シールドの要求値 : 
ai/002.bin;0xE7C6;76 AE E0 09;Dragonic Overlord "The Яe-birth" (Trigger)
ai/002.bin;0xE7C6;02 DC 8B 0D;Mond Blaukluger
ai/002.bin;0xE7C6;B1 2D 5D 0E;  対象のパワー : %d(%d)%s
ai/002.bin;0xE7C6;24 A1 3B 11;Rising Lionet
ai/002.bin;0xE7C6;CA 98 65 11;Mythic Beast, Fenrir
ai/002.bin;0xE7C6;2F 96 22 12;Dancing Wolf
ai/002.bin;0xE7C6;2F CE 1C 13;Goddess of Flower Divination, Sakuya
ai/002.bin;0xE7C6;9F 3C 4E 15; + %d
ai/002.bin;0xE7C6;AF FB 60 16;Wyvern Strike, Tejas
ai/002.bin;0xE7C6;F7 00 FA 17;Wyvern Strike, Jarran
ai/002.bin;0xE7C6;24 7A 2C 18;Flame of Hope, Aermo
ai/002.bin;0xE7C6;8A E5 A7 19;Berserk Dragon
ai/002.bin;0xE7C6;26 7B 30 1A;Cat Butler
ai/002.bin;0xE7C6;8D 20 89 1A;AI未設定 : %s %d
ai/002.bin;0xE7C6;95 31 10 1D;Seal Dragon, Kersey
ai/002.bin;0xE7C6;43 68 8A 1D;Dragon Knight, Nehalem (V Series Start Deck)
ai/002.bin;0xE7C6;49 58 50 21;Dimensional Robo, Daijet
ai/002.bin;0xE7C6;8E BC BB 21;  シールドの目標値 : 
ai/002.bin;0xE7C6;50 41 74 23;Hope Child, Turiel
ai/002.bin;0xE7C6;39 5F 97 27;Promising Knight, David
ai/002.bin;0xE7C6;BE 51 F9 27;Ravenous Dragon, Battlerex
ai/002.bin;0xE7C6;F7 2E E0 29;～%d
ai/002.bin;0xE7C6;A6 8F 2A 2A;Brawler, Fighting Dracokid
ai/002.bin;0xE7C6;44 62 0C 2D;Soundless Archer, Conductance
ai/002.bin;0xE7C6;14 30 63 2D;!!!! AI ERROR !!!!\n  
ai/002.bin;0xE7C6;EE 81 9E 32;Titan of the Capturing Arm
ai/002.bin;0xE7C6;C5 4D EE 32;Blaster Dark "Diablo"
ai/002.bin;0xE7C6;F1 28 16 33;枚しか選んでいない
ai/002.bin;0xE7C6;BC 1F 35 33;  ブースター : %s
ai/002.bin;0xE7C6;79 9C 06 34;Dragon Monk, Genjo
ai/002.bin;0xE7C6;B8 BC F2 37;Ambush Demon Stealth Rogue, Kagamijishi
ai/002.bin;0xE7C6;6E 42 D6 38;AI(%d) : アタック情報
ai/002.bin;0xE7C6;B3 AD 45 3A;ブラスター
ai/002.bin;0xE7C6;03 D4 54 45; ヒットされない
ai/002.bin;0xE7C6;2D 3A A7 45;AI(%d) : ガードステップ情報
ai/002.bin;0xE7C6;2C A5 7B 4D;枚選択する必要があるが、
ai/002.bin;0xE7C6;9F A5 E0 4F;CEO Amaterasu
ai/002.bin;0xE7C6;3A D0 5B 51;Exxtreme Battler, Victor
ai/002.bin;0xE7C6;A6 11 33 52;Dark Dragon, Phantom Blaster "Diablo"
ai/002.bin;0xE7C6;3C E0 6F 55;Dragonic Overlord (Break Ride)
ai/002.bin;0xE7C6;DE C1 45 56;解放者
ai/002.bin;0xE7C6;F7 6D 78 57;Stamp Sea Otter
ai/002.bin;0xE7C6;C5 AF 0D 60;Crimson Roar, Metatron
ai/002.bin;0xE7C6;47 87 68 63;AI(%d) : 思考時間 %.3f秒 (行動カテゴリ:%d)
ai/002.bin;0xE7C6;55 C8 81 63;  完全ガード : %d/%d枚
ai/002.bin;0xE7C6;42 D7 DA 63;  ガーディアン候補
ai/002.bin;0xE7C6;B3 A1 C5 64;Lizard Soldier, Ganlu
ai/002.bin;0xE7C6;33 8E E7 69;Duo True Sister, Meer
ai/002.bin;0xE7C6;B0 4A D0 6A;Calamity Tower Wyvern
ai/002.bin;0xE7C6;E8 83 60 6B;Daredevil Samurai
ai/002.bin;0xE7C6;4B D4 AE 6B;  合計シールド : 
ai/002.bin;0xE7C6;DC 4C 2C 6E;Flower Princess of Spring's Beginning, Primavera
ai/002.bin;0xE7C6;11 E8 1D 70;Oracle Queen, Himiko
ai/002.bin;0xE7C6;57 49 B8 70;Demonic Dragon Mage, Rakshasa
ai/002.bin;0xE7C6;E4 FB 3C 72;Blue Storm Cadet, Anos
ai/002.bin;0xE7C6;29 EF C2 73;  対象(%d) : %s
ai/002.bin;0xE7C6;7C 3A 8B 81;Liberator, Burning Blow
ai/002.bin;0xE7C6;DA 63 6D 85;Dimensional Robo, Daibrave
ai/002.bin;0xE7C6;46 DE 4B 88;Dark Metal Dragon
ai/002.bin;0xE7C6;E7 DC 30 8A;Lizard Runner, Undeux
ai/002.bin;0xE7C6;6A D5 6E 8A;Katanaraizer
ai/002.bin;0xE7C6;A0 D8 63 8D;Great Cosmic Hero, Grandgallop
ai/002.bin;0xE7C6;1F 10 24 8F;上
ai/002.bin;0xE7C6;6C E6 93 8F;Pitch Black Sage, Charon
ai/002.bin;0xE7C6;BB E2 E9 90;Immortal, Asura Kaiser
ai/002.bin;0xE7C6;E1 26 37 94;Demonic Dragon Berserker, Chatura
ai/002.bin;0xE7C6;6A 0F 95 94;  アタッカーのパワー : %d(%d)
ai/002.bin;0xE7C6;7F BB 35 95;Supreme Heavenly Emperor Dragon, Dragonic Overlord "the Ace"
ai/002.bin;0xE7C6;17 6F DB 98;Dragon Monk, Gojo (V Series Start Deck)
ai/002.bin;0xE7C6;0C DD 47 9B;Battle Sister, Parfait
ai/002.bin;0xE7C6;1A 2D D2 9C;Myth Guard, Fomalhaut
ai/002.bin;0xE7C6;69 08 3B A2;Blue Wave Dragon, Tetra-drive Dragon
ai/002.bin;0xE7C6;F1 51 AA A2;Steam Fighter, Balih
ai/002.bin;0xE7C6;A4 F3 D7 A7;  アタッカーのクリティカル : %d
ai/002.bin;0xE7C6;BD FD F6 A7;Extreme Battler, Runbhol
ai/002.bin;0xE7C6;9F 77 42 AC;Flare Whip Dragon
ai/002.bin;0xE7C6;E8 2D 61 B3;Embodiment of Armor, Bahr (V Series Start Deck)
ai/002.bin;0xE7C6;39 6A 36 B5;Hyper Metalborg, Heavyduke
ai/002.bin;0xE7C6;F7 48 21 B9;Dragon Knight, Jaral
ai/002.bin;0xE7C6;8A 34 67 B9;Dragon Dancer, Monica
ai/002.bin;0xE7C6;88 EF 6D BC;Enigman Tornado
ai/002.bin;0xE7C6;ED F8 CC BD;Final Wrench
ai/002.bin;0xE7C6;11 9F 48 BE;Shura Stealth Dragon, Daranicongo
ai/002.bin;0xE7C6;CF AA 4F C1;Perdition Dragon, Dragonic Neoflame
ai/002.bin;0xE7C6;7C 17 CE C1;Ranunculus Flower Maiden, Ahsha
ai/002.bin;0xE7C6;15 6E A2 C8;Wisteria Knight
ai/002.bin;0xE7C6;AB 51 A7 CB;AI(%d) : レシピ (フラグ:%08x)
ai/002.bin;0xE7C6;D7 DA C1 D6;AI(%d) : 思考開始 (行動カテゴリ:%d)
ai/002.bin;0xE7C6;D3 27 A4 D7;Dragon Knight, Neshat
ai/002.bin;0xE7C6;7C 46 0A D9;Stealth Dragon, Dreadmaster
ai/002.bin;0xE7C6;6B 1D DB DC;Machining Mosquito mkII
ai/002.bin;0xE7C6;46 CC 54 E0;Demonic Dragon Berserker, Yaksha
ai/002.bin;0xE7C6;69 E8 61 E1;オーバーロード
ai/002.bin;0xE7C6;7D 1F 65 E6;Beast Deity, Night Jackal
ai/002.bin;0xE7C6;57 CD 2E E8;    
ai/002.bin;0xE7C6;CC 1A C6 E8;AI未設定 : attrib = %s
ai/002.bin;0xE7C6;7E 7A 8B EE;Demonic Dragon Madonna, Joka
ai/002.bin;0xE7C6;39 17 8B F0;Starry Skies Liberator, Guinevere
ai/002.bin;0xE7C6;4B 16 BE F0;Knight of Frevor, Hector
ai/002.bin;0xE7C6;BF 43 2B F1;  アタッカー : %s
ai/002.bin;0xE7C6;27 25 50 F1;Bear Down Samurai
ai/002.bin;0xE7C6;FC B0 EB F6;Purification Regalia, Pure Angel
ai/002.bin;0xE7C6;89 20 23 F8;下
ai/002.bin;0xE7C6;DD 4C B3 F8;ターン開始 AI(%d)
ai/002.bin;0xE7C6;8E 8E D8 FD;Dragon Monk, Goku
ai/003.bin;0xE7A2;DC A5 CF 01;  クインテットウォール : %d/%d枚
ai/003.bin;0xE7A2;51 5B 2F 06;Hexagonal Magus
ai/003.bin;0xE7A2;DD 9F CC 07;Blue Storm Dragon, Maelstrom
ai/003.bin;0xE7A2;8D 9F AA 08;  シールドの要求値 : 
ai/003.bin;0xE7A2;76 AE E0 09;Dragonic Overlord "The Яe-birth" (Trigger)
ai/003.bin;0xE7A2;02 DC 8B 0D;Mond Blaukluger
ai/003.bin;0xE7A2;B1 2D 5D 0E;  対象のパワー : %d(%d)%s
ai/003.bin;0xE7A2;24 A1 3B 11;Rising Lionet
ai/003.bin;0xE7A2;CA 98 65 11;Mythic Beast, Fenrir
ai/003.bin;0xE7A2;2F 96 22 12;Dancing Wolf
ai/003.bin;0xE7A2;2F CE 1C 13;Goddess of Flower Divination, Sakuya
ai/003.bin;0xE7A2;9F 3C 4E 15; + %d
ai/003.bin;0xE7A2;26 7B 30 1A;Cat Butler
ai/003.bin;0xE7A2;8D 20 89 1A;AI未設定 : %s %d
ai/003.bin;0xE7A2;49 58 50 21;Dimensional Robo, Daijet
ai/003.bin;0xE7A2;8E BC BB 21;  シールドの目標値 : 
ai/003.bin;0xE7A2;50 41 74 23;Hope Child, Turiel
ai/003.bin;0xE7A2;EB 18 03 26;Death Metal Droid
ai/003.bin;0xE7A2;39 5F 97 27;Promising Knight, David
ai/003.bin;0xE7A2;BE 51 F9 27;Ravenous Dragon, Battlerex
ai/003.bin;0xE7A2;F7 2E E0 29;～%d
ai/003.bin;0xE7A2;A6 8F 2A 2A;Brawler, Fighting Dracokid
ai/003.bin;0xE7A2;44 62 0C 2D;Soundless Archer, Conductance
ai/003.bin;0xE7A2;14 30 63 2D;!!!! AI ERROR !!!!\n  
ai/003.bin;0xE7A2;EE 81 9E 32;Titan of the Capturing Arm
ai/003.bin;0xE7A2;C5 4D EE 32;Blaster Dark "Diablo"
ai/003.bin;0xE7A2;F1 28 16 33;枚しか選んでいない
ai/003.bin;0xE7A2;BC 1F 35 33;  ブースター : %s
ai/003.bin;0xE7A2;B8 BC F2 37;Ambush Demon Stealth Rogue, Kagamijishi
ai/003.bin;0xE7A2;BC 38 83 38;NGM Prototype
ai/003.bin;0xE7A2;6E 42 D6 38;AI(%d) : アタック情報
ai/003.bin;0xE7A2;B3 AD 45 3A;ブラスター
ai/003.bin;0xE7A2;FD 78 8F 3D;King of Sword
ai/003.bin;0xE7A2;A5 2D A8 40;Screamin' and Dancin' Announcer, Shout
ai/003.bin;0xE7A2;03 D4 54 45; ヒットされない
ai/003.bin;0xE7A2;2D 3A A7 45;AI(%d) : ガードステップ情報
ai/003.bin;0xE7A2;2C A5 7B 4D;枚選択する必要があるが、
ai/003.bin;0xE7A2;9F A5 E0 4F;CEO Amaterasu
ai/003.bin;0xE7A2;3A D0 5B 51;Exxtreme Battler, Victor
ai/003.bin;0xE7A2;A6 11 33 52;Dark Dragon, Phantom Blaster "Diablo"
ai/003.bin;0xE7A2;3C E0 6F 55;Dragonic Overlord (Break Ride)
ai/003.bin;0xE7A2;DE C1 45 56;解放者
ai/003.bin;0xE7A2;F7 6D 78 57;Stamp Sea Otter
ai/003.bin;0xE7A2;ED 6E 33 58;Oasis Girl
ai/003.bin;0xE7A2;C5 AF 0D 60;Crimson Roar, Metatron
ai/003.bin;0xE7A2;47 87 68 63;AI(%d) : 思考時間 %.3f秒 (行動カテゴリ:%d)
ai/003.bin;0xE7A2;55 C8 81 63;  完全ガード : %d/%d枚
ai/003.bin;0xE7A2;42 D7 DA 63;  ガーディアン候補
ai/003.bin;0xE7A2;33 8E E7 69;Duo True Sister, Meer
ai/003.bin;0xE7A2;40 96 74 6A;Shining Lady
ai/003.bin;0xE7A2;E8 83 60 6B;Daredevil Samurai
ai/003.bin;0xE7A2;4B D4 AE 6B;  合計シールド : 
ai/003.bin;0xE7A2;DC 4C 2C 6E;Flower Princess of Spring's Beginning, Primavera
ai/003.bin;0xE7A2;11 E8 1D 70;Oracle Queen, Himiko
ai/003.bin;0xE7A2;E4 FB 3C 72;Blue Storm Cadet, Anos
ai/003.bin;0xE7A2;29 EF C2 73;  対象(%d) : %s
ai/003.bin;0xE7A2;60 BE 05 81;Queen of Heart
ai/003.bin;0xE7A2;7C 3A 8B 81;Liberator, Burning Blow
ai/003.bin;0xE7A2;91 C4 9E 83;Super Electromagnetic Lifeform, Storm
ai/003.bin;0xE7A2;DA 63 6D 85;Dimensional Robo, Daibrave
ai/003.bin;0xE7A2;46 DE 4B 88;Dark Metal Dragon
ai/003.bin;0xE7A2;6A D5 6E 8A;Katanaraizer
ai/003.bin;0xE7A2;A0 D8 63 8D;Great Cosmic Hero, Grandgallop
ai/003.bin;0xE7A2;5F 02 08 8E;Tough Boy
ai/003.bin;0xE7A2;1F 10 24 8F;上
ai/003.bin;0xE7A2;6C E6 93 8F;Pitch Black Sage, Charon
ai/003.bin;0xE7A2;D6 7A B7 8F;Gold Rutile
ai/003.bin;0xE7A2;BB E2 E9 90;Immortal, Asura Kaiser
ai/003.bin;0xE7A2;E1 26 37 94;Demonic Dragon Berserker, Chatura
ai/003.bin;0xE7A2;6A 0F 95 94;  アタッカーのパワー : %d(%d)
ai/003.bin;0xE7A2;7F BB 35 95;Supreme Heavenly Emperor Dragon, Dragonic Overlord "the Ace"
ai/003.bin;0xE7A2;BB DC 97 95;Battleraizer
ai/003.bin;0xE7A2;0C DD 47 9B;Battle Sister, Parfait
ai/003.bin;0xE7A2;1A 2D D2 9C;Myth Guard, Fomalhaut
ai/003.bin;0xE7A2;69 08 3B A2;Blue Wave Dragon, Tetra-drive Dragon
ai/003.bin;0xE7A2;F1 51 AA A2;Steam Fighter, Balih
ai/003.bin;0xE7A2;A4 F3 D7 A7;  アタッカーのクリティカル : %d
ai/003.bin;0xE7A2;BD FD F6 A7;Extreme Battler, Runbhol
ai/003.bin;0xE7A2;9F 77 42 AC;Flare Whip Dragon
ai/003.bin;0xE7A2;63 2E 05 B5;Ring Girl, Clara
ai/003.bin;0xE7A2;39 6A 36 B5;Hyper Metalborg, Heavyduke
ai/003.bin;0xE7A2;F7 48 21 B9;Dragon Knight, Jaral
ai/003.bin;0xE7A2;88 EF 6D BC;Enigman Tornado
ai/003.bin;0xE7A2;ED F8 CC BD;Final Wrench
ai/003.bin;0xE7A2;13 A0 16 BE;Battering Minotaur
ai/003.bin;0xE7A2;11 9F 48 BE;Shura Stealth Dragon, Daranicongo
ai/003.bin;0xE7A2;1D 17 4A BF;Starlight Hedgehog
ai/003.bin;0xE7A2;CF AA 4F C1;Perdition Dragon, Dragonic Neoflame
ai/003.bin;0xE7A2;7C 17 CE C1;Ranunculus Flower Maiden, Ahsha
ai/003.bin;0xE7A2;15 6E A2 C8;Wisteria Knight
ai/003.bin;0xE7A2;AB 51 A7 CB;AI(%d) : レシピ (フラグ:%08x)
ai/003.bin;0xE7A2;D7 DA C1 D6;AI(%d) : 思考開始 (行動カテゴリ:%d)
ai/003.bin;0xE7A2;7C 46 0A D9;Stealth Dragon, Dreadmaster
ai/003.bin;0xE7A2;6B 1D DB DC;Machining Mosquito mkII
ai/003.bin;0xE7A2;69 E8 61 E1;オーバーロード
ai/003.bin;0xE7A2;7D 1F 65 E6;Beast Deity, Night Jackal
ai/003.bin;0xE7A2;51 49 33 E7;Cannon Ball
ai/003.bin;0xE7A2;57 CD 2E E8;    
ai/003.bin;0xE7A2;CC 1A C6 E8;AI未設定 : attrib = %s
ai/003.bin;0xE7A2;39 17 8B F0;Starry Skies Liberator, Guinevere
ai/003.bin;0xE7A2;4B 16 BE F0;Knight of Frevor, Hector
ai/003.bin;0xE7A2;BF 43 2B F1;  アタッカー : %s
ai/003.bin;0xE7A2;27 25 50 F1;Bear Down Samurai
ai/003.bin;0xE7A2;B0 FF 0D F4;Mr.インビンシブル
ai/003.bin;0xE7A2;FC B0 EB F6;Purification Regalia, Pure Angel
ai/003.bin;0xE7A2;89 20 23 F8;下
ai/003.bin;0xE7A2;DD 4C B3 F8;ターン開始 AI(%d)
ai/004.bin;0xE65A;DC A5 CF 01;  クインテットウォール : %d/%d枚
ai/004.bin;0xE65A;51 5B 2F 06;Hexagonal Magus
ai/004.bin;0xE65A;DD 9F CC 07;Blue Storm Dragon, Maelstrom
ai/004.bin;0xE65A;8D 9F AA 08;  シールドの要求値 : 
ai/004.bin;0xE65A;99 38 0E 09;Emerald Witch, LaLa
ai/004.bin;0xE65A;76 AE E0 09;Dragonic Overlord "The Яe-birth" (Trigger)
ai/004.bin;0xE65A;02 DC 8B 0D;Mond Blaukluger
ai/004.bin;0xE65A;B1 2D 5D 0E;  対象のパワー : %d(%d)%s
ai/004.bin;0xE65A;24 A1 3B 11;Rising Lionet
ai/004.bin;0xE65A;CA 98 65 11;Mythic Beast, Fenrir
ai/004.bin;0xE65A;2F 96 22 12;Dancing Wolf
ai/004.bin;0xE65A;2F CE 1C 13;Goddess of Flower Divination, Sakuya
ai/004.bin;0xE65A;9F 3C 4E 15; + %d
ai/004.bin;0xE65A;A4 3B 6B 17;Meteor Break Wizard
ai/004.bin;0xE65A;26 7B 30 1A;Cat Butler
ai/004.bin;0xE65A;8D 20 89 1A;AI未設定 : %s %d
ai/004.bin;0xE65A;49 58 50 21;Dimensional Robo, Daijet
ai/004.bin;0xE65A;8E BC BB 21;  シールドの目標値 : 
ai/004.bin;0xE65A;5F 88 F1 22;Oracle Guardian, Gemini
ai/004.bin;0xE65A;50 41 74 23;Hope Child, Turiel
ai/004.bin;0xE65A;39 5F 97 27;Promising Knight, David
ai/004.bin;0xE65A;BE 51 F9 27;Ravenous Dragon, Battlerex
ai/004.bin;0xE65A;F7 2E E0 29;～%d
ai/004.bin;0xE65A;A6 8F 2A 2A;Brawler, Fighting Dracokid
ai/004.bin;0xE65A;44 62 0C 2D;Soundless Archer, Conductance
ai/004.bin;0xE65A;14 30 63 2D;!!!! AI ERROR !!!!\n  
ai/004.bin;0xE65A;9D D8 DB 30;Oracle Guardian, Shisa
ai/004.bin;0xE65A;EE 81 9E 32;Titan of the Capturing Arm
ai/004.bin;0xE65A;C5 4D EE 32;Blaster Dark "Diablo"
ai/004.bin;0xE65A;F1 28 16 33;枚しか選んでいない
ai/004.bin;0xE65A;BC 1F 35 33;  ブースター : %s
ai/004.bin;0xE65A;B8 BC F2 37;Ambush Demon Stealth Rogue, Kagamijishi
ai/004.bin;0xE65A;6E 42 D6 38;AI(%d) : アタック情報
ai/004.bin;0xE65A;7B 8B 02 39;Oracle Guardian, Nike
ai/004.bin;0xE65A;B3 AD 45 3A;ブラスター
ai/004.bin;0xE65A;DE B5 C6 3E;Oracle Guardian, Wiseman
ai/004.bin;0xE65A;14 75 AA 43;Battle Sister, Maple
ai/004.bin;0xE65A;03 D4 54 45; ヒットされない
ai/004.bin;0xE65A;2D 3A A7 45;AI(%d) : ガードステップ情報
ai/004.bin;0xE65A;2C A5 7B 4D;枚選択する必要があるが、
ai/004.bin;0xE65A;9F A5 E0 4F;CEO Amaterasu
ai/004.bin;0xE65A;3A D0 5B 51;Exxtreme Battler, Victor
ai/004.bin;0xE65A;A6 11 33 52;Dark Dragon, Phantom Blaster "Diablo"
ai/004.bin;0xE65A;3C E0 6F 55;Dragonic Overlord (Break Ride)
ai/004.bin;0xE65A;DE C1 45 56;解放者
ai/004.bin;0xE65A;F7 6D 78 57;Stamp Sea Otter
ai/004.bin;0xE65A;6B 5E 01 5E;Dream Eater
ai/004.bin;0xE65A;C5 AF 0D 60;Crimson Roar, Metatron
ai/004.bin;0xE65A;47 87 68 63;AI(%d) : 思考時間 %.3f秒 (行動カテゴリ:%d)
ai/004.bin;0xE65A;55 C8 81 63;  完全ガード : %d/%d枚
ai/004.bin;0xE65A;42 D7 DA 63;  ガーディアン候補
ai/004.bin;0xE65A;93 11 EA 68;Blue Scale Deer
ai/004.bin;0xE65A;33 8E E7 69;Duo True Sister, Meer
ai/004.bin;0xE65A;E8 83 60 6B;Daredevil Samurai
ai/004.bin;0xE65A;4B D4 AE 6B;  合計シールド : 
ai/004.bin;0xE65A;DC 4C 2C 6E;Flower Princess of Spring's Beginning, Primavera
ai/004.bin;0xE65A;11 E8 1D 70;Oracle Queen, Himiko
ai/004.bin;0xE65A;E4 FB 3C 72;Blue Storm Cadet, Anos
ai/004.bin;0xE65A;29 EF C2 73;  対象(%d) : %s
ai/004.bin;0xE65A;7C 3A 8B 81;Liberator, Burning Blow
ai/004.bin;0xE65A;DA 63 6D 85;Dimensional Robo, Daibrave
ai/004.bin;0xE65A;46 DE 4B 88;Dark Metal Dragon
ai/004.bin;0xE65A;6A D5 6E 8A;Katanaraizer
ai/004.bin;0xE65A;D1 DD 00 8D;Dark Cat
ai/004.bin;0xE65A;A0 D8 63 8D;Great Cosmic Hero, Grandgallop
ai/004.bin;0xE65A;1F 10 24 8F;上
ai/004.bin;0xE65A;6C E6 93 8F;Pitch Black Sage, Charon
ai/004.bin;0xE65A;09 A7 0B 90;Lozenge Magus
ai/004.bin;0xE65A;BB E2 E9 90;Immortal, Asura Kaiser
ai/004.bin;0xE65A;E1 26 37 94;Demonic Dragon Berserker, Chatura
ai/004.bin;0xE65A;6A 0F 95 94;  アタッカーのパワー : %d(%d)
ai/004.bin;0xE65A;7F BB 35 95;Supreme Heavenly Emperor Dragon, Dragonic Overlord "the Ace"
ai/004.bin;0xE65A;7E E8 0B 9B;Sword Dancer Angel
ai/004.bin;0xE65A;0C DD 47 9B;Battle Sister, Parfait
ai/004.bin;0xE65A;1A 2D D2 9C;Myth Guard, Fomalhaut
ai/004.bin;0xE65A;48 EB E4 A0;Oracle Guardian, Apollon
ai/004.bin;0xE65A;69 08 3B A2;Blue Wave Dragon, Tetra-drive Dragon
ai/004.bin;0xE65A;F1 51 AA A2;Steam Fighter, Balih
ai/004.bin;0xE65A;A4 F3 D7 A7;  アタッカーのクリティカル : %d
ai/004.bin;0xE65A;BD FD F6 A7;Extreme Battler, Runbhol
ai/004.bin;0xE65A;37 A8 35 AC;Petal Fairy
ai/004.bin;0xE65A;9F 77 42 AC;Flare Whip Dragon
ai/004.bin;0xE65A;39 6A 36 B5;Hyper Metalborg, Heavyduke
ai/004.bin;0xE65A;F7 48 21 B9;Dragon Knight, Jaral
ai/004.bin;0xE65A;88 EF 6D BC;Enigman Tornado
ai/004.bin;0xE65A;7F 60 32 BD;Weather Girl, Ramune
ai/004.bin;0xE65A;ED F8 CC BD;Final Wrench
ai/004.bin;0xE65A;11 9F 48 BE;Shura Stealth Dragon, Daranicongo
ai/004.bin;0xE65A;CF AA 4F C1;Perdition Dragon, Dragonic Neoflame
ai/004.bin;0xE65A;7C 17 CE C1;Ranunculus Flower Maiden, Ahsha
ai/004.bin;0xE65A;15 6E A2 C8;Wisteria Knight
ai/004.bin;0xE65A;AB 51 A7 CB;AI(%d) : レシピ (フラグ:%08x)
ai/004.bin;0xE65A;D8 71 CC CE;Luck Bird
ai/004.bin;0xE65A;D7 DA C1 D6;AI(%d) : 思考開始 (行動カテゴリ:%d)
ai/004.bin;0xE65A;7C 46 0A D9;Stealth Dragon, Dreadmaster
ai/004.bin;0xE65A;6B 1D DB DC;Machining Mosquito mkII
ai/004.bin;0xE65A;71 0B B9 E0;Security Guardian
ai/004.bin;0xE65A;69 E8 61 E1;オーバーロード
ai/004.bin;0xE65A;7D 1F 65 E6;Beast Deity, Night Jackal
ai/004.bin;0xE65A;57 CD 2E E8;    
ai/004.bin;0xE65A;CC 1A C6 E8;AI未設定 : attrib = %s
ai/004.bin;0xE65A;B2 ED 31 EE;Victory Maker
ai/004.bin;0xE65A;39 17 8B F0;Starry Skies Liberator, Guinevere
ai/004.bin;0xE65A;4B 16 BE F0;Knight of Frevor, Hector
ai/004.bin;0xE65A;BF 43 2B F1;  アタッカー : %s
ai/004.bin;0xE65A;27 25 50 F1;Bear Down Samurai
ai/004.bin;0xE65A;1B 60 84 F5;Maiden of Libra
ai/004.bin;0xE65A;FC B0 EB F6;Purification Regalia, Pure Angel
ai/004.bin;0xE65A;89 20 23 F8;下
ai/004.bin;0xE65A;DD 4C B3 F8;ターン開始 AI(%d)
ai/004.bin;0xE65A;11 31 6F FA;Weather Girl, Milk
ai/005.bin;0xE54D;DC A5 CF 01;  クインテットウォール : %d/%d枚
ai/005.bin;0xE54D;51 5B 2F 06;Hexagonal Magus
ai/005.bin;0xE54D;7E 8C 3B 06;Sleygal Double Edge
ai/005.bin;0xE54D;DD 9F CC 07;Blue Storm Dragon, Maelstrom
ai/005.bin;0xE54D;8D 9F AA 08;  シールドの要求値 : 
ai/005.bin;0xE54D;76 AE E0 09;Dragonic Overlord "The Яe-birth" (Trigger)
ai/005.bin;0xE54D;02 DC 8B 0D;Mond Blaukluger
ai/005.bin;0xE54D;B1 2D 5D 0E;  対象のパワー : %d(%d)%s
ai/005.bin;0xE54D;24 A1 3B 11;Rising Lionet
ai/005.bin;0xE54D;CA 98 65 11;Mythic Beast, Fenrir
ai/005.bin;0xE54D;2F 96 22 12;Dancing Wolf
ai/005.bin;0xE54D;2F CE 1C 13;Goddess of Flower Divination, Sakuya
ai/005.bin;0xE54D;9F 3C 4E 15; + %d
ai/005.bin;0xE54D;26 7B 30 1A;Cat Butler
ai/005.bin;0xE54D;8D 20 89 1A;AI未設定 : %s %d
ai/005.bin;0xE54D;49 58 50 21;Dimensional Robo, Daijet
ai/005.bin;0xE54D;8E BC BB 21;  シールドの目標値 : 
ai/005.bin;0xE54D;50 41 74 23;Hope Child, Turiel
ai/005.bin;0xE54D;39 5F 97 27;Promising Knight, David
ai/005.bin;0xE54D;BE 51 F9 27;Ravenous Dragon, Battlerex
ai/005.bin;0xE54D;F7 2E E0 29;～%d
ai/005.bin;0xE54D;A6 8F 2A 2A;Brawler, Fighting Dracokid
ai/005.bin;0xE54D;04 C4 C8 2C;Knight of Elegant Skills, Gareth
ai/005.bin;0xE54D;44 62 0C 2D;Soundless Archer, Conductance
ai/005.bin;0xE54D;14 30 63 2D;!!!! AI ERROR !!!!\n  
ai/005.bin;0xE54D;EE 81 9E 32;Titan of the Capturing Arm
ai/005.bin;0xE54D;C5 4D EE 32;Blaster Dark "Diablo"
ai/005.bin;0xE54D;F1 28 16 33;枚しか選んでいない
ai/005.bin;0xE54D;BC 1F 35 33;  ブースター : %s
ai/005.bin;0xE54D;FE EC AE 35;Fortune Bell
ai/005.bin;0xE54D;B8 BC F2 37;Ambush Demon Stealth Rogue, Kagamijishi
ai/005.bin;0xE54D;6E 42 D6 38;AI(%d) : アタック情報
ai/005.bin;0xE54D;B3 AD 45 3A;ブラスター
ai/005.bin;0xE54D;65 CA EA 3B;Grassland Breeze, Sagramore
ai/005.bin;0xE54D;03 D4 54 45; ヒットされない
ai/005.bin;0xE54D;2D 3A A7 45;AI(%d) : ガードステップ情報
ai/005.bin;0xE54D;6A AF 03 4C;Battlefield Storm, Sagramore
ai/005.bin;0xE54D;2C A5 7B 4D;枚選択する必要があるが、
ai/005.bin;0xE54D;9F A5 E0 4F;CEO Amaterasu
ai/005.bin;0xE54D;3A D0 5B 51;Exxtreme Battler, Victor
ai/005.bin;0xE54D;A6 11 33 52;Dark Dragon, Phantom Blaster "Diablo"
ai/005.bin;0xE54D;79 7F 5D 53;Silent Punisher
ai/005.bin;0xE54D;3C E0 6F 55;Dragonic Overlord (Break Ride)
ai/005.bin;0xE54D;DE C1 45 56;解放者
ai/005.bin;0xE54D;F7 6D 78 57;Stamp Sea Otter
ai/005.bin;0xE54D;C5 AF 0D 60;Crimson Roar, Metatron
ai/005.bin;0xE54D;47 87 68 63;AI(%d) : 思考時間 %.3f秒 (行動カテゴリ:%d)
ai/005.bin;0xE54D;55 C8 81 63;  完全ガード : %d/%d枚
ai/005.bin;0xE54D;42 D7 DA 63;  ガーディアン候補
ai/005.bin;0xE54D;33 8E E7 69;Duo True Sister, Meer
ai/005.bin;0xE54D;E8 83 60 6B;Daredevil Samurai
ai/005.bin;0xE54D;4B D4 AE 6B;  合計シールド : 
ai/005.bin;0xE54D;DC 4C 2C 6E;Flower Princess of Spring's Beginning, Primavera
ai/005.bin;0xE54D;11 E8 1D 70;Oracle Queen, Himiko
ai/005.bin;0xE54D;E4 FB 3C 72;Blue Storm Cadet, Anos
ai/005.bin;0xE54D;29 EF C2 73;  対象(%d) : %s
ai/005.bin;0xE54D;33 4E 2F 7E;Sleygal Sword
ai/005.bin;0xE54D;C5 AD E3 7E;Silver Fang Witch
ai/005.bin;0xE54D;7C 3A 8B 81;Liberator, Burning Blow
ai/005.bin;0xE54D;DA 63 6D 85;Dimensional Robo, Daibrave
ai/005.bin;0xE54D;92 33 2B 87;Blessing Owl
ai/005.bin;0xE54D;46 DE 4B 88;Dark Metal Dragon
ai/005.bin;0xE54D;6A D5 6E 8A;Katanaraizer
ai/005.bin;0xE54D;A0 D8 63 8D;Great Cosmic Hero, Grandgallop
ai/005.bin;0xE54D;1F 10 24 8F;上
ai/005.bin;0xE54D;6B E6 7C 8F;Elixir Sommelier
ai/005.bin;0xE54D;6C E6 93 8F;Pitch Black Sage, Charon
ai/005.bin;0xE54D;BB E2 E9 90;Immortal, Asura Kaiser
ai/005.bin;0xE54D;E1 26 37 94;Demonic Dragon Berserker, Chatura
ai/005.bin;0xE54D;6A 0F 95 94;  アタッカーのパワー : %d(%d)
ai/005.bin;0xE54D;7F BB 35 95;Supreme Heavenly Emperor Dragon, Dragonic Overlord "the Ace"
ai/005.bin;0xE54D;0C DD 47 9B;Battle Sister, Parfait
ai/005.bin;0xE54D;1A 2D D2 9C;Myth Guard, Fomalhaut
ai/005.bin;0xE54D;1A C3 54 9F;Knight of Superior Skills, Beaumains
ai/005.bin;0xE54D;69 08 3B A2;Blue Wave Dragon, Tetra-drive Dragon
ai/005.bin;0xE54D;F1 51 AA A2;Steam Fighter, Balih
ai/005.bin;0xE54D;A4 F3 D7 A7;  アタッカーのクリティカル : %d
ai/005.bin;0xE54D;BD FD F6 A7;Extreme Battler, Runbhol
ai/005.bin;0xE54D;9F 77 42 AC;Flare Whip Dragon
ai/005.bin;0xE54D;39 6A 36 B5;Hyper Metalborg, Heavyduke
ai/005.bin;0xE54D;F7 48 21 B9;Dragon Knight, Jaral
ai/005.bin;0xE54D;88 EF 6D BC;Enigman Tornado
ai/005.bin;0xE54D;ED F8 CC BD;Final Wrench
ai/005.bin;0xE54D;11 9F 48 BE;Shura Stealth Dragon, Daranicongo
ai/005.bin;0xE54D;AF 49 B4 BE;Precipice Whirlwind, Sagramore
ai/005.bin;0xE54D;CF AA 4F C1;Perdition Dragon, Dragonic Neoflame
ai/005.bin;0xE54D;7C 17 CE C1;Ranunculus Flower Maiden, Ahsha
ai/005.bin;0xE54D;27 74 F6 C2;Evil Slaying Swordsman, Haugan
ai/005.bin;0xE54D;27 EF 3D C7;Great Silver Wolf, Garmore
ai/005.bin;0xE54D;15 6E A2 C8;Wisteria Knight
ai/005.bin;0xE54D;AB 51 A7 CB;AI(%d) : レシピ (フラグ:%08x)
ai/005.bin;0xE54D;D7 DA C1 D6;AI(%d) : 思考開始 (行動カテゴリ:%d)
ai/005.bin;0xE54D;7C 46 0A D9;Stealth Dragon, Dreadmaster
ai/005.bin;0xE54D;6B 1D DB DC;Machining Mosquito mkII
ai/005.bin;0xE54D;69 E8 61 E1;オーバーロード
ai/005.bin;0xE54D;7D 1F 65 E6;Beast Deity, Night Jackal
ai/005.bin;0xE54D;10 A7 56 E7;Charjgal
ai/005.bin;0xE54D;57 CD 2E E8;    
ai/005.bin;0xE54D;CC 1A C6 E8;AI未設定 : attrib = %s
ai/005.bin;0xE54D;73 B6 3A ED;Sacred Guardian Beast, Nemean Lion
ai/005.bin;0xE54D;39 17 8B F0;Starry Skies Liberator, Guinevere
ai/005.bin;0xE54D;4B 16 BE F0;Knight of Frevor, Hector
ai/005.bin;0xE54D;BF 43 2B F1;  アタッカー : %s
ai/005.bin;0xE54D;27 25 50 F1;Bear Down Samurai
ai/005.bin;0xE54D;50 58 57 F3;Charging Chariot Knight
ai/005.bin;0xE54D;FC B0 EB F6;Purification Regalia, Pure Angel
ai/005.bin;0xE54D;89 20 23 F8;下
ai/005.bin;0xE54D;DD 4C B3 F8;ターン開始 AI(%d)
ai/005.bin;0xE54D;7F 21 AA FC;Weapons Dealer, Gwydion
ai/006.bin;0xE549;DC A5 CF 01;  クインテットウォール : %d/%d枚
ai/006.bin;0xE549;51 5B 2F 06;Hexagonal Magus
ai/006.bin;0xE549;67 FB 92 07;Plasmabite Dragon
ai/006.bin;0xE549;DD 9F CC 07;Blue Storm Dragon, Maelstrom
ai/006.bin;0xE549;8D 9F AA 08;  シールドの要求値 : 
ai/006.bin;0xE549;76 AE E0 09;Dragonic Overlord "The Яe-birth" (Trigger)
ai/006.bin;0xE549;02 DC 8B 0D;Mond Blaukluger
ai/006.bin;0xE549;B1 2D 5D 0E;  対象のパワー : %d(%d)%s
ai/006.bin;0xE549;24 A1 3B 11;Rising Lionet
ai/006.bin;0xE549;CA 98 65 11;Mythic Beast, Fenrir
ai/006.bin;0xE549;2F 96 22 12;Dancing Wolf
ai/006.bin;0xE549;2F CE 1C 13;Goddess of Flower Divination, Sakuya
ai/006.bin;0xE549;9F 3C 4E 15; + %d
ai/006.bin;0xE549;C6 07 4D 16;Demonic Dragon Nymph, Seiobo
ai/006.bin;0xE549;79 A1 12 17;Thunder Break Dragon
ai/006.bin;0xE549;26 7B 30 1A;Cat Butler
ai/006.bin;0xE549;8D 20 89 1A;AI未設定 : %s %d
ai/006.bin;0xE549;A8 2A BA 1E;Brightjet Dragon
ai/006.bin;0xE549;49 58 50 21;Dimensional Robo, Daijet
ai/006.bin;0xE549;8E BC BB 21;  シールドの目標値 : 
ai/006.bin;0xE549;50 41 74 23;Hope Child, Turiel
ai/006.bin;0xE549;19 14 1B 24;Djinn of the Lightning Flash
ai/006.bin;0xE549;39 5F 97 27;Promising Knight, David
ai/006.bin;0xE549;BE 51 F9 27;Ravenous Dragon, Battlerex
ai/006.bin;0xE549;F7 2E E0 29;～%d
ai/006.bin;0xE549;A6 8F 2A 2A;Brawler, Fighting Dracokid
ai/006.bin;0xE549;44 62 0C 2D;Soundless Archer, Conductance
ai/006.bin;0xE549;14 30 63 2D;!!!! AI ERROR !!!!\n  
ai/006.bin;0xE549;EE 81 9E 32;Titan of the Capturing Arm
ai/006.bin;0xE549;C5 4D EE 32;Blaster Dark "Diablo"
ai/006.bin;0xE549;F1 28 16 33;枚しか選んでいない
ai/006.bin;0xE549;BC 1F 35 33;  ブースター : %s
ai/006.bin;0xE549;7E 4D 38 36;Old Dragon Mage
ai/006.bin;0xE549;B8 BC F2 37;Ambush Demon Stealth Rogue, Kagamijishi
ai/006.bin;0xE549;6E 42 D6 38;AI(%d) : アタック情報
ai/006.bin;0xE549;B3 AD 45 3A;ブラスター
ai/006.bin;0xE549;03 D4 54 45; ヒットされない
ai/006.bin;0xE549;2D 3A A7 45;AI(%d) : ガードステップ情報
ai/006.bin;0xE549;2C A5 7B 4D;枚選択する必要があるが、
ai/006.bin;0xE549;9F A5 E0 4F;CEO Amaterasu
ai/006.bin;0xE549;3A D0 5B 51;Exxtreme Battler, Victor
ai/006.bin;0xE549;A6 11 33 52;Dark Dragon, Phantom Blaster "Diablo"
ai/006.bin;0xE549;3C E0 6F 55;Dragonic Overlord (Break Ride)
ai/006.bin;0xE549;DE C1 45 56;解放者
ai/006.bin;0xE549;F7 6D 78 57;Stamp Sea Otter
ai/006.bin;0xE549;C5 AF 0D 60;Crimson Roar, Metatron
ai/006.bin;0xE549;47 87 68 63;AI(%d) : 思考時間 %.3f秒 (行動カテゴリ:%d)
ai/006.bin;0xE549;55 C8 81 63;  完全ガード : %d/%d枚
ai/006.bin;0xE549;42 D7 DA 63;  ガーディアン候補
ai/006.bin;0xE549;99 6F 5C 67;Shieldblade Dragoon
ai/006.bin;0xE549;33 8E E7 69;Duo True Sister, Meer
ai/006.bin;0xE549;E8 83 60 6B;Daredevil Samurai
ai/006.bin;0xE549;4B D4 AE 6B;  合計シールド : 
ai/006.bin;0xE549;8A 10 A2 6C;Lightning of Hope, Helena
ai/006.bin;0xE549;05 39 22 6D;Dragon Dancer, RaiRai
ai/006.bin;0xE549;DC 4C 2C 6E;Flower Princess of Spring's Beginning, Primavera
ai/006.bin;0xE549;11 E8 1D 70;Oracle Queen, Himiko
ai/006.bin;0xE549;E4 FB 3C 72;Blue Storm Cadet, Anos
ai/006.bin;0xE549;29 EF C2 73;  対象(%d) : %s
ai/006.bin;0xE549;E8 C6 78 80;Red River Dragoon
ai/006.bin;0xE549;7C 3A 8B 81;Liberator, Burning Blow
ai/006.bin;0xE549;DA 63 6D 85;Dimensional Robo, Daibrave
ai/006.bin;0xE549;46 DE 4B 88;Dark Metal Dragon
ai/006.bin;0xE549;6A D5 6E 8A;Katanaraizer
ai/006.bin;0xE549;A0 D8 63 8D;Great Cosmic Hero, Grandgallop
ai/006.bin;0xE549;1F 10 24 8F;上
ai/006.bin;0xE549;6C E6 93 8F;Pitch Black Sage, Charon
ai/006.bin;0xE549;1A 03 D0 8F;Djinn of the Lightning Spark
ai/006.bin;0xE549;BB E2 E9 90;Immortal, Asura Kaiser
ai/006.bin;0xE549;E1 26 37 94;Demonic Dragon Berserker, Chatura
ai/006.bin;0xE549;6A 0F 95 94;  アタッカーのパワー : %d(%d)
ai/006.bin;0xE549;7F BB 35 95;Supreme Heavenly Emperor Dragon, Dragonic Overlord "the Ace"
ai/006.bin;0xE549;0C DD 47 9B;Battle Sister, Parfait
ai/006.bin;0xE549;1A 2D D2 9C;Myth Guard, Fomalhaut
ai/006.bin;0xE549;69 08 3B A2;Blue Wave Dragon, Tetra-drive Dragon
ai/006.bin;0xE549;F1 51 AA A2;Steam Fighter, Balih
ai/006.bin;0xE549;A4 F3 D7 A7;  アタッカーのクリティカル : %d
ai/006.bin;0xE549;BD FD F6 A7;Extreme Battler, Runbhol
ai/006.bin;0xE549;9F 77 42 AC;Flare Whip Dragon
ai/006.bin;0xE549;D9 64 A3 AC;Lizard Soldier, Riki
ai/006.bin;0xE549;39 6A 36 B5;Hyper Metalborg, Heavyduke
ai/006.bin;0xE549;F7 48 21 B9;Dragon Knight, Jaral
ai/006.bin;0xE549;88 EF 6D BC;Enigman Tornado
ai/006.bin;0xE549;ED F8 CC BD;Final Wrench
ai/006.bin;0xE549;11 9F 48 BE;Shura Stealth Dragon, Daranicongo
ai/006.bin;0xE549;CF AA 4F C1;Perdition Dragon, Dragonic Neoflame
ai/006.bin;0xE549;7C 17 CE C1;Ranunculus Flower Maiden, Ahsha
ai/006.bin;0xE549;15 6E A2 C8;Wisteria Knight
ai/006.bin;0xE549;AB 51 A7 CB;AI(%d) : レシピ (フラグ:%08x)
ai/006.bin;0xE549;CE 5F 73 D0;Lizard Soldier, Sishin
ai/006.bin;0xE549;D7 DA C1 D6;AI(%d) : 思考開始 (行動カテゴリ:%d)
ai/006.bin;0xE549;7C 46 0A D9;Stealth Dragon, Dreadmaster
ai/006.bin;0xE549;6A FE D1 D9;Djinn of the Lightning Flare
ai/006.bin;0xE549;6B 1D DB DC;Machining Mosquito mkII
ai/006.bin;0xE549;9B 74 3A E0;Zephyr Kid, Hayate
ai/006.bin;0xE549;2F 92 79 E0;Thunderstorm Dragoon
ai/006.bin;0xE549;69 E8 61 E1;オーバーロード
ai/006.bin;0xE549;7D 1F 65 E6;Beast Deity, Night Jackal
ai/006.bin;0xE549;57 CD 2E E8;    
ai/006.bin;0xE549;CC 1A C6 E8;AI未設定 : attrib = %s
ai/006.bin;0xE549;E7 68 2D EC;Wyvern Supply Unit
ai/006.bin;0xE549;27 ED 83 EF;Yellow Gem Carbuncle
ai/006.bin;0xE549;39 17 8B F0;Starry Skies Liberator, Guinevere
ai/006.bin;0xE549;4B 16 BE F0;Knight of Frevor, Hector
ai/006.bin;0xE549;BF 43 2B F1;  アタッカー : %s
ai/006.bin;0xE549;27 25 50 F1;Bear Down Samurai
ai/006.bin;0xE549;FC B0 EB F6;Purification Regalia, Pure Angel
ai/006.bin;0xE549;89 20 23 F8;下
ai/006.bin;0xE549;DD 4C B3 F8;ターン開始 AI(%d)
ai/007.bin;0xE64B;DC A5 CF 01;  クインテットウォール : %d/%d枚
ai/007.bin;0xE64B;51 5B 2F 06;Hexagonal Magus
ai/007.bin;0xE64B;DD 9F CC 07;Blue Storm Dragon, Maelstrom
ai/007.bin;0xE64B;8D 9F AA 08;  シールドの要求値 : 
ai/007.bin;0xE64B;76 AE E0 09;Dragonic Overlord "The Яe-birth" (Trigger)
ai/007.bin;0xE64B;C6 FF 80 0C;Battleship Intelligence
ai/007.bin;0xE64B;02 DC 8B 0D;Mond Blaukluger
ai/007.bin;0xE64B;B1 2D 5D 0E;  対象のパワー : %d(%d)%s
ai/007.bin;0xE64B;24 A1 3B 11;Rising Lionet
ai/007.bin;0xE64B;CA 98 65 11;Mythic Beast, Fenrir
ai/007.bin;0xE64B;2F 96 22 12;Dancing Wolf
ai/007.bin;0xE64B;88 9A A9 12;Tear Knight, Cyprus
ai/007.bin;0xE64B;2F CE 1C 13;Goddess of Flower Divination, Sakuya
ai/007.bin;0xE64B;9F 3C 4E 15; + %d
ai/007.bin;0xE64B;26 7B 30 1A;Cat Butler
ai/007.bin;0xE64B;8D 20 89 1A;AI未設定 : %s %d
ai/007.bin;0xE64B;53 C3 3F 1B;Battle Siren, Orthia
ai/007.bin;0xE64B;49 58 50 21;Dimensional Robo, Daijet
ai/007.bin;0xE64B;8E BC BB 21;  シールドの目標値 : 
ai/007.bin;0xE64B;50 41 74 23;Hope Child, Turiel
ai/007.bin;0xE64B;39 5F 97 27;Promising Knight, David
ai/007.bin;0xE64B;BE 51 F9 27;Ravenous Dragon, Battlerex
ai/007.bin;0xE64B;F7 2E E0 29;～%d
ai/007.bin;0xE64B;A6 8F 2A 2A;Brawler, Fighting Dracokid
ai/007.bin;0xE64B;44 62 0C 2D;Soundless Archer, Conductance
ai/007.bin;0xE64B;14 30 63 2D;!!!! AI ERROR !!!!\n  
ai/007.bin;0xE64B;EE 81 9E 32;Titan of the Capturing Arm
ai/007.bin;0xE64B;C5 4D EE 32;Blaster Dark "Diablo"
ai/007.bin;0xE64B;F1 28 16 33;枚しか選んでいない
ai/007.bin;0xE64B;BC 1F 35 33;  ブースター : %s
ai/007.bin;0xE64B;B8 BC F2 37;Ambush Demon Stealth Rogue, Kagamijishi
ai/007.bin;0xE64B;6E 42 D6 38;AI(%d) : アタック情報
ai/007.bin;0xE64B;B3 AD 45 3A;ブラスター
ai/007.bin;0xE64B;A1 6B 76 3E;Pyroxene Communications Sea Otter Soldier
ai/007.bin;0xE64B;11 2A 22 43;Battle Siren, Dorothea
ai/007.bin;0xE64B;03 D4 54 45; ヒットされない
ai/007.bin;0xE64B;2D 3A A7 45;AI(%d) : ガードステップ情報
ai/007.bin;0xE64B;2C A5 7B 4D;枚選択する必要があるが、
ai/007.bin;0xE64B;69 84 A9 4D;Splash Assault
ai/007.bin;0xE64B;D1 3C 1C 4E;Marine General of the Restless Tides, Algos
ai/007.bin;0xE64B;9F A5 E0 4F;CEO Amaterasu
ai/007.bin;0xE64B;3A D0 5B 51;Exxtreme Battler, Victor
ai/007.bin;0xE64B;A6 11 33 52;Dark Dragon, Phantom Blaster "Diablo"
ai/007.bin;0xE64B;72 A4 48 52;Magnum Assault
ai/007.bin;0xE64B;A2 CA 0A 55;Officer Cadet, Andrey
ai/007.bin;0xE64B;3C E0 6F 55;Dragonic Overlord (Break Ride)
ai/007.bin;0xE64B;B6 EB DA 55;Blue Storm Marine General, Despina
ai/007.bin;0xE64B;DE C1 45 56;解放者
ai/007.bin;0xE64B;F7 6D 78 57;Stamp Sea Otter
ai/007.bin;0xE64B;8C 67 0C 5E;Marine General of the Full Tides, Xenophon
ai/007.bin;0xE64B;C5 AF 0D 60;Crimson Roar, Metatron
ai/007.bin;0xE64B;47 87 68 63;AI(%d) : 思考時間 %.3f秒 (行動カテゴリ:%d)
ai/007.bin;0xE64B;55 C8 81 63;  完全ガード : %d/%d枚
ai/007.bin;0xE64B;42 D7 DA 63;  ガーディアン候補
ai/007.bin;0xE64B;33 8E E7 69;Duo True Sister, Meer
ai/007.bin;0xE64B;E8 83 60 6B;Daredevil Samurai
ai/007.bin;0xE64B;4B D4 AE 6B;  合計シールド : 
ai/007.bin;0xE64B;DC 4C 2C 6E;Flower Princess of Spring's Beginning, Primavera
ai/007.bin;0xE64B;11 E8 1D 70;Oracle Queen, Himiko
ai/007.bin;0xE64B;E4 FB 3C 72;Blue Storm Cadet, Anos
ai/007.bin;0xE64B;BF 35 68 72;Tidal Assault
ai/007.bin;0xE64B;29 EF C2 73;  対象(%d) : %s
ai/007.bin;0xE64B;84 D7 AC 7F;Tear Knight, Lazarus
ai/007.bin;0xE64B;7C 3A 8B 81;Liberator, Burning Blow
ai/007.bin;0xE64B;0E 62 A6 83;Navalgazer Dragon
ai/007.bin;0xE64B;DA 63 6D 85;Dimensional Robo, Daibrave
ai/007.bin;0xE64B;60 66 9E 86;Dolphin Soldier of High Speed Raids
ai/007.bin;0xE64B;46 DE 4B 88;Dark Metal Dragon
ai/007.bin;0xE64B;6A D5 6E 8A;Katanaraizer
ai/007.bin;0xE64B;A0 D8 63 8D;Great Cosmic Hero, Grandgallop
ai/007.bin;0xE64B;1F 10 24 8F;上
ai/007.bin;0xE64B;6C E6 93 8F;Pitch Black Sage, Charon
ai/007.bin;0xE64B;BB E2 E9 90;Immortal, Asura Kaiser
ai/007.bin;0xE64B;E1 26 37 94;Demonic Dragon Berserker, Chatura
ai/007.bin;0xE64B;6A 0F 95 94;  アタッカーのパワー : %d(%d)
ai/007.bin;0xE64B;7F BB 35 95;Supreme Heavenly Emperor Dragon, Dragonic Overlord "the Ace"
ai/007.bin;0xE64B;0C DD 47 9B;Battle Sister, Parfait
ai/007.bin;0xE64B;1A 2D D2 9C;Myth Guard, Fomalhaut
ai/007.bin;0xE64B;69 08 3B A2;Blue Wave Dragon, Tetra-drive Dragon
ai/007.bin;0xE64B;F1 51 AA A2;Steam Fighter, Balih
ai/007.bin;0xE64B;A4 F3 D7 A7;  アタッカーのクリティカル : %d
ai/007.bin;0xE64B;BD FD F6 A7;Extreme Battler, Runbhol
ai/007.bin;0xE64B;43 39 46 AB;Blue Storm Marine General, Spyros
ai/007.bin;0xE64B;9F 77 42 AC;Flare Whip Dragon
ai/007.bin;0xE64B;50 44 CD AE;Officer Cadet of the First Battle
ai/007.bin;0xE64B;39 6A 36 B5;Hyper Metalborg, Heavyduke
ai/007.bin;0xE64B;BD 16 80 B6;Battle Siren, Cynthia
ai/007.bin;0xE64B;F7 48 21 B9;Dragon Knight, Jaral
ai/007.bin;0xE64B;80 35 8B BA;Accelerated Command
ai/007.bin;0xE64B;88 EF 6D BC;Enigman Tornado
ai/007.bin;0xE64B;ED F8 CC BD;Final Wrench
ai/007.bin;0xE64B;11 9F 48 BE;Shura Stealth Dragon, Daranicongo
ai/007.bin;0xE64B;CF AA 4F C1;Perdition Dragon, Dragonic Neoflame
ai/007.bin;0xE64B;7C 17 CE C1;Ranunculus Flower Maiden, Ahsha
ai/007.bin;0xE64B;59 A9 75 C4;Titan of the Infinite Trench
ai/007.bin;0xE64B;E0 E0 80 C5;Key Anchor, Dabid
ai/007.bin;0xE64B;32 A7 9C C5;Couple Dagger Sailor
ai/007.bin;0xE64B;15 6E A2 C8;Wisteria Knight
ai/007.bin;0xE64B;AB 51 A7 CB;AI(%d) : レシピ (フラグ:%08x)
ai/007.bin;0xE64B;D7 DA C1 D6;AI(%d) : 思考開始 (行動カテゴリ:%d)
ai/007.bin;0xE64B;AF 81 DE D6;Coral Assault
ai/007.bin;0xE64B;04 75 4F D7;Blue Storm Soldier, Rascal Sweeper
ai/007.bin;0xE64B;7C 46 0A D9;Stealth Dragon, Dreadmaster
ai/007.bin;0xE64B;6B 1D DB DC;Machining Mosquito mkII
ai/007.bin;0xE64B;69 E8 61 E1;オーバーロード
ai/007.bin;0xE64B;7D 1F 65 E6;Beast Deity, Night Jackal
ai/007.bin;0xE64B;57 CD 2E E8;    
ai/007.bin;0xE64B;CC 1A C6 E8;AI未設定 : attrib = %s
ai/007.bin;0xE64B;81 49 DD EC;Medical Officer of the Rainbow Elixir
ai/007.bin;0xE64B;39 17 8B F0;Starry Skies Liberator, Guinevere
ai/007.bin;0xE64B;4B 16 BE F0;Knight of Frevor, Hector
ai/007.bin;0xE64B;BF 43 2B F1;  アタッカー : %s
ai/007.bin;0xE64B;27 25 50 F1;Bear Down Samurai
ai/007.bin;0xE64B;FC B0 EB F6;Purification Regalia, Pure Angel
ai/007.bin;0xE64B;80 D8 AD F7;Tear Knight, Theo
ai/007.bin;0xE64B;89 20 23 F8;下
ai/007.bin;0xE64B;DD 4C B3 F8;ターン開始 AI(%d)
ai/008.bin;0xE534;DC A5 CF 01;  クインテットウォール : %d/%d枚
ai/008.bin;0xE534;51 5B 2F 06;Hexagonal Magus
ai/008.bin;0xE534;DD 9F CC 07;Blue Storm Dragon, Maelstrom
ai/008.bin;0xE534;12 77 8C 08;Zoigal Liberator
ai/008.bin;0xE534;8D 9F AA 08;  シールドの要求値 : 
ai/008.bin;0xE534;76 AE E0 09;Dragonic Overlord "The Яe-birth" (Trigger)
ai/008.bin;0xE534;02 DC 8B 0D;Mond Blaukluger
ai/008.bin;0xE534;B1 2D 5D 0E;  対象のパワー : %d(%d)%s
ai/008.bin;0xE534;24 A1 3B 11;Rising Lionet
ai/008.bin;0xE534;CA 98 65 11;Mythic Beast, Fenrir
ai/008.bin;0xE534;2F 96 22 12;Dancing Wolf
ai/008.bin;0xE534;2F CE 1C 13;Goddess of Flower Divination, Sakuya
ai/008.bin;0xE534;9F 3C 4E 15; + %d
ai/008.bin;0xE534;26 7B 30 1A;Cat Butler
ai/008.bin;0xE534;8D 20 89 1A;AI未設定 : %s %d
ai/008.bin;0xE534;49 58 50 21;Dimensional Robo, Daijet
ai/008.bin;0xE534;8E BC BB 21;  シールドの目標値 : 
ai/008.bin;0xE534;50 41 74 23;Hope Child, Turiel
ai/008.bin;0xE534;39 5F 97 27;Promising Knight, David
ai/008.bin;0xE534;BE 51 F9 27;Ravenous Dragon, Battlerex
ai/008.bin;0xE534;0F B7 A8 29;Pomerugal Liberator
ai/008.bin;0xE534;F7 2E E0 29;～%d
ai/008.bin;0xE534;A6 8F 2A 2A;Brawler, Fighting Dracokid
ai/008.bin;0xE534;04 C4 C8 2C;Knight of Elegant Skills, Gareth
ai/008.bin;0xE534;44 62 0C 2D;Soundless Archer, Conductance
ai/008.bin;0xE534;14 30 63 2D;!!!! AI ERROR !!!!\n  
ai/008.bin;0xE534;EE 81 9E 32;Titan of the Capturing Arm
ai/008.bin;0xE534;C5 4D EE 32;Blaster Dark "Diablo"
ai/008.bin;0xE534;F1 28 16 33;枚しか選んでいない
ai/008.bin;0xE534;BC 1F 35 33;  ブースター : %s
ai/008.bin;0xE534;B8 BC F2 37;Ambush Demon Stealth Rogue, Kagamijishi
ai/008.bin;0xE534;6E 42 D6 38;AI(%d) : アタック情報
ai/008.bin;0xE534;B3 AD 45 3A;ブラスター
ai/008.bin;0xE534;03 D4 54 45; ヒットされない
ai/008.bin;0xE534;2D 3A A7 45;AI(%d) : ガードステップ情報
ai/008.bin;0xE534;C4 05 FE 45;Dignified Gold Dragon
ai/008.bin;0xE534;7D 02 AC 47;Onslaught Liberator, Maelzion
ai/008.bin;0xE534;2C A5 7B 4D;枚選択する必要があるが、
ai/008.bin;0xE534;9F A5 E0 4F;CEO Amaterasu
ai/008.bin;0xE534;3A D0 5B 51;Exxtreme Battler, Victor
ai/008.bin;0xE534;A6 11 33 52;Dark Dragon, Phantom Blaster "Diablo"
ai/008.bin;0xE534;3C E0 6F 55;Dragonic Overlord (Break Ride)
ai/008.bin;0xE534;DE C1 45 56;解放者
ai/008.bin;0xE534;F7 6D 78 57;Stamp Sea Otter
ai/008.bin;0xE534;E0 BF 5C 58;Liberator of Royalty, Phallon
ai/008.bin;0xE534;E2 4C 9E 59;Solitary Liberator, Gancelot
ai/008.bin;0xE534;49 32 EB 5E;Future Liberator, Llew
ai/008.bin;0xE534;C5 AF 0D 60;Crimson Roar, Metatron
ai/008.bin;0xE534;47 87 68 63;AI(%d) : 思考時間 %.3f秒 (行動カテゴリ:%d)
ai/008.bin;0xE534;55 C8 81 63;  完全ガード : %d/%d枚
ai/008.bin;0xE534;42 D7 DA 63;  ガーディアン候補
ai/008.bin;0xE534;BB D6 EC 63;Angelic Liberator
ai/008.bin;0xE534;1D 65 C1 69;Armed Liberator, Gwydion
ai/008.bin;0xE534;33 8E E7 69;Duo True Sister, Meer
ai/008.bin;0xE534;E8 83 60 6B;Daredevil Samurai
ai/008.bin;0xE534;4B D4 AE 6B;  合計シールド : 
ai/008.bin;0xE534;DC 4C 2C 6E;Flower Princess of Spring's Beginning, Primavera
ai/008.bin;0xE534;11 E8 1D 70;Oracle Queen, Himiko
ai/008.bin;0xE534;E4 FB 3C 72;Blue Storm Cadet, Anos
ai/008.bin;0xE534;29 EF C2 73;  対象(%d) : %s
ai/008.bin;0xE534;7B 10 F7 78;Liberator of Silence, Gallatin
ai/008.bin;0xE534;7C 3A 8B 81;Liberator, Burning Blow
ai/008.bin;0xE534;DA 63 6D 85;Dimensional Robo, Daibrave
ai/008.bin;0xE534;46 DE 4B 88;Dark Metal Dragon
ai/008.bin;0xE534;6A D5 6E 8A;Katanaraizer
ai/008.bin;0xE534;A0 D8 63 8D;Great Cosmic Hero, Grandgallop
ai/008.bin;0xE534;1F 10 24 8F;上
ai/008.bin;0xE534;6C E6 93 8F;Pitch Black Sage, Charon
ai/008.bin;0xE534;BB E2 E9 90;Immortal, Asura Kaiser
ai/008.bin;0xE534;E1 26 37 94;Demonic Dragon Berserker, Chatura
ai/008.bin;0xE534;6A 0F 95 94;  アタッカーのパワー : %d(%d)
ai/008.bin;0xE534;7F BB 35 95;Supreme Heavenly Emperor Dragon, Dragonic Overlord "the Ace"
ai/008.bin;0xE534;0C DD 47 9B;Battle Sister, Parfait
ai/008.bin;0xE534;1A 2D D2 9C;Myth Guard, Fomalhaut
ai/008.bin;0xE534;C6 76 17 9F;Elixir Liberator
ai/008.bin;0xE534;69 08 3B A2;Blue Wave Dragon, Tetra-drive Dragon
ai/008.bin;0xE534;F1 51 AA A2;Steam Fighter, Balih
ai/008.bin;0xE534;A4 F3 D7 A7;  アタッカーのクリティカル : %d
ai/008.bin;0xE534;BD FD F6 A7;Extreme Battler, Runbhol
ai/008.bin;0xE534;9F 77 42 AC;Flare Whip Dragon
ai/008.bin;0xE534;39 6A 36 B5;Hyper Metalborg, Heavyduke
ai/008.bin;0xE534;F7 48 21 B9;Dragon Knight, Jaral
ai/008.bin;0xE534;93 5B F5 B9;Strike Liberator
ai/008.bin;0xE534;88 EF 6D BC;Enigman Tornado
ai/008.bin;0xE534;ED F8 CC BD;Final Wrench
ai/008.bin;0xE534;11 9F 48 BE;Shura Stealth Dragon, Daranicongo
ai/008.bin;0xE534;CF AA 4F C1;Perdition Dragon, Dragonic Neoflame
ai/008.bin;0xE534;7C 17 CE C1;Ranunculus Flower Maiden, Ahsha
ai/008.bin;0xE534;AB 7A C2 C4;Fortune Liberator
ai/008.bin;0xE534;15 6E A2 C8;Wisteria Knight
ai/008.bin;0xE534;AB 51 A7 CB;AI(%d) : レシピ (フラグ:%08x)
ai/008.bin;0xE534;B1 31 54 D1;Blaster Blade Liberator
ai/008.bin;0xE534;D7 DA C1 D6;AI(%d) : 思考開始 (行動カテゴリ:%d)
ai/008.bin;0xE534;7C 46 0A D9;Stealth Dragon, Dreadmaster
ai/008.bin;0xE534;6B 1D DB DC;Machining Mosquito mkII
ai/008.bin;0xE534;68 8C 48 DF;Little Liberator, Marron
ai/008.bin;0xE534;69 E8 61 E1;オーバーロード
ai/008.bin;0xE534;7D 1F 65 E6;Beast Deity, Night Jackal
ai/008.bin;0xE534;57 CD 2E E8;    
ai/008.bin;0xE534;CC 1A C6 E8;AI未設定 : attrib = %s
ai/008.bin;0xE534;F2 0E 92 EA;Zoom Down Eagle
ai/008.bin;0xE534;39 17 8B F0;Starry Skies Liberator, Guinevere
ai/008.bin;0xE534;4B 16 BE F0;Knight of Frevor, Hector
ai/008.bin;0xE534;BF 43 2B F1;  アタッカー : %s
ai/008.bin;0xE534;27 25 50 F1;Bear Down Samurai
ai/008.bin;0xE534;FC B0 EB F6;Purification Regalia, Pure Angel
ai/008.bin;0xE534;89 20 23 F8;下
ai/008.bin;0xE534;DD 4C B3 F8;ターン開始 AI(%d)
ai/009.bin;0xE530;3F BF 4A 01;Eradicator, Yellow Gem Carbuncle
ai/009.bin;0xE530;DC A5 CF 01;  クインテットウォール : %d/%d枚
ai/009.bin;0xE530;FF BD 31 02;Eradicator, Thunder Boom Dragon
ai/009.bin;0xE530;51 5B 2F 06;Hexagonal Magus
ai/009.bin;0xE530;DD 9F CC 07;Blue Storm Dragon, Maelstrom
ai/009.bin;0xE530;8D 9F AA 08;  シールドの要求値 : 
ai/009.bin;0xE530;76 AE E0 09;Dragonic Overlord "The Яe-birth" (Trigger)
ai/009.bin;0xE530;02 DC 8B 0D;Mond Blaukluger
ai/009.bin;0xE530;B1 2D 5D 0E;  対象のパワー : %d(%d)%s
ai/009.bin;0xE530;24 A1 3B 11;Rising Lionet
ai/009.bin;0xE530;CA 98 65 11;Mythic Beast, Fenrir
ai/009.bin;0xE530;2F 96 22 12;Dancing Wolf
ai/009.bin;0xE530;2F CE 1C 13;Goddess of Flower Divination, Sakuya
ai/009.bin;0xE530;9F 3C 4E 15; + %d
ai/009.bin;0xE530;26 7B 30 1A;Cat Butler
ai/009.bin;0xE530;8D 20 89 1A;AI未設定 : %s %d
ai/009.bin;0xE530;3B C4 BE 20;Eradicator, Dragon Mage
ai/009.bin;0xE530;49 58 50 21;Dimensional Robo, Daijet
ai/009.bin;0xE530;8E BC BB 21;  シールドの目標値 : 
ai/009.bin;0xE530;50 41 74 23;Hope Child, Turiel
ai/009.bin;0xE530;39 5F 97 27;Promising Knight, David
ai/009.bin;0xE530;BE 51 F9 27;Ravenous Dragon, Battlerex
ai/009.bin;0xE530;F7 2E E0 29;～%d
ai/009.bin;0xE530;A6 8F 2A 2A;Brawler, Fighting Dracokid
ai/009.bin;0xE530;28 39 81 2B;Dragon Dancer, Veronica
ai/009.bin;0xE530;20 57 F4 2C;Eradicator of Fire, Kohkaiji
ai/009.bin;0xE530;44 62 0C 2D;Soundless Archer, Conductance
ai/009.bin;0xE530;14 30 63 2D;!!!! AI ERROR !!!!\n  
ai/009.bin;0xE530;EE 81 9E 32;Titan of the Capturing Arm
ai/009.bin;0xE530;C5 4D EE 32;Blaster Dark "Diablo"
ai/009.bin;0xE530;F1 28 16 33;枚しか選んでいない
ai/009.bin;0xE530;BC 1F 35 33;  ブースター : %s
ai/009.bin;0xE530;B8 BC F2 37;Ambush Demon Stealth Rogue, Kagamijishi
ai/009.bin;0xE530;6E 42 D6 38;AI(%d) : アタック情報
ai/009.bin;0xE530;B3 AD 45 3A;ブラスター
ai/009.bin;0xE530;03 D4 54 45; ヒットされない
ai/009.bin;0xE530;2D 3A A7 45;AI(%d) : ガードステップ情報
ai/009.bin;0xE530;3D C6 6F 4A;Eradicator, Demolition Dragon
ai/009.bin;0xE530;2C A5 7B 4D;枚選択する必要があるが、
ai/009.bin;0xE530;9F A5 E0 4F;CEO Amaterasu
ai/009.bin;0xE530;3A D0 5B 51;Exxtreme Battler, Victor
ai/009.bin;0xE530;C9 67 26 52;Dust Storm Eradicator, Toko
ai/009.bin;0xE530;A6 11 33 52;Dark Dragon, Phantom Blaster "Diablo"
ai/009.bin;0xE530;68 36 74 53;Zephyr Eradicator, Hayate
ai/009.bin;0xE530;55 62 89 54;Discharging Dragon
ai/009.bin;0xE530;3C E0 6F 55;Dragonic Overlord (Break Ride)
ai/009.bin;0xE530;DE C1 45 56;解放者
ai/009.bin;0xE530;F7 6D 78 57;Stamp Sea Otter
ai/009.bin;0xE530;18 D0 AE 59;Assassin Sword Eradicator, Susei
ai/009.bin;0xE530;C5 AF 0D 60;Crimson Roar, Metatron
ai/009.bin;0xE530;47 87 68 63;AI(%d) : 思考時間 %.3f秒 (行動カテゴリ:%d)
ai/009.bin;0xE530;55 C8 81 63;  完全ガード : %d/%d枚
ai/009.bin;0xE530;42 D7 DA 63;  ガーディアン候補
ai/009.bin;0xE530;33 8E E7 69;Duo True Sister, Meer
ai/009.bin;0xE530;E8 83 60 6B;Daredevil Samurai
ai/009.bin;0xE530;4B D4 AE 6B;  合計シールド : 
ai/009.bin;0xE530;DC 4C 2C 6E;Flower Princess of Spring's Beginning, Primavera
ai/009.bin;0xE530;11 E8 1D 70;Oracle Queen, Himiko
ai/009.bin;0xE530;E4 FB 3C 72;Blue Storm Cadet, Anos
ai/009.bin;0xE530;29 EF C2 73;  対象(%d) : %s
ai/009.bin;0xE530;E8 C6 78 80;Red River Dragoon
ai/009.bin;0xE530;7C 3A 8B 81;Liberator, Burning Blow
ai/009.bin;0xE530;DA 63 6D 85;Dimensional Robo, Daibrave
ai/009.bin;0xE530;46 DE 4B 88;Dark Metal Dragon
ai/009.bin;0xE530;6A D5 6E 8A;Katanaraizer
ai/009.bin;0xE530;A0 D8 63 8D;Great Cosmic Hero, Grandgallop
ai/009.bin;0xE530;1F 10 24 8F;上
ai/009.bin;0xE530;6C E6 93 8F;Pitch Black Sage, Charon
ai/009.bin;0xE530;BB E2 E9 90;Immortal, Asura Kaiser
ai/009.bin;0xE530;43 8C 15 92;Barrage Eradicator, Zion
ai/009.bin;0xE530;4A 0B A1 93;Lightning Blade Eradicator, Jeem
ai/009.bin;0xE530;E1 26 37 94;Demonic Dragon Berserker, Chatura
ai/009.bin;0xE530;6A 0F 95 94;  アタッカーのパワー : %d(%d)
ai/009.bin;0xE530;7F BB 35 95;Supreme Heavenly Emperor Dragon, Dragonic Overlord "the Ace"
ai/009.bin;0xE530;0C DD 47 9B;Battle Sister, Parfait
ai/009.bin;0xE530;1A 2D D2 9C;Myth Guard, Fomalhaut
ai/009.bin;0xE530;69 08 3B A2;Blue Wave Dragon, Tetra-drive Dragon
ai/009.bin;0xE530;F1 51 AA A2;Steam Fighter, Balih
ai/009.bin;0xE530;A4 F3 D7 A7;  アタッカーのクリティカル : %d
ai/009.bin;0xE530;BD FD F6 A7;Extreme Battler, Runbhol
ai/009.bin;0xE530;9F 77 42 AC;Flare Whip Dragon
ai/009.bin;0xE530;39 6A 36 B5;Hyper Metalborg, Heavyduke
ai/009.bin;0xE530;F7 48 21 B9;Dragon Knight, Jaral
ai/009.bin;0xE530;88 EF 6D BC;Enigman Tornado
ai/009.bin;0xE530;ED F8 CC BD;Final Wrench
ai/009.bin;0xE530;11 9F 48 BE;Shura Stealth Dragon, Daranicongo
ai/009.bin;0xE530;CF AA 4F C1;Perdition Dragon, Dragonic Neoflame
ai/009.bin;0xE530;7C 17 CE C1;Ranunculus Flower Maiden, Ahsha
ai/009.bin;0xE530;15 6E A2 C8;Wisteria Knight
ai/009.bin;0xE530;35 33 3D CB;蠱毒の抹消者 セイオウボ
ai/009.bin;0xE530;AB 51 A7 CB;AI(%d) : レシピ (フラグ:%08x)
ai/009.bin;0xE530;D7 DA C1 D6;AI(%d) : 思考開始 (行動カテゴリ:%d)
ai/009.bin;0xE530;7C 46 0A D9;Stealth Dragon, Dreadmaster
ai/009.bin;0xE530;6B 1D DB DC;Machining Mosquito mkII
ai/009.bin;0xE530;F4 42 77 DF;Eradicator, Spark Rain Dragon
ai/009.bin;0xE530;69 E8 61 E1;オーバーロード
ai/009.bin;0xE530;7D 1F 65 E6;Beast Deity, Night Jackal
ai/009.bin;0xE530;57 CD 2E E8;    
ai/009.bin;0xE530;CC 1A C6 E8;AI未設定 : attrib = %s
ai/009.bin;0xE530;39 17 8B F0;Starry Skies Liberator, Guinevere
ai/009.bin;0xE530;4B 16 BE F0;Knight of Frevor, Hector
ai/009.bin;0xE530;BF 43 2B F1;  アタッカー : %s
ai/009.bin;0xE530;27 25 50 F1;Bear Down Samurai
ai/009.bin;0xE530;E0 32 86 F1;Eradicator, Vowing Sword Dragon
ai/009.bin;0xE530;FC B0 EB F6;Purification Regalia, Pure Angel
ai/009.bin;0xE530;F2 7D 4C F7;Stone Bullet Eradicator, Houki
ai/009.bin;0xE530;89 20 23 F8;下
ai/009.bin;0xE530;DD 4C B3 F8;ターン開始 AI(%d)
ai/010.bin;0xE7BE;DC A5 CF 01;  クインテットウォール : %d/%d枚
ai/010.bin;0xE7BE;51 5B 2F 06;Hexagonal Magus
ai/010.bin;0xE7BE;DD 9F CC 07;Blue Storm Dragon, Maelstrom
ai/010.bin;0xE7BE;8D 9F AA 08;  シールドの要求値 : 
ai/010.bin;0xE7BE;76 AE E0 09;Dragonic Overlord "The Яe-birth" (Trigger)
ai/010.bin;0xE7BE;02 DC 8B 0D;Mond Blaukluger
ai/010.bin;0xE7BE;B1 2D 5D 0E;  対象のパワー : %d(%d)%s
ai/010.bin;0xE7BE;B2 AF 4D 10;Grim Revenger
ai/010.bin;0xE7BE;24 A1 3B 11;Rising Lionet
ai/010.bin;0xE7BE;CA 98 65 11;Mythic Beast, Fenrir
ai/010.bin;0xE7BE;2F 96 22 12;Dancing Wolf
ai/010.bin;0xE7BE;2F CE 1C 13;Goddess of Flower Divination, Sakuya
ai/010.bin;0xE7BE;9F 3C 4E 15; + %d
ai/010.bin;0xE7BE;26 7B 30 1A;Cat Butler
ai/010.bin;0xE7BE;8D 20 89 1A;AI未設定 : %s %d
ai/010.bin;0xE7BE;49 58 50 21;Dimensional Robo, Daijet
ai/010.bin;0xE7BE;8E BC BB 21;  シールドの目標値 : 
ai/010.bin;0xE7BE;50 41 74 23;Hope Child, Turiel
ai/010.bin;0xE7BE;39 5F 97 27;Promising Knight, David
ai/010.bin;0xE7BE;BE 51 F9 27;Ravenous Dragon, Battlerex
ai/010.bin;0xE7BE;F7 2E E0 29;～%d
ai/010.bin;0xE7BE;A6 8F 2A 2A;Brawler, Fighting Dracokid
ai/010.bin;0xE7BE;44 62 0C 2D;Soundless Archer, Conductance
ai/010.bin;0xE7BE;14 30 63 2D;!!!! AI ERROR !!!!\n  
ai/010.bin;0xE7BE;EE 81 9E 32;Titan of the Capturing Arm
ai/010.bin;0xE7BE;C5 4D EE 32;Blaster Dark "Diablo"
ai/010.bin;0xE7BE;F1 28 16 33;枚しか選んでいない
ai/010.bin;0xE7BE;BC 1F 35 33;  ブースター : %s
ai/010.bin;0xE7BE;0F 84 8F 33;Moonlight Witch, Vaha
ai/010.bin;0xE7BE;B8 BC F2 37;Ambush Demon Stealth Rogue, Kagamijishi
ai/010.bin;0xE7BE;6E 42 D6 38;AI(%d) : アタック情報
ai/010.bin;0xE7BE;B3 AD 45 3A;ブラスター
ai/010.bin;0xE7BE;DD A7 77 3D;Nullity Revenger, Masquerade
ai/010.bin;0xE7BE;5F 07 F5 3E;Witch of Choices, Eriu
ai/010.bin;0xE7BE;2B 9E 47 42;Witch of Nostrum, Arianrhod
ai/010.bin;0xE7BE;03 D4 54 45; ヒットされない
ai/010.bin;0xE7BE;2D 3A A7 45;AI(%d) : ガードステップ情報
ai/010.bin;0xE7BE;EF 54 31 46;Illusionary Revenger, Mordred Phantom
ai/010.bin;0xE7BE;2C A5 7B 4D;枚選択する必要があるが、
ai/010.bin;0xE7BE;DC 23 30 4E;Darkness Revenger, Rugos
ai/010.bin;0xE7BE;9F A5 E0 4F;CEO Amaterasu
ai/010.bin;0xE7BE;3A D0 5B 51;Exxtreme Battler, Victor
ai/010.bin;0xE7BE;A6 11 33 52;Dark Dragon, Phantom Blaster "Diablo"
ai/010.bin;0xE7BE;2F 06 33 53;Black Sage, Charon
ai/010.bin;0xE7BE;3C E0 6F 55;Dragonic Overlord (Break Ride)
ai/010.bin;0xE7BE;DE C1 45 56;解放者
ai/010.bin;0xE7BE;F7 6D 78 57;Stamp Sea Otter
ai/010.bin;0xE7BE;3C 63 E3 57;Skull Witch, Nemain
ai/010.bin;0xE7BE;FF F7 DB 58;Awaking Revenger
ai/010.bin;0xE7BE;C5 AF 0D 60;Crimson Roar, Metatron
ai/010.bin;0xE7BE;47 87 68 63;AI(%d) : 思考時間 %.3f秒 (行動カテゴリ:%d)
ai/010.bin;0xE7BE;55 C8 81 63;  完全ガード : %d/%d枚
ai/010.bin;0xE7BE;42 D7 DA 63;  ガーディアン候補
ai/010.bin;0xE7BE;33 8E E7 69;Duo True Sister, Meer
ai/010.bin;0xE7BE;E8 83 60 6B;Daredevil Samurai
ai/010.bin;0xE7BE;4B D4 AE 6B;  合計シールド : 
ai/010.bin;0xE7BE;21 86 C9 6C;Sacrilege Revenger, Baal-berith
ai/010.bin;0xE7BE;DC 4C 2C 6E;Flower Princess of Spring's Beginning, Primavera
ai/010.bin;0xE7BE;11 E8 1D 70;Oracle Queen, Himiko
ai/010.bin;0xE7BE;E4 FB 3C 72;Blue Storm Cadet, Anos
ai/010.bin;0xE7BE;F4 19 48 73;Revenger Fortress, Fatalita
ai/010.bin;0xE7BE;29 EF C2 73;  対象(%d) : %s
ai/010.bin;0xE7BE;7C 3A 8B 81;Liberator, Burning Blow
ai/010.bin;0xE7BE;DA 63 6D 85;Dimensional Robo, Daibrave
ai/010.bin;0xE7BE;46 DE 4B 88;Dark Metal Dragon
ai/010.bin;0xE7BE;6A D5 6E 8A;Katanaraizer
ai/010.bin;0xE7BE;A0 D8 63 8D;Great Cosmic Hero, Grandgallop
ai/010.bin;0xE7BE;1F 10 24 8F;上
ai/010.bin;0xE7BE;6C E6 93 8F;Pitch Black Sage, Charon
ai/010.bin;0xE7BE;BB E2 E9 90;Immortal, Asura Kaiser
ai/010.bin;0xE7BE;E1 26 37 94;Demonic Dragon Berserker, Chatura
ai/010.bin;0xE7BE;6A 0F 95 94;  アタッカーのパワー : %d(%d)
ai/010.bin;0xE7BE;7F BB 35 95;Supreme Heavenly Emperor Dragon, Dragonic Overlord "the Ace"
ai/010.bin;0xE7BE;0C DD 47 9B;Battle Sister, Parfait
ai/010.bin;0xE7BE;1A 2D D2 9C;Myth Guard, Fomalhaut
ai/010.bin;0xE7BE;69 08 3B A2;Blue Wave Dragon, Tetra-drive Dragon
ai/010.bin;0xE7BE;F1 51 AA A2;Steam Fighter, Balih
ai/010.bin;0xE7BE;A4 F3 D7 A7;  アタッカーのクリティカル : %d
ai/010.bin;0xE7BE;BD FD F6 A7;Extreme Battler, Runbhol
ai/010.bin;0xE7BE;B9 2A FF AB;Healing Revenger
ai/010.bin;0xE7BE;9F 77 42 AC;Flare Whip Dragon
ai/010.bin;0xE7BE;E2 45 52 B1;Crisis Revenger, Fritz
ai/010.bin;0xE7BE;A3 70 B0 B3;Revenger, Bloodmaster
ai/010.bin;0xE7BE;39 6A 36 B5;Hyper Metalborg, Heavyduke
ai/010.bin;0xE7BE;F7 48 21 B9;Dragon Knight, Jaral
ai/010.bin;0xE7BE;9A 47 7E B9;Branbau Revenger
ai/010.bin;0xE7BE;88 EF 6D BC;Enigman Tornado
ai/010.bin;0xE7BE;ED F8 CC BD;Final Wrench
ai/010.bin;0xE7BE;11 9F 48 BE;Shura Stealth Dragon, Daranicongo
ai/010.bin;0xE7BE;CF AA 4F C1;Perdition Dragon, Dragonic Neoflame
ai/010.bin;0xE7BE;7C 17 CE C1;Ranunculus Flower Maiden, Ahsha
ai/010.bin;0xE7BE;BF 68 21 C3;Koilbau Revenger
ai/010.bin;0xE7BE;15 6E A2 C8;Wisteria Knight
ai/010.bin;0xE7BE;AB 51 A7 CB;AI(%d) : レシピ (フラグ:%08x)
ai/010.bin;0xE7BE;D7 DA C1 D6;AI(%d) : 思考開始 (行動カテゴリ:%d)
ai/010.bin;0xE7BE;7C 46 0A D9;Stealth Dragon, Dreadmaster
ai/010.bin;0xE7BE;F8 AA 7D D9;Labyrinth Revenger, Arawn
ai/010.bin;0xE7BE;2C AD 93 DC;Venomous Breath Dragon
ai/010.bin;0xE7BE;6B 1D DB DC;Machining Mosquito mkII
ai/010.bin;0xE7BE;69 E8 61 E1;オーバーロード
ai/010.bin;0xE7BE;F5 53 42 E6;Transient Revenger, Masquerade
ai/010.bin;0xE7BE;7D 1F 65 E6;Beast Deity, Night Jackal
ai/010.bin;0xE7BE;57 CD 2E E8;    
ai/010.bin;0xE7BE;CC 1A C6 E8;AI未設定 : attrib = %s
ai/010.bin;0xE7BE;E7 F6 5F EC;Freezing Revenger
ai/010.bin;0xE7BE;CA DF F8 ED;Blaster Dark Revenger (No Ability)
ai/010.bin;0xE7BE;39 17 8B F0;Starry Skies Liberator, Guinevere
ai/010.bin;0xE7BE;4B 16 BE F0;Knight of Frevor, Hector
ai/010.bin;0xE7BE;BF 43 2B F1;  アタッカー : %s
ai/010.bin;0xE7BE;27 25 50 F1;Bear Down Samurai
ai/010.bin;0xE7BE;FC B0 EB F6;Purification Regalia, Pure Angel
ai/010.bin;0xE7BE;89 20 23 F8;下
ai/010.bin;0xE7BE;DD 4C B3 F8;ターン開始 AI(%d)
ai/011.bin;0xE532;DC A5 CF 01;  クインテットウォール : %d/%d枚
ai/011.bin;0xE532;DD 44 B0 04;Hollow Twin Blades, Binary Star
ai/011.bin;0xE532;51 5B 2F 06;Hexagonal Magus
ai/011.bin;0xE532;DD 9F CC 07;Blue Storm Dragon, Maelstrom
ai/011.bin;0xE532;8D 9F AA 08;  シールドの要求値 : 
ai/011.bin;0xE532;76 AE E0 09;Dragonic Overlord "The Яe-birth" (Trigger)
ai/011.bin;0xE532;99 99 04 0B;Star-vader, Meteor Liger
ai/011.bin;0xE532;02 DC 8B 0D;Mond Blaukluger
ai/011.bin;0xE532;B1 2D 5D 0E;  対象のパワー : %d(%d)%s
ai/011.bin;0xE532;24 A1 3B 11;Rising Lionet
ai/011.bin;0xE532;CA 98 65 11;Mythic Beast, Fenrir
ai/011.bin;0xE532;2F 96 22 12;Dancing Wolf
ai/011.bin;0xE532;2F CE 1C 13;Goddess of Flower Divination, Sakuya
ai/011.bin;0xE532;9F 3C 4E 15; + %d
ai/011.bin;0xE532;26 7B 30 1A;Cat Butler
ai/011.bin;0xE532;8D 20 89 1A;AI未設定 : %s %d
ai/011.bin;0xE532;49 58 50 21;Dimensional Robo, Daijet
ai/011.bin;0xE532;8E BC BB 21;  シールドの目標値 : 
ai/011.bin;0xE532;50 41 74 23;Hope Child, Turiel
ai/011.bin;0xE532;F7 09 48 24;Deep Shadow Star-vader, Strontium
ai/011.bin;0xE532;39 5F 97 27;Promising Knight, David
ai/011.bin;0xE532;BE 51 F9 27;Ravenous Dragon, Battlerex
ai/011.bin;0xE532;F7 2E E0 29;～%d
ai/011.bin;0xE532;A6 8F 2A 2A;Brawler, Fighting Dracokid
ai/011.bin;0xE532;44 62 0C 2D;Soundless Archer, Conductance
ai/011.bin;0xE532;14 30 63 2D;!!!! AI ERROR !!!!\n  
ai/011.bin;0xE532;B9 1E DD 2D;Nova Star-vader, Actinium
ai/011.bin;0xE532;EE 81 9E 32;Titan of the Capturing Arm
ai/011.bin;0xE532;C5 4D EE 32;Blaster Dark "Diablo"
ai/011.bin;0xE532;F1 28 16 33;枚しか選んでいない
ai/011.bin;0xE532;BC 1F 35 33;  ブースター : %s
ai/011.bin;0xE532;B8 BC F2 37;Ambush Demon Stealth Rogue, Kagamijishi
ai/011.bin;0xE532;6E 42 D6 38;AI(%d) : アタック情報
ai/011.bin;0xE532;B3 AD 45 3A;ブラスター
ai/011.bin;0xE532;03 D4 54 45; ヒットされない
ai/011.bin;0xE532;2D 3A A7 45;AI(%d) : ガードステップ情報
ai/011.bin;0xE532;2C A5 7B 4D;枚選択する必要があるが、
ai/011.bin;0xE532;9F A5 E0 4F;CEO Amaterasu
ai/011.bin;0xE532;3A D0 5B 51;Exxtreme Battler, Victor
ai/011.bin;0xE532;A6 11 33 52;Dark Dragon, Phantom Blaster "Diablo"
ai/011.bin;0xE532;3C E0 6F 55;Dragonic Overlord (Break Ride)
ai/011.bin;0xE532;DE C1 45 56;解放者
ai/011.bin;0xE532;F7 6D 78 57;Stamp Sea Otter
ai/011.bin;0xE532;BF A7 24 5A;Star-vader, Aurora Eagle
ai/011.bin;0xE532;60 AE F2 5C;Star-vader, Infinite Zero Dragon
ai/011.bin;0xE532;C5 AF 0D 60;Crimson Roar, Metatron
ai/011.bin;0xE532;47 87 68 63;AI(%d) : 思考時間 %.3f秒 (行動カテゴリ:%d)
ai/011.bin;0xE532;55 C8 81 63;  完全ガード : %d/%d枚
ai/011.bin;0xE532;42 D7 DA 63;  ガーディアン候補
ai/011.bin;0xE532;33 8E E7 69;Duo True Sister, Meer
ai/011.bin;0xE532;E6 0A A3 6A;Star-vader, Francium
ai/011.bin;0xE532;E8 83 60 6B;Daredevil Samurai
ai/011.bin;0xE532;4B D4 AE 6B;  合計シールド : 
ai/011.bin;0xE532;DC 4C 2C 6E;Flower Princess of Spring's Beginning, Primavera
ai/011.bin;0xE532;11 E8 1D 70;Oracle Queen, Himiko
ai/011.bin;0xE532;F0 D9 D2 70;Strike Star-vader, Krypton
ai/011.bin;0xE532;E4 FB 3C 72;Blue Storm Cadet, Anos
ai/011.bin;0xE532;29 EF C2 73;  対象(%d) : %s
ai/011.bin;0xE532;7C 3A 8B 81;Liberator, Burning Blow
ai/011.bin;0xE532;DA 63 6D 85;Dimensional Robo, Daibrave
ai/011.bin;0xE532;46 DE 4B 88;Dark Metal Dragon
ai/011.bin;0xE532;6A D5 6E 8A;Katanaraizer
ai/011.bin;0xE532;A0 D8 63 8D;Great Cosmic Hero, Grandgallop
ai/011.bin;0xE532;1F 10 24 8F;上
ai/011.bin;0xE532;6C E6 93 8F;Pitch Black Sage, Charon
ai/011.bin;0xE532;BB E2 E9 90;Immortal, Asura Kaiser
ai/011.bin;0xE532;E4 E9 0E 94;Keyboard Star-vader, Bismuth
ai/011.bin;0xE532;E1 26 37 94;Demonic Dragon Berserker, Chatura
ai/011.bin;0xE532;6A 0F 95 94;  アタッカーのパワー : %d(%d)
ai/011.bin;0xE532;7F BB 35 95;Supreme Heavenly Emperor Dragon, Dragonic Overlord "the Ace"
ai/011.bin;0xE532;DF 67 86 97;Star-vader, Pulsar Bear
ai/011.bin;0xE532;0C DD 47 9B;Battle Sister, Parfait
ai/011.bin;0xE532;1A 2D D2 9C;Myth Guard, Fomalhaut
ai/011.bin;0xE532;D8 68 20 A0;Star-vader, Mobius Breath Dragon
ai/011.bin;0xE532;FE E1 B6 A0;Homing Star-vader, Fermium
ai/011.bin;0xE532;69 08 3B A2;Blue Wave Dragon, Tetra-drive Dragon
ai/011.bin;0xE532;F1 51 AA A2;Steam Fighter, Balih
ai/011.bin;0xE532;A4 F3 D7 A7;  アタッカーのクリティカル : %d
ai/011.bin;0xE532;BD FD F6 A7;Extreme Battler, Runbhol
ai/011.bin;0xE532;9F 77 42 AC;Flare Whip Dragon
ai/011.bin;0xE532;39 6A 36 B5;Hyper Metalborg, Heavyduke
ai/011.bin;0xE532;F7 48 21 B9;Dragon Knight, Jaral
ai/011.bin;0xE532;8D 55 D4 B9;Unrivaled Star-vader, Radon
ai/011.bin;0xE532;88 EF 6D BC;Enigman Tornado
ai/011.bin;0xE532;ED F8 CC BD;Final Wrench
ai/011.bin;0xE532;11 9F 48 BE;Shura Stealth Dragon, Daranicongo
ai/011.bin;0xE532;CF AA 4F C1;Perdition Dragon, Dragonic Neoflame
ai/011.bin;0xE532;7C 17 CE C1;Ranunculus Flower Maiden, Ahsha
ai/011.bin;0xE532;15 6E A2 C8;Wisteria Knight
ai/011.bin;0xE532;77 B6 99 CA;Mana Shot Star-vader, Neon
ai/011.bin;0xE532;AB 51 A7 CB;AI(%d) : レシピ (フラグ:%08x)
ai/011.bin;0xE532;D7 DA C1 D6;AI(%d) : 思考開始 (行動カテゴリ:%d)
ai/011.bin;0xE532;68 7C B9 D7;Twilight Baron
ai/011.bin;0xE532;7C 46 0A D9;Stealth Dragon, Dreadmaster
ai/011.bin;0xE532;C2 90 C6 DB;Star-vader, Nebula Captor
ai/011.bin;0xE532;6B 1D DB DC;Machining Mosquito mkII
ai/011.bin;0xE532;69 E8 61 E1;オーバーロード
ai/011.bin;0xE532;7D 1F 65 E6;Beast Deity, Night Jackal
ai/011.bin;0xE532;57 CD 2E E8;    
ai/011.bin;0xE532;CC 1A C6 E8;AI未設定 : attrib = %s
ai/011.bin;0xE532;39 17 8B F0;Starry Skies Liberator, Guinevere
ai/011.bin;0xE532;4B 16 BE F0;Knight of Frevor, Hector
ai/011.bin;0xE532;BF 43 2B F1;  アタッカー : %s
ai/011.bin;0xE532;27 25 50 F1;Bear Down Samurai
ai/011.bin;0xE532;FC B0 EB F6;Purification Regalia, Pure Angel
ai/011.bin;0xE532;89 20 23 F8;下
ai/011.bin;0xE532;DD 4C B3 F8;ターン開始 AI(%d)
ai/011.bin;0xE532;E2 D8 A8 FF;Star-vader, Stellar Garage
ai/012.bin;0xE538;DC A5 CF 01;  クインテットウォール : %d/%d枚
ai/012.bin;0xE538;51 5B 2F 06;Hexagonal Magus
ai/012.bin;0xE538;DD 9F CC 07;Blue Storm Dragon, Maelstrom
ai/012.bin;0xE538;8D 9F AA 08;  シールドの要求値 : 
ai/012.bin;0xE538;76 AE E0 09;Dragonic Overlord "The Яe-birth" (Trigger)
ai/012.bin;0xE538;02 DC 8B 0D;Mond Blaukluger
ai/012.bin;0xE538;B1 2D 5D 0E;  対象のパワー : %d(%d)%s
ai/012.bin;0xE538;24 A1 3B 11;Rising Lionet
ai/012.bin;0xE538;CA 98 65 11;Mythic Beast, Fenrir
ai/012.bin;0xE538;2F 96 22 12;Dancing Wolf
ai/012.bin;0xE538;2F CE 1C 13;Goddess of Flower Divination, Sakuya
ai/012.bin;0xE538;9F 3C 4E 15; + %d
ai/012.bin;0xE538;C0 3B E1 16;Dimensional Robo, Daitiger
ai/012.bin;0xE538;FB 9C E9 17;Dimensional Robo, Goflight
ai/012.bin;0xE538;26 7B 30 1A;Cat Butler
ai/012.bin;0xE538;8D 20 89 1A;AI未設定 : %s %d
ai/012.bin;0xE538;C0 15 ED 1A;Dimensional Robo, Daidragon
ai/012.bin;0xE538;49 58 50 21;Dimensional Robo, Daijet
ai/012.bin;0xE538;8E BC BB 21;  シールドの目標値 : 
ai/012.bin;0xE538;50 41 74 23;Hope Child, Turiel
ai/012.bin;0xE538;3E B4 A9 24;Dimensional Robo, Daidriller
ai/012.bin;0xE538;39 5F 97 27;Promising Knight, David
ai/012.bin;0xE538;BE 51 F9 27;Ravenous Dragon, Battlerex
ai/012.bin;0xE538;F7 2E E0 29;～%d
ai/012.bin;0xE538;A6 8F 2A 2A;Brawler, Fighting Dracokid
ai/012.bin;0xE538;44 62 0C 2D;Soundless Archer, Conductance
ai/012.bin;0xE538;14 30 63 2D;!!!! AI ERROR !!!!\n  
ai/012.bin;0xE538;EE 81 9E 32;Titan of the Capturing Arm
ai/012.bin;0xE538;C5 4D EE 32;Blaster Dark "Diablo"
ai/012.bin;0xE538;F1 28 16 33;枚しか選んでいない
ai/012.bin;0xE538;BC 1F 35 33;  ブースター : %s
ai/012.bin;0xE538;6F 97 CC 33;Dimensional Robo, Daicrane
ai/012.bin;0xE538;B8 BC F2 37;Ambush Demon Stealth Rogue, Kagamijishi
ai/012.bin;0xE538;6E 42 D6 38;AI(%d) : アタック情報
ai/012.bin;0xE538;B3 AD 45 3A;ブラスター
ai/012.bin;0xE538;03 D4 54 45; ヒットされない
ai/012.bin;0xE538;2D 3A A7 45;AI(%d) : ガードステップ情報
ai/012.bin;0xE538;2C A5 7B 4D;枚選択する必要があるが、
ai/012.bin;0xE538;98 17 DB 4F;Dimensional Robo, Goyusha
ai/012.bin;0xE538;9F A5 E0 4F;CEO Amaterasu
ai/012.bin;0xE538;3A D0 5B 51;Exxtreme Battler, Victor
ai/012.bin;0xE538;A6 11 33 52;Dark Dragon, Phantom Blaster "Diablo"
ai/012.bin;0xE538;7F 2E 5C 53;Dimensional Robo, Daimariner
ai/012.bin;0xE538;3C E0 6F 55;Dragonic Overlord (Break Ride)
ai/012.bin;0xE538;DE C1 45 56;解放者
ai/012.bin;0xE538;F7 6D 78 57;Stamp Sea Otter
ai/012.bin;0xE538;19 8E 4B 5D;Electro-star Combination, Cosmogreat
ai/012.bin;0xE538;C5 AF 0D 60;Crimson Roar, Metatron
ai/012.bin;0xE538;47 87 68 63;AI(%d) : 思考時間 %.3f秒 (行動カテゴリ:%d)
ai/012.bin;0xE538;55 C8 81 63;  完全ガード : %d/%d枚
ai/012.bin;0xE538;42 D7 DA 63;  ガーディアン候補
ai/012.bin;0xE538;EC 3B 48 64;Dimensional Robo, Daibattles
ai/012.bin;0xE538;E5 D2 62 65;Dimensional Robo, Gorescue
ai/012.bin;0xE538;33 8E E7 69;Duo True Sister, Meer
ai/012.bin;0xE538;E8 83 60 6B;Daredevil Samurai
ai/012.bin;0xE538;4B D4 AE 6B;  合計シールド : 
ai/012.bin;0xE538;DC 4C 2C 6E;Flower Princess of Spring's Beginning, Primavera
ai/012.bin;0xE538;11 E8 1D 70;Oracle Queen, Himiko
ai/012.bin;0xE538;E4 FB 3C 72;Blue Storm Cadet, Anos
ai/012.bin;0xE538;29 EF C2 73;  対象(%d) : %s
ai/012.bin;0xE538;26 9A 44 77;Super Dimensional Robo, Daiyusha
ai/012.bin;0xE538;7C 3A 8B 81;Liberator, Burning Blow
ai/012.bin;0xE538;DA 63 6D 85;Dimensional Robo, Daibrave
ai/012.bin;0xE538;46 DE 4B 88;Dark Metal Dragon
ai/012.bin;0xE538;6A D5 6E 8A;Katanaraizer
ai/012.bin;0xE538;A0 D8 63 8D;Great Cosmic Hero, Grandgallop
ai/012.bin;0xE538;1F 10 24 8F;上
ai/012.bin;0xE538;6C E6 93 8F;Pitch Black Sage, Charon
ai/012.bin;0xE538;BB E2 E9 90;Immortal, Asura Kaiser
ai/012.bin;0xE538;E1 26 37 94;Demonic Dragon Berserker, Chatura
ai/012.bin;0xE538;6A 0F 95 94;  アタッカーのパワー : %d(%d)
ai/012.bin;0xE538;7F BB 35 95;Supreme Heavenly Emperor Dragon, Dragonic Overlord "the Ace"
ai/012.bin;0xE538;8D 03 EC 97;Dimensional Robo, Kaizard
ai/012.bin;0xE538;0C DD 47 9B;Battle Sister, Parfait
ai/012.bin;0xE538;1A 2D D2 9C;Myth Guard, Fomalhaut
ai/012.bin;0xE538;69 08 3B A2;Blue Wave Dragon, Tetra-drive Dragon
ai/012.bin;0xE538;F1 51 AA A2;Steam Fighter, Balih
ai/012.bin;0xE538;A4 F3 D7 A7;  アタッカーのクリティカル : %d
ai/012.bin;0xE538;BD FD F6 A7;Extreme Battler, Runbhol
ai/012.bin;0xE538;9F 77 42 AC;Flare Whip Dragon
ai/012.bin;0xE538;39 6A 36 B5;Hyper Metalborg, Heavyduke
ai/012.bin;0xE538;F7 48 21 B9;Dragon Knight, Jaral
ai/012.bin;0xE538;BF BE 4A B9;Karenroid, Daisy
ai/012.bin;0xE538;88 EF 6D BC;Enigman Tornado
ai/012.bin;0xE538;ED F8 CC BD;Final Wrench
ai/012.bin;0xE538;11 9F 48 BE;Shura Stealth Dragon, Daranicongo
ai/012.bin;0xE538;CF AA 4F C1;Perdition Dragon, Dragonic Neoflame
ai/012.bin;0xE538;7C 17 CE C1;Ranunculus Flower Maiden, Ahsha
ai/012.bin;0xE538;15 6E A2 C8;Wisteria Knight
ai/012.bin;0xE538;AB 51 A7 CB;AI(%d) : レシピ (フラグ:%08x)
ai/012.bin;0xE538;8D BE C6 CC;Super Dimensional Robo, Dailady
ai/012.bin;0xE538;D7 DA C1 D6;AI(%d) : 思考開始 (行動カテゴリ:%d)
ai/012.bin;0xE538;7C 46 0A D9;Stealth Dragon, Dreadmaster
ai/012.bin;0xE538;6B 1D DB DC;Machining Mosquito mkII
ai/012.bin;0xE538;69 E8 61 E1;オーバーロード
ai/012.bin;0xE538;7D 1F 65 E6;Beast Deity, Night Jackal
ai/012.bin;0xE538;57 CD 2E E8;    
ai/012.bin;0xE538;CC 1A C6 E8;AI未設定 : attrib = %s
ai/012.bin;0xE538;8E 3E F0 ED;Dimensional Robo, Daifighter
ai/012.bin;0xE538;F1 76 1B EE;Super Dimensional Robo, Daikaiser
ai/012.bin;0xE538;39 17 8B F0;Starry Skies Liberator, Guinevere
ai/012.bin;0xE538;4B 16 BE F0;Knight of Frevor, Hector
ai/012.bin;0xE538;BF 43 2B F1;  アタッカー : %s
ai/012.bin;0xE538;27 25 50 F1;Bear Down Samurai
ai/012.bin;0xE538;FC B0 EB F6;Purification Regalia, Pure Angel
ai/012.bin;0xE538;89 20 23 F8;下
ai/012.bin;0xE538;DD 4C B3 F8;ターン開始 AI(%d)
ai/013.bin;0xE61A;DC A5 CF 01;  クインテットウォール : %d/%d枚
ai/013.bin;0xE61A;51 5B 2F 06;Hexagonal Magus
ai/013.bin;0xE61A;DD 9F CC 07;Blue Storm Dragon, Maelstrom
ai/013.bin;0xE61A;8D 9F AA 08;  シールドの要求値 : 
ai/013.bin;0xE61A;76 AE E0 09;Dragonic Overlord "The Яe-birth" (Trigger)
ai/013.bin;0xE61A;02 DC 8B 0D;Mond Blaukluger
ai/013.bin;0xE61A;B1 2D 5D 0E;  対象のパワー : %d(%d)%s
ai/013.bin;0xE61A;24 A1 3B 11;Rising Lionet
ai/013.bin;0xE61A;CA 98 65 11;Mythic Beast, Fenrir
ai/013.bin;0xE61A;2F 96 22 12;Dancing Wolf
ai/013.bin;0xE61A;2F CE 1C 13;Goddess of Flower Divination, Sakuya
ai/013.bin;0xE61A;9F 3C 4E 15; + %d
ai/013.bin;0xE61A;56 31 FB 18;Witch of Wolves, Saffron
ai/013.bin;0xE61A;26 7B 30 1A;Cat Butler
ai/013.bin;0xE61A;8D 20 89 1A;AI未設定 : %s %d
ai/013.bin;0xE61A;C6 CF 8F 1D;Witch of Big Pots, Laurier
ai/013.bin;0xE61A;49 58 50 21;Dimensional Robo, Daijet
ai/013.bin;0xE61A;8E BC BB 21;  シールドの目標値 : 
ai/013.bin;0xE61A;50 41 74 23;Hope Child, Turiel
ai/013.bin;0xE61A;39 5F 97 27;Promising Knight, David
ai/013.bin;0xE61A;C4 22 BE 27;Patrol Guardian
ai/013.bin;0xE61A;BE 51 F9 27;Ravenous Dragon, Battlerex
ai/013.bin;0xE61A;F7 2E E0 29;～%d
ai/013.bin;0xE61A;A6 8F 2A 2A;Brawler, Fighting Dracokid
ai/013.bin;0xE61A;E7 7C 37 2A;Regalia of Wisdom, Angelica (Stride Bonus)
ai/013.bin;0xE61A;44 62 0C 2D;Soundless Archer, Conductance
ai/013.bin;0xE61A;14 30 63 2D;!!!! AI ERROR !!!!\n  
ai/013.bin;0xE61A;68 C9 B9 31;Dreaming Dragon
ai/013.bin;0xE61A;EE 81 9E 32;Titan of the Capturing Arm
ai/013.bin;0xE61A;C5 4D EE 32;Blaster Dark "Diablo"
ai/013.bin;0xE61A;F1 28 16 33;枚しか選んでいない
ai/013.bin;0xE61A;BC 1F 35 33;  ブースター : %s
ai/013.bin;0xE61A;77 63 61 35;Battle Maiden, Sahohime
ai/013.bin;0xE61A;B8 BC F2 37;Ambush Demon Stealth Rogue, Kagamijishi
ai/013.bin;0xE61A;6E 42 D6 38;AI(%d) : アタック情報
ai/013.bin;0xE61A;B3 AD 45 3A;ブラスター
ai/013.bin;0xE61A;03 D4 54 45; ヒットされない
ai/013.bin;0xE61A;2D 3A A7 45;AI(%d) : ガードステップ情報
ai/013.bin;0xE61A;2C A5 7B 4D;枚選択する必要があるが、
ai/013.bin;0xE61A;9F A5 E0 4F;CEO Amaterasu
ai/013.bin;0xE61A;3A D0 5B 51;Exxtreme Battler, Victor
ai/013.bin;0xE61A;A6 11 33 52;Dark Dragon, Phantom Blaster "Diablo"
ai/013.bin;0xE61A;8B 92 A4 53;Battle Maiden, Tatsutahime
ai/013.bin;0xE61A;3C E0 6F 55;Dragonic Overlord (Break Ride)
ai/013.bin;0xE61A;DE C1 45 56;解放者
ai/013.bin;0xE61A;F7 6D 78 57;Stamp Sea Otter
ai/013.bin;0xE61A;A4 3E 79 5B;Goddess of Trees, Jupiter
ai/013.bin;0xE61A;C5 AF 0D 60;Crimson Roar, Metatron
ai/013.bin;0xE61A;47 87 68 63;AI(%d) : 思考時間 %.3f秒 (行動カテゴリ:%d)
ai/013.bin;0xE61A;55 C8 81 63;  完全ガード : %d/%d枚
ai/013.bin;0xE61A;42 D7 DA 63;  ガーディアン候補
ai/013.bin;0xE61A;33 8E E7 69;Duo True Sister, Meer
ai/013.bin;0xE61A;E8 83 60 6B;Daredevil Samurai
ai/013.bin;0xE61A;4B D4 AE 6B;  合計シールド : 
ai/013.bin;0xE61A;DC 4C 2C 6E;Flower Princess of Spring's Beginning, Primavera
ai/013.bin;0xE61A;11 E8 1D 70;Oracle Queen, Himiko
ai/013.bin;0xE61A;E4 FB 3C 72;Blue Storm Cadet, Anos
ai/013.bin;0xE61A;29 EF C2 73;  対象(%d) : %s
ai/013.bin;0xE61A;7C 3A 8B 81;Liberator, Burning Blow
ai/013.bin;0xE61A;DA 63 6D 85;Dimensional Robo, Daibrave
ai/013.bin;0xE61A;46 DE 4B 88;Dark Metal Dragon
ai/013.bin;0xE61A;6A D5 6E 8A;Katanaraizer
ai/013.bin;0xE61A;6E 24 4B 8D;Reflector Angel
ai/013.bin;0xE61A;A0 D8 63 8D;Great Cosmic Hero, Grandgallop
ai/013.bin;0xE61A;1F 10 24 8F;上
ai/013.bin;0xE61A;6C E6 93 8F;Pitch Black Sage, Charon
ai/013.bin;0xE61A;BB E2 E9 90;Immortal, Asura Kaiser
ai/013.bin;0xE61A;E1 26 37 94;Demonic Dragon Berserker, Chatura
ai/013.bin;0xE61A;6A 0F 95 94;  アタッカーのパワー : %d(%d)
ai/013.bin;0xE61A;7F BB 35 95;Supreme Heavenly Emperor Dragon, Dragonic Overlord "the Ace"
ai/013.bin;0xE61A;0C DD 47 9B;Battle Sister, Parfait
ai/013.bin;0xE61A;1A 2D D2 9C;Myth Guard, Fomalhaut
ai/013.bin;0xE61A;69 08 3B A2;Blue Wave Dragon, Tetra-drive Dragon
ai/013.bin;0xE61A;F1 51 AA A2;Steam Fighter, Balih
ai/013.bin;0xE61A;DF 45 38 A3;Battle Maiden, Mizuha
ai/013.bin;0xE61A;A4 F3 D7 A7;  アタッカーのクリティカル : %d
ai/013.bin;0xE61A;BD FD F6 A7;Extreme Battler, Runbhol
ai/013.bin;0xE61A;A4 66 BE A9;Bandit Danny
ai/013.bin;0xE61A;9F 77 42 AC;Flare Whip Dragon
ai/013.bin;0xE61A;EF 89 44 AD;Lemon Witch, Limonccino
ai/013.bin;0xE61A;40 7D FC B2;Apple Witch, Cider
ai/013.bin;0xE61A;39 6A 36 B5;Hyper Metalborg, Heavyduke
ai/013.bin;0xE61A;85 19 5B B6;Battle Maiden, Mihikarihime
ai/013.bin;0xE61A;F7 48 21 B9;Dragon Knight, Jaral
ai/013.bin;0xE61A;88 EF 6D BC;Enigman Tornado
ai/013.bin;0xE61A;ED F8 CC BD;Final Wrench
ai/013.bin;0xE61A;11 9F 48 BE;Shura Stealth Dragon, Daranicongo
ai/013.bin;0xE61A;CF AA 4F C1;Perdition Dragon, Dragonic Neoflame
ai/013.bin;0xE61A;7C 17 CE C1;Ranunculus Flower Maiden, Ahsha
ai/013.bin;0xE61A;15 6E A2 C8;Wisteria Knight
ai/013.bin;0xE61A;AB 51 A7 CB;AI(%d) : レシピ (フラグ:%08x)
ai/013.bin;0xE61A;40 9D AD D2;Witch of Cats, Cumin
ai/013.bin;0xE61A;65 46 40 D3;Existence Angel
ai/013.bin;0xE61A;D7 DA C1 D6;AI(%d) : 思考開始 (行動カテゴリ:%d)
ai/013.bin;0xE61A;7C 46 0A D9;Stealth Dragon, Dreadmaster
ai/013.bin;0xE61A;A7 6A 59 D9;Battle Maiden, Izunahime
ai/013.bin;0xE61A;6B 1D DB DC;Machining Mosquito mkII
ai/013.bin;0xE61A;69 E8 61 E1;オーバーロード
ai/013.bin;0xE61A;1D A0 D6 E1;Battle Maiden, Shitateruhime
ai/013.bin;0xE61A;7D 1F 65 E6;Beast Deity, Night Jackal
ai/013.bin;0xE61A;57 CD 2E E8;    
ai/013.bin;0xE61A;CC 1A C6 E8;AI未設定 : attrib = %s
ai/013.bin;0xE61A;39 17 8B F0;Starry Skies Liberator, Guinevere
ai/013.bin;0xE61A;4B 16 BE F0;Knight of Frevor, Hector
ai/013.bin;0xE61A;BF 43 2B F1;  アタッカー : %s
ai/013.bin;0xE61A;27 25 50 F1;Bear Down Samurai
ai/013.bin;0xE61A;FC B0 EB F6;Purification Regalia, Pure Angel
ai/013.bin;0xE61A;89 20 23 F8;下
ai/013.bin;0xE61A;DD 4C B3 F8;ターン開始 AI(%d)
ai/014.bin;0xE6D1;34 53 5F 00;Lake Maiden, Lien
ai/014.bin;0xE6D1;DC A5 CF 01;  クインテットウォール : %d/%d枚
ai/014.bin;0xE6D1;51 5B 2F 06;Hexagonal Magus
ai/014.bin;0xE6D1;DD 9F CC 07;Blue Storm Dragon, Maelstrom
ai/014.bin;0xE6D1;8D 9F AA 08;  シールドの要求値 : 
ai/014.bin;0xE6D1;76 AE E0 09;Dragonic Overlord "The Яe-birth" (Trigger)
ai/014.bin;0xE6D1;02 DC 8B 0D;Mond Blaukluger
ai/014.bin;0xE6D1;B1 2D 5D 0E;  対象のパワー : %d(%d)%s
ai/014.bin;0xE6D1;6A 43 6F 10;Messegal Seeker
ai/014.bin;0xE6D1;24 A1 3B 11;Rising Lionet
ai/014.bin;0xE6D1;CA 98 65 11;Mythic Beast, Fenrir
ai/014.bin;0xE6D1;2F 96 22 12;Dancing Wolf
ai/014.bin;0xE6D1;2F CE 1C 13;Goddess of Flower Divination, Sakuya
ai/014.bin;0xE6D1;9F 3C 4E 15; + %d
ai/014.bin;0xE6D1;25 C0 34 18;Seeker, Youthful Mage
ai/014.bin;0xE6D1;26 7B 30 1A;Cat Butler
ai/014.bin;0xE6D1;8D 20 89 1A;AI未設定 : %s %d
ai/014.bin;0xE6D1;C0 17 EB 1D;Majesty Lord Blaster (Trigger)
ai/014.bin;0xE6D1;66 0A 23 21;Seeker, Rune Eagle
ai/014.bin;0xE6D1;49 58 50 21;Dimensional Robo, Daijet
ai/014.bin;0xE6D1;8E BC BB 21;  シールドの目標値 : 
ai/014.bin;0xE6D1;00 8C ED 21;Miru Biru
ai/014.bin;0xE6D1;50 41 74 23;Hope Child, Turiel
ai/014.bin;0xE6D1;39 5F 97 27;Promising Knight, David
ai/014.bin;0xE6D1;BE 51 F9 27;Ravenous Dragon, Battlerex
ai/014.bin;0xE6D1;2C 98 1E 29;Full Bloom Seeker, Cerdic
ai/014.bin;0xE6D1;F7 2E E0 29;～%d
ai/014.bin;0xE6D1;A6 8F 2A 2A;Brawler, Fighting Dracokid
ai/014.bin;0xE6D1;44 62 0C 2D;Soundless Archer, Conductance
ai/014.bin;0xE6D1;14 30 63 2D;!!!! AI ERROR !!!!\n  
ai/014.bin;0xE6D1;36 BE 20 31;Seeker, Sacred Wingal
ai/014.bin;0xE6D1;86 48 23 31;Natural Talent Seeker, Valrod
ai/014.bin;0xE6D1;EE 81 9E 32;Titan of the Capturing Arm
ai/014.bin;0xE6D1;C5 4D EE 32;Blaster Dark "Diablo"
ai/014.bin;0xE6D1;F1 28 16 33;枚しか選んでいない
ai/014.bin;0xE6D1;BC 1F 35 33;  ブースター : %s
ai/014.bin;0xE6D1;B8 BC F2 37;Ambush Demon Stealth Rogue, Kagamijishi
ai/014.bin;0xE6D1;6E 42 D6 38;AI(%d) : アタック情報
ai/014.bin;0xE6D1;B3 AD 45 3A;ブラスター
ai/014.bin;0xE6D1;03 D4 54 45; ヒットされない
ai/014.bin;0xE6D1;2D 3A A7 45;AI(%d) : ガードステップ情報
ai/014.bin;0xE6D1;6C 8C 8A 49;Blaster Blade Seeker
ai/014.bin;0xE6D1;2C A5 7B 4D;枚選択する必要があるが、
ai/014.bin;0xE6D1;9F A5 E0 4F;CEO Amaterasu
ai/014.bin;0xE6D1;3A D0 5B 51;Exxtreme Battler, Victor
ai/014.bin;0xE6D1;A6 11 33 52;Dark Dragon, Phantom Blaster "Diablo"
ai/014.bin;0xE6D1;C0 88 6A 54;Siren Seeker, Maris
ai/014.bin;0xE6D1;3C E0 6F 55;Dragonic Overlord (Break Ride)
ai/014.bin;0xE6D1;DE C1 45 56;解放者
ai/014.bin;0xE6D1;F7 6D 78 57;Stamp Sea Otter
ai/014.bin;0xE6D1;C5 AF 0D 60;Crimson Roar, Metatron
ai/014.bin;0xE6D1;75 87 53 62;Knight of Reform, Ladinas
ai/014.bin;0xE6D1;47 87 68 63;AI(%d) : 思考時間 %.3f秒 (行動カテゴリ:%d)
ai/014.bin;0xE6D1;55 C8 81 63;  完全ガード : %d/%d枚
ai/014.bin;0xE6D1;42 D7 DA 63;  ガーディアン候補
ai/014.bin;0xE6D1;33 8E E7 69;Duo True Sister, Meer
ai/014.bin;0xE6D1;E8 83 60 6B;Daredevil Samurai
ai/014.bin;0xE6D1;4B D4 AE 6B;  合計シールド : 
ai/014.bin;0xE6D1;3A 71 C5 6D;Honest Seeker, Cynric
ai/014.bin;0xE6D1;DC 4C 2C 6E;Flower Princess of Spring's Beginning, Primavera
ai/014.bin;0xE6D1;D0 85 E3 6E;Blue Flame Seeker, Taranis
ai/014.bin;0xE6D1;11 E8 1D 70;Oracle Queen, Himiko
ai/014.bin;0xE6D1;E4 FB 3C 72;Blue Storm Cadet, Anos
ai/014.bin;0xE6D1;29 EF C2 73;  対象(%d) : %s
ai/014.bin;0xE6D1;5A 1C 38 7C;Jewel Knight, Prizmy
ai/014.bin;0xE6D1;66 F5 8C 7E;Impact Seeker, Modoron
ai/014.bin;0xE6D1;7C 3A 8B 81;Liberator, Burning Blow
ai/014.bin;0xE6D1;E1 95 2F 85;Sacred Wielding Seeker, Octavius
ai/014.bin;0xE6D1;DA 63 6D 85;Dimensional Robo, Daibrave
ai/014.bin;0xE6D1;46 DE 4B 88;Dark Metal Dragon
ai/014.bin;0xE6D1;6A D5 6E 8A;Katanaraizer
ai/014.bin;0xE6D1;A0 D8 63 8D;Great Cosmic Hero, Grandgallop
ai/014.bin;0xE6D1;1F 10 24 8F;上
ai/014.bin;0xE6D1;6C E6 93 8F;Pitch Black Sage, Charon
ai/014.bin;0xE6D1;BB E2 E9 90;Immortal, Asura Kaiser
ai/014.bin;0xE6D1;E1 26 37 94;Demonic Dragon Berserker, Chatura
ai/014.bin;0xE6D1;6A 0F 95 94;  アタッカーのパワー : %d(%d)
ai/014.bin;0xE6D1;7F BB 35 95;Supreme Heavenly Emperor Dragon, Dragonic Overlord "the Ace"
ai/014.bin;0xE6D1;0C DD 47 9B;Battle Sister, Parfait
ai/014.bin;0xE6D1;1A 2D D2 9C;Myth Guard, Fomalhaut
ai/014.bin;0xE6D1;69 08 3B A2;Blue Wave Dragon, Tetra-drive Dragon
ai/014.bin;0xE6D1;F1 51 AA A2;Steam Fighter, Balih
ai/014.bin;0xE6D1;A4 F3 D7 A7;  アタッカーのクリティカル : %d
ai/014.bin;0xE6D1;BD FD F6 A7;Extreme Battler, Runbhol
ai/014.bin;0xE6D1;9F 77 42 AC;Flare Whip Dragon
ai/014.bin;0xE6D1;81 43 79 AD;Bravery Seeker, Marc
ai/014.bin;0xE6D1;39 6A 36 B5;Hyper Metalborg, Heavyduke
ai/014.bin;0xE6D1;F7 48 21 B9;Dragon Knight, Jaral
ai/014.bin;0xE6D1;4E 31 67 BB;Provocation Seeker, Blumental
ai/014.bin;0xE6D1;88 EF 6D BC;Enigman Tornado
ai/014.bin;0xE6D1;ED F8 CC BD;Final Wrench
ai/014.bin;0xE6D1;11 9F 48 BE;Shura Stealth Dragon, Daranicongo
ai/014.bin;0xE6D1;CF AA 4F C1;Perdition Dragon, Dragonic Neoflame
ai/014.bin;0xE6D1;7C 17 CE C1;Ranunculus Flower Maiden, Ahsha
ai/014.bin;0xE6D1;15 6E A2 C8;Wisteria Knight
ai/014.bin;0xE6D1;AB 51 A7 CB;AI(%d) : レシピ (フラグ:%08x)
ai/014.bin;0xE6D1;20 91 08 D0;Righteousness Seeker, Gangaren
ai/014.bin;0xE6D1;D7 DA C1 D6;AI(%d) : 思考開始 (行動カテゴリ:%d)
ai/014.bin;0xE6D1;7C 46 0A D9;Stealth Dragon, Dreadmaster
ai/014.bin;0xE6D1;E2 CC 7C D9;Exculpate the Blaster
ai/014.bin;0xE6D1;8F 8C AF DC;Seeker, Loving Healer
ai/014.bin;0xE6D1;6B 1D DB DC;Machining Mosquito mkII
ai/014.bin;0xE6D1;76 02 7A DF;秘剣の探索者 ヴォルティガーン
ai/014.bin;0xE6D1;69 E8 61 E1;オーバーロード
ai/014.bin;0xE6D1;7D 1F 65 E6;Beast Deity, Night Jackal
ai/014.bin;0xE6D1;57 CD 2E E8;    
ai/014.bin;0xE6D1;CC 1A C6 E8;AI未設定 : attrib = %s
ai/014.bin;0xE6D1;83 A0 BD E9;Grynngal Seeker
ai/014.bin;0xE6D1;19 34 4A EC;Bladgal Seeker
ai/014.bin;0xE6D1;39 17 8B F0;Starry Skies Liberator, Guinevere
ai/014.bin;0xE6D1;4B 16 BE F0;Knight of Frevor, Hector
ai/014.bin;0xE6D1;BF 43 2B F1;  アタッカー : %s
ai/014.bin;0xE6D1;27 25 50 F1;Bear Down Samurai
ai/014.bin;0xE6D1;FC B0 EB F6;Purification Regalia, Pure Angel
ai/014.bin;0xE6D1;89 20 23 F8;下
ai/014.bin;0xE6D1;DD 4C B3 F8;ターン開始 AI(%d)
ai/015.bin;0xE530;DC A5 CF 01;  クインテットウォール : %d/%d枚
ai/015.bin;0xE530;51 5B 2F 06;Hexagonal Magus
ai/015.bin;0xE530;B6 E4 7D 06;Brawler, Skybeat Dragon
ai/015.bin;0xE530;DD 9F CC 07;Blue Storm Dragon, Maelstrom
ai/015.bin;0xE530;8D 9F AA 08;  シールドの要求値 : 
ai/015.bin;0xE530;76 AE E0 09;Dragonic Overlord "The Яe-birth" (Trigger)
ai/015.bin;0xE530;02 DC 8B 0D;Mond Blaukluger
ai/015.bin;0xE530;70 D6 8E 0D;Brawler, Green Gem Carbuncle
ai/015.bin;0xE530;B1 2D 5D 0E;  対象のパワー : %d(%d)%s
ai/015.bin;0xE530;24 A1 3B 11;Rising Lionet
ai/015.bin;0xE530;CA 98 65 11;Mythic Beast, Fenrir
ai/015.bin;0xE530;2F 96 22 12;Dancing Wolf
ai/015.bin;0xE530;66 68 7C 12;Brawler, Wildfist Dragon
ai/015.bin;0xE530;2F CE 1C 13;Goddess of Flower Divination, Sakuya
ai/015.bin;0xE530;9F 3C 4E 15; + %d
ai/015.bin;0xE530;26 7B 30 1A;Cat Butler
ai/015.bin;0xE530;8D 20 89 1A;AI未設定 : %s %d
ai/015.bin;0xE530;49 58 50 21;Dimensional Robo, Daijet
ai/015.bin;0xE530;8E BC BB 21;  シールドの目標値 : 
ai/015.bin;0xE530;50 41 74 23;Hope Child, Turiel
ai/015.bin;0xE530;39 5F 97 27;Promising Knight, David
ai/015.bin;0xE530;BE 51 F9 27;Ravenous Dragon, Battlerex
ai/015.bin;0xE530;F7 2E E0 29;～%d
ai/015.bin;0xE530;A6 8F 2A 2A;Brawler, Fighting Dracokid
ai/015.bin;0xE530;79 28 68 2A;Brawler, Starring Dracokid
ai/015.bin;0xE530;44 62 0C 2D;Soundless Archer, Conductance
ai/015.bin;0xE530;14 30 63 2D;!!!! AI ERROR !!!!\n  
ai/015.bin;0xE530;4D 22 7C 32;Naga Brawler, Sagara
ai/015.bin;0xE530;EE 81 9E 32;Titan of the Capturing Arm
ai/015.bin;0xE530;C5 4D EE 32;Blaster Dark "Diablo"
ai/015.bin;0xE530;F1 28 16 33;枚しか選んでいない
ai/015.bin;0xE530;BC 1F 35 33;  ブースター : %s
ai/015.bin;0xE530;B8 BC F2 37;Ambush Demon Stealth Rogue, Kagamijishi
ai/015.bin;0xE530;6E 42 D6 38;AI(%d) : アタック情報
ai/015.bin;0xE530;B3 AD 45 3A;ブラスター
ai/015.bin;0xE530;03 D4 54 45; ヒットされない
ai/015.bin;0xE530;2D 3A A7 45;AI(%d) : ガードステップ情報
ai/015.bin;0xE530;2C A5 7B 4D;枚選択する必要があるが、
ai/015.bin;0xE530;9F A5 E0 4F;CEO Amaterasu
ai/015.bin;0xE530;3A D0 5B 51;Exxtreme Battler, Victor
ai/015.bin;0xE530;A6 11 33 52;Dark Dragon, Phantom Blaster "Diablo"
ai/015.bin;0xE530;3C E0 6F 55;Dragonic Overlord (Break Ride)
ai/015.bin;0xE530;DE C1 45 56;解放者
ai/015.bin;0xE530;F7 6D 78 57;Stamp Sea Otter
ai/015.bin;0xE530;25 33 A7 5C;Baton Brawler, Sogo
ai/015.bin;0xE530;C5 AF 0D 60;Crimson Roar, Metatron
ai/015.bin;0xE530;47 87 68 63;AI(%d) : 思考時間 %.3f秒 (行動カテゴリ:%d)
ai/015.bin;0xE530;55 C8 81 63;  完全ガード : %d/%d枚
ai/015.bin;0xE530;42 D7 DA 63;  ガーディアン候補
ai/015.bin;0xE530;73 48 68 69;Brawler, Plasmakick Dragon
ai/015.bin;0xE530;33 8E E7 69;Duo True Sister, Meer
ai/015.bin;0xE530;E8 83 60 6B;Daredevil Samurai
ai/015.bin;0xE530;4B D4 AE 6B;  合計シールド : 
ai/015.bin;0xE530;DC 4C 2C 6E;Flower Princess of Spring's Beginning, Primavera
ai/015.bin;0xE530;11 E8 1D 70;Oracle Queen, Himiko
ai/015.bin;0xE530;E4 FB 3C 72;Blue Storm Cadet, Anos
ai/015.bin;0xE530;29 EF C2 73;  対象(%d) : %s
ai/015.bin;0xE530;B8 22 1A 7E;Brawler, Oldhand Dragon
ai/015.bin;0xE530;40 CF AF 7F;Brawler, Skyhowl Dragon
ai/015.bin;0xE530;7C 3A 8B 81;Liberator, Burning Blow
ai/015.bin;0xE530;DA 63 6D 85;Dimensional Robo, Daibrave
ai/015.bin;0xE530;46 DE 4B 88;Dark Metal Dragon
ai/015.bin;0xE530;6A D5 6E 8A;Katanaraizer
ai/015.bin;0xE530;A0 D8 63 8D;Great Cosmic Hero, Grandgallop
ai/015.bin;0xE530;1F 10 24 8F;上
ai/015.bin;0xE530;6C E6 93 8F;Pitch Black Sage, Charon
ai/015.bin;0xE530;BB E2 E9 90;Immortal, Asura Kaiser
ai/015.bin;0xE530;74 8D B9 93;Wandering Brawler, Teirin
ai/015.bin;0xE530;E1 26 37 94;Demonic Dragon Berserker, Chatura
ai/015.bin;0xE530;6A 0F 95 94;  アタッカーのパワー : %d(%d)
ai/015.bin;0xE530;7F BB 35 95;Supreme Heavenly Emperor Dragon, Dragonic Overlord "the Ace"
ai/015.bin;0xE530;0C DD 47 9B;Battle Sister, Parfait
ai/015.bin;0xE530;1A 2D D2 9C;Myth Guard, Fomalhaut
ai/015.bin;0xE530;69 08 3B A2;Blue Wave Dragon, Tetra-drive Dragon
ai/015.bin;0xE530;F1 51 AA A2;Steam Fighter, Balih
ai/015.bin;0xE530;A4 F3 D7 A7;  アタッカーのクリティカル : %d
ai/015.bin;0xE530;BD FD F6 A7;Extreme Battler, Runbhol
ai/015.bin;0xE530;9F 77 42 AC;Flare Whip Dragon
ai/015.bin;0xE530;39 6A 36 B5;Hyper Metalborg, Heavyduke
ai/015.bin;0xE530;F7 48 21 B9;Dragon Knight, Jaral
ai/015.bin;0xE530;88 EF 6D BC;Enigman Tornado
ai/015.bin;0xE530;ED F8 CC BD;Final Wrench
ai/015.bin;0xE530;11 9F 48 BE;Shura Stealth Dragon, Daranicongo
ai/015.bin;0xE530;2A C7 67 BE;Brawler, Tokohson
ai/015.bin;0xE530;CF AA 4F C1;Perdition Dragon, Dragonic Neoflame
ai/015.bin;0xE530;7C 17 CE C1;Ranunculus Flower Maiden, Ahsha
ai/015.bin;0xE530;B3 92 9E C4;Jaillock Brawler, Kotenka
ai/015.bin;0xE530;CF AC 70 C6;Armed Brawler, Kohiko
ai/015.bin;0xE530;4A 7A 79 C7;Brawler, Wildclock Dragon
ai/015.bin;0xE530;15 6E A2 C8;Wisteria Knight
ai/015.bin;0xE530;AB 51 A7 CB;AI(%d) : レシピ (フラグ:%08x)
ai/015.bin;0xE530;37 0B F4 CE;Brawler, Sky Dracokid
ai/015.bin;0xE530;D7 DA C1 D6;AI(%d) : 思考開始 (行動カテゴリ:%d)
ai/015.bin;0xE530;7C 46 0A D9;Stealth Dragon, Dreadmaster
ai/015.bin;0xE530;6B 1D DB DC;Machining Mosquito mkII
ai/015.bin;0xE530;69 E8 61 E1;オーバーロード
ai/015.bin;0xE530;7D 1F 65 E6;Beast Deity, Night Jackal
ai/015.bin;0xE530;C6 C4 55 E7;Brawler, Lightningrod Dragon
ai/015.bin;0xE530;57 CD 2E E8;    
ai/015.bin;0xE530;CC 1A C6 E8;AI未設定 : attrib = %s
ai/015.bin;0xE530;39 17 8B F0;Starry Skies Liberator, Guinevere
ai/015.bin;0xE530;4B 16 BE F0;Knight of Frevor, Hector
ai/015.bin;0xE530;BF 43 2B F1;  アタッカー : %s
ai/015.bin;0xE530;27 25 50 F1;Bear Down Samurai
ai/015.bin;0xE530;89 94 CA F6;Brawler, Lightning Rider
ai/015.bin;0xE530;FC B0 EB F6;Purification Regalia, Pure Angel
ai/015.bin;0xE530;89 20 23 F8;下
ai/015.bin;0xE530;DD 4C B3 F8;ターン開始 AI(%d)
ai/016.bin;0xE534;DC A5 CF 01;  クインテットウォール : %d/%d枚
ai/016.bin;0xE534;51 5B 2F 06;Hexagonal Magus
ai/016.bin;0xE534;DD 9F CC 07;Blue Storm Dragon, Maelstrom
ai/016.bin;0xE534;8D 9F AA 08;  シールドの要求値 : 
ai/016.bin;0xE534;76 AE E0 09;Dragonic Overlord "The Яe-birth" (Trigger)
ai/016.bin;0xE534;E3 E2 B5 0C;Fervor Liberator, Cadven
ai/016.bin;0xE534;02 DC 8B 0D;Mond Blaukluger
ai/016.bin;0xE534;B1 2D 5D 0E;  対象のパワー : %d(%d)%s
ai/016.bin;0xE534;24 A1 3B 11;Rising Lionet
ai/016.bin;0xE534;CA 98 65 11;Mythic Beast, Fenrir
ai/016.bin;0xE534;2F 96 22 12;Dancing Wolf
ai/016.bin;0xE534;2F CE 1C 13;Goddess of Flower Divination, Sakuya
ai/016.bin;0xE534;9F 3C 4E 15; + %d
ai/016.bin;0xE534;C6 46 1A 17;Great Wish Liberator, Esus
ai/016.bin;0xE534;26 7B 30 1A;Cat Butler
ai/016.bin;0xE534;8D 20 89 1A;AI未設定 : %s %d
ai/016.bin;0xE534;49 58 50 21;Dimensional Robo, Daijet
ai/016.bin;0xE534;8E BC BB 21;  シールドの目標値 : 
ai/016.bin;0xE534;50 41 74 23;Hope Child, Turiel
ai/016.bin;0xE534;39 5F 97 27;Promising Knight, David
ai/016.bin;0xE534;BE 51 F9 27;Ravenous Dragon, Battlerex
ai/016.bin;0xE534;F7 2E E0 29;～%d
ai/016.bin;0xE534;E9 14 01 2A;Provision Liberator, Caradocus
ai/016.bin;0xE534;A6 8F 2A 2A;Brawler, Fighting Dracokid
ai/016.bin;0xE534;44 62 0C 2D;Soundless Archer, Conductance
ai/016.bin;0xE534;14 30 63 2D;!!!! AI ERROR !!!!\n  
ai/016.bin;0xE534;86 A7 A1 2D;Numinous Tree Liberator, Elchea
ai/016.bin;0xE534;EE 81 9E 32;Titan of the Capturing Arm
ai/016.bin;0xE534;C5 4D EE 32;Blaster Dark "Diablo"
ai/016.bin;0xE534;F1 28 16 33;枚しか選んでいない
ai/016.bin;0xE534;BC 1F 35 33;  ブースター : %s
ai/016.bin;0xE534;B8 BC F2 37;Ambush Demon Stealth Rogue, Kagamijishi
ai/016.bin;0xE534;6E 42 D6 38;AI(%d) : アタック情報
ai/016.bin;0xE534;B8 F9 6B 39;Bordgal Liberator
ai/016.bin;0xE534;B3 AD 45 3A;ブラスター
ai/016.bin;0xE534;5E 76 6A 44;Liberator, Blue Flame Dragon
ai/016.bin;0xE534;03 D4 54 45; ヒットされない
ai/016.bin;0xE534;2D 3A A7 45;AI(%d) : ガードステップ情報
ai/016.bin;0xE534;9E BD DA 4B;Oath Liberator, Aglovale
ai/016.bin;0xE534;8A 88 05 4C;Hantgal Liberator
ai/016.bin;0xE534;2C A5 7B 4D;枚選択する必要があるが、
ai/016.bin;0xE534;9F A5 E0 4F;CEO Amaterasu
ai/016.bin;0xE534;3A D0 5B 51;Exxtreme Battler, Victor
ai/016.bin;0xE534;A6 11 33 52;Dark Dragon, Phantom Blaster "Diablo"
ai/016.bin;0xE534;3C E0 6F 55;Dragonic Overlord (Break Ride)
ai/016.bin;0xE534;DE C1 45 56;解放者
ai/016.bin;0xE534;F7 6D 78 57;Stamp Sea Otter
ai/016.bin;0xE534;E0 BF 5C 58;Liberator of Royalty, Phallon
ai/016.bin;0xE534;C5 AF 0D 60;Crimson Roar, Metatron
ai/016.bin;0xE534;47 87 68 63;AI(%d) : 思考時間 %.3f秒 (行動カテゴリ:%d)
ai/016.bin;0xE534;55 C8 81 63;  完全ガード : %d/%d枚
ai/016.bin;0xE534;42 D7 DA 63;  ガーディアン候補
ai/016.bin;0xE534;3A 44 FE 65;Genius Liberator, Waltimell
ai/016.bin;0xE534;33 8E E7 69;Duo True Sister, Meer
ai/016.bin;0xE534;95 A1 C2 6A;Rebellion Liberator, Polyus
ai/016.bin;0xE534;E8 83 60 6B;Daredevil Samurai
ai/016.bin;0xE534;4B D4 AE 6B;  合計シールド : 
ai/016.bin;0xE534;DC 4C 2C 6E;Flower Princess of Spring's Beginning, Primavera
ai/016.bin;0xE534;E2 2F 40 6F;Liberator, Lucky Charmy
ai/016.bin;0xE534;11 E8 1D 70;Oracle Queen, Himiko
ai/016.bin;0xE534;E4 FB 3C 72;Blue Storm Cadet, Anos
ai/016.bin;0xE534;29 EF C2 73;  対象(%d) : %s
ai/016.bin;0xE534;FA 6F BF 78;Deathly Silence Liberator, Curdle
ai/016.bin;0xE534;7C 3A 8B 81;Liberator, Burning Blow
ai/016.bin;0xE534;DA 63 6D 85;Dimensional Robo, Daibrave
ai/016.bin;0xE534;46 DE 4B 88;Dark Metal Dragon
ai/016.bin;0xE534;6A D5 6E 8A;Katanaraizer
ai/016.bin;0xE534;2A 52 D7 8C;Unbending Liberator, Keredic
ai/016.bin;0xE534;A0 D8 63 8D;Great Cosmic Hero, Grandgallop
ai/016.bin;0xE534;1F 10 24 8F;上
ai/016.bin;0xE534;6C E6 93 8F;Pitch Black Sage, Charon
ai/016.bin;0xE534;BB E2 E9 90;Immortal, Asura Kaiser
ai/016.bin;0xE534;E1 26 37 94;Demonic Dragon Berserker, Chatura
ai/016.bin;0xE534;6A 0F 95 94;  アタッカーのパワー : %d(%d)
ai/016.bin;0xE534;7F BB 35 95;Supreme Heavenly Emperor Dragon, Dragonic Overlord "the Ace"
ai/016.bin;0xE534;0C DD 47 9B;Battle Sister, Parfait
ai/016.bin;0xE534;1A 2D D2 9C;Myth Guard, Fomalhaut
ai/016.bin;0xE534;69 08 3B A2;Blue Wave Dragon, Tetra-drive Dragon
ai/016.bin;0xE534;F1 51 AA A2;Steam Fighter, Balih
ai/016.bin;0xE534;A4 F3 D7 A7;  アタッカーのクリティカル : %d
ai/016.bin;0xE534;BD FD F6 A7;Extreme Battler, Runbhol
ai/016.bin;0xE534;9F 77 42 AC;Flare Whip Dragon
ai/016.bin;0xE534;1F AE 98 AC;Bluish Flame Liberator, Percival
ai/016.bin;0xE534;39 6A 36 B5;Hyper Metalborg, Heavyduke
ai/016.bin;0xE534;F7 48 21 B9;Dragon Knight, Jaral
ai/016.bin;0xE534;88 EF 6D BC;Enigman Tornado
ai/016.bin;0xE534;ED F8 CC BD;Final Wrench
ai/016.bin;0xE534;11 9F 48 BE;Shura Stealth Dragon, Daranicongo
ai/016.bin;0xE534;CF AA 4F C1;Perdition Dragon, Dragonic Neoflame
ai/016.bin;0xE534;7C 17 CE C1;Ranunculus Flower Maiden, Ahsha
ai/016.bin;0xE534;15 6E A2 C8;Wisteria Knight
ai/016.bin;0xE534;AB 51 A7 CB;AI(%d) : レシピ (フラグ:%08x)
ai/016.bin;0xE534;D7 DA C1 D6;AI(%d) : 思考開始 (行動カテゴリ:%d)
ai/016.bin;0xE534;7C 46 0A D9;Stealth Dragon, Dreadmaster
ai/016.bin;0xE534;6B 1D DB DC;Machining Mosquito mkII
ai/016.bin;0xE534;68 8C 48 DF;Little Liberator, Marron
ai/016.bin;0xE534;69 E8 61 E1;オーバーロード
ai/016.bin;0xE534;7D 1F 65 E6;Beast Deity, Night Jackal
ai/016.bin;0xE534;57 CD 2E E8;    
ai/016.bin;0xE534;CC 1A C6 E8;AI未設定 : attrib = %s
ai/016.bin;0xE534;52 A3 46 EE;Wise Thought Liberator, Jurron
ai/016.bin;0xE534;39 17 8B F0;Starry Skies Liberator, Guinevere
ai/016.bin;0xE534;4B 16 BE F0;Knight of Frevor, Hector
ai/016.bin;0xE534;BF 43 2B F1;  アタッカー : %s
ai/016.bin;0xE534;27 25 50 F1;Bear Down Samurai
ai/016.bin;0xE534;FC B0 EB F6;Purification Regalia, Pure Angel
ai/016.bin;0xE534;89 20 23 F8;下
ai/016.bin;0xE534;DD 4C B3 F8;ターン開始 AI(%d)
ai/017.bin;0xE532;DC A5 CF 01;  クインテットウォール : %d/%d枚
ai/017.bin;0xE532;51 5B 2F 06;Hexagonal Magus
ai/017.bin;0xE532;96 4D C3 06;Star-vader, Graviton
ai/017.bin;0xE532;DD 9F CC 07;Blue Storm Dragon, Maelstrom
ai/017.bin;0xE532;8D 9F AA 08;  シールドの要求値 : 
ai/017.bin;0xE532;76 AE E0 09;Dragonic Overlord "The Яe-birth" (Trigger)
ai/017.bin;0xE532;70 19 82 0A;Throwing Star-vader, Thorium
ai/017.bin;0xE532;02 DC 8B 0D;Mond Blaukluger
ai/017.bin;0xE532;B1 2D 5D 0E;  対象のパワー : %d(%d)%s
ai/017.bin;0xE532;24 A1 3B 11;Rising Lionet
ai/017.bin;0xE532;CA 98 65 11;Mythic Beast, Fenrir
ai/017.bin;0xE532;2F 96 22 12;Dancing Wolf
ai/017.bin;0xE532;2F CE 1C 13;Goddess of Flower Divination, Sakuya
ai/017.bin;0xE532;9F 3C 4E 15; + %d
ai/017.bin;0xE532;26 7B 30 1A;Cat Butler
ai/017.bin;0xE532;8D 20 89 1A;AI未設定 : %s %d
ai/017.bin;0xE532;49 58 50 21;Dimensional Robo, Daijet
ai/017.bin;0xE532;8E BC BB 21;  シールドの目標値 : 
ai/017.bin;0xE532;50 41 74 23;Hope Child, Turiel
ai/017.bin;0xE532;39 5F 97 27;Promising Knight, David
ai/017.bin;0xE532;BE 51 F9 27;Ravenous Dragon, Battlerex
ai/017.bin;0xE532;F7 2E E0 29;～%d
ai/017.bin;0xE532;A6 8F 2A 2A;Brawler, Fighting Dracokid
ai/017.bin;0xE532;44 62 0C 2D;Soundless Archer, Conductance
ai/017.bin;0xE532;14 30 63 2D;!!!! AI ERROR !!!!\n  
ai/017.bin;0xE532;8E 49 BC 30;Vortex Star-vader, Molybdenum
ai/017.bin;0xE532;EE 81 9E 32;Titan of the Capturing Arm
ai/017.bin;0xE532;C5 4D EE 32;Blaster Dark "Diablo"
ai/017.bin;0xE532;F1 28 16 33;枚しか選んでいない
ai/017.bin;0xE532;BC 1F 35 33;  ブースター : %s
ai/017.bin;0xE532;1C 38 B1 33;Star-vader, Apollonel Dragon
ai/017.bin;0xE532;B8 BC F2 37;Ambush Demon Stealth Rogue, Kagamijishi
ai/017.bin;0xE532;6E 42 D6 38;AI(%d) : アタック情報
ai/017.bin;0xE532;B3 AD 45 3A;ブラスター
ai/017.bin;0xE532;C7 B1 52 42;Star-vader, Crumble Mare
ai/017.bin;0xE532;03 D4 54 45; ヒットされない
ai/017.bin;0xE532;2D 3A A7 45;AI(%d) : ガードステップ情報
ai/017.bin;0xE532;2C A5 7B 4D;枚選択する必要があるが、
ai/017.bin;0xE532;9F A5 E0 4F;CEO Amaterasu
ai/017.bin;0xE532;3A D0 5B 51;Exxtreme Battler, Victor
ai/017.bin;0xE532;A6 11 33 52;Dark Dragon, Phantom Blaster "Diablo"
ai/017.bin;0xE532;90 99 1F 55;Star-vader, Satellite Mirage
ai/017.bin;0xE532;3C E0 6F 55;Dragonic Overlord (Break Ride)
ai/017.bin;0xE532;DE C1 45 56;解放者
ai/017.bin;0xE532;F7 6D 78 57;Stamp Sea Otter
ai/017.bin;0xE532;C5 AF 0D 60;Crimson Roar, Metatron
ai/017.bin;0xE532;47 87 68 63;AI(%d) : 思考時間 %.3f秒 (行動カテゴリ:%d)
ai/017.bin;0xE532;55 C8 81 63;  完全ガード : %d/%d枚
ai/017.bin;0xE532;42 D7 DA 63;  ガーディアン候補
ai/017.bin;0xE532;DA 71 F6 67;Star-vader, Gammadile
ai/017.bin;0xE532;33 8E E7 69;Duo True Sister, Meer
ai/017.bin;0xE532;E8 83 60 6B;Daredevil Samurai
ai/017.bin;0xE532;4B D4 AE 6B;  合計シールド : 
ai/017.bin;0xE532;DC 4C 2C 6E;Flower Princess of Spring's Beginning, Primavera
ai/017.bin;0xE532;11 E8 1D 70;Oracle Queen, Himiko
ai/017.bin;0xE532;E4 FB 3C 72;Blue Storm Cadet, Anos
ai/017.bin;0xE532;29 EF C2 73;  対象(%d) : %s
ai/017.bin;0xE532;3D 73 3A 79;Star-vader, Pixie Powder
ai/017.bin;0xE532;7C 3A 8B 81;Liberator, Burning Blow
ai/017.bin;0xE532;DA 16 E5 82;Heavy Blast Star-vader, Berkelium
ai/017.bin;0xE532;DA 63 6D 85;Dimensional Robo, Daibrave
ai/017.bin;0xE532;08 A6 37 87;Aperture Star-vader, Quantum
ai/017.bin;0xE532;46 DE 4B 88;Dark Metal Dragon
ai/017.bin;0xE532;6A D5 6E 8A;Katanaraizer
ai/017.bin;0xE532;E5 18 90 8A;Star-vader, Sinister Eagle
ai/017.bin;0xE532;A0 D8 63 8D;Great Cosmic Hero, Grandgallop
ai/017.bin;0xE532;1F 10 24 8F;上
ai/017.bin;0xE532;6C E6 93 8F;Pitch Black Sage, Charon
ai/017.bin;0xE532;BB E2 E9 90;Immortal, Asura Kaiser
ai/017.bin;0xE532;E1 26 37 94;Demonic Dragon Berserker, Chatura
ai/017.bin;0xE532;6A 0F 95 94;  アタッカーのパワー : %d(%d)
ai/017.bin;0xE532;7F BB 35 95;Supreme Heavenly Emperor Dragon, Dragonic Overlord "the Ace"
ai/017.bin;0xE532;0C DD 47 9B;Battle Sister, Parfait
ai/017.bin;0xE532;9F 7A AC 9C;Bomber Star-vader, Magnesium
ai/017.bin;0xE532;1A 2D D2 9C;Myth Guard, Fomalhaut
ai/017.bin;0xE532;D6 EC 5E 9E;Star-vader, Garnet Star Dragon
ai/017.bin;0xE532;69 08 3B A2;Blue Wave Dragon, Tetra-drive Dragon
ai/017.bin;0xE532;F1 51 AA A2;Steam Fighter, Balih
ai/017.bin;0xE532;A4 F3 D7 A7;  アタッカーのクリティカル : %d
ai/017.bin;0xE532;BD FD F6 A7;Extreme Battler, Runbhol
ai/017.bin;0xE532;9F 77 42 AC;Flare Whip Dragon
ai/017.bin;0xE532;39 6A 36 B5;Hyper Metalborg, Heavyduke
ai/017.bin;0xE532;F7 48 21 B9;Dragon Knight, Jaral
ai/017.bin;0xE532;8D 55 D4 B9;Unrivaled Star-vader, Radon
ai/017.bin;0xE532;88 EF 6D BC;Enigman Tornado
ai/017.bin;0xE532;ED F8 CC BD;Final Wrench
ai/017.bin;0xE532;11 9F 48 BE;Shura Stealth Dragon, Daranicongo
ai/017.bin;0xE532;CF AA 4F C1;Perdition Dragon, Dragonic Neoflame
ai/017.bin;0xE532;7C 17 CE C1;Ranunculus Flower Maiden, Ahsha
ai/017.bin;0xE532;15 6E A2 C8;Wisteria Knight
ai/017.bin;0xE532;77 B6 99 CA;Mana Shot Star-vader, Neon
ai/017.bin;0xE532;AB 51 A7 CB;AI(%d) : レシピ (フラグ:%08x)
ai/017.bin;0xE532;15 5D BE CE;Companion Star Star-vader, Photon (No Ability)
ai/017.bin;0xE532;D7 DA C1 D6;AI(%d) : 思考開始 (行動カテゴリ:%d)
ai/017.bin;0xE532;7C 46 0A D9;Stealth Dragon, Dreadmaster
ai/017.bin;0xE532;6B 1D DB DC;Machining Mosquito mkII
ai/017.bin;0xE532;69 E8 61 E1;オーバーロード
ai/017.bin;0xE532;7D 1F 65 E6;Beast Deity, Night Jackal
ai/017.bin;0xE532;57 CD 2E E8;    
ai/017.bin;0xE532;CC 1A C6 E8;AI未設定 : attrib = %s
ai/017.bin;0xE532;7F 09 BB EC;Star-vader, Stronghold
ai/017.bin;0xE532;39 17 8B F0;Starry Skies Liberator, Guinevere
ai/017.bin;0xE532;4B 16 BE F0;Knight of Frevor, Hector
ai/017.bin;0xE532;BF 43 2B F1;  アタッカー : %s
ai/017.bin;0xE532;27 25 50 F1;Bear Down Samurai
ai/017.bin;0xE532;FC B0 EB F6;Purification Regalia, Pure Angel
ai/017.bin;0xE532;89 20 23 F8;下
ai/017.bin;0xE532;DD 4C B3 F8;ターン開始 AI(%d)
ai/018.bin;0xE532;DC A5 CF 01;  クインテットウォール : %d/%d枚
ai/018.bin;0xE532;51 5B 2F 06;Hexagonal Magus
ai/018.bin;0xE532;DD 9F CC 07;Blue Storm Dragon, Maelstrom
ai/018.bin;0xE532;8D 9F AA 08;  シールドの要求値 : 
ai/018.bin;0xE532;76 AE E0 09;Dragonic Overlord "The Яe-birth" (Trigger)
ai/018.bin;0xE532;02 DC 8B 0D;Mond Blaukluger
ai/018.bin;0xE532;76 0E 98 0D;Override Deletor, Olg
ai/018.bin;0xE532;B1 2D 5D 0E;  対象のパワー : %d(%d)%s
ai/018.bin;0xE532;24 A1 3B 11;Rising Lionet
ai/018.bin;0xE532;CA 98 65 11;Mythic Beast, Fenrir
ai/018.bin;0xE532;2F 96 22 12;Dancing Wolf
ai/018.bin;0xE532;E2 3F 57 12;Resenting Deletor, Vuera
ai/018.bin;0xE532;2F CE 1C 13;Goddess of Flower Divination, Sakuya
ai/018.bin;0xE532;7A FA 23 14;Bloating Deletor, Gio
ai/018.bin;0xE532;9F 3C 4E 15; + %d
ai/018.bin;0xE532;68 FD C4 16;Idolizing Deletor, Guim
ai/018.bin;0xE532;26 7B 30 1A;Cat Butler
ai/018.bin;0xE532;8D 20 89 1A;AI未設定 : %s %d
ai/018.bin;0xE532;49 58 50 21;Dimensional Robo, Daijet
ai/018.bin;0xE532;8E BC BB 21;  シールドの目標値 : 
ai/018.bin;0xE532;50 41 74 23;Hope Child, Turiel
ai/018.bin;0xE532;39 5F 97 27;Promising Knight, David
ai/018.bin;0xE532;BE 51 F9 27;Ravenous Dragon, Battlerex
ai/018.bin;0xE532;F7 2E E0 29;～%d
ai/018.bin;0xE532;A6 8F 2A 2A;Brawler, Fighting Dracokid
ai/018.bin;0xE532;44 62 0C 2D;Soundless Archer, Conductance
ai/018.bin;0xE532;14 30 63 2D;!!!! AI ERROR !!!!\n  
ai/018.bin;0xE532;EE 81 9E 32;Titan of the Capturing Arm
ai/018.bin;0xE532;C5 4D EE 32;Blaster Dark "Diablo"
ai/018.bin;0xE532;F1 28 16 33;枚しか選んでいない
ai/018.bin;0xE532;BC 1F 35 33;  ブースター : %s
ai/018.bin;0xE532;3C 4A 3A 36;Daunting Deletor, Oksizz
ai/018.bin;0xE532;B8 BC F2 37;Ambush Demon Stealth Rogue, Kagamijishi
ai/018.bin;0xE532;6E 42 D6 38;AI(%d) : アタック情報
ai/018.bin;0xE532;B3 AD 45 3A;ブラスター
ai/018.bin;0xE532;64 44 0F 3D;Poisonous Deletor, Edda
ai/018.bin;0xE532;53 23 25 42;Squirm Deletor, Lourelou
ai/018.bin;0xE532;03 D4 54 45; ヒットされない
ai/018.bin;0xE532;2D 3A A7 45;AI(%d) : ガードステップ情報
ai/018.bin;0xE532;2C A5 7B 4D;枚選択する必要があるが、
ai/018.bin;0xE532;9F A5 E0 4F;CEO Amaterasu
ai/018.bin;0xE532;3A D0 5B 51;Exxtreme Battler, Victor
ai/018.bin;0xE532;A6 11 33 52;Dark Dragon, Phantom Blaster "Diablo"
ai/018.bin;0xE532;3C E0 6F 55;Dragonic Overlord (Break Ride)
ai/018.bin;0xE532;DE C1 45 56;解放者
ai/018.bin;0xE532;F7 6D 78 57;Stamp Sea Otter
ai/018.bin;0xE532;5B 68 7C 5E;Taunting Deletor, Gotho
ai/018.bin;0xE532;C5 AF 0D 60;Crimson Roar, Metatron
ai/018.bin;0xE532;47 87 68 63;AI(%d) : 思考時間 %.3f秒 (行動カテゴリ:%d)
ai/018.bin;0xE532;55 C8 81 63;  完全ガード : %d/%d枚
ai/018.bin;0xE532;42 D7 DA 63;  ガーディアン候補
ai/018.bin;0xE532;33 8E E7 69;Duo True Sister, Meer
ai/018.bin;0xE532;E8 83 60 6B;Daredevil Samurai
ai/018.bin;0xE532;4B D4 AE 6B;  合計シールド : 
ai/018.bin;0xE532;DC 4C 2C 6E;Flower Princess of Spring's Beginning, Primavera
ai/018.bin;0xE532;11 E8 1D 70;Oracle Queen, Himiko
ai/018.bin;0xE532;E4 FB 3C 72;Blue Storm Cadet, Anos
ai/018.bin;0xE532;29 EF C2 73;  対象(%d) : %s
ai/018.bin;0xE532;7C 3A 8B 81;Liberator, Burning Blow
ai/018.bin;0xE532;DA 63 6D 85;Dimensional Robo, Daibrave
ai/018.bin;0xE532;46 DE 4B 88;Dark Metal Dragon
ai/018.bin;0xE532;6A D5 6E 8A;Katanaraizer
ai/018.bin;0xE532;A0 D8 63 8D;Great Cosmic Hero, Grandgallop
ai/018.bin;0xE532;1F 10 24 8F;上
ai/018.bin;0xE532;6C E6 93 8F;Pitch Black Sage, Charon
ai/018.bin;0xE532;34 2E F0 8F;Polypod Deletor, Oloron
ai/018.bin;0xE532;BB E2 E9 90;Immortal, Asura Kaiser
ai/018.bin;0xE532;E1 26 37 94;Demonic Dragon Berserker, Chatura
ai/018.bin;0xE532;6A 0F 95 94;  アタッカーのパワー : %d(%d)
ai/018.bin;0xE532;7F BB 35 95;Supreme Heavenly Emperor Dragon, Dragonic Overlord "the Ace"
ai/018.bin;0xE532;7A DC D7 96;Rotting Deletor, Izret
ai/018.bin;0xE532;FE 92 42 99;Exulting Deletor, Maestol
ai/018.bin;0xE532;0C DD 47 9B;Battle Sister, Parfait
ai/018.bin;0xE532;1A 2D D2 9C;Myth Guard, Fomalhaut
ai/018.bin;0xE532;E8 7A 6B 9D;Juxtapose Deletor, Gaele
ai/018.bin;0xE532;69 08 3B A2;Blue Wave Dragon, Tetra-drive Dragon
ai/018.bin;0xE532;F1 51 AA A2;Steam Fighter, Balih
ai/018.bin;0xE532;A4 F3 D7 A7;  アタッカーのクリティカル : %d
ai/018.bin;0xE532;BD FD F6 A7;Extreme Battler, Runbhol
ai/018.bin;0xE532;BB AC 90 AB;Breaking Deletor, Gatario
ai/018.bin;0xE532;9F 77 42 AC;Flare Whip Dragon
ai/018.bin;0xE532;65 FA 28 AD;Pursuing Deletor, Egotte
ai/018.bin;0xE532;9D 88 5B AD;Chewing Deletor, Boroh
ai/018.bin;0xE532;39 6A 36 B5;Hyper Metalborg, Heavyduke
ai/018.bin;0xE532;F7 48 21 B9;Dragon Knight, Jaral
ai/018.bin;0xE532;88 EF 6D BC;Enigman Tornado
ai/018.bin;0xE532;52 63 96 BC;Penetrate Deletor, Iggy
ai/018.bin;0xE532;ED F8 CC BD;Final Wrench
ai/018.bin;0xE532;11 9F 48 BE;Shura Stealth Dragon, Daranicongo
ai/018.bin;0xE532;CF AA 4F C1;Perdition Dragon, Dragonic Neoflame
ai/018.bin;0xE532;7C 17 CE C1;Ranunculus Flower Maiden, Ahsha
ai/018.bin;0xE532;15 6E A2 C8;Wisteria Knight
ai/018.bin;0xE532;AB 51 A7 CB;AI(%d) : レシピ (フラグ:%08x)
ai/018.bin;0xE532;D7 DA C1 D6;AI(%d) : 思考開始 (行動カテゴリ:%d)
ai/018.bin;0xE532;7C 46 0A D9;Stealth Dragon, Dreadmaster
ai/018.bin;0xE532;92 F2 76 DB;Acquire Deletor, Igor
ai/018.bin;0xE532;6B 1D DB DC;Machining Mosquito mkII
ai/018.bin;0xE532;69 E8 61 E1;オーバーロード
ai/018.bin;0xE532;7D 1F 65 E6;Beast Deity, Night Jackal
ai/018.bin;0xE532;57 CD 2E E8;    
ai/018.bin;0xE532;CC 1A C6 E8;AI未設定 : attrib = %s
ai/018.bin;0xE532;39 17 8B F0;Starry Skies Liberator, Guinevere
ai/018.bin;0xE532;4B 16 BE F0;Knight of Frevor, Hector
ai/018.bin;0xE532;BF 43 2B F1;  アタッカー : %s
ai/018.bin;0xE532;27 25 50 F1;Bear Down Samurai
ai/018.bin;0xE532;FC B0 EB F6;Purification Regalia, Pure Angel
ai/018.bin;0xE532;89 20 23 F8;下
ai/018.bin;0xE532;DD 4C B3 F8;ターン開始 AI(%d)
ai/019.bin;0xE662;DC A5 CF 01;  クインテットウォール : %d/%d枚
ai/019.bin;0xE662;26 9F A5 02;Gunnergear Dracokid
ai/019.bin;0xE662;8D 81 BB 03;Steam Soldier, Tauge
ai/019.bin;0xE662;51 5B 2F 06;Hexagonal Magus
ai/019.bin;0xE662;DD 9F CC 07;Blue Storm Dragon, Maelstrom
ai/019.bin;0xE662;8D 9F AA 08;  シールドの要求値 : 
ai/019.bin;0xE662;76 AE E0 09;Dragonic Overlord "The Яe-birth" (Trigger)
ai/019.bin;0xE662;02 DC 8B 0D;Mond Blaukluger
ai/019.bin;0xE662;B1 2D 5D 0E;  対象のパワー : %d(%d)%s
ai/019.bin;0xE662;24 A1 3B 11;Rising Lionet
ai/019.bin;0xE662;CA 98 65 11;Mythic Beast, Fenrir
ai/019.bin;0xE662;2F 96 22 12;Dancing Wolf
ai/019.bin;0xE662;2F CE 1C 13;Goddess of Flower Divination, Sakuya
ai/019.bin;0xE662;9F 3C 4E 15; + %d
ai/019.bin;0xE662;26 7B 30 1A;Cat Butler
ai/019.bin;0xE662;8D 20 89 1A;AI未設定 : %s %d
ai/019.bin;0xE662;49 58 50 21;Dimensional Robo, Daijet
ai/019.bin;0xE662;8E BC BB 21;  シールドの目標値 : 
ai/019.bin;0xE662;50 41 74 23;Hope Child, Turiel
ai/019.bin;0xE662;39 5F 97 27;Promising Knight, David
ai/019.bin;0xE662;BE 51 F9 27;Ravenous Dragon, Battlerex
ai/019.bin;0xE662;5A 00 2D 29;Withdrawn Gear Raven
ai/019.bin;0xE662;F7 2E E0 29;～%d
ai/019.bin;0xE662;A6 8F 2A 2A;Brawler, Fighting Dracokid
ai/019.bin;0xE662;44 62 0C 2D;Soundless Archer, Conductance
ai/019.bin;0xE662;14 30 63 2D;!!!! AI ERROR !!!!\n  
ai/019.bin;0xE662;9A C1 68 30;Steam Fighter, Amber
ai/019.bin;0xE662;EE 81 9E 32;Titan of the Capturing Arm
ai/019.bin;0xE662;C5 4D EE 32;Blaster Dark "Diablo"
ai/019.bin;0xE662;F1 28 16 33;枚しか選んでいない
ai/019.bin;0xE662;BC 1F 35 33;  ブースター : %s
ai/019.bin;0xE662;D4 80 E1 37;Steam Knight, Ubara-tutu
ai/019.bin;0xE662;B8 BC F2 37;Ambush Demon Stealth Rogue, Kagamijishi
ai/019.bin;0xE662;6E 42 D6 38;AI(%d) : アタック情報
ai/019.bin;0xE662;B3 AD 45 3A;ブラスター
ai/019.bin;0xE662;03 D4 54 45; ヒットされない
ai/019.bin;0xE662;2D 3A A7 45;AI(%d) : ガードステップ情報
ai/019.bin;0xE662;5C 11 0E 4C;Steam Battler, Dadasig
ai/019.bin;0xE662;2C A5 7B 4D;枚選択する必要があるが、
ai/019.bin;0xE662;9F A5 E0 4F;CEO Amaterasu
ai/019.bin;0xE662;3A D0 5B 51;Exxtreme Battler, Victor
ai/019.bin;0xE662;A6 11 33 52;Dark Dragon, Phantom Blaster "Diablo"
ai/019.bin;0xE662;3C E0 6F 55;Dragonic Overlord (Break Ride)
ai/019.bin;0xE662;DE C1 45 56;解放者
ai/019.bin;0xE662;F7 6D 78 57;Stamp Sea Otter
ai/019.bin;0xE662;C5 AF 0D 60;Crimson Roar, Metatron
ai/019.bin;0xE662;47 87 68 63;AI(%d) : 思考時間 %.3f秒 (行動カテゴリ:%d)
ai/019.bin;0xE662;55 C8 81 63;  完全ガード : %d/%d枚
ai/019.bin;0xE662;42 D7 DA 63;  ガーディアン候補
ai/019.bin;0xE662;33 8E E7 69;Duo True Sister, Meer
ai/019.bin;0xE662;E8 83 60 6B;Daredevil Samurai
ai/019.bin;0xE662;4B D4 AE 6B;  合計シールド : 
ai/019.bin;0xE662;DC 4C 2C 6E;Flower Princess of Spring's Beginning, Primavera
ai/019.bin;0xE662;11 E8 1D 70;Oracle Queen, Himiko
ai/019.bin;0xE662;E4 FB 3C 72;Blue Storm Cadet, Anos
ai/019.bin;0xE662;29 EF C2 73;  対象(%d) : %s
ai/019.bin;0xE662;65 B1 B8 76;腹時計付きのギアラビット
ai/019.bin;0xE662;7C 3A 8B 81;Liberator, Burning Blow
ai/019.bin;0xE662;DA 63 6D 85;Dimensional Robo, Daibrave
ai/019.bin;0xE662;46 DE 4B 88;Dark Metal Dragon
ai/019.bin;0xE662;6A D5 6E 8A;Katanaraizer
ai/019.bin;0xE662;A0 D8 63 8D;Great Cosmic Hero, Grandgallop
ai/019.bin;0xE662;1F 10 24 8F;上
ai/019.bin;0xE662;6C E6 93 8F;Pitch Black Sage, Charon
ai/019.bin;0xE662;BB E2 E9 90;Immortal, Asura Kaiser
ai/019.bin;0xE662;E1 26 37 94;Demonic Dragon Berserker, Chatura
ai/019.bin;0xE662;6A 0F 95 94;  アタッカーのパワー : %d(%d)
ai/019.bin;0xE662;7F BB 35 95;Supreme Heavenly Emperor Dragon, Dragonic Overlord "the Ace"
ai/019.bin;0xE662;6F EB F7 95;Masergear Dragon
ai/019.bin;0xE662;0C DD 47 9B;Battle Sister, Parfait
ai/019.bin;0xE662;01 35 FF 9B;Smithereen Colossus
ai/019.bin;0xE662;1A 2D D2 9C;Myth Guard, Fomalhaut
ai/019.bin;0xE662;69 08 3B A2;Blue Wave Dragon, Tetra-drive Dragon
ai/019.bin;0xE662;F1 51 AA A2;Steam Fighter, Balih
ai/019.bin;0xE662;A4 F3 D7 A7;  アタッカーのクリティカル : %d
ai/019.bin;0xE662;BD FD F6 A7;Extreme Battler, Runbhol
ai/019.bin;0xE662;9F 77 42 AC;Flare Whip Dragon
ai/019.bin;0xE662;39 6A 36 B5;Hyper Metalborg, Heavyduke
ai/019.bin;0xE662;09 C0 E2 B6;Twinmaser Dragon
ai/019.bin;0xE662;F7 48 21 B9;Dragon Knight, Jaral
ai/019.bin;0xE662;88 EF 6D BC;Enigman Tornado
ai/019.bin;0xE662;ED F8 CC BD;Final Wrench
ai/019.bin;0xE662;11 9F 48 BE;Shura Stealth Dragon, Daranicongo
ai/019.bin;0xE662;83 0C AC BE;Smokegear Dragon
ai/019.bin;0xE662;04 0C B6 BE;Steam Rider, Burnham
ai/019.bin;0xE662;3D FB ED C0;Chronojet Dragon
ai/019.bin;0xE662;CF AA 4F C1;Perdition Dragon, Dragonic Neoflame
ai/019.bin;0xE662;7C 17 CE C1;Ranunculus Flower Maiden, Ahsha
ai/019.bin;0xE662;15 6E A2 C8;Wisteria Knight
ai/019.bin;0xE662;AB 51 A7 CB;AI(%d) : レシピ (フラグ:%08x)
ai/019.bin;0xE662;61 37 62 CC;Steam Knight, Shu Sin
ai/019.bin;0xE662;D7 DA C1 D6;AI(%d) : 思考開始 (行動カテゴリ:%d)
ai/019.bin;0xE662;7C 46 0A D9;Stealth Dragon, Dreadmaster
ai/019.bin;0xE662;78 6A 0D DA;Steam Maiden, Uluru
ai/019.bin;0xE662;6B 1D DB DC;Machining Mosquito mkII
ai/019.bin;0xE662;5A CA ED DD;Brasswing Dragon
ai/019.bin;0xE662;69 E8 61 E1;オーバーロード
ai/019.bin;0xE662;7D 1F 65 E6;Beast Deity, Night Jackal
ai/019.bin;0xE662;57 CD 2E E8;    
ai/019.bin;0xE662;19 BA 6C E8;Interdimensional Dragon, Mystery-flare Dragon
ai/019.bin;0xE662;CC 1A C6 E8;AI未設定 : attrib = %s
ai/019.bin;0xE662;5E C0 46 EB;Great Carapace, Gear Turtle
ai/019.bin;0xE662;69 F1 59 EF;Luckypot Dracokid
ai/019.bin;0xE662;39 17 8B F0;Starry Skies Liberator, Guinevere
ai/019.bin;0xE662;4B 16 BE F0;Knight of Frevor, Hector
ai/019.bin;0xE662;BF 43 2B F1;  アタッカー : %s
ai/019.bin;0xE662;27 25 50 F1;Bear Down Samurai
ai/019.bin;0xE662;FC B0 EB F6;Purification Regalia, Pure Angel
ai/019.bin;0xE662;89 20 23 F8;下
ai/019.bin;0xE662;DD 4C B3 F8;ターン開始 AI(%d)
ai/020.bin;0xE703;34 53 5F 00;Lake Maiden, Lien
ai/020.bin;0xE703;DC A5 CF 01;  クインテットウォール : %d/%d枚
ai/020.bin;0xE703;51 5B 2F 06;Hexagonal Magus
ai/020.bin;0xE703;DD 9F CC 07;Blue Storm Dragon, Maelstrom
ai/020.bin;0xE703;8D 9F AA 08;  シールドの要求値 : 
ai/020.bin;0xE703;76 AE E0 09;Dragonic Overlord "The Яe-birth" (Trigger)
ai/020.bin;0xE703;6C F1 AB 0A;Aurashooter Dragon
ai/020.bin;0xE703;13 73 1F 0C;Knight of Steel Wing
ai/020.bin;0xE703;02 DC 8B 0D;Mond Blaukluger
ai/020.bin;0xE703;C9 06 D4 0D;Margal
ai/020.bin;0xE703;B1 2D 5D 0E;  対象のパワー : %d(%d)%s
ai/020.bin;0xE703;24 A1 3B 11;Rising Lionet
ai/020.bin;0xE703;CA 98 65 11;Mythic Beast, Fenrir
ai/020.bin;0xE703;2F 96 22 12;Dancing Wolf
ai/020.bin;0xE703;2F CE 1C 13;Goddess of Flower Divination, Sakuya
ai/020.bin;0xE703;9F 3C 4E 15; + %d
ai/020.bin;0xE703;26 7B 30 1A;Cat Butler
ai/020.bin;0xE703;8D 20 89 1A;AI未設定 : %s %d
ai/020.bin;0xE703;C0 17 EB 1D;Majesty Lord Blaster (Trigger)
ai/020.bin;0xE703;49 58 50 21;Dimensional Robo, Daijet
ai/020.bin;0xE703;8E BC BB 21;  シールドの目標値 : 
ai/020.bin;0xE703;00 8C ED 21;Miru Biru
ai/020.bin;0xE703;50 41 74 23;Hope Child, Turiel
ai/020.bin;0xE703;DC 7B 31 24;天駆ける塔のアーチャー
ai/020.bin;0xE703;39 5F 97 27;Promising Knight, David
ai/020.bin;0xE703;BE 51 F9 27;Ravenous Dragon, Battlerex
ai/020.bin;0xE703;F7 2E E0 29;～%d
ai/020.bin;0xE703;A6 8F 2A 2A;Brawler, Fighting Dracokid
ai/020.bin;0xE703;44 62 0C 2D;Soundless Archer, Conductance
ai/020.bin;0xE703;14 30 63 2D;!!!! AI ERROR !!!!\n  
ai/020.bin;0xE703;EE 81 9E 32;Titan of the Capturing Arm
ai/020.bin;0xE703;C5 4D EE 32;Blaster Dark "Diablo"
ai/020.bin;0xE703;F1 28 16 33;枚しか選んでいない
ai/020.bin;0xE703;BC 1F 35 33;  ブースター : %s
ai/020.bin;0xE703;63 BD 80 33;Knight of Twin Sword
ai/020.bin;0xE703;4E 68 BC 34;Absolute Blade Knight, Livarot
ai/020.bin;0xE703;B8 BC F2 37;Ambush Demon Stealth Rogue, Kagamijishi
ai/020.bin;0xE703;6E 42 D6 38;AI(%d) : アタック情報
ai/020.bin;0xE703;B3 AD 45 3A;ブラスター
ai/020.bin;0xE703;24 82 DE 40;Shining Knight, Millius
ai/020.bin;0xE703;03 D4 54 45; ヒットされない
ai/020.bin;0xE703;2D 3A A7 45;AI(%d) : ガードステップ情報
ai/020.bin;0xE703;2C A5 7B 4D;枚選択する必要があるが、
ai/020.bin;0xE703;9F A5 E0 4F;CEO Amaterasu
ai/020.bin;0xE703;3A D0 5B 51;Exxtreme Battler, Victor
ai/020.bin;0xE703;A6 11 33 52;Dark Dragon, Phantom Blaster "Diablo"
ai/020.bin;0xE703;3C E0 6F 55;Dragonic Overlord (Break Ride)
ai/020.bin;0xE703;DE C1 45 56;解放者
ai/020.bin;0xE703;F7 6D 78 57;Stamp Sea Otter
ai/020.bin;0xE703;C5 AF 0D 60;Crimson Roar, Metatron
ai/020.bin;0xE703;29 CF 10 62;Lunar Crescent Knight, Felax
ai/020.bin;0xE703;75 87 53 62;Knight of Reform, Ladinas
ai/020.bin;0xE703;47 87 68 63;AI(%d) : 思考時間 %.3f秒 (行動カテゴリ:%d)
ai/020.bin;0xE703;55 C8 81 63;  完全ガード : %d/%d枚
ai/020.bin;0xE703;42 D7 DA 63;  ガーディアン候補
ai/020.bin;0xE703;DD 23 C4 67;Knight of Festival
ai/020.bin;0xE703;33 8E E7 69;Duo True Sister, Meer
ai/020.bin;0xE703;E8 83 60 6B;Daredevil Samurai
ai/020.bin;0xE703;4B D4 AE 6B;  合計シールド : 
ai/020.bin;0xE703;DC 4C 2C 6E;Flower Princess of Spring's Beginning, Primavera
ai/020.bin;0xE703;11 E8 1D 70;Oracle Queen, Himiko
ai/020.bin;0xE703;E4 FB 3C 72;Blue Storm Cadet, Anos
ai/020.bin;0xE703;86 B1 55 73;Pixy Assault Captain
ai/020.bin;0xE703;29 EF C2 73;  対象(%d) : %s
ai/020.bin;0xE703;5A 1C 38 7C;Jewel Knight, Prizmy
ai/020.bin;0xE703;7C 3A 8B 81;Liberator, Burning Blow
ai/020.bin;0xE703;E1 95 2F 85;Sacred Wielding Seeker, Octavius
ai/020.bin;0xE703;DA 63 6D 85;Dimensional Robo, Daibrave
ai/020.bin;0xE703;68 C9 7B 87;Burning Mane Lion
ai/020.bin;0xE703;46 DE 4B 88;Dark Metal Dragon
ai/020.bin;0xE703;6A D5 6E 8A;Katanaraizer
ai/020.bin;0xE703;A0 D8 63 8D;Great Cosmic Hero, Grandgallop
ai/020.bin;0xE703;1F 10 24 8F;上
ai/020.bin;0xE703;6C E6 93 8F;Pitch Black Sage, Charon
ai/020.bin;0xE703;BB E2 E9 90;Immortal, Asura Kaiser
ai/020.bin;0xE703;E1 26 37 94;Demonic Dragon Berserker, Chatura
ai/020.bin;0xE703;6A 0F 95 94;  アタッカーのパワー : %d(%d)
ai/020.bin;0xE703;7F BB 35 95;Supreme Heavenly Emperor Dragon, Dragonic Overlord "the Ace"
ai/020.bin;0xE703;57 21 C3 97;Milky Way Unicorn
ai/020.bin;0xE703;5D 10 30 98;Shrouded Divine Knight, Gablade
ai/020.bin;0xE703;0C DD 47 9B;Battle Sister, Parfait
ai/020.bin;0xE703;1A 2D D2 9C;Myth Guard, Fomalhaut
ai/020.bin;0xE703;69 08 3B A2;Blue Wave Dragon, Tetra-drive Dragon
ai/020.bin;0xE703;F1 51 AA A2;Steam Fighter, Balih
ai/020.bin;0xE703;A4 F3 D7 A7;  アタッカーのクリティカル : %d
ai/020.bin;0xE703;BD FD F6 A7;Extreme Battler, Runbhol
ai/020.bin;0xE703;9F 77 42 AC;Flare Whip Dragon
ai/020.bin;0xE703;39 6A 36 B5;Hyper Metalborg, Heavyduke
ai/020.bin;0xE703;F7 48 21 B9;Dragon Knight, Jaral
ai/020.bin;0xE703;88 EF 6D BC;Enigman Tornado
ai/020.bin;0xE703;ED F8 CC BD;Final Wrench
ai/020.bin;0xE703;11 9F 48 BE;Shura Stealth Dragon, Daranicongo
ai/020.bin;0xE703;CF AA 4F C1;Perdition Dragon, Dragonic Neoflame
ai/020.bin;0xE703;7C 17 CE C1;Ranunculus Flower Maiden, Ahsha
ai/020.bin;0xE703;15 6E A2 C8;Wisteria Knight
ai/020.bin;0xE703;AB 51 A7 CB;AI(%d) : レシピ (フラグ:%08x)
ai/020.bin;0xE703;E7 C2 F9 CC;Healing Pegasus
ai/020.bin;0xE703;92 63 36 D5;Rainbow Guardian
ai/020.bin;0xE703;D7 DA C1 D6;AI(%d) : 思考開始 (行動カテゴリ:%d)
ai/020.bin;0xE703;7C 46 0A D9;Stealth Dragon, Dreadmaster
ai/020.bin;0xE703;E2 CC 7C D9;Exculpate the Blaster
ai/020.bin;0xE703;F1 1B 75 DA;Profound Sage, Kunron
ai/020.bin;0xE703;6B 1D DB DC;Machining Mosquito mkII
ai/020.bin;0xE703;69 E8 61 E1;オーバーロード
ai/020.bin;0xE703;7D 1F 65 E6;Beast Deity, Night Jackal
ai/020.bin;0xE703;57 CD 2E E8;    
ai/020.bin;0xE703;CC 1A C6 E8;AI未設定 : attrib = %s
ai/020.bin;0xE703;83 A0 BD E9;Grynngal Seeker
ai/020.bin;0xE703;39 17 8B F0;Starry Skies Liberator, Guinevere
ai/020.bin;0xE703;4B 16 BE F0;Knight of Frevor, Hector
ai/020.bin;0xE703;BF 43 2B F1;  アタッカー : %s
ai/020.bin;0xE703;27 25 50 F1;Bear Down Samurai
ai/020.bin;0xE703;D7 AF 7D F5;Blue Sky Knight, Altmile
ai/020.bin;0xE703;B3 0E F1 F5;Mithrilguard Lion
ai/020.bin;0xE703;FC B0 EB F6;Purification Regalia, Pure Angel
ai/020.bin;0xE703;89 20 23 F8;下
ai/020.bin;0xE703;DD 4C B3 F8;ターン開始 AI(%d)
ai/020.bin;0xE703;BF 4D 6C F9;Transmigration Knight, Brede
ai/021.bin;0xE861;DC A5 CF 01;  クインテットウォール : %d/%d枚
ai/021.bin;0xE861;51 5B 2F 06;Hexagonal Magus
ai/021.bin;0xE861;DD 9F CC 07;Blue Storm Dragon, Maelstrom
ai/021.bin;0xE861;8D 9F AA 08;  シールドの要求値 : 
ai/021.bin;0xE861;76 AE E0 09;Dragonic Overlord "The Яe-birth" (Trigger)
ai/021.bin;0xE861;02 DC 8B 0D;Mond Blaukluger
ai/021.bin;0xE861;B1 2D 5D 0E;  対象のパワー : %d(%d)%s
ai/021.bin;0xE861;24 A1 3B 11;Rising Lionet
ai/021.bin;0xE861;CA 98 65 11;Mythic Beast, Fenrir
ai/021.bin;0xE861;2F 96 22 12;Dancing Wolf
ai/021.bin;0xE861;2F CE 1C 13;Goddess of Flower Divination, Sakuya
ai/021.bin;0xE861;9F 3C 4E 15; + %d
ai/021.bin;0xE861;26 7B 30 1A;Cat Butler
ai/021.bin;0xE861;8D 20 89 1A;AI未設定 : %s %d
ai/021.bin;0xE861;49 58 50 21;Dimensional Robo, Daijet
ai/021.bin;0xE861;8E BC BB 21;  シールドの目標値 : 
ai/021.bin;0xE861;50 41 74 23;Hope Child, Turiel
ai/021.bin;0xE861;39 5F 97 27;Promising Knight, David
ai/021.bin;0xE861;BE 51 F9 27;Ravenous Dragon, Battlerex
ai/021.bin;0xE861;9C C6 00 28;Heave-ho Turnip
ai/021.bin;0xE861;F7 2E E0 29;～%d
ai/021.bin;0xE861;A6 8F 2A 2A;Brawler, Fighting Dracokid
ai/021.bin;0xE861;44 62 0C 2D;Soundless Archer, Conductance
ai/021.bin;0xE861;14 30 63 2D;!!!! AI ERROR !!!!\n  
ai/021.bin;0xE861;EE 81 9E 32;Titan of the Capturing Arm
ai/021.bin;0xE861;C5 4D EE 32;Blaster Dark "Diablo"
ai/021.bin;0xE861;F1 28 16 33;枚しか選んでいない
ai/021.bin;0xE861;BC 1F 35 33;  ブースター : %s
ai/021.bin;0xE861;B8 BC F2 37;Ambush Demon Stealth Rogue, Kagamijishi
ai/021.bin;0xE861;6E 42 D6 38;AI(%d) : アタック情報
ai/021.bin;0xE861;F6 99 15 39;Maiden of Daybreak
ai/021.bin;0xE861;B3 AD 45 3A;ブラスター
ai/021.bin;0xE861;03 D4 54 45; ヒットされない
ai/021.bin;0xE861;2D 3A A7 45;AI(%d) : ガードステップ情報
ai/021.bin;0xE861;EE 9C 3B 4D;100％・オーランジュ
ai/021.bin;0xE861;2C A5 7B 4D;枚選択する必要があるが、
ai/021.bin;0xE861;9F A5 E0 4F;CEO Amaterasu
ai/021.bin;0xE861;3A D0 5B 51;Exxtreme Battler, Victor
ai/021.bin;0xE861;A6 11 33 52;Dark Dragon, Phantom Blaster "Diablo"
ai/021.bin;0xE861;3C E0 6F 55;Dragonic Overlord (Break Ride)
ai/021.bin;0xE861;DE C1 45 56;解放者
ai/021.bin;0xE861;F7 6D 78 57;Stamp Sea Otter
ai/021.bin;0xE861;C5 AF 0D 60;Crimson Roar, Metatron
ai/021.bin;0xE861;29 1A 85 62;Maiden of Dreaming Aroma
ai/021.bin;0xE861;47 87 68 63;AI(%d) : 思考時間 %.3f秒 (行動カテゴリ:%d)
ai/021.bin;0xE861;55 C8 81 63;  完全ガード : %d/%d枚
ai/021.bin;0xE861;42 D7 DA 63;  ガーディアン候補
ai/021.bin;0xE861;DD A1 75 65;Gardener Elf
ai/021.bin;0xE861;DA 78 CB 68;Maiden of Safflower
ai/021.bin;0xE861;33 8E E7 69;Duo True Sister, Meer
ai/021.bin;0xE861;E8 83 60 6B;Daredevil Samurai
ai/021.bin;0xE861;4B D4 AE 6B;  合計シールド : 
ai/021.bin;0xE861;10 F3 CF 6C;Maiden of Gladiolus
ai/021.bin;0xE861;DC 4C 2C 6E;Flower Princess of Spring's Beginning, Primavera
ai/021.bin;0xE861;77 7D 44 6E;Qool Qute Qiwi
ai/021.bin;0xE861;11 E8 1D 70;Oracle Queen, Himiko
ai/021.bin;0xE861;E4 FB 3C 72;Blue Storm Cadet, Anos
ai/021.bin;0xE861;29 EF C2 73;  対象(%d) : %s
ai/021.bin;0xE861;A6 68 BC 7B;Flower Princess of Spring, Arborea
ai/021.bin;0xE861;43 8A DF 7B;Blossoming Maiden, Cela
ai/021.bin;0xE861;7C 3A 8B 81;Liberator, Burning Blow
ai/021.bin;0xE861;DA 63 6D 85;Dimensional Robo, Daibrave
ai/021.bin;0xE861;46 DE 4B 88;Dark Metal Dragon
ai/021.bin;0xE861;6A D5 6E 8A;Katanaraizer
ai/021.bin;0xE861;A0 D8 63 8D;Great Cosmic Hero, Grandgallop
ai/021.bin;0xE861;1F 10 24 8F;上
ai/021.bin;0xE861;6C E6 93 8F;Pitch Black Sage, Charon
ai/021.bin;0xE861;5D 93 52 90;Lady of the Sunlight Forest
ai/021.bin;0xE861;BB E2 E9 90;Immortal, Asura Kaiser
ai/021.bin;0xE861;BD 7D A6 91;Spring-Heralding Maiden, Ozu
ai/021.bin;0xE861;E1 26 37 94;Demonic Dragon Berserker, Chatura
ai/021.bin;0xE861;6A 0F 95 94;  アタッカーのパワー : %d(%d)
ai/021.bin;0xE861;7F BB 35 95;Supreme Heavenly Emperor Dragon, Dragonic Overlord "the Ace"
ai/021.bin;0xE861;0C DD 47 9B;Battle Sister, Parfait
ai/021.bin;0xE861;1A 2D D2 9C;Myth Guard, Fomalhaut
ai/021.bin;0xE861;69 08 3B A2;Blue Wave Dragon, Tetra-drive Dragon
ai/021.bin;0xE861;F1 51 AA A2;Steam Fighter, Balih
ai/021.bin;0xE861;9D B9 A4 A3;Jungle Lord Dragon
ai/021.bin;0xE861;01 6D 5C A6;Coral Berry Squire
ai/021.bin;0xE861;A4 F3 D7 A7;  アタッカーのクリティカル : %d
ai/021.bin;0xE861;BD FD F6 A7;Extreme Battler, Runbhol
ai/021.bin;0xE861;BE A9 8C A8;Budding Maiden, Diane
ai/021.bin;0xE861;24 ED 3B AB;Maiden of Dimorphotheca
ai/021.bin;0xE861;9F 77 42 AC;Flare Whip Dragon
ai/021.bin;0xE861;47 71 A2 B2;Grace Knight
ai/021.bin;0xE861;39 6A 36 B5;Hyper Metalborg, Heavyduke
ai/021.bin;0xE861;F7 48 21 B9;Dragon Knight, Jaral
ai/021.bin;0xE861;4D 11 72 B9;Glass Beads Dragon
ai/021.bin;0xE861;88 EF 6D BC;Enigman Tornado
ai/021.bin;0xE861;ED F8 CC BD;Final Wrench
ai/021.bin;0xE861;11 9F 48 BE;Shura Stealth Dragon, Daranicongo
ai/021.bin;0xE861;0E 8F 46 C1;Full Bloom Dragon
ai/021.bin;0xE861;CF AA 4F C1;Perdition Dragon, Dragonic Neoflame
ai/021.bin;0xE861;7C 17 CE C1;Ranunculus Flower Maiden, Ahsha
ai/021.bin;0xE861;8B 75 AB C6;Lavender Knight
ai/021.bin;0xE861;15 6E A2 C8;Wisteria Knight
ai/021.bin;0xE861;AB 51 A7 CB;AI(%d) : レシピ (フラグ:%08x)
ai/021.bin;0xE861;D7 DA C1 D6;AI(%d) : 思考開始 (行動カテゴリ:%d)
ai/021.bin;0xE861;7C 46 0A D9;Stealth Dragon, Dreadmaster
ai/021.bin;0xE861;6B 1D DB DC;Machining Mosquito mkII
ai/021.bin;0xE861;69 E8 61 E1;オーバーロード
ai/021.bin;0xE861;7D 1F 65 E6;Beast Deity, Night Jackal
ai/021.bin;0xE861;51 EB 60 E7;Maiden of Rainbow Wood
ai/021.bin;0xE861;57 CD 2E E8;    
ai/021.bin;0xE861;CC 1A C6 E8;AI未設定 : attrib = %s
ai/021.bin;0xE861;39 17 8B F0;Starry Skies Liberator, Guinevere
ai/021.bin;0xE861;4B 16 BE F0;Knight of Frevor, Hector
ai/021.bin;0xE861;BF 43 2B F1;  アタッカー : %s
ai/021.bin;0xE861;27 25 50 F1;Bear Down Samurai
ai/021.bin;0xE861;FC BA BC F1;Poison Mushroom
ai/021.bin;0xE861;FC B0 EB F6;Purification Regalia, Pure Angel
ai/021.bin;0xE861;89 20 23 F8;下
ai/021.bin;0xE861;DD 4C B3 F8;ターン開始 AI(%d)
ai/021.bin;0xE861;18 FC 13 F9;Fairy Light Dragon
ai/022.bin;0xE664;DC A5 CF 01;  クインテットウォール : %d/%d枚
ai/022.bin;0xE664;6D 07 F9 03;Titan of the Beam Fists
ai/022.bin;0xE664;51 5B 2F 06;Hexagonal Magus
ai/022.bin;0xE664;DD 9F CC 07;Blue Storm Dragon, Maelstrom
ai/022.bin;0xE664;8D 9F AA 08;  シールドの要求値 : 
ai/022.bin;0xE664;76 AE E0 09;Dragonic Overlord "The Яe-birth" (Trigger)
ai/022.bin;0xE664;02 DC 8B 0D;Mond Blaukluger
ai/022.bin;0xE664;B1 2D 5D 0E;  対象のパワー : %d(%d)%s
ai/022.bin;0xE664;E2 F3 7C 0F;Minestar Trooper
ai/022.bin;0xE664;24 A1 3B 11;Rising Lionet
ai/022.bin;0xE664;CA 98 65 11;Mythic Beast, Fenrir
ai/022.bin;0xE664;2F 96 22 12;Dancing Wolf
ai/022.bin;0xE664;2F CE 1C 13;Goddess of Flower Divination, Sakuya
ai/022.bin;0xE664;9F 3C 4E 15; + %d
ai/022.bin;0xE664;26 7B 30 1A;Cat Butler
ai/022.bin;0xE664;8D 20 89 1A;AI未設定 : %s %d
ai/022.bin;0xE664;53 C3 3F 1B;Battle Siren, Orthia
ai/022.bin;0xE664;49 58 50 21;Dimensional Robo, Daijet
ai/022.bin;0xE664;8E BC BB 21;  シールドの目標値 : 
ai/022.bin;0xE664;50 41 74 23;Hope Child, Turiel
ai/022.bin;0xE664;39 5F 97 27;Promising Knight, David
ai/022.bin;0xE664;BE 51 F9 27;Ravenous Dragon, Battlerex
ai/022.bin;0xE664;F7 2E E0 29;～%d
ai/022.bin;0xE664;A6 8F 2A 2A;Brawler, Fighting Dracokid
ai/022.bin;0xE664;44 62 0C 2D;Soundless Archer, Conductance
ai/022.bin;0xE664;14 30 63 2D;!!!! AI ERROR !!!!\n  
ai/022.bin;0xE664;EE 81 9E 32;Titan of the Capturing Arm
ai/022.bin;0xE664;C5 4D EE 32;Blaster Dark "Diablo"
ai/022.bin;0xE664;F1 28 16 33;枚しか選んでいない
ai/022.bin;0xE664;BC 1F 35 33;  ブースター : %s
ai/022.bin;0xE664;B8 BC F2 37;Ambush Demon Stealth Rogue, Kagamijishi
ai/022.bin;0xE664;6E 42 D6 38;AI(%d) : アタック情報
ai/022.bin;0xE664;B3 AD 45 3A;ブラスター
ai/022.bin;0xE664;F6 25 75 41;One Who Surpasses the Storm, Thavas
ai/022.bin;0xE664;03 D4 54 45; ヒットされない
ai/022.bin;0xE664;2D 3A A7 45;AI(%d) : ガードステップ情報
ai/022.bin;0xE664;CD D7 8F 4A;Keen Eyed Seahorse Soldier
ai/022.bin;0xE664;2C A5 7B 4D;枚選択する必要があるが、
ai/022.bin;0xE664;9F A5 E0 4F;CEO Amaterasu
ai/022.bin;0xE664;3A D0 5B 51;Exxtreme Battler, Victor
ai/022.bin;0xE664;A6 11 33 52;Dark Dragon, Phantom Blaster "Diablo"
ai/022.bin;0xE664;72 A4 48 52;Magnum Assault
ai/022.bin;0xE664;A2 CA 0A 55;Officer Cadet, Andrey
ai/022.bin;0xE664;3C E0 6F 55;Dragonic Overlord (Break Ride)
ai/022.bin;0xE664;B6 EB DA 55;Blue Storm Marine General, Despina
ai/022.bin;0xE664;DE C1 45 56;解放者
ai/022.bin;0xE664;F7 6D 78 57;Stamp Sea Otter
ai/022.bin;0xE664;73 AF 51 5E;Bubble Bazooka Dracokid
ai/022.bin;0xE664;CB FE 66 5F;Officer Cadet, Alekbors
ai/022.bin;0xE664;C5 AF 0D 60;Crimson Roar, Metatron
ai/022.bin;0xE664;47 87 68 63;AI(%d) : 思考時間 %.3f秒 (行動カテゴリ:%d)
ai/022.bin;0xE664;55 C8 81 63;  完全ガード : %d/%d枚
ai/022.bin;0xE664;42 D7 DA 63;  ガーディアン候補
ai/022.bin;0xE664;33 8E E7 69;Duo True Sister, Meer
ai/022.bin;0xE664;E8 83 60 6B;Daredevil Samurai
ai/022.bin;0xE664;4B D4 AE 6B;  合計シールド : 
ai/022.bin;0xE664;DC 4C 2C 6E;Flower Princess of Spring's Beginning, Primavera
ai/022.bin;0xE664;11 E8 1D 70;Oracle Queen, Himiko
ai/022.bin;0xE664;E4 FB 3C 72;Blue Storm Cadet, Anos
ai/022.bin;0xE664;BF 35 68 72;Tidal Assault
ai/022.bin;0xE664;29 EF C2 73;  対象(%d) : %s
ai/022.bin;0xE664;7C 3A 8B 81;Liberator, Burning Blow
ai/022.bin;0xE664;0D 0A 22 82;Hydro Hammer Sailor
ai/022.bin;0xE664;DA 63 6D 85;Dimensional Robo, Daibrave
ai/022.bin;0xE664;46 DE 4B 88;Dark Metal Dragon
ai/022.bin;0xE664;6A D5 6E 8A;Katanaraizer
ai/022.bin;0xE664;7A 87 D8 8B;戦場の歌姫 カロリ―ナ
ai/022.bin;0xE664;A0 D8 63 8D;Great Cosmic Hero, Grandgallop
ai/022.bin;0xE664;1F 10 24 8F;上
ai/022.bin;0xE664;6C E6 93 8F;Pitch Black Sage, Charon
ai/022.bin;0xE664;BB E2 E9 90;Immortal, Asura Kaiser
ai/022.bin;0xE664;E1 26 37 94;Demonic Dragon Berserker, Chatura
ai/022.bin;0xE664;6A 0F 95 94;  アタッカーのパワー : %d(%d)
ai/022.bin;0xE664;7F BB 35 95;Supreme Heavenly Emperor Dragon, Dragonic Overlord "the Ace"
ai/022.bin;0xE664;3E F3 3B 98;Battle Siren, Phaidra
ai/022.bin;0xE664;0C DD 47 9B;Battle Sister, Parfait
ai/022.bin;0xE664;1A 2D D2 9C;Myth Guard, Fomalhaut
ai/022.bin;0xE664;69 08 3B A2;Blue Wave Dragon, Tetra-drive Dragon
ai/022.bin;0xE664;F1 51 AA A2;Steam Fighter, Balih
ai/022.bin;0xE664;A4 F3 D7 A7;  アタッカーのクリティカル : %d
ai/022.bin;0xE664;BD FD F6 A7;Extreme Battler, Runbhol
ai/022.bin;0xE664;09 20 A7 AA;Marine General of the Heavenly Scales, Tidal Bore Dragon
ai/022.bin;0xE664;43 39 46 AB;Blue Storm Marine General, Spyros
ai/022.bin;0xE664;9F 77 42 AC;Flare Whip Dragon
ai/022.bin;0xE664;31 04 60 AC;Gundiver Dracokid
ai/022.bin;0xE664;3C F0 B2 AC;Rainbow Sniper
ai/022.bin;0xE664;39 6A 36 B5;Hyper Metalborg, Heavyduke
ai/022.bin;0xE664;F7 48 21 B9;Dragon Knight, Jaral
ai/022.bin;0xE664;88 EF 6D BC;Enigman Tornado
ai/022.bin;0xE664;ED F8 CC BD;Final Wrench
ai/022.bin;0xE664;11 9F 48 BE;Shura Stealth Dragon, Daranicongo
ai/022.bin;0xE664;CF AA 4F C1;Perdition Dragon, Dragonic Neoflame
ai/022.bin;0xE664;7C 17 CE C1;Ranunculus Flower Maiden, Ahsha
ai/022.bin;0xE664;32 A7 9C C5;Couple Dagger Sailor
ai/022.bin;0xE664;15 6E A2 C8;Wisteria Knight
ai/022.bin;0xE664;AB 51 A7 CB;AI(%d) : レシピ (フラグ:%08x)
ai/022.bin;0xE664;D7 DA C1 D6;AI(%d) : 思考開始 (行動カテゴリ:%d)
ai/022.bin;0xE664;04 75 4F D7;Blue Storm Soldier, Rascal Sweeper
ai/022.bin;0xE664;4C 99 5F D8;Kelpie Rider, Denis
ai/022.bin;0xE664;7C 46 0A D9;Stealth Dragon, Dreadmaster
ai/022.bin;0xE664;BB CE 1E DA;Battle Siren, Carolina
ai/022.bin;0xE664;7B 0E 75 DC;Battle Siren, Rohde
ai/022.bin;0xE664;6B 1D DB DC;Machining Mosquito mkII
ai/022.bin;0xE664;69 E8 61 E1;オーバーロード
ai/022.bin;0xE664;7D 1F 65 E6;Beast Deity, Night Jackal
ai/022.bin;0xE664;57 CD 2E E8;    
ai/022.bin;0xE664;B4 27 79 E8;Railgun Assault
ai/022.bin;0xE664;CC 1A C6 E8;AI未設定 : attrib = %s
ai/022.bin;0xE664;39 17 8B F0;Starry Skies Liberator, Guinevere
ai/022.bin;0xE664;B7 75 A0 F0;Batteryboom Dragon
ai/022.bin;0xE664;4B 16 BE F0;Knight of Frevor, Hector
ai/022.bin;0xE664;BF 43 2B F1;  アタッカー : %s
ai/022.bin;0xE664;27 25 50 F1;Bear Down Samurai
ai/022.bin;0xE664;FC B0 EB F6;Purification Regalia, Pure Angel
ai/022.bin;0xE664;89 20 23 F8;下
ai/022.bin;0xE664;DD 4C B3 F8;ターン開始 AI(%d)
ai/022.bin;0xE664;8E D3 36 F9;Kelpie Rider, Polo
ai/023.bin;0xE564;DC A5 CF 01;  クインテットウォール : %d/%d枚
ai/023.bin;0xE564;51 5B 2F 06;Hexagonal Magus
ai/023.bin;0xE564;DD 9F CC 07;Blue Storm Dragon, Maelstrom
ai/023.bin;0xE564;8D 9F AA 08;  シールドの要求値 : 
ai/023.bin;0xE564;01 83 D7 08;超絃理論の愛し子
ai/023.bin;0xE564;76 AE E0 09;Dragonic Overlord "The Яe-birth" (Trigger)
ai/023.bin;0xE564;02 DC 8B 0D;Mond Blaukluger
ai/023.bin;0xE564;B1 2D 5D 0E;  対象のパワー : %d(%d)%s
ai/023.bin;0xE564;24 A1 3B 11;Rising Lionet
ai/023.bin;0xE564;CA 98 65 11;Mythic Beast, Fenrir
ai/023.bin;0xE564;39 6C DC 11;Lady Healer of the Torn World
ai/023.bin;0xE564;2F 96 22 12;Dancing Wolf
ai/023.bin;0xE564;2F CE 1C 13;Goddess of Flower Divination, Sakuya
ai/023.bin;0xE564;9F 3C 4E 15; + %d
ai/023.bin;0xE564;90 92 5F 15;Asleep Messiah
ai/023.bin;0xE564;26 7B 30 1A;Cat Butler
ai/023.bin;0xE564;8D 20 89 1A;AI未設定 : %s %d
ai/023.bin;0xE564;49 58 50 21;Dimensional Robo, Daijet
ai/023.bin;0xE564;8E BC BB 21;  シールドの目標値 : 
ai/023.bin;0xE564;50 41 74 23;Hope Child, Turiel
ai/023.bin;0xE564;39 5F 97 27;Promising Knight, David
ai/023.bin;0xE564;BE 51 F9 27;Ravenous Dragon, Battlerex
ai/023.bin;0xE564;F7 2E E0 29;～%d
ai/023.bin;0xE564;A6 8F 2A 2A;Brawler, Fighting Dracokid
ai/023.bin;0xE564;44 62 0C 2D;Soundless Archer, Conductance
ai/023.bin;0xE564;14 30 63 2D;!!!! AI ERROR !!!!\n  
ai/023.bin;0xE564;53 0E BC 31;事象の翼 ウイングマター
ai/023.bin;0xE564;EE 81 9E 32;Titan of the Capturing Arm
ai/023.bin;0xE564;C5 4D EE 32;Blaster Dark "Diablo"
ai/023.bin;0xE564;F1 28 16 33;枚しか選んでいない
ai/023.bin;0xE564;BC 1F 35 33;  ブースター : %s
ai/023.bin;0xE564;B8 BC F2 37;Ambush Demon Stealth Rogue, Kagamijishi
ai/023.bin;0xE564;6E 42 D6 38;AI(%d) : アタック情報
ai/023.bin;0xE564;B3 AD 45 3A;ブラスター
ai/023.bin;0xE564;03 D4 54 45; ヒットされない
ai/023.bin;0xE564;2D 3A A7 45;AI(%d) : ガードステップ情報
ai/023.bin;0xE564;2C A5 7B 4D;枚選択する必要があるが、
ai/023.bin;0xE564;9F A5 E0 4F;CEO Amaterasu
ai/023.bin;0xE564;3A D0 5B 51;Exxtreme Battler, Victor
ai/023.bin;0xE564;A6 11 33 52;Dark Dragon, Phantom Blaster "Diablo"
ai/023.bin;0xE564;0B C4 30 55;Astrobreak Dragon
ai/023.bin;0xE564;3C E0 6F 55;Dragonic Overlord (Break Ride)
ai/023.bin;0xE564;DE C1 45 56;解放者
ai/023.bin;0xE564;F7 6D 78 57;Stamp Sea Otter
ai/023.bin;0xE564;C5 AF 0D 60;Crimson Roar, Metatron
ai/023.bin;0xE564;47 87 68 63;AI(%d) : 思考時間 %.3f秒 (行動カテゴリ:%d)
ai/023.bin;0xE564;55 C8 81 63;  完全ガード : %d/%d枚
ai/023.bin;0xE564;42 D7 DA 63;  ガーディアン候補
ai/023.bin;0xE564;0B 41 AE 69;Genesis Dragon, Judgement Messiah
ai/023.bin;0xE564;33 8E E7 69;Duo True Sister, Meer
ai/023.bin;0xE564;E8 83 60 6B;Daredevil Samurai
ai/023.bin;0xE564;4B D4 AE 6B;  合計シールド : 
ai/023.bin;0xE564;DC 4C 2C 6E;Flower Princess of Spring's Beginning, Primavera
ai/023.bin;0xE564;11 E8 1D 70;Oracle Queen, Himiko
ai/023.bin;0xE564;E4 FB 3C 72;Blue Storm Cadet, Anos
ai/023.bin;0xE564;29 EF C2 73;  対象(%d) : %s
ai/023.bin;0xE564;95 A3 E3 7F;Gyre Flower, Dark Chakram
ai/023.bin;0xE564;7C 3A 8B 81;Liberator, Burning Blow
ai/023.bin;0xE564;F7 5D DD 81;Grab Hand Gorilla
ai/023.bin;0xE564;DC D3 B9 83;Neon Messiah
ai/023.bin;0xE564;DA 63 6D 85;Dimensional Robo, Daibrave
ai/023.bin;0xE564;46 DE 4B 88;Dark Metal Dragon
ai/023.bin;0xE564;6A D5 6E 8A;Katanaraizer
ai/023.bin;0xE564;A0 D8 63 8D;Great Cosmic Hero, Grandgallop
ai/023.bin;0xE564;1F 10 24 8F;上
ai/023.bin;0xE564;6C E6 93 8F;Pitch Black Sage, Charon
ai/023.bin;0xE564;BB E2 E9 90;Immortal, Asura Kaiser
ai/023.bin;0xE564;E1 26 37 94;Demonic Dragon Berserker, Chatura
ai/023.bin;0xE564;6A 0F 95 94;  アタッカーのパワー : %d(%d)
ai/023.bin;0xE564;7F BB 35 95;Supreme Heavenly Emperor Dragon, Dragonic Overlord "the Ace"
ai/023.bin;0xE564;0C DD 47 9B;Battle Sister, Parfait
ai/023.bin;0xE564;1A 2D D2 9C;Myth Guard, Fomalhaut
ai/023.bin;0xE564;9F 93 18 9E;Sunset Edge, Duskblade
ai/023.bin;0xE564;69 08 3B A2;Blue Wave Dragon, Tetra-drive Dragon
ai/023.bin;0xE564;F1 51 AA A2;Steam Fighter, Balih
ai/023.bin;0xE564;A4 F3 D7 A7;  アタッカーのクリティカル : %d
ai/023.bin;0xE564;BD FD F6 A7;Extreme Battler, Runbhol
ai/023.bin;0xE564;9F 77 42 AC;Flare Whip Dragon
ai/023.bin;0xE564;41 1F 6A AD;Alter Ego Messiah (Trigger)
ai/023.bin;0xE564;39 6A 36 B5;Hyper Metalborg, Heavyduke
ai/023.bin;0xE564;A9 AB DC B5;Pulse Monk of the Quaking Foot
ai/023.bin;0xE564;F7 48 21 B9;Dragon Knight, Jaral
ai/023.bin;0xE564;88 EF 6D BC;Enigman Tornado
ai/023.bin;0xE564;ED F8 CC BD;Final Wrench
ai/023.bin;0xE564;11 9F 48 BE;Shura Stealth Dragon, Daranicongo
ai/023.bin;0xE564;CF AA 4F C1;Perdition Dragon, Dragonic Neoflame
ai/023.bin;0xE564;7C 17 CE C1;Ranunculus Flower Maiden, Ahsha
ai/023.bin;0xE564;4A FF A6 C4;Awaking Messiah
ai/023.bin;0xE564;A8 83 96 C6;Lightspeed Cheetah
ai/023.bin;0xE564;15 6E A2 C8;Wisteria Knight
ai/023.bin;0xE564;AB 51 A7 CB;AI(%d) : レシピ (フラグ:%08x)
ai/023.bin;0xE564;43 E8 97 CD;Hollow Gazer of the Imaginary Area
ai/023.bin;0xE564;45 36 10 D1;Protosun Dracokid
ai/023.bin;0xE564;D7 DA C1 D6;AI(%d) : 思考開始 (行動カテゴリ:%d)
ai/023.bin;0xE564;7C 46 0A D9;Stealth Dragon, Dreadmaster
ai/023.bin;0xE564;6B 1D DB DC;Machining Mosquito mkII
ai/023.bin;0xE564;82 E8 24 E0;Lady Keeper of Virtual Reality
ai/023.bin;0xE564;69 E8 61 E1;オーバーロード
ai/023.bin;0xE564;7D 1F 65 E6;Beast Deity, Night Jackal
ai/023.bin;0xE564;57 CD 2E E8;    
ai/023.bin;0xE564;CC 1A C6 E8;AI未設定 : attrib = %s
ai/023.bin;0xE564;39 17 8B F0;Starry Skies Liberator, Guinevere
ai/023.bin;0xE564;4B 16 BE F0;Knight of Frevor, Hector
ai/023.bin;0xE564;BF 43 2B F1;  アタッカー : %s
ai/023.bin;0xE564;27 25 50 F1;Bear Down Samurai
ai/023.bin;0xE564;3E D4 50 F2;Lockbreaker, Riddle Biter
ai/023.bin;0xE564;FC B0 EB F6;Purification Regalia, Pure Angel
ai/023.bin;0xE564;89 20 23 F8;下
ai/023.bin;0xE564;DD 4C B3 F8;ターン開始 AI(%d)
ai/023.bin;0xE564;0A 1C 28 FE;Sprig Birdy
ai/024.bin;0xE6BE;DC A5 CF 01;  クインテットウォール : %d/%d枚
ai/024.bin;0xE6BE;51 5B 2F 06;Hexagonal Magus
ai/024.bin;0xE6BE;DD 9F CC 07;Blue Storm Dragon, Maelstrom
ai/024.bin;0xE6BE;8D 9F AA 08;  シールドの要求値 : 
ai/024.bin;0xE6BE;99 38 0E 09;Emerald Witch, LaLa
ai/024.bin;0xE6BE;76 AE E0 09;Dragonic Overlord "The Яe-birth" (Trigger)
ai/024.bin;0xE6BE;02 DC 8B 0D;Mond Blaukluger
ai/024.bin;0xE6BE;B1 2D 5D 0E;  対象のパワー : %d(%d)%s
ai/024.bin;0xE6BE;24 A1 3B 11;Rising Lionet
ai/024.bin;0xE6BE;CA 98 65 11;Mythic Beast, Fenrir
ai/024.bin;0xE6BE;2F 96 22 12;Dancing Wolf
ai/024.bin;0xE6BE;50 4D AC 12;Diviner, Shinatsuhiko
ai/024.bin;0xE6BE;2F CE 1C 13;Goddess of Flower Divination, Sakuya
ai/024.bin;0xE6BE;9F 3C 4E 15; + %d
ai/024.bin;0xE6BE;A4 3B 6B 17;Meteor Break Wizard
ai/024.bin;0xE6BE;26 7B 30 1A;Cat Butler
ai/024.bin;0xE6BE;8D 20 89 1A;AI未設定 : %s %d
ai/024.bin;0xE6BE;49 58 50 21;Dimensional Robo, Daijet
ai/024.bin;0xE6BE;8E BC BB 21;  シールドの目標値 : 
ai/024.bin;0xE6BE;50 41 74 23;Hope Child, Turiel
ai/024.bin;0xE6BE;C2 70 95 24;Battle Sister, Chai
ai/024.bin;0xE6BE;39 5F 97 27;Promising Knight, David
ai/024.bin;0xE6BE;BE 51 F9 27;Ravenous Dragon, Battlerex
ai/024.bin;0xE6BE;F7 2E E0 29;～%d
ai/024.bin;0xE6BE;A6 8F 2A 2A;Brawler, Fighting Dracokid
ai/024.bin;0xE6BE;44 62 0C 2D;Soundless Archer, Conductance
ai/024.bin;0xE6BE;04 FC 42 2D;Emergency Alarmer
ai/024.bin;0xE6BE;14 30 63 2D;!!!! AI ERROR !!!!\n  
ai/024.bin;0xE6BE;9D D8 DB 30;Oracle Guardian, Shisa
ai/024.bin;0xE6BE;EE 81 9E 32;Titan of the Capturing Arm
ai/024.bin;0xE6BE;C5 4D EE 32;Blaster Dark "Diablo"
ai/024.bin;0xE6BE;F1 28 16 33;枚しか選んでいない
ai/024.bin;0xE6BE;BC 1F 35 33;  ブースター : %s
ai/024.bin;0xE6BE;B8 BC F2 37;Ambush Demon Stealth Rogue, Kagamijishi
ai/024.bin;0xE6BE;6E 42 D6 38;AI(%d) : アタック情報
ai/024.bin;0xE6BE;7B 8B 02 39;Oracle Guardian, Nike
ai/024.bin;0xE6BE;B3 AD 45 3A;ブラスター
ai/024.bin;0xE6BE;03 D4 54 45; ヒットされない
ai/024.bin;0xE6BE;2D 3A A7 45;AI(%d) : ガードステップ情報
ai/024.bin;0xE6BE;1A EF 70 4C;Imperial Shrine Guard, Hahiki
ai/024.bin;0xE6BE;2C A5 7B 4D;枚選択する必要があるが、
ai/024.bin;0xE6BE;9F A5 E0 4F;CEO Amaterasu
ai/024.bin;0xE6BE;3A D0 5B 51;Exxtreme Battler, Victor
ai/024.bin;0xE6BE;A6 11 33 52;Dark Dragon, Phantom Blaster "Diablo"
ai/024.bin;0xE6BE;28 FF 89 54;Soaring Auspicious Beast, Kirin
ai/024.bin;0xE6BE;3C E0 6F 55;Dragonic Overlord (Break Ride)
ai/024.bin;0xE6BE;DE C1 45 56;解放者
ai/024.bin;0xE6BE;C9 4A 68 57;Battle Sister, Chocolat
ai/024.bin;0xE6BE;F7 6D 78 57;Stamp Sea Otter
ai/024.bin;0xE6BE;6B 5E 01 5E;Dream Eater
ai/024.bin;0xE6BE;C5 AF 0D 60;Crimson Roar, Metatron
ai/024.bin;0xE6BE;47 87 68 63;AI(%d) : 思考時間 %.3f秒 (行動カテゴリ:%d)
ai/024.bin;0xE6BE;55 C8 81 63;  完全ガード : %d/%d枚
ai/024.bin;0xE6BE;42 D7 DA 63;  ガーディアン候補
ai/024.bin;0xE6BE;93 11 EA 68;Blue Scale Deer
ai/024.bin;0xE6BE;33 8E E7 69;Duo True Sister, Meer
ai/024.bin;0xE6BE;E8 83 60 6B;Daredevil Samurai
ai/024.bin;0xE6BE;4B D4 AE 6B;  合計シールド : 
ai/024.bin;0xE6BE;DC 4C 2C 6E;Flower Princess of Spring's Beginning, Primavera
ai/024.bin;0xE6BE;11 E8 1D 70;Oracle Queen, Himiko
ai/024.bin;0xE6BE;E4 FB 3C 72;Blue Storm Cadet, Anos
ai/024.bin;0xE6BE;29 EF C2 73;  対象(%d) : %s
ai/024.bin;0xE6BE;7C 3A 8B 81;Liberator, Burning Blow
ai/024.bin;0xE6BE;DA 63 6D 85;Dimensional Robo, Daibrave
ai/024.bin;0xE6BE;46 DE 4B 88;Dark Metal Dragon
ai/024.bin;0xE6BE;6A D5 6E 8A;Katanaraizer
ai/024.bin;0xE6BE;D1 DD 00 8D;Dark Cat
ai/024.bin;0xE6BE;A0 D8 63 8D;Great Cosmic Hero, Grandgallop
ai/024.bin;0xE6BE;1F 10 24 8F;上
ai/024.bin;0xE6BE;6C E6 93 8F;Pitch Black Sage, Charon
ai/024.bin;0xE6BE;BB E2 E9 90;Immortal, Asura Kaiser
ai/024.bin;0xE6BE;E1 26 37 94;Demonic Dragon Berserker, Chatura
ai/024.bin;0xE6BE;6A 0F 95 94;  アタッカーのパワー : %d(%d)
ai/024.bin;0xE6BE;7F BB 35 95;Supreme Heavenly Emperor Dragon, Dragonic Overlord "the Ace"
ai/024.bin;0xE6BE;CA 1B 69 97;Diviner, Kuebiko
ai/024.bin;0xE6BE;0C DD 47 9B;Battle Sister, Parfait
ai/024.bin;0xE6BE;1A 2D D2 9C;Myth Guard, Fomalhaut
ai/024.bin;0xE6BE;69 08 3B A2;Blue Wave Dragon, Tetra-drive Dragon
ai/024.bin;0xE6BE;F1 51 AA A2;Steam Fighter, Balih
ai/024.bin;0xE6BE;A4 F3 D7 A7;  アタッカーのクリティカル : %d
ai/024.bin;0xE6BE;BD FD F6 A7;Extreme Battler, Runbhol
ai/024.bin;0xE6BE;F2 C6 98 A8;Imperial Shrine Guard, Asuha
ai/024.bin;0xE6BE;37 A8 35 AC;Petal Fairy
ai/024.bin;0xE6BE;9F 77 42 AC;Flare Whip Dragon
ai/024.bin;0xE6BE;D7 7E 17 B2;Battle Sister, Mille-feuille
ai/024.bin;0xE6BE;39 6A 36 B5;Hyper Metalborg, Heavyduke
ai/024.bin;0xE6BE;66 B0 DA B6;Tankman Mode Beamcannon
ai/024.bin;0xE6BE;F7 48 21 B9;Dragon Knight, Jaral
ai/024.bin;0xE6BE;88 EF 6D BC;Enigman Tornado
ai/024.bin;0xE6BE;7F 60 32 BD;Weather Girl, Ramune
ai/024.bin;0xE6BE;ED F8 CC BD;Final Wrench
ai/024.bin;0xE6BE;11 9F 48 BE;Shura Stealth Dragon, Daranicongo
ai/024.bin;0xE6BE;CF AA 4F C1;Perdition Dragon, Dragonic Neoflame
ai/024.bin;0xE6BE;7C 17 CE C1;Ranunculus Flower Maiden, Ahsha
ai/024.bin;0xE6BE;C7 A8 83 C6;Psychic Bird
ai/024.bin;0xE6BE;15 6E A2 C8;Wisteria Knight
ai/024.bin;0xE6BE;AB 51 A7 CB;AI(%d) : レシピ (フラグ:%08x)
ai/024.bin;0xE6BE;D8 71 CC CE;Luck Bird
ai/024.bin;0xE6BE;D7 DA C1 D6;AI(%d) : 思考開始 (行動カテゴリ:%d)
ai/024.bin;0xE6BE;7C 46 0A D9;Stealth Dragon, Dreadmaster
ai/024.bin;0xE6BE;6B 1D DB DC;Machining Mosquito mkII
ai/024.bin;0xE6BE;71 0B B9 E0;Security Guardian
ai/024.bin;0xE6BE;69 E8 61 E1;オーバーロード
ai/024.bin;0xE6BE;7D 1F 65 E6;Beast Deity, Night Jackal
ai/024.bin;0xE6BE;57 CD 2E E8;    
ai/024.bin;0xE6BE;CC 1A C6 E8;AI未設定 : attrib = %s
ai/024.bin;0xE6BE;39 17 8B F0;Starry Skies Liberator, Guinevere
ai/024.bin;0xE6BE;4B 16 BE F0;Knight of Frevor, Hector
ai/024.bin;0xE6BE;BF 43 2B F1;  アタッカー : %s
ai/024.bin;0xE6BE;27 25 50 F1;Bear Down Samurai
ai/024.bin;0xE6BE;1B 60 84 F5;Maiden of Libra
ai/024.bin;0xE6BE;FC B0 EB F6;Purification Regalia, Pure Angel
ai/024.bin;0xE6BE;89 20 23 F8;下
ai/024.bin;0xE6BE;DD 4C B3 F8;ターン開始 AI(%d)
ai/024.bin;0xE6BE;11 31 6F FA;Weather Girl, Milk
ai/024.bin;0xE6BE;0F 05 95 FF;Imperial Shrine Guard, Tsunagai
ai/025.bin;0xE567;73 A0 9D 00;Recovery Celestial, Ramuel
ai/025.bin;0xE567;DC A5 CF 01;  クインテットウォール : %d/%d枚
ai/025.bin;0xE567;51 5B 2F 06;Hexagonal Magus
ai/025.bin;0xE567;DD 9F CC 07;Blue Storm Dragon, Maelstrom
ai/025.bin;0xE567;8D 9F AA 08;  シールドの要求値 : 
ai/025.bin;0xE567;76 AE E0 09;Dragonic Overlord "The Яe-birth" (Trigger)
ai/025.bin;0xE567;E9 24 44 0A;Gattling Shot, Barbiel
ai/025.bin;0xE567;02 DC 8B 0D;Mond Blaukluger
ai/025.bin;0xE567;B1 2D 5D 0E;  対象のパワー : %d(%d)%s
ai/025.bin;0xE567;24 A1 3B 11;Rising Lionet
ai/025.bin;0xE567;CA 98 65 11;Mythic Beast, Fenrir
ai/025.bin;0xE567;2F 96 22 12;Dancing Wolf
ai/025.bin;0xE567;2F CE 1C 13;Goddess of Flower Divination, Sakuya
ai/025.bin;0xE567;9F 3C 4E 15; + %d
ai/025.bin;0xE567;59 65 F7 17;Burst Shot, Bethnael
ai/025.bin;0xE567;B5 0F B1 19;Black Slice, Harut
ai/025.bin;0xE567;26 7B 30 1A;Cat Butler
ai/025.bin;0xE567;8D 20 89 1A;AI未設定 : %s %d
ai/025.bin;0xE567;49 58 50 21;Dimensional Robo, Daijet
ai/025.bin;0xE567;8E BC BB 21;  シールドの目標値 : 
ai/025.bin;0xE567;50 41 74 23;Hope Child, Turiel
ai/025.bin;0xE567;39 5F 97 27;Promising Knight, David
ai/025.bin;0xE567;BE 51 F9 27;Ravenous Dragon, Battlerex
ai/025.bin;0xE567;F7 2E E0 29;～%d
ai/025.bin;0xE567;A6 8F 2A 2A;Brawler, Fighting Dracokid
ai/025.bin;0xE567;44 62 0C 2D;Soundless Archer, Conductance
ai/025.bin;0xE567;14 30 63 2D;!!!! AI ERROR !!!!\n  
ai/025.bin;0xE567;A4 54 56 30;Nurse-cap Dalmatian
ai/025.bin;0xE567;EE 81 9E 32;Titan of the Capturing Arm
ai/025.bin;0xE567;C5 4D EE 32;Blaster Dark "Diablo"
ai/025.bin;0xE567;F1 28 16 33;枚しか選んでいない
ai/025.bin;0xE567;BC 1F 35 33;  ブースター : %s
ai/025.bin;0xE567;B8 BC F2 37;Ambush Demon Stealth Rogue, Kagamijishi
ai/025.bin;0xE567;6E 42 D6 38;AI(%d) : アタック情報
ai/025.bin;0xE567;B3 AD 45 3A;ブラスター
ai/025.bin;0xE567;03 D4 54 45; ヒットされない
ai/025.bin;0xE567;2D 3A A7 45;AI(%d) : ガードステップ情報
ai/025.bin;0xE567;2C A5 7B 4D;枚選択する必要があるが、
ai/025.bin;0xE567;9F A5 E0 4F;CEO Amaterasu
ai/025.bin;0xE567;3A D0 5B 51;Exxtreme Battler, Victor
ai/025.bin;0xE567;A6 11 33 52;Dark Dragon, Phantom Blaster "Diablo"
ai/025.bin;0xE567;3C E0 6F 55;Dragonic Overlord (Break Ride)
ai/025.bin;0xE567;DE C1 45 56;解放者
ai/025.bin;0xE567;F7 6D 78 57;Stamp Sea Otter
ai/025.bin;0xE567;C5 AF 0D 60;Crimson Roar, Metatron
ai/025.bin;0xE567;47 87 68 63;AI(%d) : 思考時間 %.3f秒 (行動カテゴリ:%d)
ai/025.bin;0xE567;55 C8 81 63;  完全ガード : %d/%d枚
ai/025.bin;0xE567;42 D7 DA 63;  ガーディアン候補
ai/025.bin;0xE567;8F BB 63 64;Clutch Rifle Angel
ai/025.bin;0xE567;33 8E E7 69;Duo True Sister, Meer
ai/025.bin;0xE567;E8 83 60 6B;Daredevil Samurai
ai/025.bin;0xE567;4B D4 AE 6B;  合計シールド : 
ai/025.bin;0xE567;DC 4C 2C 6E;Flower Princess of Spring's Beginning, Primavera
ai/025.bin;0xE567;38 24 95 6E;Holy Zone, Penemue
ai/025.bin;0xE567;1C BA 63 6F;Black Candle, Azrail
ai/025.bin;0xE567;11 E8 1D 70;Oracle Queen, Himiko
ai/025.bin;0xE567;E4 FB 3C 72;Blue Storm Cadet, Anos
ai/025.bin;0xE567;29 EF C2 73;  対象(%d) : %s
ai/025.bin;0xE567;F1 6A D6 7C;Happy Bell, Nociel
ai/025.bin;0xE567;7C 3A 8B 81;Liberator, Burning Blow
ai/025.bin;0xE567;BC 3B 44 84;不死鳥 カラミティフレイム
ai/025.bin;0xE567;DA 63 6D 85;Dimensional Robo, Daibrave
ai/025.bin;0xE567;46 DE 4B 88;Dark Metal Dragon
ai/025.bin;0xE567;C7 91 03 89;Booting Celestial, Sandalphon
ai/025.bin;0xE567;6A D5 6E 8A;Katanaraizer
ai/025.bin;0xE567;A0 D8 63 8D;Great Cosmic Hero, Grandgallop
ai/025.bin;0xE567;1F 10 24 8F;上
ai/025.bin;0xE567;6C E6 93 8F;Pitch Black Sage, Charon
ai/025.bin;0xE567;BB E2 E9 90;Immortal, Asura Kaiser
ai/025.bin;0xE567;60 79 A3 92;Encourage Celestial, Tamiel
ai/025.bin;0xE567;E1 26 37 94;Demonic Dragon Berserker, Chatura
ai/025.bin;0xE567;6A 0F 95 94;  アタッカーのパワー : %d(%d)
ai/025.bin;0xE567;7F BB 35 95;Supreme Heavenly Emperor Dragon, Dragonic Overlord "the Ace"
ai/025.bin;0xE567;42 43 FE 9A;Mobile Ward, Healing Palace
ai/025.bin;0xE567;0C DD 47 9B;Battle Sister, Parfait
ai/025.bin;0xE567;1A 2D D2 9C;Myth Guard, Fomalhaut
ai/025.bin;0xE567;69 08 3B A2;Blue Wave Dragon, Tetra-drive Dragon
ai/025.bin;0xE567;F1 51 AA A2;Steam Fighter, Balih
ai/025.bin;0xE567;C7 01 4B A3;Bouquet Toss Messenger
ai/025.bin;0xE567;A4 F3 D7 A7;  アタッカーのクリティカル : %d
ai/025.bin;0xE567;BD FD F6 A7;Extreme Battler, Runbhol
ai/025.bin;0xE567;9F 77 42 AC;Flare Whip Dragon
ai/025.bin;0xE567;39 6A 36 B5;Hyper Metalborg, Heavyduke
ai/025.bin;0xE567;F0 BC EF B8;Rampage Cart Angel
ai/025.bin;0xE567;F7 48 21 B9;Dragon Knight, Jaral
ai/025.bin;0xE567;88 EF 6D BC;Enigman Tornado
ai/025.bin;0xE567;ED F8 CC BD;Final Wrench
ai/025.bin;0xE567;11 9F 48 BE;Shura Stealth Dragon, Daranicongo
ai/025.bin;0xE567;CF AA 4F C1;Perdition Dragon, Dragonic Neoflame
ai/025.bin;0xE567;7C 17 CE C1;Ranunculus Flower Maiden, Ahsha
ai/025.bin;0xE567;15 6E A2 C8;Wisteria Knight
ai/025.bin;0xE567;AB 51 A7 CB;AI(%d) : レシピ (フラグ:%08x)
ai/025.bin;0xE567;58 5D C4 CC;Holy Seraph, Raziel
ai/025.bin;0xE567;55 7C 0E D3;Pure Keeper, Requiel
ai/025.bin;0xE567;D7 DA C1 D6;AI(%d) : 思考開始 (行動カテゴリ:%d)
ai/025.bin;0xE567;7C 46 0A D9;Stealth Dragon, Dreadmaster
ai/025.bin;0xE567;6B 1D DB DC;Machining Mosquito mkII
ai/025.bin;0xE567;64 35 10 DD;Doctoroid Premas
ai/025.bin;0xE567;69 E8 61 E1;オーバーロード
ai/025.bin;0xE567;7D 1F 65 E6;Beast Deity, Night Jackal
ai/025.bin;0xE567;57 CD 2E E8;    
ai/025.bin;0xE567;CC 1A C6 E8;AI未設定 : attrib = %s
ai/025.bin;0xE567;39 17 8B F0;Starry Skies Liberator, Guinevere
ai/025.bin;0xE567;4B 16 BE F0;Knight of Frevor, Hector
ai/025.bin;0xE567;BF 43 2B F1;  アタッカー : %s
ai/025.bin;0xE567;27 25 50 F1;Bear Down Samurai
ai/025.bin;0xE567;FC B0 EB F6;Purification Regalia, Pure Angel
ai/025.bin;0xE567;89 20 23 F8;下
ai/025.bin;0xE567;DD 4C B3 F8;ターン開始 AI(%d)
ai/025.bin;0xE567;50 82 4E FD;Nurse of Broken Heart
ai/026.bin;0x151D1;34 53 5F 00;Lake Maiden, Lien
ai/026.bin;0x151D1;DC A5 CF 01;  クインテットウォール : %d/%d枚
ai/026.bin;0x151D1;51 5B 2F 06;Hexagonal Magus
ai/026.bin;0x151D1;18 51 8C 06;Pirate King of the Abyss, Blueheart
ai/026.bin;0x151D1;DD 9F CC 07;Blue Storm Dragon, Maelstrom
ai/026.bin;0x151D1;8D 9F AA 08;  シールドの要求値 : 
ai/026.bin;0x151D1;99 38 0E 09;Emerald Witch, LaLa
ai/026.bin;0x151D1;76 AE E0 09;Dragonic Overlord "The Яe-birth" (Trigger)
ai/026.bin;0x151D1;02 DC 8B 0D;Mond Blaukluger
ai/026.bin;0x151D1;B1 2D 5D 0E;  対象のパワー : %d(%d)%s
ai/026.bin;0x151D1;24 A1 3B 11;Rising Lionet
ai/026.bin;0x151D1;CA 98 65 11;Mythic Beast, Fenrir
ai/026.bin;0x151D1;2F 96 22 12;Dancing Wolf
ai/026.bin;0x151D1;2F CE 1C 13;Goddess of Flower Divination, Sakuya
ai/026.bin;0x151D1;9F 3C 4E 15; + %d
ai/026.bin;0x151D1;24 7A 2C 18;Flame of Hope, Aermo
ai/026.bin;0x151D1;26 7B 30 1A;Cat Butler
ai/026.bin;0x151D1;8D 20 89 1A;AI未設定 : %s %d
ai/026.bin;0x151D1;53 C3 3F 1B;Battle Siren, Orthia
ai/026.bin;0x151D1;95 31 10 1D;Seal Dragon, Kersey
ai/026.bin;0x151D1;C0 17 EB 1D;Majesty Lord Blaster (Trigger)
ai/026.bin;0x151D1;49 58 50 21;Dimensional Robo, Daijet
ai/026.bin;0x151D1;8E BC BB 21;  シールドの目標値 : 
ai/026.bin;0x151D1;00 8C ED 21;Miru Biru
ai/026.bin;0x151D1;50 41 74 23;Hope Child, Turiel
ai/026.bin;0x151D1;39 5F 97 27;Promising Knight, David
ai/026.bin;0x151D1;BE 51 F9 27;Ravenous Dragon, Battlerex
ai/026.bin;0x151D1;F7 2E E0 29;～%d
ai/026.bin;0x151D1;A6 8F 2A 2A;Brawler, Fighting Dracokid
ai/026.bin;0x151D1;44 62 0C 2D;Soundless Archer, Conductance
ai/026.bin;0x151D1;14 30 63 2D;!!!! AI ERROR !!!!\n  
ai/026.bin;0x151D1;9D D8 DB 30;Oracle Guardian, Shisa
ai/026.bin;0x151D1;68 C9 B9 31;Dreaming Dragon
ai/026.bin;0x151D1;EE 81 9E 32;Titan of the Capturing Arm
ai/026.bin;0x151D1;C5 4D EE 32;Blaster Dark "Diablo"
ai/026.bin;0x151D1;F1 28 16 33;枚しか選んでいない
ai/026.bin;0x151D1;BC 1F 35 33;  ブースター : %s
ai/026.bin;0x151D1;0F 84 8F 33;Moonlight Witch, Vaha
ai/026.bin;0x151D1;B8 BC F2 37;Ambush Demon Stealth Rogue, Kagamijishi
ai/026.bin;0x151D1;6E 42 D6 38;AI(%d) : アタック情報
ai/026.bin;0x151D1;B3 AD 45 3A;ブラスター
ai/026.bin;0x151D1;5F 07 F5 3E;Witch of Choices, Eriu
ai/026.bin;0x151D1;2B 9E 47 42;Witch of Nostrum, Arianrhod
ai/026.bin;0x151D1;03 D4 54 45; ヒットされない
ai/026.bin;0x151D1;2D 3A A7 45;AI(%d) : ガードステップ情報
ai/026.bin;0x151D1;2C A5 7B 4D;枚選択する必要があるが、
ai/026.bin;0x151D1;9F A5 E0 4F;CEO Amaterasu
ai/026.bin;0x151D1;3A D0 5B 51;Exxtreme Battler, Victor
ai/026.bin;0x151D1;A6 11 33 52;Dark Dragon, Phantom Blaster "Diablo"
ai/026.bin;0x151D1;72 A4 48 52;Magnum Assault
ai/026.bin;0x151D1;A2 CA 0A 55;Officer Cadet, Andrey
ai/026.bin;0x151D1;3C E0 6F 55;Dragonic Overlord (Break Ride)
ai/026.bin;0x151D1;B6 EB DA 55;Blue Storm Marine General, Despina
ai/026.bin;0x151D1;DE C1 45 56;解放者
ai/026.bin;0x151D1;F7 6D 78 57;Stamp Sea Otter
ai/026.bin;0x151D1;3C 63 E3 57;Skull Witch, Nemain
ai/026.bin;0x151D1;C5 AF 0D 60;Crimson Roar, Metatron
ai/026.bin;0x151D1;75 87 53 62;Knight of Reform, Ladinas
ai/026.bin;0x151D1;29 1A 85 62;Maiden of Dreaming Aroma
ai/026.bin;0x151D1;47 87 68 63;AI(%d) : 思考時間 %.3f秒 (行動カテゴリ:%d)
ai/026.bin;0x151D1;55 C8 81 63;  完全ガード : %d/%d枚
ai/026.bin;0x151D1;42 D7 DA 63;  ガーディアン候補
ai/026.bin;0x151D1;93 11 EA 68;Blue Scale Deer
ai/026.bin;0x151D1;33 8E E7 69;Duo True Sister, Meer
ai/026.bin;0x151D1;B0 4A D0 6A;Calamity Tower Wyvern
ai/026.bin;0x151D1;E8 83 60 6B;Daredevil Samurai
ai/026.bin;0x151D1;4B D4 AE 6B;  合計シールド : 
ai/026.bin;0x151D1;DC 4C 2C 6E;Flower Princess of Spring's Beginning, Primavera
ai/026.bin;0x151D1;88 DD 98 6F;Fortress Ammonite
ai/026.bin;0x151D1;11 E8 1D 70;Oracle Queen, Himiko
ai/026.bin;0x151D1;E4 FB 3C 72;Blue Storm Cadet, Anos
ai/026.bin;0x151D1;BF 35 68 72;Tidal Assault
ai/026.bin;0x151D1;29 EF C2 73;  対象(%d) : %s
ai/026.bin;0x151D1;5A 1C 38 7C;Jewel Knight, Prizmy
ai/026.bin;0x151D1;7C 3A 8B 81;Liberator, Burning Blow
ai/026.bin;0x151D1;E1 95 2F 85;Sacred Wielding Seeker, Octavius
ai/026.bin;0x151D1;DA 63 6D 85;Dimensional Robo, Daibrave
ai/026.bin;0x151D1;46 DE 4B 88;Dark Metal Dragon
ai/026.bin;0x151D1;6A D5 6E 8A;Katanaraizer
ai/026.bin;0x151D1;D1 DD 00 8D;Dark Cat
ai/026.bin;0x151D1;A0 D8 63 8D;Great Cosmic Hero, Grandgallop
ai/026.bin;0x151D1;1F 10 24 8F;上
ai/026.bin;0x151D1;6C E6 93 8F;Pitch Black Sage, Charon
ai/026.bin;0x151D1;5D 93 52 90;Lady of the Sunlight Forest
ai/026.bin;0x151D1;BB E2 E9 90;Immortal, Asura Kaiser
ai/026.bin;0x151D1;E1 26 37 94;Demonic Dragon Berserker, Chatura
ai/026.bin;0x151D1;6A 0F 95 94;  アタッカーのパワー : %d(%d)
ai/026.bin;0x151D1;7F BB 35 95;Supreme Heavenly Emperor Dragon, Dragonic Overlord "the Ace"
ai/026.bin;0x151D1;E1 3B 61 98;Fierce Leader, Zachary
ai/026.bin;0x151D1;17 6F DB 98;Dragon Monk, Gojo (V Series Start Deck)
ai/026.bin;0x151D1;0C DD 47 9B;Battle Sister, Parfait
ai/026.bin;0x151D1;1A 2D D2 9C;Myth Guard, Fomalhaut
ai/026.bin;0x151D1;CA 30 36 9F;Commander, Garry Gannon
ai/026.bin;0x151D1;69 08 3B A2;Blue Wave Dragon, Tetra-drive Dragon
ai/026.bin;0x151D1;F1 51 AA A2;Steam Fighter, Balih
ai/026.bin;0x151D1;A4 F3 D7 A7;  アタッカーのクリティカル : %d
ai/026.bin;0x151D1;BD FD F6 A7;Extreme Battler, Runbhol
ai/026.bin;0x151D1;43 39 46 AB;Blue Storm Marine General, Spyros
ai/026.bin;0x151D1;37 A8 35 AC;Petal Fairy
ai/026.bin;0x151D1;9F 77 42 AC;Flare Whip Dragon
ai/026.bin;0x151D1;DC 8C AB AC;Fire Breeze, Carrie
ai/026.bin;0x151D1;A3 70 B0 B3;Revenger, Bloodmaster
ai/026.bin;0x151D1;39 6A 36 B5;Hyper Metalborg, Heavyduke
ai/026.bin;0x151D1;F7 48 21 B9;Dragon Knight, Jaral
ai/026.bin;0x151D1;4D 11 72 B9;Glass Beads Dragon
ai/026.bin;0x151D1;88 EF 6D BC;Enigman Tornado
ai/026.bin;0x151D1;7F 60 32 BD;Weather Girl, Ramune
ai/026.bin;0x151D1;ED F8 CC BD;Final Wrench
ai/026.bin;0x151D1;11 9F 48 BE;Shura Stealth Dragon, Daranicongo
ai/026.bin;0x151D1;1D 17 4A BF;Starlight Hedgehog
ai/026.bin;0x151D1;CF AA 4F C1;Perdition Dragon, Dragonic Neoflame
ai/026.bin;0x151D1;7C 17 CE C1;Ranunculus Flower Maiden, Ahsha
ai/026.bin;0x151D1;32 A7 9C C5;Couple Dagger Sailor
ai/026.bin;0x151D1;15 6E A2 C8;Wisteria Knight
ai/026.bin;0x151D1;90 9C 38 CB;Drawing Dread
ai/026.bin;0x151D1;AB 51 A7 CB;AI(%d) : レシピ (フラグ:%08x)
ai/026.bin;0x151D1;D8 71 CC CE;Luck Bird
ai/026.bin;0x151D1;74 62 BC D2;Field Driller
ai/026.bin;0x151D1;D7 DA C1 D6;AI(%d) : 思考開始 (行動カテゴリ:%d)
ai/026.bin;0x151D1;04 75 4F D7;Blue Storm Soldier, Rascal Sweeper
ai/026.bin;0x151D1;D3 27 A4 D7;Dragon Knight, Neshat
ai/026.bin;0x151D1;7C 46 0A D9;Stealth Dragon, Dreadmaster
ai/026.bin;0x151D1;E2 CC 7C D9;Exculpate the Blaster
ai/026.bin;0x151D1;6B 1D DB DC;Machining Mosquito mkII
ai/026.bin;0x151D1;69 E8 61 E1;オーバーロード
ai/026.bin;0x151D1;7D 1F 65 E6;Beast Deity, Night Jackal
ai/026.bin;0x151D1;51 EB 60 E7;Maiden of Rainbow Wood
ai/026.bin;0x151D1;57 CD 2E E8;    
ai/026.bin;0x151D1;19 BA 6C E8;Interdimensional Dragon, Mystery-flare Dragon
ai/026.bin;0x151D1;CC 1A C6 E8;AI未設定 : attrib = %s
ai/026.bin;0x151D1;DC 5C 61 E9;Machine Gun Gloria
ai/026.bin;0x151D1;83 A0 BD E9;Grynngal Seeker
ai/026.bin;0x151D1;39 17 8B F0;Starry Skies Liberator, Guinevere
ai/026.bin;0x151D1;4B 16 BE F0;Knight of Frevor, Hector
ai/026.bin;0x151D1;BF 43 2B F1;  アタッカー : %s
ai/026.bin;0x151D1;27 25 50 F1;Bear Down Samurai
ai/026.bin;0x151D1;FC BA BC F1;Poison Mushroom
ai/026.bin;0x151D1;37 CA 90 F3;Egg Juggler
ai/026.bin;0x151D1;1B 60 84 F5;Maiden of Libra
ai/026.bin;0x151D1;FC B0 EB F6;Purification Regalia, Pure Angel
ai/026.bin;0x151D1;89 20 23 F8;下
ai/026.bin;0x151D1;DD 4C B3 F8;ターン開始 AI(%d)
ai/027.bin;0xE811;DC A5 CF 01;  クインテットウォール : %d/%d枚
ai/027.bin;0xE811;51 5B 2F 06;Hexagonal Magus
ai/027.bin;0xE811;DD 9F CC 07;Blue Storm Dragon, Maelstrom
ai/027.bin;0xE811;8D 9F AA 08;  シールドの要求値 : 
ai/027.bin;0xE811;76 AE E0 09;Dragonic Overlord "The Яe-birth" (Trigger)
ai/027.bin;0xE811;02 DC 8B 0D;Mond Blaukluger
ai/027.bin;0xE811;6B A2 AF 0D;Seal Dragon, Artpique
ai/027.bin;0xE811;B1 2D 5D 0E;  対象のパワー : %d(%d)%s
ai/027.bin;0xE811;24 A1 3B 11;Rising Lionet
ai/027.bin;0xE811;CA 98 65 11;Mythic Beast, Fenrir
ai/027.bin;0xE811;8B 28 7B 11;Wyvern Strike, Flee
ai/027.bin;0xE811;2F 96 22 12;Dancing Wolf
ai/027.bin;0xE811;2F CE 1C 13;Goddess of Flower Divination, Sakuya
ai/027.bin;0xE811;9F 3C 4E 15; + %d
ai/027.bin;0xE811;24 7A 2C 18;Flame of Hope, Aermo
ai/027.bin;0xE811;18 34 2F 19;Dragon Knight, Mafdi
ai/027.bin;0xE811;8A E5 A7 19;Berserk Dragon
ai/027.bin;0xE811;26 7B 30 1A;Cat Butler
ai/027.bin;0xE811;8D 20 89 1A;AI未設定 : %s %d
ai/027.bin;0xE811;95 31 10 1D;Seal Dragon, Kersey
ai/027.bin;0xE811;49 58 50 21;Dimensional Robo, Daijet
ai/027.bin;0xE811;8E BC BB 21;  シールドの目標値 : 
ai/027.bin;0xE811;50 41 74 23;Hope Child, Turiel
ai/027.bin;0xE811;39 5F 97 27;Promising Knight, David
ai/027.bin;0xE811;BE 51 F9 27;Ravenous Dragon, Battlerex
ai/027.bin;0xE811;F7 2E E0 29;～%d
ai/027.bin;0xE811;A6 8F 2A 2A;Brawler, Fighting Dracokid
ai/027.bin;0xE811;44 62 0C 2D;Soundless Archer, Conductance
ai/027.bin;0xE811;14 30 63 2D;!!!! AI ERROR !!!!\n  
ai/027.bin;0xE811;EE 81 9E 32;Titan of the Capturing Arm
ai/027.bin;0xE811;C5 4D EE 32;Blaster Dark "Diablo"
ai/027.bin;0xE811;F1 28 16 33;枚しか選んでいない
ai/027.bin;0xE811;BC 1F 35 33;  ブースター : %s
ai/027.bin;0xE811;B8 BC F2 37;Ambush Demon Stealth Rogue, Kagamijishi
ai/027.bin;0xE811;6E 42 D6 38;AI(%d) : アタック情報
ai/027.bin;0xE811;B3 AD 45 3A;ブラスター
ai/027.bin;0xE811;03 D4 54 45; ヒットされない
ai/027.bin;0xE811;2D 3A A7 45;AI(%d) : ガードステップ情報
ai/027.bin;0xE811;0E ED 77 4D;Cross Shot, Garp
ai/027.bin;0xE811;2C A5 7B 4D;枚選択する必要があるが、
ai/027.bin;0xE811;9F A5 E0 4F;CEO Amaterasu
ai/027.bin;0xE811;3A D0 5B 51;Exxtreme Battler, Victor
ai/027.bin;0xE811;92 E9 BA 51;Dragon Knight, Jabad
ai/027.bin;0xE811;A6 11 33 52;Dark Dragon, Phantom Blaster "Diablo"
ai/027.bin;0xE811;04 D3 62 52;Dragon Knight, Monireth
ai/027.bin;0xE811;3C E0 6F 55;Dragonic Overlord (Break Ride)
ai/027.bin;0xE811;DE C1 45 56;解放者
ai/027.bin;0xE811;F7 6D 78 57;Stamp Sea Otter
ai/027.bin;0xE811;C5 AF 0D 60;Crimson Roar, Metatron
ai/027.bin;0xE811;47 87 68 63;AI(%d) : 思考時間 %.3f秒 (行動カテゴリ:%d)
ai/027.bin;0xE811;55 C8 81 63;  完全ガード : %d/%d枚
ai/027.bin;0xE811;42 D7 DA 63;  ガーディアン候補
ai/027.bin;0xE811;BD 9A 4D 69;Energy Flame, Aethonic
ai/027.bin;0xE811;33 8E E7 69;Duo True Sister, Meer
ai/027.bin;0xE811;B0 4A D0 6A;Calamity Tower Wyvern
ai/027.bin;0xE811;E8 83 60 6B;Daredevil Samurai
ai/027.bin;0xE811;4B D4 AE 6B;  合計シールド : 
ai/027.bin;0xE811;DC 4C 2C 6E;Flower Princess of Spring's Beginning, Primavera
ai/027.bin;0xE811;11 E8 1D 70;Oracle Queen, Himiko
ai/027.bin;0xE811;E4 FB 3C 72;Blue Storm Cadet, Anos
ai/027.bin;0xE811;29 EF C2 73;  対象(%d) : %s
ai/027.bin;0xE811;7C 3A 8B 81;Liberator, Burning Blow
ai/027.bin;0xE811;DA 63 6D 85;Dimensional Robo, Daibrave
ai/027.bin;0xE811;46 DE 4B 88;Dark Metal Dragon
ai/027.bin;0xE811;B7 04 F6 89;Red Gem Carbuncle
ai/027.bin;0xE811;6A D5 6E 8A;Katanaraizer
ai/027.bin;0xE811;A0 D8 63 8D;Great Cosmic Hero, Grandgallop
ai/027.bin;0xE811;87 FA 22 8F;Wyvernkid Ragla
ai/027.bin;0xE811;1F 10 24 8F;上
ai/027.bin;0xE811;6C E6 93 8F;Pitch Black Sage, Charon
ai/027.bin;0xE811;BB E2 E9 90;Immortal, Asura Kaiser
ai/027.bin;0xE811;E1 26 37 94;Demonic Dragon Berserker, Chatura
ai/027.bin;0xE811;6A 0F 95 94;  アタッカーのパワー : %d(%d)
ai/027.bin;0xE811;7F BB 35 95;Supreme Heavenly Emperor Dragon, Dragonic Overlord "the Ace"
ai/027.bin;0xE811;CC 6A 8B 98;Divine Dragon Knight, Mahmud
ai/027.bin;0xE811;17 6F DB 98;Dragon Monk, Gojo (V Series Start Deck)
ai/027.bin;0xE811;04 8F 22 99;Blue Ray Dracokid
ai/027.bin;0xE811;0C DD 47 9B;Battle Sister, Parfait
ai/027.bin;0xE811;1A 2D D2 9C;Myth Guard, Fomalhaut
ai/027.bin;0xE811;69 08 3B A2;Blue Wave Dragon, Tetra-drive Dragon
ai/027.bin;0xE811;F1 51 AA A2;Steam Fighter, Balih
ai/027.bin;0xE811;A4 F3 D7 A7;  アタッカーのクリティカル : %d
ai/027.bin;0xE811;BD FD F6 A7;Extreme Battler, Runbhol
ai/027.bin;0xE811;9F 77 42 AC;Flare Whip Dragon
ai/027.bin;0xE811;6F B5 F9 B1;Dragon Dancer, Therese
ai/027.bin;0xE811;E8 2D 61 B3;Embodiment of Armor, Bahr (V Series Start Deck)
ai/027.bin;0xE811;39 6A 36 B5;Hyper Metalborg, Heavyduke
ai/027.bin;0xE811;F7 48 21 B9;Dragon Knight, Jaral
ai/027.bin;0xE811;88 EF 6D BC;Enigman Tornado
ai/027.bin;0xE811;1A 6F B1 BC;Perdition Dragon Knight, Jamileh
ai/027.bin;0xE811;ED F8 CC BD;Final Wrench
ai/027.bin;0xE811;11 9F 48 BE;Shura Stealth Dragon, Daranicongo
ai/027.bin;0xE811;CF AA 4F C1;Perdition Dragon, Dragonic Neoflame
ai/027.bin;0xE811;7C 17 CE C1;Ranunculus Flower Maiden, Ahsha
ai/027.bin;0xE811;15 6E A2 C8;Wisteria Knight
ai/027.bin;0xE811;AB 51 A7 CB;AI(%d) : レシピ (フラグ:%08x)
ai/027.bin;0xE811;6E A8 80 CE;Heroic Saga Dragon
ai/027.bin;0xE811;D7 DA C1 D6;AI(%d) : 思考開始 (行動カテゴリ:%d)
ai/027.bin;0xE811;91 E6 89 D7;Double Perish Dragon
ai/027.bin;0xE811;D3 27 A4 D7;Dragon Knight, Neshat
ai/027.bin;0xE811;7C 46 0A D9;Stealth Dragon, Dreadmaster
ai/027.bin;0xE811;6B 1D DB DC;Machining Mosquito mkII
ai/027.bin;0xE811;D7 18 A9 DD;Wyvern Guard, Barri
ai/027.bin;0xE811;55 CC EF DD;Dragon Knight, Berger
ai/027.bin;0xE811;69 E8 61 E1;オーバーロード
ai/027.bin;0xE811;7D 1F 65 E6;Beast Deity, Night Jackal
ai/027.bin;0xE811;57 CD 2E E8;    
ai/027.bin;0xE811;CC 1A C6 E8;AI未設定 : attrib = %s
ai/027.bin;0xE811;39 17 8B F0;Starry Skies Liberator, Guinevere
ai/027.bin;0xE811;4B 16 BE F0;Knight of Frevor, Hector
ai/027.bin;0xE811;BF 43 2B F1;  アタッカー : %s
ai/027.bin;0xE811;27 25 50 F1;Bear Down Samurai
ai/027.bin;0xE811;FC B0 EB F6;Purification Regalia, Pure Angel
ai/027.bin;0xE811;89 20 23 F8;下
ai/027.bin;0xE811;DD 4C B3 F8;ターン開始 AI(%d)
ai/028.bin;0xE5B7;DC A5 CF 01;  クインテットウォール : %d/%d枚
ai/028.bin;0xE5B7;51 5B 2F 06;Hexagonal Magus
ai/028.bin;0xE5B7;DD 9F CC 07;Blue Storm Dragon, Maelstrom
ai/028.bin;0xE5B7;8D 9F AA 08;  シールドの要求値 : 
ai/028.bin;0xE5B7;76 AE E0 09;Dragonic Overlord "The Яe-birth" (Trigger)
ai/028.bin;0xE5B7;02 DC 8B 0D;Mond Blaukluger
ai/028.bin;0xE5B7;B1 2D 5D 0E;  対象のパワー : %d(%d)%s
ai/028.bin;0xE5B7;24 A1 3B 11;Rising Lionet
ai/028.bin;0xE5B7;CA 98 65 11;Mythic Beast, Fenrir
ai/028.bin;0xE5B7;2F 96 22 12;Dancing Wolf
ai/028.bin;0xE5B7;2F CE 1C 13;Goddess of Flower Divination, Sakuya
ai/028.bin;0xE5B7;9F 3C 4E 15; + %d
ai/028.bin;0xE5B7;DA 5D 26 16;Ancient Dragon, Iguanogorg
ai/028.bin;0xE5B7;26 7B 30 1A;Cat Butler
ai/028.bin;0xE5B7;8D 20 89 1A;AI未設定 : %s %d
ai/028.bin;0xE5B7;02 97 DD 20;Ancient Dragon, Caudinoise
ai/028.bin;0xE5B7;49 58 50 21;Dimensional Robo, Daijet
ai/028.bin;0xE5B7;8E BC BB 21;  シールドの目標値 : 
ai/028.bin;0xE5B7;50 41 74 23;Hope Child, Turiel
ai/028.bin;0xE5B7;39 5F 97 27;Promising Knight, David
ai/028.bin;0xE5B7;BE 51 F9 27;Ravenous Dragon, Battlerex
ai/028.bin;0xE5B7;F7 2E E0 29;～%d
ai/028.bin;0xE5B7;A6 8F 2A 2A;Brawler, Fighting Dracokid
ai/028.bin;0xE5B7;44 62 0C 2D;Soundless Archer, Conductance
ai/028.bin;0xE5B7;14 30 63 2D;!!!! AI ERROR !!!!\n  
ai/028.bin;0xE5B7;EE 81 9E 32;Titan of the Capturing Arm
ai/028.bin;0xE5B7;C5 4D EE 32;Blaster Dark "Diablo"
ai/028.bin;0xE5B7;F1 28 16 33;枚しか選んでいない
ai/028.bin;0xE5B7;BC 1F 35 33;  ブースター : %s
ai/028.bin;0xE5B7;B8 BC F2 37;Ambush Demon Stealth Rogue, Kagamijishi
ai/028.bin;0xE5B7;6E 42 D6 38;AI(%d) : アタック情報
ai/028.bin;0xE5B7;B3 AD 45 3A;ブラスター
ai/028.bin;0xE5B7;B4 1A DF 43;Ancient Dragon, Gattlingaro
ai/028.bin;0xE5B7;03 D4 54 45; ヒットされない
ai/028.bin;0xE5B7;2D 3A A7 45;AI(%d) : ガードステップ情報
ai/028.bin;0xE5B7;EC ED 62 4A;Ancient Dragon, Magmaarmor
ai/028.bin;0xE5B7;ED 57 00 4D;Ancient Dragon, Ornithhealer
ai/028.bin;0xE5B7;2C A5 7B 4D;枚選択する必要があるが、
ai/028.bin;0xE5B7;9F A5 E0 4F;CEO Amaterasu
ai/028.bin;0xE5B7;3A D0 5B 51;Exxtreme Battler, Victor
ai/028.bin;0xE5B7;A6 11 33 52;Dark Dragon, Phantom Blaster "Diablo"
ai/028.bin;0xE5B7;3C E0 6F 55;Dragonic Overlord (Break Ride)
ai/028.bin;0xE5B7;DE C1 45 56;解放者
ai/028.bin;0xE5B7;F7 6D 78 57;Stamp Sea Otter
ai/028.bin;0xE5B7;C5 AF 0D 60;Crimson Roar, Metatron
ai/028.bin;0xE5B7;47 87 68 63;AI(%d) : 思考時間 %.3f秒 (行動カテゴリ:%d)
ai/028.bin;0xE5B7;55 C8 81 63;  完全ガード : %d/%d枚
ai/028.bin;0xE5B7;42 D7 DA 63;  ガーディアン候補
ai/028.bin;0xE5B7;03 43 4A 64;Ancient Dragon, Stegobuster
ai/028.bin;0xE5B7;61 39 CD 65;Ancient Dragon, Triplasma
ai/028.bin;0xE5B7;53 89 75 69;Ancient Dragon, Crestrunner
ai/028.bin;0xE5B7;33 8E E7 69;Duo True Sister, Meer
ai/028.bin;0xE5B7;E8 83 60 6B;Daredevil Samurai
ai/028.bin;0xE5B7;4B D4 AE 6B;  合計シールド : 
ai/028.bin;0xE5B7;DC 4C 2C 6E;Flower Princess of Spring's Beginning, Primavera
ai/028.bin;0xE5B7;88 DD 98 6F;Fortress Ammonite
ai/028.bin;0xE5B7;11 E8 1D 70;Oracle Queen, Himiko
ai/028.bin;0xE5B7;E4 FB 3C 72;Blue Storm Cadet, Anos
ai/028.bin;0xE5B7;29 EF C2 73;  対象(%d) : %s
ai/028.bin;0xE5B7;7C 3A 8B 81;Liberator, Burning Blow
ai/028.bin;0xE5B7;DA 63 6D 85;Dimensional Robo, Daibrave
ai/028.bin;0xE5B7;46 DE 4B 88;Dark Metal Dragon
ai/028.bin;0xE5B7;6A D5 6E 8A;Katanaraizer
ai/028.bin;0xE5B7;A0 D8 63 8D;Great Cosmic Hero, Grandgallop
ai/028.bin;0xE5B7;1F 10 24 8F;上
ai/028.bin;0xE5B7;6C E6 93 8F;Pitch Black Sage, Charon
ai/028.bin;0xE5B7;BB E2 E9 90;Immortal, Asura Kaiser
ai/028.bin;0xE5B7;E1 26 37 94;Demonic Dragon Berserker, Chatura
ai/028.bin;0xE5B7;6A 0F 95 94;  アタッカーのパワー : %d(%d)
ai/028.bin;0xE5B7;7F BB 35 95;Supreme Heavenly Emperor Dragon, Dragonic Overlord "the Ace"
ai/028.bin;0xE5B7;1A D0 BC 96;Ancient Dragon, Knightarmor
ai/028.bin;0xE5B7;0C DD 47 9B;Battle Sister, Parfait
ai/028.bin;0xE5B7;1A 2D D2 9C;Myth Guard, Fomalhaut
ai/028.bin;0xE5B7;05 DD 4A 9F;Ancient Dragon, Paraswall
ai/028.bin;0xE5B7;69 08 3B A2;Blue Wave Dragon, Tetra-drive Dragon
ai/028.bin;0xE5B7;F1 51 AA A2;Steam Fighter, Balih
ai/028.bin;0xE5B7;A4 F3 D7 A7;  アタッカーのクリティカル : %d
ai/028.bin;0xE5B7;BD FD F6 A7;Extreme Battler, Runbhol
ai/028.bin;0xE5B7;9F 77 42 AC;Flare Whip Dragon
ai/028.bin;0xE5B7;39 6A 36 B5;Hyper Metalborg, Heavyduke
ai/028.bin;0xE5B7;B6 B1 C8 B5;Destruction Tyrant, Archraider
ai/028.bin;0xE5B7;03 D2 A5 B6;Ancient Dragon, Tyrannoquake
ai/028.bin;0xE5B7;F7 48 21 B9;Dragon Knight, Jaral
ai/028.bin;0xE5B7;88 EF 6D BC;Enigman Tornado
ai/028.bin;0xE5B7;ED F8 CC BD;Final Wrench
ai/028.bin;0xE5B7;11 9F 48 BE;Shura Stealth Dragon, Daranicongo
ai/028.bin;0xE5B7;CF AA 4F C1;Perdition Dragon, Dragonic Neoflame
ai/028.bin;0xE5B7;7C 17 CE C1;Ranunculus Flower Maiden, Ahsha
ai/028.bin;0xE5B7;93 9A 39 C4;Ancient Dragon Flame Maiden
ai/028.bin;0xE5B7;15 6E A2 C8;Wisteria Knight
ai/028.bin;0xE5B7;AB 51 A7 CB;AI(%d) : レシピ (フラグ:%08x)
ai/028.bin;0xE5B7;D7 DA C1 D6;AI(%d) : 思考開始 (行動カテゴリ:%d)
ai/028.bin;0xE5B7;7C 46 0A D9;Stealth Dragon, Dreadmaster
ai/028.bin;0xE5B7;6B 1D DB DC;Machining Mosquito mkII
ai/028.bin;0xE5B7;69 E8 61 E1;オーバーロード
ai/028.bin;0xE5B7;23 AA 54 E3;Ancient Dragon, Beamankylo
ai/028.bin;0xE5B7;04 B3 EA E5;Ancient Dragon, Babysaurus
ai/028.bin;0xE5B7;7D 1F 65 E6;Beast Deity, Night Jackal
ai/028.bin;0xE5B7;57 CD 2E E8;    
ai/028.bin;0xE5B7;CC 1A C6 E8;AI未設定 : attrib = %s
ai/028.bin;0xE5B7;75 23 3C EE;Ancient Dragon Twin Axe Warrior
ai/028.bin;0xE5B7;39 17 8B F0;Starry Skies Liberator, Guinevere
ai/028.bin;0xE5B7;4B 16 BE F0;Knight of Frevor, Hector
ai/028.bin;0xE5B7;BF 43 2B F1;  アタッカー : %s
ai/028.bin;0xE5B7;27 25 50 F1;Bear Down Samurai
ai/028.bin;0xE5B7;8B 79 6A F6;Ancient Dragon, Chaoticbird
ai/028.bin;0xE5B7;FC B0 EB F6;Purification Regalia, Pure Angel
ai/028.bin;0xE5B7;89 20 23 F8;下
ai/028.bin;0xE5B7;7F 61 55 F8;Ancient Dragon, Titanocargo
ai/028.bin;0xE5B7;DD 4C B3 F8;ターン開始 AI(%d)
ai/028.bin;0xE5B7;CE 00 D4 FA;Ancient Dragon, Tyrannobite
ai/029.bin;0xE517;DC A5 CF 01;  クインテットウォール : %d/%d枚
ai/029.bin;0xE517;51 5B 2F 06;Hexagonal Magus
ai/029.bin;0xE517;DD 9F CC 07;Blue Storm Dragon, Maelstrom
ai/029.bin;0xE517;8D 9F AA 08;  シールドの要求値 : 
ai/029.bin;0xE517;76 AE E0 09;Dragonic Overlord "The Яe-birth" (Trigger)
ai/029.bin;0xE517;60 F9 80 0A;Shura Stealth Dragon, Mandoracongo
ai/029.bin;0xE517;02 DC 8B 0D;Mond Blaukluger
ai/029.bin;0xE517;B1 2D 5D 0E;  対象のパワー : %d(%d)%s
ai/029.bin;0xE517;24 A1 3B 11;Rising Lionet
ai/029.bin;0xE517;CA 98 65 11;Mythic Beast, Fenrir
ai/029.bin;0xE517;2F 96 22 12;Dancing Wolf
ai/029.bin;0xE517;2F CE 1C 13;Goddess of Flower Divination, Sakuya
ai/029.bin;0xE517;9F 3C 4E 15; + %d
ai/029.bin;0xE517;26 7B 30 1A;Cat Butler
ai/029.bin;0xE517;CA 86 87 1A;Stealth Fiend, Zashikihime
ai/029.bin;0xE517;8D 20 89 1A;AI未設定 : %s %d
ai/029.bin;0xE517;49 58 50 21;Dimensional Robo, Daijet
ai/029.bin;0xE517;8E BC BB 21;  シールドの目標値 : 
ai/029.bin;0xE517;50 41 74 23;Hope Child, Turiel
ai/029.bin;0xE517;39 5F 97 27;Promising Knight, David
ai/029.bin;0xE517;BE 51 F9 27;Ravenous Dragon, Battlerex
ai/029.bin;0xE517;F7 2E E0 29;～%d
ai/029.bin;0xE517;A6 8F 2A 2A;Brawler, Fighting Dracokid
ai/029.bin;0xE517;44 62 0C 2D;Soundless Archer, Conductance
ai/029.bin;0xE517;14 30 63 2D;!!!! AI ERROR !!!!\n  
ai/029.bin;0xE517;EE 81 9E 32;Titan of the Capturing Arm
ai/029.bin;0xE517;C5 4D EE 32;Blaster Dark "Diablo"
ai/029.bin;0xE517;F1 28 16 33;枚しか選んでいない
ai/029.bin;0xE517;BC 1F 35 33;  ブースター : %s
ai/029.bin;0xE517;B8 BC F2 37;Ambush Demon Stealth Rogue, Kagamijishi
ai/029.bin;0xE517;6E 42 D6 38;AI(%d) : アタック情報
ai/029.bin;0xE517;B3 AD 45 3A;ブラスター
ai/029.bin;0xE517;03 D4 54 45; ヒットされない
ai/029.bin;0xE517;2D 3A A7 45;AI(%d) : ガードステップ情報
ai/029.bin;0xE517;2C A5 7B 4D;枚選択する必要があるが、
ai/029.bin;0xE517;9F A5 E0 4F;CEO Amaterasu
ai/029.bin;0xE517;3A D0 5B 51;Exxtreme Battler, Victor
ai/029.bin;0xE517;DA 39 74 51;Stealth Dragon, Kurogane
ai/029.bin;0xE517;A6 11 33 52;Dark Dragon, Phantom Blaster "Diablo"
ai/029.bin;0xE517;B2 01 C1 52;Stealth Dragon, Voidmaster
ai/029.bin;0xE517;3C E0 6F 55;Dragonic Overlord (Break Ride)
ai/029.bin;0xE517;DE C1 45 56;解放者
ai/029.bin;0xE517;F7 6D 78 57;Stamp Sea Otter
ai/029.bin;0xE517;C5 AF 0D 60;Crimson Roar, Metatron
ai/029.bin;0xE517;47 87 68 63;AI(%d) : 思考時間 %.3f秒 (行動カテゴリ:%d)
ai/029.bin;0xE517;55 C8 81 63;  完全ガード : %d/%d枚
ai/029.bin;0xE517;42 D7 DA 63;  ガーディアン候補
ai/029.bin;0xE517;98 12 B0 68;Stealth Beast, Chigasumi
ai/029.bin;0xE517;33 8E E7 69;Duo True Sister, Meer
ai/029.bin;0xE517;E8 83 60 6B;Daredevil Samurai
ai/029.bin;0xE517;4B D4 AE 6B;  合計シールド : 
ai/029.bin;0xE517;DC 4C 2C 6E;Flower Princess of Spring's Beginning, Primavera
ai/029.bin;0xE517;11 E8 1D 70;Oracle Queen, Himiko
ai/029.bin;0xE517;E4 FB 3C 72;Blue Storm Cadet, Anos
ai/029.bin;0xE517;29 EF C2 73;  対象(%d) : %s
ai/029.bin;0xE517;7C 3A 8B 81;Liberator, Burning Blow
ai/029.bin;0xE517;DA 63 6D 85;Dimensional Robo, Daibrave
ai/029.bin;0xE517;46 DE 4B 88;Dark Metal Dragon
ai/029.bin;0xE517;6A D5 6E 8A;Katanaraizer
ai/029.bin;0xE517;F5 79 93 8A;Rikudo Stealth Dragon, Gedatsurakan
ai/029.bin;0xE517;A0 D8 63 8D;Great Cosmic Hero, Grandgallop
ai/029.bin;0xE517;1F 10 24 8F;上
ai/029.bin;0xE517;6C E6 93 8F;Pitch Black Sage, Charon
ai/029.bin;0xE517;BB E2 E9 90;Immortal, Asura Kaiser
ai/029.bin;0xE517;E1 26 37 94;Demonic Dragon Berserker, Chatura
ai/029.bin;0xE517;6A 0F 95 94;  アタッカーのパワー : %d(%d)
ai/029.bin;0xE517;7F BB 35 95;Supreme Heavenly Emperor Dragon, Dragonic Overlord "the Ace"
ai/029.bin;0xE517;5C DB 65 96;Stealth Rogue of the Night, Sakurafubuki
ai/029.bin;0xE517;0C DD 47 9B;Battle Sister, Parfait
ai/029.bin;0xE517;1A 2D D2 9C;Myth Guard, Fomalhaut
ai/029.bin;0xE517;69 08 3B A2;Blue Wave Dragon, Tetra-drive Dragon
ai/029.bin;0xE517;F1 51 AA A2;Steam Fighter, Balih
ai/029.bin;0xE517;A4 F3 D7 A7;  アタッカーのクリティカル : %d
ai/029.bin;0xE517;BD FD F6 A7;Extreme Battler, Runbhol
ai/029.bin;0xE517;D0 B9 A1 AB;Stealth Beast, Mijingakure
ai/029.bin;0xE517;9F 77 42 AC;Flare Whip Dragon
ai/029.bin;0xE517;6E 6A 6F AD;Banquet Stealth Rogue, Shutenmaru
ai/029.bin;0xE517;76 08 F0 B3;Stealth Fiend, Ohtsuzura
ai/029.bin;0xE517;39 6A 36 B5;Hyper Metalborg, Heavyduke
ai/029.bin;0xE517;83 26 AA B5;Stealth Rogue of a Thousand Blades, Oborozakura
ai/029.bin;0xE517;F7 48 21 B9;Dragon Knight, Jaral
ai/029.bin;0xE517;88 EF 6D BC;Enigman Tornado
ai/029.bin;0xE517;ED F8 CC BD;Final Wrench
ai/029.bin;0xE517;11 9F 48 BE;Shura Stealth Dragon, Daranicongo
ai/029.bin;0xE517;CF AA 4F C1;Perdition Dragon, Dragonic Neoflame
ai/029.bin;0xE517;7C 17 CE C1;Ranunculus Flower Maiden, Ahsha
ai/029.bin;0xE517;15 6E A2 C8;Wisteria Knight
ai/029.bin;0xE517;AB 51 A7 CB;AI(%d) : レシピ (フラグ:%08x)
ai/029.bin;0xE517;E7 A8 96 D6;Tempest Stealth Rogue, Fuuki
ai/029.bin;0xE517;D7 DA C1 D6;AI(%d) : 思考開始 (行動カテゴリ:%d)
ai/029.bin;0xE517;7C 46 0A D9;Stealth Dragon, Dreadmaster
ai/029.bin;0xE517;6B 1D DB DC;Machining Mosquito mkII
ai/029.bin;0xE517;66 28 38 E1;Stealth Fiend, Mashiromomen
ai/029.bin;0xE517;69 E8 61 E1;オーバーロード
ai/029.bin;0xE517;7D 1F 65 E6;Beast Deity, Night Jackal
ai/029.bin;0xE517;57 CD 2E E8;    
ai/029.bin;0xE517;CC 1A C6 E8;AI未設定 : attrib = %s
ai/029.bin;0xE517;39 17 8B F0;Starry Skies Liberator, Guinevere
ai/029.bin;0xE517;4B 16 BE F0;Knight of Frevor, Hector
ai/029.bin;0xE517;BF 43 2B F1;  アタッカー : %s
ai/029.bin;0xE517;27 25 50 F1;Bear Down Samurai
ai/029.bin;0xE517;FC B0 EB F6;Purification Regalia, Pure Angel
ai/029.bin;0xE517;89 20 23 F8;下
ai/029.bin;0xE517;55 83 37 F8;Stealth Dragon, Kodachifubuki
ai/029.bin;0xE517;DD 4C B3 F8;ターン開始 AI(%d)
ai/030.bin;0xE562;DC A5 CF 01;  クインテットウォール : %d/%d枚
ai/030.bin;0xE562;51 5B 2F 06;Hexagonal Magus
ai/030.bin;0xE562;DD 9F CC 07;Blue Storm Dragon, Maelstrom
ai/030.bin;0xE562;8D 9F AA 08;  シールドの要求値 : 
ai/030.bin;0xE562;76 AE E0 09;Dragonic Overlord "The Яe-birth" (Trigger)
ai/030.bin;0xE562;EB 5F 4C 0D;Tenjiku Stealth Rogue, Dokube
ai/030.bin;0xE562;02 DC 8B 0D;Mond Blaukluger
ai/030.bin;0xE562;B1 2D 5D 0E;  対象のパワー : %d(%d)%s
ai/030.bin;0xE562;24 A1 3B 11;Rising Lionet
ai/030.bin;0xE562;CA 98 65 11;Mythic Beast, Fenrir
ai/030.bin;0xE562;2F 96 22 12;Dancing Wolf
ai/030.bin;0xE562;2F CE 1C 13;Goddess of Flower Divination, Sakuya
ai/030.bin;0xE562;9F 3C 4E 15; + %d
ai/030.bin;0xE562;7B 8A 90 16;Stealth Fiend, Yukihime
ai/030.bin;0xE562;26 7B 30 1A;Cat Butler
ai/030.bin;0xE562;8D 20 89 1A;AI未設定 : %s %d
ai/030.bin;0xE562;49 58 50 21;Dimensional Robo, Daijet
ai/030.bin;0xE562;8E BC BB 21;  シールドの目標値 : 
ai/030.bin;0xE562;50 41 74 23;Hope Child, Turiel
ai/030.bin;0xE562;39 5F 97 27;Promising Knight, David
ai/030.bin;0xE562;BE 51 F9 27;Ravenous Dragon, Battlerex
ai/030.bin;0xE562;F7 2E E0 29;～%d
ai/030.bin;0xE562;A6 8F 2A 2A;Brawler, Fighting Dracokid
ai/030.bin;0xE562;44 62 0C 2D;Soundless Archer, Conductance
ai/030.bin;0xE562;14 30 63 2D;!!!! AI ERROR !!!!\n  
ai/030.bin;0xE562;EE 81 9E 32;Titan of the Capturing Arm
ai/030.bin;0xE562;C5 4D EE 32;Blaster Dark "Diablo"
ai/030.bin;0xE562;F1 28 16 33;枚しか選んでいない
ai/030.bin;0xE562;BC 1F 35 33;  ブースター : %s
ai/030.bin;0xE562;B8 BC F2 37;Ambush Demon Stealth Rogue, Kagamijishi
ai/030.bin;0xE562;6E 42 D6 38;AI(%d) : アタック情報
ai/030.bin;0xE562;B3 AD 45 3A;ブラスター
ai/030.bin;0xE562;A9 23 97 3D;Stealth Rogue of Summoning, Jiraiya
ai/030.bin;0xE562;03 D4 54 45; ヒットされない
ai/030.bin;0xE562;2D 3A A7 45;AI(%d) : ガードステップ情報
ai/030.bin;0xE562;2C A5 7B 4D;枚選択する必要があるが、
ai/030.bin;0xE562;9F A5 E0 4F;CEO Amaterasu
ai/030.bin;0xE562;3A D0 5B 51;Exxtreme Battler, Victor
ai/030.bin;0xE562;A6 11 33 52;Dark Dragon, Phantom Blaster "Diablo"
ai/030.bin;0xE562;3C E0 6F 55;Dragonic Overlord (Break Ride)
ai/030.bin;0xE562;DE C1 45 56;解放者
ai/030.bin;0xE562;F7 6D 78 57;Stamp Sea Otter
ai/030.bin;0xE562;C5 AF 0D 60;Crimson Roar, Metatron
ai/030.bin;0xE562;94 A4 17 61;Stealth Beast, Leaves Mirage
ai/030.bin;0xE562;47 87 68 63;AI(%d) : 思考時間 %.3f秒 (行動カテゴリ:%d)
ai/030.bin;0xE562;55 C8 81 63;  完全ガード : %d/%d枚
ai/030.bin;0xE562;42 D7 DA 63;  ガーディアン候補
ai/030.bin;0xE562;33 8E E7 69;Duo True Sister, Meer
ai/030.bin;0xE562;E8 83 60 6B;Daredevil Samurai
ai/030.bin;0xE562;4B D4 AE 6B;  合計シールド : 
ai/030.bin;0xE562;DC 4C 2C 6E;Flower Princess of Spring's Beginning, Primavera
ai/030.bin;0xE562;11 E8 1D 70;Oracle Queen, Himiko
ai/030.bin;0xE562;E4 FB 3C 72;Blue Storm Cadet, Anos
ai/030.bin;0xE562;29 EF C2 73;  対象(%d) : %s
ai/030.bin;0xE562;75 4E AD 7A;Caped Stealth Rogue, Shanaou
ai/030.bin;0xE562;89 90 73 7E;Ambush Demon Stealth Fiend, Ushimitsu Train
ai/030.bin;0xE562;7C 3A 8B 81;Liberator, Burning Blow
ai/030.bin;0xE562;DA 63 6D 85;Dimensional Robo, Daibrave
ai/030.bin;0xE562;20 C3 70 86;Swift Archer, FUSHIMI
ai/030.bin;0xE562;46 DE 4B 88;Dark Metal Dragon
ai/030.bin;0xE562;6A D5 6E 8A;Katanaraizer
ai/030.bin;0xE562;A0 D8 63 8D;Great Cosmic Hero, Grandgallop
ai/030.bin;0xE562;1F 10 24 8F;上
ai/030.bin;0xE562;6C E6 93 8F;Pitch Black Sage, Charon
ai/030.bin;0xE562;BB E2 E9 90;Immortal, Asura Kaiser
ai/030.bin;0xE562;E1 26 37 94;Demonic Dragon Berserker, Chatura
ai/030.bin;0xE562;6A 0F 95 94;  アタッカーのパワー : %d(%d)
ai/030.bin;0xE562;7F BB 35 95;Supreme Heavenly Emperor Dragon, Dragonic Overlord "the Ace"
ai/030.bin;0xE562;0C DD 47 9B;Battle Sister, Parfait
ai/030.bin;0xE562;1A 2D D2 9C;Myth Guard, Fomalhaut
ai/030.bin;0xE562;05 91 F9 9D;Dark Knight Stealth Rogue, Clogg
ai/030.bin;0xE562;69 08 3B A2;Blue Wave Dragon, Tetra-drive Dragon
ai/030.bin;0xE562;F1 51 AA A2;Steam Fighter, Balih
ai/030.bin;0xE562;A4 F3 D7 A7;  アタッカーのクリティカル : %d
ai/030.bin;0xE562;BD FD F6 A7;Extreme Battler, Runbhol
ai/030.bin;0xE562;F0 E8 EF A9;Stealth Beast, Moon Edge
ai/030.bin;0xE562;9F 77 42 AC;Flare Whip Dragon
ai/030.bin;0xE562;74 BE F4 AF;Stealth Beast, Charcoal Fox
ai/030.bin;0xE562;39 6A 36 B5;Hyper Metalborg, Heavyduke
ai/030.bin;0xE562;F7 48 21 B9;Dragon Knight, Jaral
ai/030.bin;0xE562;88 EF 6D BC;Enigman Tornado
ai/030.bin;0xE562;D6 92 89 BD;Stealth Rogue of Revelation, Yasuie
ai/030.bin;0xE562;ED F8 CC BD;Final Wrench
ai/030.bin;0xE562;11 9F 48 BE;Shura Stealth Dragon, Daranicongo
ai/030.bin;0xE562;CF AA 4F C1;Perdition Dragon, Dragonic Neoflame
ai/030.bin;0xE562;7C 17 CE C1;Ranunculus Flower Maiden, Ahsha
ai/030.bin;0xE562;3A 72 59 C4;Stealth Beast, Gigantoad
ai/030.bin;0xE562;BE CB 6B C8;Stealth Fiend, Monster Lantern
ai/030.bin;0xE562;15 6E A2 C8;Wisteria Knight
ai/030.bin;0xE562;9D CC 84 C9;Stealth Beast, Deathly Dagger
ai/030.bin;0xE562;AB 51 A7 CB;AI(%d) : レシピ (フラグ:%08x)
ai/030.bin;0xE562;99 5E 5C CF;Stealth Fiend, Nyudo Cloud
ai/030.bin;0xE562;44 C5 2D D3;Stealth Rogue of Silence, Shijimamaru
ai/030.bin;0xE562;D7 DA C1 D6;AI(%d) : 思考開始 (行動カテゴリ:%d)
ai/030.bin;0xE562;7C 46 0A D9;Stealth Dragon, Dreadmaster
ai/030.bin;0xE562;6B 1D DB DC;Machining Mosquito mkII
ai/030.bin;0xE562;69 E8 61 E1;オーバーロード
ai/030.bin;0xE562;1B CC EF E4;Stealth Beast, Cat Devil
ai/030.bin;0xE562;7D 1F 65 E6;Beast Deity, Night Jackal
ai/030.bin;0xE562;57 CD 2E E8;    
ai/030.bin;0xE562;CC 1A C6 E8;AI未設定 : attrib = %s
ai/030.bin;0xE562;39 17 8B F0;Starry Skies Liberator, Guinevere
ai/030.bin;0xE562;4B 16 BE F0;Knight of Frevor, Hector
ai/030.bin;0xE562;BF 43 2B F1;  アタッカー : %s
ai/030.bin;0xE562;27 25 50 F1;Bear Down Samurai
ai/030.bin;0xE562;FC B0 EB F6;Purification Regalia, Pure Angel
ai/030.bin;0xE562;89 20 23 F8;下
ai/030.bin;0xE562;50 52 4D F8;Stealth Beast, Bloody Mist
ai/030.bin;0xE562;DD 4C B3 F8;ターン開始 AI(%d)
ai/030.bin;0xE562;8F EF FD FA;Chain Sickle Stealth Rogue, Onifundo
ai/031.bin;0xE806;DC A5 CF 01;  クインテットウォール : %d/%d枚
ai/031.bin;0xE806;5C 9A 60 05;Extreme Battler, Gunzork
ai/031.bin;0xE806;51 5B 2F 06;Hexagonal Magus
ai/031.bin;0xE806;DD 9F CC 07;Blue Storm Dragon, Maelstrom
ai/031.bin;0xE806;8D 9F AA 08;  シールドの要求値 : 
ai/031.bin;0xE806;76 AE E0 09;Dragonic Overlord "The Яe-birth" (Trigger)
ai/031.bin;0xE806;02 DC 8B 0D;Mond Blaukluger
ai/031.bin;0xE806;B1 2D 5D 0E;  対象のパワー : %d(%d)%s
ai/031.bin;0xE806;24 A1 3B 11;Rising Lionet
ai/031.bin;0xE806;CA 98 65 11;Mythic Beast, Fenrir
ai/031.bin;0xE806;2F 96 22 12;Dancing Wolf
ai/031.bin;0xE806;0B 87 DA 12;Subliminal Gray
ai/031.bin;0xE806;2F CE 1C 13;Goddess of Flower Divination, Sakuya
ai/031.bin;0xE806;9F 3C 4E 15; + %d
ai/031.bin;0xE806;26 7B 30 1A;Cat Butler
ai/031.bin;0xE806;8D 20 89 1A;AI未設定 : %s %d
ai/031.bin;0xE806;49 58 50 21;Dimensional Robo, Daijet
ai/031.bin;0xE806;8E BC BB 21;  シールドの目標値 : 
ai/031.bin;0xE806;50 41 74 23;Hope Child, Turiel
ai/031.bin;0xE806;EB 18 03 26;Death Metal Droid
ai/031.bin;0xE806;39 5F 97 27;Promising Knight, David
ai/031.bin;0xE806;BE 51 F9 27;Ravenous Dragon, Battlerex
ai/031.bin;0xE806;F7 2E E0 29;～%d
ai/031.bin;0xE806;A6 8F 2A 2A;Brawler, Fighting Dracokid
ai/031.bin;0xE806;44 62 0C 2D;Soundless Archer, Conductance
ai/031.bin;0xE806;14 30 63 2D;!!!! AI ERROR !!!!\n  
ai/031.bin;0xE806;68 77 BD 30;Twin Blader
ai/031.bin;0xE806;47 DC A3 31;The Gong
ai/031.bin;0xE806;EE 81 9E 32;Titan of the Capturing Arm
ai/031.bin;0xE806;C5 4D EE 32;Blaster Dark "Diablo"
ai/031.bin;0xE806;F1 28 16 33;枚しか選んでいない
ai/031.bin;0xE806;BC 1F 35 33;  ブースター : %s
ai/031.bin;0xE806;B8 BC F2 37;Ambush Demon Stealth Rogue, Kagamijishi
ai/031.bin;0xE806;BC 38 83 38;NGM Prototype
ai/031.bin;0xE806;6E 42 D6 38;AI(%d) : アタック情報
ai/031.bin;0xE806;B3 AD 45 3A;ブラスター
ai/031.bin;0xE806;A5 2D A8 40;Screamin' and Dancin' Announcer, Shout
ai/031.bin;0xE806;03 D4 54 45; ヒットされない
ai/031.bin;0xE806;2D 3A A7 45;AI(%d) : ガードステップ情報
ai/031.bin;0xE806;2C A5 7B 4D;枚選択する必要があるが、
ai/031.bin;0xE806;9F A5 E0 4F;CEO Amaterasu
ai/031.bin;0xE806;3A D0 5B 51;Exxtreme Battler, Victor
ai/031.bin;0xE806;A6 11 33 52;Dark Dragon, Phantom Blaster "Diablo"
ai/031.bin;0xE806;3C E0 6F 55;Dragonic Overlord (Break Ride)
ai/031.bin;0xE806;DE C1 45 56;解放者
ai/031.bin;0xE806;F7 6D 78 57;Stamp Sea Otter
ai/031.bin;0xE806;C5 AF 0D 60;Crimson Roar, Metatron
ai/031.bin;0xE806;47 87 68 63;AI(%d) : 思考時間 %.3f秒 (行動カテゴリ:%d)
ai/031.bin;0xE806;55 C8 81 63;  完全ガード : %d/%d枚
ai/031.bin;0xE806;42 D7 DA 63;  ガーディアン候補
ai/031.bin;0xE806;33 8E E7 69;Duo True Sister, Meer
ai/031.bin;0xE806;40 96 74 6A;Shining Lady
ai/031.bin;0xE806;E8 83 60 6B;Daredevil Samurai
ai/031.bin;0xE806;4B D4 AE 6B;  合計シールド : 
ai/031.bin;0xE806;DC 4C 2C 6E;Flower Princess of Spring's Beginning, Primavera
ai/031.bin;0xE806;11 E8 1D 70;Oracle Queen, Himiko
ai/031.bin;0xE806;E4 FB 3C 72;Blue Storm Cadet, Anos
ai/031.bin;0xE806;29 EF C2 73;  対象(%d) : %s
ai/031.bin;0xE806;7C 3A 8B 81;Liberator, Burning Blow
ai/031.bin;0xE806;85 74 0A 84;Muscle Shriek
ai/031.bin;0xE806;DA 63 6D 85;Dimensional Robo, Daibrave
ai/031.bin;0xE806;29 1D 48 88;Extreme Leader Mu-sashi
ai/031.bin;0xE806;46 DE 4B 88;Dark Metal Dragon
ai/031.bin;0xE806;6A D5 6E 8A;Katanaraizer
ai/031.bin;0xE806;A0 D8 63 8D;Great Cosmic Hero, Grandgallop
ai/031.bin;0xE806;0B F0 F2 8E;Extreme Battler, Sazanda
ai/031.bin;0xE806;1F 10 24 8F;上
ai/031.bin;0xE806;6C E6 93 8F;Pitch Black Sage, Charon
ai/031.bin;0xE806;BB E2 E9 90;Immortal, Asura Kaiser
ai/031.bin;0xE806;E1 26 37 94;Demonic Dragon Berserker, Chatura
ai/031.bin;0xE806;6A 0F 95 94;  アタッカーのパワー : %d(%d)
ai/031.bin;0xE806;7F BB 35 95;Supreme Heavenly Emperor Dragon, Dragonic Overlord "the Ace"
ai/031.bin;0xE806;0C DD 47 9B;Battle Sister, Parfait
ai/031.bin;0xE806;1A 2D D2 9C;Myth Guard, Fomalhaut
ai/031.bin;0xE806;69 08 3B A2;Blue Wave Dragon, Tetra-drive Dragon
ai/031.bin;0xE806;F1 51 AA A2;Steam Fighter, Balih
ai/031.bin;0xE806;A4 F3 D7 A7;  アタッカーのクリティカル : %d
ai/031.bin;0xE806;BD FD F6 A7;Extreme Battler, Runbhol
ai/031.bin;0xE806;9F 77 42 AC;Flare Whip Dragon
ai/031.bin;0xE806;63 2E 05 B5;Ring Girl, Clara
ai/031.bin;0xE806;39 6A 36 B5;Hyper Metalborg, Heavyduke
ai/031.bin;0xE806;1D C0 67 B5;Extreme Battler, Kenbeam
ai/031.bin;0xE806;F7 48 21 B9;Dragon Knight, Jaral
ai/031.bin;0xE806;88 EF 6D BC;Enigman Tornado
ai/031.bin;0xE806;ED F8 CC BD;Final Wrench
ai/031.bin;0xE806;11 9F 48 BE;Shura Stealth Dragon, Daranicongo
ai/031.bin;0xE806;1D 17 4A BF;Starlight Hedgehog
ai/031.bin;0xE806;CF AA 4F C1;Perdition Dragon, Dragonic Neoflame
ai/031.bin;0xE806;7C 17 CE C1;Ranunculus Flower Maiden, Ahsha
ai/031.bin;0xE806;15 6E A2 C8;Wisteria Knight
ai/031.bin;0xE806;AB 51 A7 CB;AI(%d) : レシピ (フラグ:%08x)
ai/031.bin;0xE806;D7 DA C1 D6;AI(%d) : 思考開始 (行動カテゴリ:%d)
ai/031.bin;0xE806;7C 46 0A D9;Stealth Dragon, Dreadmaster
ai/031.bin;0xE806;6B 1D DB DC;Machining Mosquito mkII
ai/031.bin;0xE806;8A F8 0D DE;Aura Baller
ai/031.bin;0xE806;15 DA 1B E1;メチャバトラー ケンドール
ai/031.bin;0xE806;69 E8 61 E1;オーバーロード
ai/031.bin;0xE806;7D 1F 65 E6;Beast Deity, Night Jackal
ai/031.bin;0xE806;51 49 33 E7;Cannon Ball
ai/031.bin;0xE806;57 CD 2E E8;    
ai/031.bin;0xE806;CC 1A C6 E8;AI未設定 : attrib = %s
ai/031.bin;0xE806;39 17 8B F0;Starry Skies Liberator, Guinevere
ai/031.bin;0xE806;4B 16 BE F0;Knight of Frevor, Hector
ai/031.bin;0xE806;BF 43 2B F1;  アタッカー : %s
ai/031.bin;0xE806;27 25 50 F1;Bear Down Samurai
ai/031.bin;0xE806;52 B3 D1 F6;Meteokaiser, Vic-Ten
ai/031.bin;0xE806;FC B0 EB F6;Purification Regalia, Pure Angel
ai/031.bin;0xE806;89 20 23 F8;下
ai/031.bin;0xE806;DD 4C B3 F8;ターン開始 AI(%d)
ai/032.bin;0x151D1;34 53 5F 00;Lake Maiden, Lien
ai/032.bin;0x151D1;DC A5 CF 01;  クインテットウォール : %d/%d枚
ai/032.bin;0x151D1;51 5B 2F 06;Hexagonal Magus
ai/032.bin;0x151D1;18 51 8C 06;Pirate King of the Abyss, Blueheart
ai/032.bin;0x151D1;DD 9F CC 07;Blue Storm Dragon, Maelstrom
ai/032.bin;0x151D1;8D 9F AA 08;  シールドの要求値 : 
ai/032.bin;0x151D1;99 38 0E 09;Emerald Witch, LaLa
ai/032.bin;0x151D1;76 AE E0 09;Dragonic Overlord "The Яe-birth" (Trigger)
ai/032.bin;0x151D1;02 DC 8B 0D;Mond Blaukluger
ai/032.bin;0x151D1;B1 2D 5D 0E;  対象のパワー : %d(%d)%s
ai/032.bin;0x151D1;24 A1 3B 11;Rising Lionet
ai/032.bin;0x151D1;CA 98 65 11;Mythic Beast, Fenrir
ai/032.bin;0x151D1;2F 96 22 12;Dancing Wolf
ai/032.bin;0x151D1;2F CE 1C 13;Goddess of Flower Divination, Sakuya
ai/032.bin;0x151D1;9F 3C 4E 15; + %d
ai/032.bin;0x151D1;24 7A 2C 18;Flame of Hope, Aermo
ai/032.bin;0x151D1;26 7B 30 1A;Cat Butler
ai/032.bin;0x151D1;8D 20 89 1A;AI未設定 : %s %d
ai/032.bin;0x151D1;53 C3 3F 1B;Battle Siren, Orthia
ai/032.bin;0x151D1;95 31 10 1D;Seal Dragon, Kersey
ai/032.bin;0x151D1;C0 17 EB 1D;Majesty Lord Blaster (Trigger)
ai/032.bin;0x151D1;49 58 50 21;Dimensional Robo, Daijet
ai/032.bin;0x151D1;8E BC BB 21;  シールドの目標値 : 
ai/032.bin;0x151D1;00 8C ED 21;Miru Biru
ai/032.bin;0x151D1;50 41 74 23;Hope Child, Turiel
ai/032.bin;0x151D1;39 5F 97 27;Promising Knight, David
ai/032.bin;0x151D1;BE 51 F9 27;Ravenous Dragon, Battlerex
ai/032.bin;0x151D1;F7 2E E0 29;～%d
ai/032.bin;0x151D1;A6 8F 2A 2A;Brawler, Fighting Dracokid
ai/032.bin;0x151D1;44 62 0C 2D;Soundless Archer, Conductance
ai/032.bin;0x151D1;14 30 63 2D;!!!! AI ERROR !!!!\n  
ai/032.bin;0x151D1;9D D8 DB 30;Oracle Guardian, Shisa
ai/032.bin;0x151D1;68 C9 B9 31;Dreaming Dragon
ai/032.bin;0x151D1;EE 81 9E 32;Titan of the Capturing Arm
ai/032.bin;0x151D1;C5 4D EE 32;Blaster Dark "Diablo"
ai/032.bin;0x151D1;F1 28 16 33;枚しか選んでいない
ai/032.bin;0x151D1;BC 1F 35 33;  ブースター : %s
ai/032.bin;0x151D1;0F 84 8F 33;Moonlight Witch, Vaha
ai/032.bin;0x151D1;B8 BC F2 37;Ambush Demon Stealth Rogue, Kagamijishi
ai/032.bin;0x151D1;6E 42 D6 38;AI(%d) : アタック情報
ai/032.bin;0x151D1;B3 AD 45 3A;ブラスター
ai/032.bin;0x151D1;5F 07 F5 3E;Witch of Choices, Eriu
ai/032.bin;0x151D1;2B 9E 47 42;Witch of Nostrum, Arianrhod
ai/032.bin;0x151D1;03 D4 54 45; ヒットされない
ai/032.bin;0x151D1;2D 3A A7 45;AI(%d) : ガードステップ情報
ai/032.bin;0x151D1;2C A5 7B 4D;枚選択する必要があるが、
ai/032.bin;0x151D1;9F A5 E0 4F;CEO Amaterasu
ai/032.bin;0x151D1;3A D0 5B 51;Exxtreme Battler, Victor
ai/032.bin;0x151D1;A6 11 33 52;Dark Dragon, Phantom Blaster "Diablo"
ai/032.bin;0x151D1;72 A4 48 52;Magnum Assault
ai/032.bin;0x151D1;A2 CA 0A 55;Officer Cadet, Andrey
ai/032.bin;0x151D1;3C E0 6F 55;Dragonic Overlord (Break Ride)
ai/032.bin;0x151D1;B6 EB DA 55;Blue Storm Marine General, Despina
ai/032.bin;0x151D1;DE C1 45 56;解放者
ai/032.bin;0x151D1;F7 6D 78 57;Stamp Sea Otter
ai/032.bin;0x151D1;3C 63 E3 57;Skull Witch, Nemain
ai/032.bin;0x151D1;C5 AF 0D 60;Crimson Roar, Metatron
ai/032.bin;0x151D1;75 87 53 62;Knight of Reform, Ladinas
ai/032.bin;0x151D1;29 1A 85 62;Maiden of Dreaming Aroma
ai/032.bin;0x151D1;47 87 68 63;AI(%d) : 思考時間 %.3f秒 (行動カテゴリ:%d)
ai/032.bin;0x151D1;55 C8 81 63;  完全ガード : %d/%d枚
ai/032.bin;0x151D1;42 D7 DA 63;  ガーディアン候補
ai/032.bin;0x151D1;93 11 EA 68;Blue Scale Deer
ai/032.bin;0x151D1;33 8E E7 69;Duo True Sister, Meer
ai/032.bin;0x151D1;B0 4A D0 6A;Calamity Tower Wyvern
ai/032.bin;0x151D1;E8 83 60 6B;Daredevil Samurai
ai/032.bin;0x151D1;4B D4 AE 6B;  合計シールド : 
ai/032.bin;0x151D1;DC 4C 2C 6E;Flower Princess of Spring's Beginning, Primavera
ai/032.bin;0x151D1;88 DD 98 6F;Fortress Ammonite
ai/032.bin;0x151D1;11 E8 1D 70;Oracle Queen, Himiko
ai/032.bin;0x151D1;E4 FB 3C 72;Blue Storm Cadet, Anos
ai/032.bin;0x151D1;BF 35 68 72;Tidal Assault
ai/032.bin;0x151D1;29 EF C2 73;  対象(%d) : %s
ai/032.bin;0x151D1;5A 1C 38 7C;Jewel Knight, Prizmy
ai/032.bin;0x151D1;7C 3A 8B 81;Liberator, Burning Blow
ai/032.bin;0x151D1;E1 95 2F 85;Sacred Wielding Seeker, Octavius
ai/032.bin;0x151D1;DA 63 6D 85;Dimensional Robo, Daibrave
ai/032.bin;0x151D1;46 DE 4B 88;Dark Metal Dragon
ai/032.bin;0x151D1;6A D5 6E 8A;Katanaraizer
ai/032.bin;0x151D1;D1 DD 00 8D;Dark Cat
ai/032.bin;0x151D1;A0 D8 63 8D;Great Cosmic Hero, Grandgallop
ai/032.bin;0x151D1;1F 10 24 8F;上
ai/032.bin;0x151D1;6C E6 93 8F;Pitch Black Sage, Charon
ai/032.bin;0x151D1;5D 93 52 90;Lady of the Sunlight Forest
ai/032.bin;0x151D1;BB E2 E9 90;Immortal, Asura Kaiser
ai/032.bin;0x151D1;E1 26 37 94;Demonic Dragon Berserker, Chatura
ai/032.bin;0x151D1;6A 0F 95 94;  アタッカーのパワー : %d(%d)
ai/032.bin;0x151D1;7F BB 35 95;Supreme Heavenly Emperor Dragon, Dragonic Overlord "the Ace"
ai/032.bin;0x151D1;E1 3B 61 98;Fierce Leader, Zachary
ai/032.bin;0x151D1;17 6F DB 98;Dragon Monk, Gojo (V Series Start Deck)
ai/032.bin;0x151D1;0C DD 47 9B;Battle Sister, Parfait
ai/032.bin;0x151D1;1A 2D D2 9C;Myth Guard, Fomalhaut
ai/032.bin;0x151D1;CA 30 36 9F;Commander, Garry Gannon
ai/032.bin;0x151D1;69 08 3B A2;Blue Wave Dragon, Tetra-drive Dragon
ai/032.bin;0x151D1;F1 51 AA A2;Steam Fighter, Balih
ai/032.bin;0x151D1;A4 F3 D7 A7;  アタッカーのクリティカル : %d
ai/032.bin;0x151D1;BD FD F6 A7;Extreme Battler, Runbhol
ai/032.bin;0x151D1;43 39 46 AB;Blue Storm Marine General, Spyros
ai/032.bin;0x151D1;37 A8 35 AC;Petal Fairy
ai/032.bin;0x151D1;9F 77 42 AC;Flare Whip Dragon
ai/032.bin;0x151D1;DC 8C AB AC;Fire Breeze, Carrie
ai/032.bin;0x151D1;A3 70 B0 B3;Revenger, Bloodmaster
ai/032.bin;0x151D1;39 6A 36 B5;Hyper Metalborg, Heavyduke
ai/032.bin;0x151D1;F7 48 21 B9;Dragon Knight, Jaral
ai/032.bin;0x151D1;4D 11 72 B9;Glass Beads Dragon
ai/032.bin;0x151D1;88 EF 6D BC;Enigman Tornado
ai/032.bin;0x151D1;7F 60 32 BD;Weather Girl, Ramune
ai/032.bin;0x151D1;ED F8 CC BD;Final Wrench
ai/032.bin;0x151D1;11 9F 48 BE;Shura Stealth Dragon, Daranicongo
ai/032.bin;0x151D1;1D 17 4A BF;Starlight Hedgehog
ai/032.bin;0x151D1;CF AA 4F C1;Perdition Dragon, Dragonic Neoflame
ai/032.bin;0x151D1;7C 17 CE C1;Ranunculus Flower Maiden, Ahsha
ai/032.bin;0x151D1;32 A7 9C C5;Couple Dagger Sailor
ai/032.bin;0x151D1;15 6E A2 C8;Wisteria Knight
ai/032.bin;0x151D1;90 9C 38 CB;Drawing Dread
ai/032.bin;0x151D1;AB 51 A7 CB;AI(%d) : レシピ (フラグ:%08x)
ai/032.bin;0x151D1;D8 71 CC CE;Luck Bird
ai/032.bin;0x151D1;74 62 BC D2;Field Driller
ai/032.bin;0x151D1;D7 DA C1 D6;AI(%d) : 思考開始 (行動カテゴリ:%d)
ai/032.bin;0x151D1;04 75 4F D7;Blue Storm Soldier, Rascal Sweeper
ai/032.bin;0x151D1;D3 27 A4 D7;Dragon Knight, Neshat
ai/032.bin;0x151D1;7C 46 0A D9;Stealth Dragon, Dreadmaster
ai/032.bin;0x151D1;E2 CC 7C D9;Exculpate the Blaster
ai/032.bin;0x151D1;6B 1D DB DC;Machining Mosquito mkII
ai/032.bin;0x151D1;69 E8 61 E1;オーバーロード
ai/032.bin;0x151D1;7D 1F 65 E6;Beast Deity, Night Jackal
ai/032.bin;0x151D1;51 EB 60 E7;Maiden of Rainbow Wood
ai/032.bin;0x151D1;57 CD 2E E8;    
ai/032.bin;0x151D1;19 BA 6C E8;Interdimensional Dragon, Mystery-flare Dragon
ai/032.bin;0x151D1;CC 1A C6 E8;AI未設定 : attrib = %s
ai/032.bin;0x151D1;DC 5C 61 E9;Machine Gun Gloria
ai/032.bin;0x151D1;83 A0 BD E9;Grynngal Seeker
ai/032.bin;0x151D1;39 17 8B F0;Starry Skies Liberator, Guinevere
ai/032.bin;0x151D1;4B 16 BE F0;Knight of Frevor, Hector
ai/032.bin;0x151D1;BF 43 2B F1;  アタッカー : %s
ai/032.bin;0x151D1;27 25 50 F1;Bear Down Samurai
ai/032.bin;0x151D1;FC BA BC F1;Poison Mushroom
ai/032.bin;0x151D1;37 CA 90 F3;Egg Juggler
ai/032.bin;0x151D1;1B 60 84 F5;Maiden of Libra
ai/032.bin;0x151D1;FC B0 EB F6;Purification Regalia, Pure Angel
ai/032.bin;0x151D1;89 20 23 F8;下
ai/032.bin;0x151D1;DD 4C B3 F8;ターン開始 AI(%d)
ai/033.bin;0xE569;DC A5 CF 01;  クインテットウォール : %d/%d枚
ai/033.bin;0xE569;51 5B 2F 06;Hexagonal Magus
ai/033.bin;0xE569;DD 9F CC 07;Blue Storm Dragon, Maelstrom
ai/033.bin;0xE569;8D 9F AA 08;  シールドの要求値 : 
ai/033.bin;0xE569;76 AE E0 09;Dragonic Overlord "The Яe-birth" (Trigger)
ai/033.bin;0xE569;02 DC 8B 0D;Mond Blaukluger
ai/033.bin;0xE569;B1 2D 5D 0E;  対象のパワー : %d(%d)%s
ai/033.bin;0xE569;24 A1 3B 11;Rising Lionet
ai/033.bin;0xE569;CA 98 65 11;Mythic Beast, Fenrir
ai/033.bin;0xE569;2F 96 22 12;Dancing Wolf
ai/033.bin;0xE569;2F CE 1C 13;Goddess of Flower Divination, Sakuya
ai/033.bin;0xE569;9F 3C 4E 15; + %d
ai/033.bin;0xE569;F3 19 7E 19;Cheshire Cat of Nightmareland
ai/033.bin;0xE569;26 7B 30 1A;Cat Butler
ai/033.bin;0xE569;8D 20 89 1A;AI未設定 : %s %d
ai/033.bin;0xE569;F5 DA 84 20;Lunatic Masquerade
ai/033.bin;0xE569;49 58 50 21;Dimensional Robo, Daijet
ai/033.bin;0xE569;8E BC BB 21;  シールドの目標値 : 
ai/033.bin;0xE569;50 41 74 23;Hope Child, Turiel
ai/033.bin;0xE569;9C 4B E1 26;Love Tempest, Kisskill Lira
ai/033.bin;0xE569;39 5F 97 27;Promising Knight, David
ai/033.bin;0xE569;A2 69 B8 27;Devil Child
ai/033.bin;0xE569;BE 51 F9 27;Ravenous Dragon, Battlerex
ai/033.bin;0xE569;F7 2E E0 29;～%d
ai/033.bin;0xE569;A6 8F 2A 2A;Brawler, Fighting Dracokid
ai/033.bin;0xE569;44 62 0C 2D;Soundless Archer, Conductance
ai/033.bin;0xE569;14 30 63 2D;!!!! AI ERROR !!!!\n  
ai/033.bin;0xE569;EE 81 9E 32;Titan of the Capturing Arm
ai/033.bin;0xE569;C5 4D EE 32;Blaster Dark "Diablo"
ai/033.bin;0xE569;F1 28 16 33;枚しか選んでいない
ai/033.bin;0xE569;BC 1F 35 33;  ブースター : %s
ai/033.bin;0xE569;B8 BC F2 37;Ambush Demon Stealth Rogue, Kagamijishi
ai/033.bin;0xE569;6E 42 D6 38;AI(%d) : アタック情報
ai/033.bin;0xE569;B3 AD 45 3A;ブラスター
ai/033.bin;0xE569;03 D4 54 45; ヒットされない
ai/033.bin;0xE569;2D 3A A7 45;AI(%d) : ガードステップ情報
ai/033.bin;0xE569;E0 FC 6D 49;Dark Soul Conductor
ai/033.bin;0xE569;2C A5 7B 4D;枚選択する必要があるが、
ai/033.bin;0xE569;9F A5 E0 4F;CEO Amaterasu
ai/033.bin;0xE569;3A D0 5B 51;Exxtreme Battler, Victor
ai/033.bin;0xE569;82 10 1C 52;Blue Dust
ai/033.bin;0xE569;A6 11 33 52;Dark Dragon, Phantom Blaster "Diablo"
ai/033.bin;0xE569;C2 D1 A0 54;Prisoner Beast
ai/033.bin;0xE569;3C E0 6F 55;Dragonic Overlord (Break Ride)
ai/033.bin;0xE569;DE C1 45 56;解放者
ai/033.bin;0xE569;F7 6D 78 57;Stamp Sea Otter
ai/033.bin;0xE569;9E 7A 0B 5A;Mad Hatter of Nightmareland
ai/033.bin;0xE569;C5 AF 0D 60;Crimson Roar, Metatron
ai/033.bin;0xE569;47 87 68 63;AI(%d) : 思考時間 %.3f秒 (行動カテゴリ:%d)
ai/033.bin;0xE569;55 C8 81 63;  完全ガード : %d/%d枚
ai/033.bin;0xE569;42 D7 DA 63;  ガーディアン候補
ai/033.bin;0xE569;DC 72 4C 68;Demon Chariot of the Witching Hour
ai/033.bin;0xE569;33 8E E7 69;Duo True Sister, Meer
ai/033.bin;0xE569;E8 83 60 6B;Daredevil Samurai
ai/033.bin;0xE569;4B D4 AE 6B;  合計シールド : 
ai/033.bin;0xE569;FE 13 3B 6D;Hysteric Shirley
ai/033.bin;0xE569;DC 4C 2C 6E;Flower Princess of Spring's Beginning, Primavera
ai/033.bin;0xE569;11 E8 1D 70;Oracle Queen, Himiko
ai/033.bin;0xE569;E4 FB 3C 72;Blue Storm Cadet, Anos
ai/033.bin;0xE569;29 EF C2 73;  対象(%d) : %s
ai/033.bin;0xE569;DC C4 0E 74;Demon World Marquis, Amon
ai/033.bin;0xE569;7C 3A 8B 81;Liberator, Burning Blow
ai/033.bin;0xE569;DA 63 6D 85;Dimensional Robo, Daibrave
ai/033.bin;0xE569;46 DE 4B 88;Dark Metal Dragon
ai/033.bin;0xE569;6A D5 6E 8A;Katanaraizer
ai/033.bin;0xE569;A0 D8 63 8D;Great Cosmic Hero, Grandgallop
ai/033.bin;0xE569;1F 10 24 8F;上
ai/033.bin;0xE569;6C E6 93 8F;Pitch Black Sage, Charon
ai/033.bin;0xE569;BB E2 E9 90;Immortal, Asura Kaiser
ai/033.bin;0xE569;E1 26 37 94;Demonic Dragon Berserker, Chatura
ai/033.bin;0xE569;6A 0F 95 94;  アタッカーのパワー : %d(%d)
ai/033.bin;0xE569;7F BB 35 95;Supreme Heavenly Emperor Dragon, Dragonic Overlord "the Ace"
ai/033.bin;0xE569;0C DD 47 9B;Battle Sister, Parfait
ai/033.bin;0xE569;1A 2D D2 9C;Myth Guard, Fomalhaut
ai/033.bin;0xE569;43 00 61 9F;Werfleder Ordonnaz
ai/033.bin;0xE569;69 08 3B A2;Blue Wave Dragon, Tetra-drive Dragon
ai/033.bin;0xE569;F1 51 AA A2;Steam Fighter, Balih
ai/033.bin;0xE569;A4 F3 D7 A7;  アタッカーのクリティカル : %d
ai/033.bin;0xE569;BD FD F6 A7;Extreme Battler, Runbhol
ai/033.bin;0xE569;9F 77 42 AC;Flare Whip Dragon
ai/033.bin;0xE569;39 6A 36 B5;Hyper Metalborg, Heavyduke
ai/033.bin;0xE569;F7 48 21 B9;Dragon Knight, Jaral
ai/033.bin;0xE569;CA CB F0 BB;Hades Puppet Master
ai/033.bin;0xE569;88 EF 6D BC;Enigman Tornado
ai/033.bin;0xE569;ED F8 CC BD;Final Wrench
ai/033.bin;0xE569;11 9F 48 BE;Shura Stealth Dragon, Daranicongo
ai/033.bin;0xE569;CF AA 4F C1;Perdition Dragon, Dragonic Neoflame
ai/033.bin;0xE569;7C 17 CE C1;Ranunculus Flower Maiden, Ahsha
ai/033.bin;0xE569;15 6E A2 C8;Wisteria Knight
ai/033.bin;0xE569;5F 7D 38 C9;Knife Conductor
ai/033.bin;0xE569;AB 51 A7 CB;AI(%d) : レシピ (フラグ:%08x)
ai/033.bin;0xE569;F8 C0 76 D0;Blitzritter
ai/033.bin;0xE569;D7 DA C1 D6;AI(%d) : 思考開始 (行動カテゴリ:%d)
ai/033.bin;0xE569;CC 2B 8E D7;Sweet Predator
ai/033.bin;0xE569;34 55 B4 D7;Werwolf Sieger
ai/033.bin;0xE569;7C 46 0A D9;Stealth Dragon, Dreadmaster
ai/033.bin;0xE569;6B 1D DB DC;Machining Mosquito mkII
ai/033.bin;0xE569;69 E8 61 E1;オーバーロード
ai/033.bin;0xE569;81 3B A6 E1;Alluring Succubus
ai/033.bin;0xE569;7D 1F 65 E6;Beast Deity, Night Jackal
ai/033.bin;0xE569;57 CD 2E E8;    
ai/033.bin;0xE569;CC 1A C6 E8;AI未設定 : attrib = %s
ai/033.bin;0xE569;39 17 8B F0;Starry Skies Liberator, Guinevere
ai/033.bin;0xE569;4B 16 BE F0;Knight of Frevor, Hector
ai/033.bin;0xE569;BF 43 2B F1;  アタッカー : %s
ai/033.bin;0xE569;27 25 50 F1;Bear Down Samurai
ai/033.bin;0xE569;FC B0 EB F6;Purification Regalia, Pure Angel
ai/033.bin;0xE569;89 20 23 F8;下
ai/033.bin;0xE569;DD 4C B3 F8;ターン開始 AI(%d)
ai/033.bin;0xE569;6F FE 4E FC;March Rabbit of Nightmareland
ai/034.bin;0xE635;DC A5 CF 01;  クインテットウォール : %d/%d枚
ai/034.bin;0xE635;51 5B 2F 06;Hexagonal Magus
ai/034.bin;0xE635;DD 9F CC 07;Blue Storm Dragon, Maelstrom
ai/034.bin;0xE635;8D 9F AA 08;  シールドの要求値 : 
ai/034.bin;0xE635;76 AE E0 09;Dragonic Overlord "The Яe-birth" (Trigger)
ai/034.bin;0xE635;02 DC 8B 0D;Mond Blaukluger
ai/034.bin;0xE635;B1 2D 5D 0E;  対象のパワー : %d(%d)%s
ai/034.bin;0xE635;24 A1 3B 11;Rising Lionet
ai/034.bin;0xE635;CA 98 65 11;Mythic Beast, Fenrir
ai/034.bin;0xE635;2F 96 22 12;Dancing Wolf
ai/034.bin;0xE635;2F CE 1C 13;Goddess of Flower Divination, Sakuya
ai/034.bin;0xE635;9F 3C 4E 15; + %d
ai/034.bin;0xE635;26 7B 30 1A;Cat Butler
ai/034.bin;0xE635;8D 20 89 1A;AI未設定 : %s %d
ai/034.bin;0xE635;49 58 50 21;Dimensional Robo, Daijet
ai/034.bin;0xE635;8E BC BB 21;  シールドの目標値 : 
ai/034.bin;0xE635;76 10 32 22;Silence Joker
ai/034.bin;0xE635;50 41 74 23;Hope Child, Turiel
ai/034.bin;0xE635;AC 3E 55 24;フローズン・オーグル
ai/034.bin;0xE635;08 A0 CF 26;Bloody Ogle
ai/034.bin;0xE635;39 5F 97 27;Promising Knight, David
ai/034.bin;0xE635;BE 51 F9 27;Ravenous Dragon, Battlerex
ai/034.bin;0xE635;F7 2E E0 29;～%d
ai/034.bin;0xE635;A6 8F 2A 2A;Brawler, Fighting Dracokid
ai/034.bin;0xE635;44 62 0C 2D;Soundless Archer, Conductance
ai/034.bin;0xE635;14 30 63 2D;!!!! AI ERROR !!!!\n  
ai/034.bin;0xE635;69 7F 95 2F;Dudley Moses
ai/034.bin;0xE635;EE 81 9E 32;Titan of the Capturing Arm
ai/034.bin;0xE635;C5 4D EE 32;Blaster Dark "Diablo"
ai/034.bin;0xE635;F1 28 16 33;枚しか選んでいない
ai/034.bin;0xE635;BC 1F 35 33;  ブースター : %s
ai/034.bin;0xE635;73 48 90 35;Dudley Douglass
ai/034.bin;0xE635;B8 BC F2 37;Ambush Demon Stealth Rogue, Kagamijishi
ai/034.bin;0xE635;6E 42 D6 38;AI(%d) : アタック情報
ai/034.bin;0xE635;B3 AD 45 3A;ブラスター
ai/034.bin;0xE635;03 D4 54 45; ヒットされない
ai/034.bin;0xE635;2D 3A A7 45;AI(%d) : ガードステップ情報
ai/034.bin;0xE635;2C A5 7B 4D;枚選択する必要があるが、
ai/034.bin;0xE635;9F A5 E0 4F;CEO Amaterasu
ai/034.bin;0xE635;3A D0 5B 51;Exxtreme Battler, Victor
ai/034.bin;0xE635;A6 11 33 52;Dark Dragon, Phantom Blaster "Diablo"
ai/034.bin;0xE635;3C E0 6F 55;Dragonic Overlord (Break Ride)
ai/034.bin;0xE635;DE C1 45 56;解放者
ai/034.bin;0xE635;F7 6D 78 57;Stamp Sea Otter
ai/034.bin;0xE635;DA A0 4F 5A;Kungfu Kicker
ai/034.bin;0xE635;56 C9 02 60;Cheer Girl, Pauline
ai/034.bin;0xE635;C5 AF 0D 60;Crimson Roar, Metatron
ai/034.bin;0xE635;47 87 68 63;AI(%d) : 思考時間 %.3f秒 (行動カテゴリ:%d)
ai/034.bin;0xE635;55 C8 81 63;  完全ガード : %d/%d枚
ai/034.bin;0xE635;42 D7 DA 63;  ガーディアン候補
ai/034.bin;0xE635;33 8E E7 69;Duo True Sister, Meer
ai/034.bin;0xE635;E8 83 60 6B;Daredevil Samurai
ai/034.bin;0xE635;4B D4 AE 6B;  合計シールド : 
ai/034.bin;0xE635;DC 4C 2C 6E;Flower Princess of Spring's Beginning, Primavera
ai/034.bin;0xE635;11 E8 1D 70;Oracle Queen, Himiko
ai/034.bin;0xE635;E4 FB 3C 72;Blue Storm Cadet, Anos
ai/034.bin;0xE635;29 EF C2 73;  対象(%d) : %s
ai/034.bin;0xE635;7C 3A 8B 81;Liberator, Burning Blow
ai/034.bin;0xE635;DA 63 6D 85;Dimensional Robo, Daibrave
ai/034.bin;0xE635;8F C7 49 86;Dudley Monty
ai/034.bin;0xE635;46 DE 4B 88;Dark Metal Dragon
ai/034.bin;0xE635;6A D5 6E 8A;Katanaraizer
ai/034.bin;0xE635;A0 D8 63 8D;Great Cosmic Hero, Grandgallop
ai/034.bin;0xE635;1F 10 24 8F;上
ai/034.bin;0xE635;6C E6 93 8F;Pitch Black Sage, Charon
ai/034.bin;0xE635;EF 2A 42 90;Cheer Girl, Tiara
ai/034.bin;0xE635;BB E2 E9 90;Immortal, Asura Kaiser
ai/034.bin;0xE635;E1 26 37 94;Demonic Dragon Berserker, Chatura
ai/034.bin;0xE635;6A 0F 95 94;  アタッカーのパワー : %d(%d)
ai/034.bin;0xE635;7F BB 35 95;Supreme Heavenly Emperor Dragon, Dragonic Overlord "the Ace"
ai/034.bin;0xE635;E1 3B 61 98;Fierce Leader, Zachary
ai/034.bin;0xE635;0C DD 47 9B;Battle Sister, Parfait
ai/034.bin;0xE635;1A 2D D2 9C;Myth Guard, Fomalhaut
ai/034.bin;0xE635;CA 30 36 9F;Commander, Garry Gannon
ai/034.bin;0xE635;E5 64 0C A0;Sonic Breaker
ai/034.bin;0xE635;69 08 3B A2;Blue Wave Dragon, Tetra-drive Dragon
ai/034.bin;0xE635;F1 51 AA A2;Steam Fighter, Balih
ai/034.bin;0xE635;75 25 67 A7;Godly-speed, Flash Bruce
ai/034.bin;0xE635;A4 F3 D7 A7;  アタッカーのクリティカル : %d
ai/034.bin;0xE635;BD FD F6 A7;Extreme Battler, Runbhol
ai/034.bin;0xE635;9F 77 42 AC;Flare Whip Dragon
ai/034.bin;0xE635;39 6A 36 B5;Hyper Metalborg, Heavyduke
ai/034.bin;0xE635;F1 E7 5E B5;Oasis Boy
ai/034.bin;0xE635;F7 48 21 B9;Dragon Knight, Jaral
ai/034.bin;0xE635;88 EF 6D BC;Enigman Tornado
ai/034.bin;0xE635;ED F8 CC BD;Final Wrench
ai/034.bin;0xE635;11 9F 48 BE;Shura Stealth Dragon, Daranicongo
ai/034.bin;0xE635;CF AA 4F C1;Perdition Dragon, Dragonic Neoflame
ai/034.bin;0xE635;7C 17 CE C1;Ranunculus Flower Maiden, Ahsha
ai/034.bin;0xE635;9B EB FA C7;Medical Manager
ai/034.bin;0xE635;15 6E A2 C8;Wisteria Knight
ai/034.bin;0xE635;1D C5 2E CA;Panzer Gale
ai/034.bin;0xE635;AB 51 A7 CB;AI(%d) : レシピ (フラグ:%08x)
ai/034.bin;0xE635;41 5E 04 CF;Wonder Boy
ai/034.bin;0xE635;74 62 BC D2;Field Driller
ai/034.bin;0xE635;41 F6 55 D5;Juggernaut Maximum
ai/034.bin;0xE635;D7 DA C1 D6;AI(%d) : 思考開始 (行動カテゴリ:%d)
ai/034.bin;0xE635;7C 46 0A D9;Stealth Dragon, Dreadmaster
ai/034.bin;0xE635;6B 1D DB DC;Machining Mosquito mkII
ai/034.bin;0xE635;69 E8 61 E1;オーバーロード
ai/034.bin;0xE635;7D 1F 65 E6;Beast Deity, Night Jackal
ai/034.bin;0xE635;57 CD 2E E8;    
ai/034.bin;0xE635;CC 1A C6 E8;AI未設定 : attrib = %s
ai/034.bin;0xE635;DC 5C 61 E9;Machine Gun Gloria
ai/034.bin;0xE635;39 17 8B F0;Starry Skies Liberator, Guinevere
ai/034.bin;0xE635;4B 16 BE F0;Knight of Frevor, Hector
ai/034.bin;0xE635;BF 43 2B F1;  アタッカー : %s
ai/034.bin;0xE635;27 25 50 F1;Bear Down Samurai
ai/034.bin;0xE635;FC B0 EB F6;Purification Regalia, Pure Angel
ai/034.bin;0xE635;E2 2D 8C F7;Cyclone Johnny
ai/034.bin;0xE635;89 20 23 F8;下
ai/034.bin;0xE635;DD 4C B3 F8;ターン開始 AI(%d)
ai/034.bin;0xE635;9B 56 BF F8;Cheer Girl, Marilyn
ai/034.bin;0xE635;4F C4 EF F9;UFO (Unlucky Flying Object)
ai/035.bin;0xE60F;DC A5 CF 01;  クインテットウォール : %d/%d枚
ai/035.bin;0xE60F;51 5B 2F 06;Hexagonal Magus
ai/035.bin;0xE60F;DD 9F CC 07;Blue Storm Dragon, Maelstrom
ai/035.bin;0xE60F;8D 9F AA 08;  シールドの要求値 : 
ai/035.bin;0xE60F;76 AE E0 09;Dragonic Overlord "The Яe-birth" (Trigger)
ai/035.bin;0xE60F;02 DC 8B 0D;Mond Blaukluger
ai/035.bin;0xE60F;B1 2D 5D 0E;  対象のパワー : %d(%d)%s
ai/035.bin;0xE60F;E4 2B C6 0F;Miss Direction
ai/035.bin;0xE60F;24 A1 3B 11;Rising Lionet
ai/035.bin;0xE60F;CA 98 65 11;Mythic Beast, Fenrir
ai/035.bin;0xE60F;2F 96 22 12;Dancing Wolf
ai/035.bin;0xE60F;2F CE 1C 13;Goddess of Flower Divination, Sakuya
ai/035.bin;0xE60F;9F 3C 4E 15; + %d
ai/035.bin;0xE60F;B8 00 7F 18;Hades Hypnotist
ai/035.bin;0xE60F;26 7B 30 1A;Cat Butler
ai/035.bin;0xE60F;A2 DC 5B 1A;Fire Juggler
ai/035.bin;0xE60F;8D 20 89 1A;AI未設定 : %s %d
ai/035.bin;0xE60F;A8 24 F0 1E;Barking Wyvern
ai/035.bin;0xE60F;D5 41 2E 20;Big League Bear
ai/035.bin;0xE60F;C3 29 5A 20;Miracle of Luna Square, Clifford
ai/035.bin;0xE60F;49 58 50 21;Dimensional Robo, Daijet
ai/035.bin;0xE60F;8E BC BB 21;  シールドの目標値 : 
ai/035.bin;0xE60F;50 41 74 23;Hope Child, Turiel
ai/035.bin;0xE60F;39 5F 97 27;Promising Knight, David
ai/035.bin;0xE60F;BE 51 F9 27;Ravenous Dragon, Battlerex
ai/035.bin;0xE60F;F7 2E E0 29;～%d
ai/035.bin;0xE60F;A6 8F 2A 2A;Brawler, Fighting Dracokid
ai/035.bin;0xE60F;44 62 0C 2D;Soundless Archer, Conductance
ai/035.bin;0xE60F;14 30 63 2D;!!!! AI ERROR !!!!\n  
ai/035.bin;0xE60F;EE 81 9E 32;Titan of the Capturing Arm
ai/035.bin;0xE60F;C5 4D EE 32;Blaster Dark "Diablo"
ai/035.bin;0xE60F;F1 28 16 33;枚しか選んでいない
ai/035.bin;0xE60F;BC 1F 35 33;  ブースター : %s
ai/035.bin;0xE60F;B8 BC F2 37;Ambush Demon Stealth Rogue, Kagamijishi
ai/035.bin;0xE60F;6E 42 D6 38;AI(%d) : アタック情報
ai/035.bin;0xE60F;B3 AD 45 3A;ブラスター
ai/035.bin;0xE60F;EA A5 D0 41;Midnight Invader
ai/035.bin;0xE60F;03 D4 54 45; ヒットされない
ai/035.bin;0xE60F;2D 3A A7 45;AI(%d) : ガードステップ情報
ai/035.bin;0xE60F;2C A5 7B 4D;枚選択する必要があるが、
ai/035.bin;0xE60F;9F A5 E0 4F;CEO Amaterasu
ai/035.bin;0xE60F;3A D0 5B 51;Exxtreme Battler, Victor
ai/035.bin;0xE60F;A6 11 33 52;Dark Dragon, Phantom Blaster "Diablo"
ai/035.bin;0xE60F;3C E0 6F 55;Dragonic Overlord (Break Ride)
ai/035.bin;0xE60F;DE C1 45 56;解放者
ai/035.bin;0xE60F;F7 6D 78 57;Stamp Sea Otter
ai/035.bin;0xE60F;C5 AF 0D 60;Crimson Roar, Metatron
ai/035.bin;0xE60F;90 C6 39 63;Sword Magician, Sarah
ai/035.bin;0xE60F;47 87 68 63;AI(%d) : 思考時間 %.3f秒 (行動カテゴリ:%d)
ai/035.bin;0xE60F;55 C8 81 63;  完全ガード : %d/%d枚
ai/035.bin;0xE60F;42 D7 DA 63;  ガーディアン候補
ai/035.bin;0xE60F;33 8E E7 69;Duo True Sister, Meer
ai/035.bin;0xE60F;E8 83 60 6B;Daredevil Samurai
ai/035.bin;0xE60F;5A D7 77 6B;Flyer Flyer
ai/035.bin;0xE60F;4B D4 AE 6B;  合計シールド : 
ai/035.bin;0xE60F;DC 4C 2C 6E;Flower Princess of Spring's Beginning, Primavera
ai/035.bin;0xE60F;11 E8 1D 70;Oracle Queen, Himiko
ai/035.bin;0xE60F;E4 FB 3C 72;Blue Storm Cadet, Anos
ai/035.bin;0xE60F;29 EF C2 73;  対象(%d) : %s
ai/035.bin;0xE60F;20 B8 71 78;Skull Juggler
ai/035.bin;0xE60F;8F 46 68 79;Barking Cerberus
ai/035.bin;0xE60F;0F FF 10 7F;スマイリング・プレゼンター
ai/035.bin;0xE60F;7C 3A 8B 81;Liberator, Burning Blow
ai/035.bin;0xE60F;DA 63 6D 85;Dimensional Robo, Daibrave
ai/035.bin;0xE60F;46 DE 4B 88;Dark Metal Dragon
ai/035.bin;0xE60F;6A D5 6E 8A;Katanaraizer
ai/035.bin;0xE60F;A0 D8 63 8D;Great Cosmic Hero, Grandgallop
ai/035.bin;0xE60F;1F 10 24 8F;上
ai/035.bin;0xE60F;6C E6 93 8F;Pitch Black Sage, Charon
ai/035.bin;0xE60F;BB E2 E9 90;Immortal, Asura Kaiser
ai/035.bin;0xE60F;25 AD 96 93;Jumping Jill
ai/035.bin;0xE60F;E1 26 37 94;Demonic Dragon Berserker, Chatura
ai/035.bin;0xE60F;6A 0F 95 94;  アタッカーのパワー : %d(%d)
ai/035.bin;0xE60F;7F BB 35 95;Supreme Heavenly Emperor Dragon, Dragonic Overlord "the Ace"
ai/035.bin;0xE60F;0C DD 47 9B;Battle Sister, Parfait
ai/035.bin;0xE60F;1A 2D D2 9C;Myth Guard, Fomalhaut
ai/035.bin;0xE60F;69 08 3B A2;Blue Wave Dragon, Tetra-drive Dragon
ai/035.bin;0xE60F;F1 51 AA A2;Steam Fighter, Balih
ai/035.bin;0xE60F;A4 F3 D7 A7;  アタッカーのクリティカル : %d
ai/035.bin;0xE60F;BD FD F6 A7;Extreme Battler, Runbhol
ai/035.bin;0xE60F;9F 77 42 AC;Flare Whip Dragon
ai/035.bin;0xE60F;DC 8C AB AC;Fire Breeze, Carrie
ai/035.bin;0xE60F;39 6A 36 B5;Hyper Metalborg, Heavyduke
ai/035.bin;0xE60F;02 1C 88 B6;Jumping Glenn
ai/035.bin;0xE60F;F7 48 21 B9;Dragon Knight, Jaral
ai/035.bin;0xE60F;88 EF 6D BC;Enigman Tornado
ai/035.bin;0xE60F;ED F8 CC BD;Final Wrench
ai/035.bin;0xE60F;11 9F 48 BE;Shura Stealth Dragon, Daranicongo
ai/035.bin;0xE60F;CF AA 4F C1;Perdition Dragon, Dragonic Neoflame
ai/035.bin;0xE60F;7C 17 CE C1;Ranunculus Flower Maiden, Ahsha
ai/035.bin;0xE60F;15 6E A2 C8;Wisteria Knight
ai/035.bin;0xE60F;90 9C 38 CB;Drawing Dread
ai/035.bin;0xE60F;AB 51 A7 CB;AI(%d) : レシピ (フラグ:%08x)
ai/035.bin;0xE60F;CA 7A 93 CE;Rainbow Magician
ai/035.bin;0xE60F;71 59 57 D0;Hoop Magician
ai/035.bin;0xE60F;D7 DA C1 D6;AI(%d) : 思考開始 (行動カテゴリ:%d)
ai/035.bin;0xE60F;7C 46 0A D9;Stealth Dragon, Dreadmaster
ai/035.bin;0xE60F;6B 1D DB DC;Machining Mosquito mkII
ai/035.bin;0xE60F;69 E8 61 E1;オーバーロード
ai/035.bin;0xE60F;D2 E1 47 E4;ポップコーン・ボーイ
ai/035.bin;0xE60F;7D 1F 65 E6;Beast Deity, Night Jackal
ai/035.bin;0xE60F;57 CD 2E E8;    
ai/035.bin;0xE60F;CC 1A C6 E8;AI未設定 : attrib = %s
ai/035.bin;0xE60F;39 17 8B F0;Starry Skies Liberator, Guinevere
ai/035.bin;0xE60F;4B 16 BE F0;Knight of Frevor, Hector
ai/035.bin;0xE60F;BF 43 2B F1;  アタッカー : %s
ai/035.bin;0xE60F;27 25 50 F1;Bear Down Samurai
ai/035.bin;0xE60F;37 CA 90 F3;Egg Juggler
ai/035.bin;0xE60F;96 87 6B F4;Dynamite Juggler
ai/035.bin;0xE60F;FC B0 EB F6;Purification Regalia, Pure Angel
ai/035.bin;0xE60F;89 20 23 F8;下
ai/035.bin;0xE60F;DD 4C B3 F8;ターン開始 AI(%d)
ai/035.bin;0xE60F;AE 10 E6 F9;Dark Metal Bicorn
ai/036.bin;0xE598;DC A5 CF 01;  クインテットウォール : %d/%d枚
ai/036.bin;0xE598;51 5B 2F 06;Hexagonal Magus
ai/036.bin;0xE598;18 51 8C 06;Pirate King of the Abyss, Blueheart
ai/036.bin;0xE598;DD 9F CC 07;Blue Storm Dragon, Maelstrom
ai/036.bin;0xE598;8D 9F AA 08;  シールドの要求値 : 
ai/036.bin;0xE598;58 E5 C7 09;Pirate Belle, Pinot Blanc
ai/036.bin;0xE598;76 AE E0 09;Dragonic Overlord "The Яe-birth" (Trigger)
ai/036.bin;0xE598;02 DC 8B 0D;Mond Blaukluger
ai/036.bin;0xE598;B1 2D 5D 0E;  対象のパワー : %d(%d)%s
ai/036.bin;0xE598;24 A1 3B 11;Rising Lionet
ai/036.bin;0xE598;CA 98 65 11;Mythic Beast, Fenrir
ai/036.bin;0xE598;2F 96 22 12;Dancing Wolf
ai/036.bin;0xE598;2F CE 1C 13;Goddess of Flower Divination, Sakuya
ai/036.bin;0xE598;9F 3C 4E 15; + %d
ai/036.bin;0xE598;26 7B 30 1A;Cat Butler
ai/036.bin;0xE598;8D 20 89 1A;AI未設定 : %s %d
ai/036.bin;0xE598;A8 AD 73 1C;Skeleton Lookout
ai/036.bin;0xE598;49 58 50 21;Dimensional Robo, Daijet
ai/036.bin;0xE598;8E BC BB 21;  シールドの目標値 : 
ai/036.bin;0xE598;50 41 74 23;Hope Child, Turiel
ai/036.bin;0xE598;39 5F 97 27;Promising Knight, David
ai/036.bin;0xE598;BE 51 F9 27;Ravenous Dragon, Battlerex
ai/036.bin;0xE598;F7 2E E0 29;～%d
ai/036.bin;0xE598;A6 8F 2A 2A;Brawler, Fighting Dracokid
ai/036.bin;0xE598;44 62 0C 2D;Soundless Archer, Conductance
ai/036.bin;0xE598;14 30 63 2D;!!!! AI ERROR !!!!\n  
ai/036.bin;0xE598;EE 81 9E 32;Titan of the Capturing Arm
ai/036.bin;0xE598;C5 4D EE 32;Blaster Dark "Diablo"
ai/036.bin;0xE598;F1 28 16 33;枚しか選んでいない
ai/036.bin;0xE598;BC 1F 35 33;  ブースター : %s
ai/036.bin;0xE598;0F 00 54 35;Knight Spirit
ai/036.bin;0xE598;B8 BC F2 37;Ambush Demon Stealth Rogue, Kagamijishi
ai/036.bin;0xE598;6E 42 D6 38;AI(%d) : アタック情報
ai/036.bin;0xE598;B3 AD 45 3A;ブラスター
ai/036.bin;0xE598;03 D4 54 45; ヒットされない
ai/036.bin;0xE598;2D 3A A7 45;AI(%d) : ガードステップ情報
ai/036.bin;0xE598;2C A5 7B 4D;枚選択する必要があるが、
ai/036.bin;0xE598;79 FE 51 4F;Guiding Zombie
ai/036.bin;0xE598;09 4B 82 4F;Gunshot of Sorrow, Nightflare
ai/036.bin;0xE598;9F A5 E0 4F;CEO Amaterasu
ai/036.bin;0xE598;3A D0 5B 51;Exxtreme Battler, Victor
ai/036.bin;0xE598;A6 11 33 52;Dark Dragon, Phantom Blaster "Diablo"
ai/036.bin;0xE598;3C E0 6F 55;Dragonic Overlord (Break Ride)
ai/036.bin;0xE598;DE C1 45 56;解放者
ai/036.bin;0xE598;97 A3 11 57;Master Swordsman, Nightstorm
ai/036.bin;0xE598;F7 6D 78 57;Stamp Sea Otter
ai/036.bin;0xE598;43 19 C1 59;Young Pirate Noble, Pinot Noir
ai/036.bin;0xE598;C5 AF 0D 60;Crimson Roar, Metatron
ai/036.bin;0xE598;C0 C3 D3 61;Dragon Corrode, Corrupt Dragon
ai/036.bin;0xE598;47 87 68 63;AI(%d) : 思考時間 %.3f秒 (行動カテゴリ:%d)
ai/036.bin;0xE598;55 C8 81 63;  完全ガード : %d/%d枚
ai/036.bin;0xE598;CE AB C7 63;Performing Zombie
ai/036.bin;0xE598;42 D7 DA 63;  ガーディアン候補
ai/036.bin;0xE598;33 8E E7 69;Duo True Sister, Meer
ai/036.bin;0xE598;E8 83 60 6B;Daredevil Samurai
ai/036.bin;0xE598;4B D4 AE 6B;  合計シールド : 
ai/036.bin;0xE598;DC 4C 2C 6E;Flower Princess of Spring's Beginning, Primavera
ai/036.bin;0xE598;11 E8 1D 70;Oracle Queen, Himiko
ai/036.bin;0xE598;E4 FB 3C 72;Blue Storm Cadet, Anos
ai/036.bin;0xE598;29 EF C2 73;  対象(%d) : %s
ai/036.bin;0xE598;48 F9 B9 74;Deadly Nightmare
ai/036.bin;0xE598;25 E4 9A 76;Witch Doctor of the Dead Sea, Negrobolt
ai/036.bin;0xE598;09 BC 06 79;Gust Djinn
ai/036.bin;0xE598;7C 3A 8B 81;Liberator, Burning Blow
ai/036.bin;0xE598;DA 63 6D 85;Dimensional Robo, Daibrave
ai/036.bin;0xE598;46 DE 4B 88;Dark Metal Dragon
ai/036.bin;0xE598;BD FD C7 89;Dandy Guy, Romario
ai/036.bin;0xE598;6A D5 6E 8A;Katanaraizer
ai/036.bin;0xE598;A0 D8 63 8D;Great Cosmic Hero, Grandgallop
ai/036.bin;0xE598;1F 10 24 8F;上
ai/036.bin;0xE598;6C E6 93 8F;Pitch Black Sage, Charon
ai/036.bin;0xE598;BB E2 E9 90;Immortal, Asura Kaiser
ai/036.bin;0xE598;E1 26 37 94;Demonic Dragon Berserker, Chatura
ai/036.bin;0xE598;6A 0F 95 94;  アタッカーのパワー : %d(%d)
ai/036.bin;0xE598;7F BB 35 95;Supreme Heavenly Emperor Dragon, Dragonic Overlord "the Ace"
ai/036.bin;0xE598;0C DD 47 9B;Battle Sister, Parfait
ai/036.bin;0xE598;1A 2D D2 9C;Myth Guard, Fomalhaut
ai/036.bin;0xE598;69 08 3B A2;Blue Wave Dragon, Tetra-drive Dragon
ai/036.bin;0xE598;F1 51 AA A2;Steam Fighter, Balih
ai/036.bin;0xE598;A4 F3 D7 A7;  アタッカーのクリティカル : %d
ai/036.bin;0xE598;BD FD F6 A7;Extreme Battler, Runbhol
ai/036.bin;0xE598;24 60 5C A9;Dragon Undead, Ghoul Dragon
ai/036.bin;0xE598;9F 77 42 AC;Flare Whip Dragon
ai/036.bin;0xE598;39 6A 36 B5;Hyper Metalborg, Heavyduke
ai/036.bin;0xE598;F7 48 21 B9;Dragon Knight, Jaral
ai/036.bin;0xE598;E0 8F 69 B9;Cleaving Shade
ai/036.bin;0xE598;88 EF 6D BC;Enigman Tornado
ai/036.bin;0xE598;ED F8 CC BD;Final Wrench
ai/036.bin;0xE598;11 9F 48 BE;Shura Stealth Dragon, Daranicongo
ai/036.bin;0xE598;F2 07 F6 C0;Doctor Rouge
ai/036.bin;0xE598;CF AA 4F C1;Perdition Dragon, Dragonic Neoflame
ai/036.bin;0xE598;7C 17 CE C1;Ranunculus Flower Maiden, Ahsha
ai/036.bin;0xE598;15 6E A2 C8;Wisteria Knight
ai/036.bin;0xE598;AB 51 A7 CB;AI(%d) : レシピ (フラグ:%08x)
ai/036.bin;0xE598;D7 DA C1 D6;AI(%d) : 思考開始 (行動カテゴリ:%d)
ai/036.bin;0xE598;7C 46 0A D9;Stealth Dragon, Dreadmaster
ai/036.bin;0xE598;6B 1D DB DC;Machining Mosquito mkII
ai/036.bin;0xE598;69 E8 61 E1;オーバーロード
ai/036.bin;0xE598;7D 1F 65 E6;Beast Deity, Night Jackal
ai/036.bin;0xE598;57 CD 2E E8;    
ai/036.bin;0xE598;CC 1A C6 E8;AI未設定 : attrib = %s
ai/036.bin;0xE598;39 17 8B F0;Starry Skies Liberator, Guinevere
ai/036.bin;0xE598;4B 16 BE F0;Knight of Frevor, Hector
ai/036.bin;0xE598;BF 43 2B F1;  アタッカー : %s
ai/036.bin;0xE598;E8 BA 47 F1;Sea Strolling Banshee
ai/036.bin;0xE598;27 25 50 F1;Bear Down Samurai
ai/036.bin;0xE598;DD 75 B6 F6;Skeleton Swordsman
ai/036.bin;0xE598;FC B0 EB F6;Purification Regalia, Pure Angel
ai/036.bin;0xE598;89 20 23 F8;下
ai/036.bin;0xE598;DD 4C B3 F8;ターン開始 AI(%d)
ai/037.bin;0xE564;DC A5 CF 01;  クインテットウォール : %d/%d枚
ai/037.bin;0xE564;51 5B 2F 06;Hexagonal Magus
ai/037.bin;0xE564;DD 9F CC 07;Blue Storm Dragon, Maelstrom
ai/037.bin;0xE564;8D 9F AA 08;  シールドの要求値 : 
ai/037.bin;0xE564;76 AE E0 09;Dragonic Overlord "The Яe-birth" (Trigger)
ai/037.bin;0xE564;02 DC 8B 0D;Mond Blaukluger
ai/037.bin;0xE564;B1 2D 5D 0E;  対象のパワー : %d(%d)%s
ai/037.bin;0xE564;24 A1 3B 11;Rising Lionet
ai/037.bin;0xE564;CA 98 65 11;Mythic Beast, Fenrir
ai/037.bin;0xE564;9B 9E 1A 12;Longhorn Hunter
ai/037.bin;0xE564;2F 96 22 12;Dancing Wolf
ai/037.bin;0xE564;2F CE 1C 13;Goddess of Flower Divination, Sakuya
ai/037.bin;0xE564;9F 3C 4E 15; + %d
ai/037.bin;0xE564;26 7B 30 1A;Cat Butler
ai/037.bin;0xE564;8D 20 89 1A;AI未設定 : %s %d
ai/037.bin;0xE564;76 34 FC 1C;Awaking Dragonfly
ai/037.bin;0xE564;49 58 50 21;Dimensional Robo, Daijet
ai/037.bin;0xE564;8E BC BB 21;  シールドの目標値 : 
ai/037.bin;0xE564;50 41 74 23;Hope Child, Turiel
ai/037.bin;0xE564;24 33 93 27;Young Executive, Crimebug
ai/037.bin;0xE564;39 5F 97 27;Promising Knight, David
ai/037.bin;0xE564;BE 51 F9 27;Ravenous Dragon, Battlerex
ai/037.bin;0xE564;F7 2E E0 29;～%d
ai/037.bin;0xE564;A6 8F 2A 2A;Brawler, Fighting Dracokid
ai/037.bin;0xE564;5B 5B C6 2C;Shelter Beetle
ai/037.bin;0xE564;44 62 0C 2D;Soundless Archer, Conductance
ai/037.bin;0xE564;14 30 63 2D;!!!! AI ERROR !!!!\n  
ai/037.bin;0xE564;EE 81 9E 32;Titan of the Capturing Arm
ai/037.bin;0xE564;A6 D1 D7 32;Poison Spear Mutant Deity, Paraspear
ai/037.bin;0xE564;C5 4D EE 32;Blaster Dark "Diablo"
ai/037.bin;0xE564;F1 28 16 33;枚しか選んでいない
ai/037.bin;0xE564;BC 1F 35 33;  ブースター : %s
ai/037.bin;0xE564;FF F1 69 34;Raider Mantis
ai/037.bin;0xE564;B8 BC F2 37;Ambush Demon Stealth Rogue, Kagamijishi
ai/037.bin;0xE564;6E 42 D6 38;AI(%d) : アタック情報
ai/037.bin;0xE564;B3 AD 45 3A;ブラスター
ai/037.bin;0xE564;CE E5 68 3E;Machining Mosquito
ai/037.bin;0xE564;03 D4 54 45; ヒットされない
ai/037.bin;0xE564;2D 3A A7 45;AI(%d) : ガードステップ情報
ai/037.bin;0xE564;2C A5 7B 4D;枚選択する必要があるが、
ai/037.bin;0xE564;9F A5 E0 4F;CEO Amaterasu
ai/037.bin;0xE564;3A D0 5B 51;Exxtreme Battler, Victor
ai/037.bin;0xE564;A6 11 33 52;Dark Dragon, Phantom Blaster "Diablo"
ai/037.bin;0xE564;3C E0 6F 55;Dragonic Overlord (Break Ride)
ai/037.bin;0xE564;DE C1 45 56;解放者
ai/037.bin;0xE564;F7 6D 78 57;Stamp Sea Otter
ai/037.bin;0xE564;29 DB 5A 5E;Buster Mantis
ai/037.bin;0xE564;C5 AF 0D 60;Crimson Roar, Metatron
ai/037.bin;0xE564;4D BA CF 62;Scissor Finger
ai/037.bin;0xE564;47 87 68 63;AI(%d) : 思考時間 %.3f秒 (行動カテゴリ:%d)
ai/037.bin;0xE564;55 C8 81 63;  完全ガード : %d/%d枚
ai/037.bin;0xE564;42 D7 DA 63;  ガーディアン候補
ai/037.bin;0xE564;4A 26 B1 64;Phantom Black
ai/037.bin;0xE564;33 8E E7 69;Duo True Sister, Meer
ai/037.bin;0xE564;E8 83 60 6B;Daredevil Samurai
ai/037.bin;0xE564;4B D4 AE 6B;  合計シールド : 
ai/037.bin;0xE564;DC 4C 2C 6E;Flower Princess of Spring's Beginning, Primavera
ai/037.bin;0xE564;11 E8 1D 70;Oracle Queen, Himiko
ai/037.bin;0xE564;E4 FB 3C 72;Blue Storm Cadet, Anos
ai/037.bin;0xE564;29 EF C2 73;  対象(%d) : %s
ai/037.bin;0xE564;70 F8 2D 74;Machining Bombyx
ai/037.bin;0xE564;B9 47 2C 79;Charming Mutant, Sweet Cocktail
ai/037.bin;0xE564;7C 3A 8B 81;Liberator, Burning Blow
ai/037.bin;0xE564;DA 63 6D 85;Dimensional Robo, Daibrave
ai/037.bin;0xE564;46 DE 4B 88;Dark Metal Dragon
ai/037.bin;0xE564;2D B3 B5 89;Iron Fist Mutant, Roly Poly
ai/037.bin;0xE564;6A D5 6E 8A;Katanaraizer
ai/037.bin;0xE564;08 6E C6 8B;Karma Queen
ai/037.bin;0xE564;6E 8A 8F 8C;Bloody Hercules
ai/037.bin;0xE564;A0 D8 63 8D;Great Cosmic Hero, Grandgallop
ai/037.bin;0xE564;1F 10 24 8F;上
ai/037.bin;0xE564;6C E6 93 8F;Pitch Black Sage, Charon
ai/037.bin;0xE564;BB E2 E9 90;Immortal, Asura Kaiser
ai/037.bin;0xE564;E1 26 37 94;Demonic Dragon Berserker, Chatura
ai/037.bin;0xE564;6A 0F 95 94;  アタッカーのパワー : %d(%d)
ai/037.bin;0xE564;7F BB 35 95;Supreme Heavenly Emperor Dragon, Dragonic Overlord "the Ace"
ai/037.bin;0xE564;0C DD 47 9B;Battle Sister, Parfait
ai/037.bin;0xE564;1A 2D D2 9C;Myth Guard, Fomalhaut
ai/037.bin;0xE564;69 08 3B A2;Blue Wave Dragon, Tetra-drive Dragon
ai/037.bin;0xE564;F1 51 AA A2;Steam Fighter, Balih
ai/037.bin;0xE564;A4 F3 D7 A7;  アタッカーのクリティカル : %d
ai/037.bin;0xE564;BD FD F6 A7;Extreme Battler, Runbhol
ai/037.bin;0xE564;9F 77 42 AC;Flare Whip Dragon
ai/037.bin;0xE564;26 76 4F B1;Earth Dreamer
ai/037.bin;0xE564;39 6A 36 B5;Hyper Metalborg, Heavyduke
ai/037.bin;0xE564;F7 48 21 B9;Dragon Knight, Jaral
ai/037.bin;0xE564;00 3B FE BA;Master Fraude
ai/037.bin;0xE564;88 EF 6D BC;Enigman Tornado
ai/037.bin;0xE564;ED F8 CC BD;Final Wrench
ai/037.bin;0xE564;11 9F 48 BE;Shura Stealth Dragon, Daranicongo
ai/037.bin;0xE564;CF AA 4F C1;Perdition Dragon, Dragonic Neoflame
ai/037.bin;0xE564;7C 17 CE C1;Ranunculus Flower Maiden, Ahsha
ai/037.bin;0xE564;15 6E A2 C8;Wisteria Knight
ai/037.bin;0xE564;AB 51 A7 CB;AI(%d) : レシピ (フラグ:%08x)
ai/037.bin;0xE564;72 40 A8 D2;Bewitching Officer, Lady Butterfly
ai/037.bin;0xE564;D7 DA C1 D6;AI(%d) : 思考開始 (行動カテゴリ:%d)
ai/037.bin;0xE564;7C 46 0A D9;Stealth Dragon, Dreadmaster
ai/037.bin;0xE564;6B 1D DB DC;Machining Mosquito mkII
ai/037.bin;0xE564;D4 34 D2 DF;Paralyze Madonna
ai/037.bin;0xE564;69 E8 61 E1;オーバーロード
ai/037.bin;0xE564;7D 1F 65 E6;Beast Deity, Night Jackal
ai/037.bin;0xE564;57 CD 2E E8;    
ai/037.bin;0xE564;CC 1A C6 E8;AI未設定 : attrib = %s
ai/037.bin;0xE564;39 17 8B F0;Starry Skies Liberator, Guinevere
ai/037.bin;0xE564;4B 16 BE F0;Knight of Frevor, Hector
ai/037.bin;0xE564;BF 43 2B F1;  アタッカー : %s
ai/037.bin;0xE564;27 25 50 F1;Bear Down Samurai
ai/037.bin;0xE564;FC B0 EB F6;Purification Regalia, Pure Angel
ai/037.bin;0xE564;89 20 23 F8;下
ai/037.bin;0xE564;DD 4C B3 F8;ターン開始 AI(%d)
ai/038.bin;0xE566;DC A5 CF 01;  クインテットウォール : %d/%d枚
ai/038.bin;0xE566;51 5B 2F 06;Hexagonal Magus
ai/038.bin;0xE566;DD 9F CC 07;Blue Storm Dragon, Maelstrom
ai/038.bin;0xE566;8D 9F AA 08;  シールドの要求値 : 
ai/038.bin;0xE566;76 AE E0 09;Dragonic Overlord "The Яe-birth" (Trigger)
ai/038.bin;0xE566;37 3D 66 0B;Geograph Giant
ai/038.bin;0xE566;02 DC 8B 0D;Mond Blaukluger
ai/038.bin;0xE566;B1 2D 5D 0E;  対象のパワー : %d(%d)%s
ai/038.bin;0xE566;24 A1 3B 11;Rising Lionet
ai/038.bin;0xE566;CA 98 65 11;Mythic Beast, Fenrir
ai/038.bin;0xE566;2F 96 22 12;Dancing Wolf
ai/038.bin;0xE566;2F CE 1C 13;Goddess of Flower Divination, Sakuya
ai/038.bin;0xE566;C0 B3 B0 13;Malicious Saber
ai/038.bin;0xE566;9F 3C 4E 15; + %d
ai/038.bin;0xE566;26 7B 30 1A;Cat Butler
ai/038.bin;0xE566;8D 20 89 1A;AI未設定 : %s %d
ai/038.bin;0xE566;A1 09 AD 1A;Coiling Duckbill
ai/038.bin;0xE566;50 80 48 21;Magnet Crocodile
ai/038.bin;0xE566;49 58 50 21;Dimensional Robo, Daijet
ai/038.bin;0xE566;8E BC BB 21;  シールドの目標値 : 
ai/038.bin;0xE566;50 41 74 23;Hope Child, Turiel
ai/038.bin;0xE566;DE C4 80 24;Abacus Bear
ai/038.bin;0xE566;39 5F 97 27;Promising Knight, David
ai/038.bin;0xE566;BE 51 F9 27;Ravenous Dragon, Battlerex
ai/038.bin;0xE566;F7 2E E0 29;～%d
ai/038.bin;0xE566;A6 8F 2A 2A;Brawler, Fighting Dracokid
ai/038.bin;0xE566;44 62 0C 2D;Soundless Archer, Conductance
ai/038.bin;0xE566;14 30 63 2D;!!!! AI ERROR !!!!\n  
ai/038.bin;0xE566;EE 81 9E 32;Titan of the Capturing Arm
ai/038.bin;0xE566;C5 4D EE 32;Blaster Dark "Diablo"
ai/038.bin;0xE566;F1 28 16 33;枚しか選んでいない
ai/038.bin;0xE566;BC 1F 35 33;  ブースター : %s
ai/038.bin;0xE566;CF 8D 54 36;Fortune-bringing Cat
ai/038.bin;0xE566;B8 BC F2 37;Ambush Demon Stealth Rogue, Kagamijishi
ai/038.bin;0xE566;6E 42 D6 38;AI(%d) : アタック情報
ai/038.bin;0xE566;B3 AD 45 3A;ブラスター
ai/038.bin;0xE566;03 D4 54 45; ヒットされない
ai/038.bin;0xE566;2D 3A A7 45;AI(%d) : ガードステップ情報
ai/038.bin;0xE566;2C A5 7B 4D;枚選択する必要があるが、
ai/038.bin;0xE566;9F A5 E0 4F;CEO Amaterasu
ai/038.bin;0xE566;3A D0 5B 51;Exxtreme Battler, Victor
ai/038.bin;0xE566;A6 11 33 52;Dark Dragon, Phantom Blaster "Diablo"
ai/038.bin;0xE566;EE D3 92 52;Globe Armadillo
ai/038.bin;0xE566;3C E0 6F 55;Dragonic Overlord (Break Ride)
ai/038.bin;0xE566;DE C1 45 56;解放者
ai/038.bin;0xE566;F7 6D 78 57;Stamp Sea Otter
ai/038.bin;0xE566;C5 AF 0D 60;Crimson Roar, Metatron
ai/038.bin;0xE566;47 87 68 63;AI(%d) : 思考時間 %.3f秒 (行動カテゴリ:%d)
ai/038.bin;0xE566;55 C8 81 63;  完全ガード : %d/%d枚
ai/038.bin;0xE566;42 D7 DA 63;  ガーディアン候補
ai/038.bin;0xE566;33 8E E7 69;Duo True Sister, Meer
ai/038.bin;0xE566;E8 83 60 6B;Daredevil Samurai
ai/038.bin;0xE566;4B D4 AE 6B;  合計シールド : 
ai/038.bin;0xE566;DC 4C 2C 6E;Flower Princess of Spring's Beginning, Primavera
ai/038.bin;0xE566;11 E8 1D 70;Oracle Queen, Himiko
ai/038.bin;0xE566;D5 C5 CA 70;Mohican Hyena
ai/038.bin;0xE566;73 DB 90 71;Monoculus Tiger
ai/038.bin;0xE566;E4 FB 3C 72;Blue Storm Cadet, Anos
ai/038.bin;0xE566;29 EF C2 73;  対象(%d) : %s
ai/038.bin;0xE566;7C 3A 8B 81;Liberator, Burning Blow
ai/038.bin;0xE566;F5 A4 68 85;Set Square Penguin
ai/038.bin;0xE566;DA 63 6D 85;Dimensional Robo, Daibrave
ai/038.bin;0xE566;46 DE 4B 88;Dark Metal Dragon
ai/038.bin;0xE566;6A D5 6E 8A;Katanaraizer
ai/038.bin;0xE566;A0 D8 63 8D;Great Cosmic Hero, Grandgallop
ai/038.bin;0xE566;1F 10 24 8F;上
ai/038.bin;0xE566;6C E6 93 8F;Pitch Black Sage, Charon
ai/038.bin;0xE566;BB E2 E9 90;Immortal, Asura Kaiser
ai/038.bin;0xE566;E1 26 37 94;Demonic Dragon Berserker, Chatura
ai/038.bin;0xE566;6A 0F 95 94;  アタッカーのパワー : %d(%d)
ai/038.bin;0xE566;7F BB 35 95;Supreme Heavenly Emperor Dragon, Dragonic Overlord "the Ace"
ai/038.bin;0xE566;A3 9B F6 96;Contradictory Instructor, Tusk Master
ai/038.bin;0xE566;0C DD 47 9B;Battle Sister, Parfait
ai/038.bin;0xE566;1A 2D D2 9C;Myth Guard, Fomalhaut
ai/038.bin;0xE566;69 08 3B A2;Blue Wave Dragon, Tetra-drive Dragon
ai/038.bin;0xE566;F1 51 AA A2;Steam Fighter, Balih
ai/038.bin;0xE566;A4 F3 D7 A7;  アタッカーのクリティカル : %d
ai/038.bin;0xE566;BD FD F6 A7;Extreme Battler, Runbhol
ai/038.bin;0xE566;9F 77 42 AC;Flare Whip Dragon
ai/038.bin;0xE566;CD DE B4 AE;Cable Sheep
ai/038.bin;0xE566;39 6A 36 B5;Hyper Metalborg, Heavyduke
ai/038.bin;0xE566;F7 48 21 B9;Dragon Knight, Jaral
ai/038.bin;0xE566;22 07 9A BB;Castanet Donkey
ai/038.bin;0xE566;88 EF 6D BC;Enigman Tornado
ai/038.bin;0xE566;ED F8 CC BD;Final Wrench
ai/038.bin;0xE566;11 9F 48 BE;Shura Stealth Dragon, Daranicongo
ai/038.bin;0xE566;CF AA 4F C1;Perdition Dragon, Dragonic Neoflame
ai/038.bin;0xE566;7C 17 CE C1;Ranunculus Flower Maiden, Ahsha
ai/038.bin;0xE566;15 6E A2 C8;Wisteria Knight
ai/038.bin;0xE566;AB 51 A7 CB;AI(%d) : レシピ (フラグ:%08x)
ai/038.bin;0xE566;FD 1C 6B D1;Immortality Professor, Phoeniciax
ai/038.bin;0xE566;D7 DA C1 D6;AI(%d) : 思考開始 (行動カテゴリ:%d)
ai/038.bin;0xE566;7C 46 0A D9;Stealth Dragon, Dreadmaster
ai/038.bin;0xE566;6B 1D DB DC;Machining Mosquito mkII
ai/038.bin;0xE566;69 E8 61 E1;オーバーロード
ai/038.bin;0xE566;7D 1F 65 E6;Beast Deity, Night Jackal
ai/038.bin;0xE566;57 CD 2E E8;    
ai/038.bin;0xE566;CC 1A C6 E8;AI未設定 : attrib = %s
ai/038.bin;0xE566;A1 E1 39 EA;Dictionary Goat
ai/038.bin;0xE566;39 17 8B F0;Starry Skies Liberator, Guinevere
ai/038.bin;0xE566;4B 16 BE F0;Knight of Frevor, Hector
ai/038.bin;0xE566;BF 43 2B F1;  アタッカー : %s
ai/038.bin;0xE566;27 25 50 F1;Bear Down Samurai
ai/038.bin;0xE566;FC B0 EB F6;Purification Regalia, Pure Angel
ai/038.bin;0xE566;89 20 23 F8;下
ai/038.bin;0xE566;5F AA 85 F8;Pencil Koala
ai/038.bin;0xE566;DD 4C B3 F8;ターン開始 AI(%d)
ai/038.bin;0xE566;E3 9C 69 F9;Alarm Chicken
ai/038.bin;0xE566;F8 57 6C FB;Triangle Cobra
ai/038.bin;0xE566;1A 64 B5 FD;Silver Wolf
ai/039.bin;0xE6D1;34 53 5F 00;Lake Maiden, Lien
ai/039.bin;0xE6D1;DC A5 CF 01;  クインテットウォール : %d/%d枚
ai/039.bin;0xE6D1;51 5B 2F 06;Hexagonal Magus
ai/039.bin;0xE6D1;DD 9F CC 07;Blue Storm Dragon, Maelstrom
ai/039.bin;0xE6D1;8D 9F AA 08;  シールドの要求値 : 
ai/039.bin;0xE6D1;76 AE E0 09;Dragonic Overlord "The Яe-birth" (Trigger)
ai/039.bin;0xE6D1;02 DC 8B 0D;Mond Blaukluger
ai/039.bin;0xE6D1;B1 2D 5D 0E;  対象のパワー : %d(%d)%s
ai/039.bin;0xE6D1;24 A1 3B 11;Rising Lionet
ai/039.bin;0xE6D1;CA 98 65 11;Mythic Beast, Fenrir
ai/039.bin;0xE6D1;2F 96 22 12;Dancing Wolf
ai/039.bin;0xE6D1;2F CE 1C 13;Goddess of Flower Divination, Sakuya
ai/039.bin;0xE6D1;9F 3C 4E 15; + %d
ai/039.bin;0xE6D1;26 7B 30 1A;Cat Butler
ai/039.bin;0xE6D1;8D 20 89 1A;AI未設定 : %s %d
ai/039.bin;0xE6D1;C0 17 EB 1D;Majesty Lord Blaster (Trigger)
ai/039.bin;0xE6D1;49 58 50 21;Dimensional Robo, Daijet
ai/039.bin;0xE6D1;8E BC BB 21;  シールドの目標値 : 
ai/039.bin;0xE6D1;00 8C ED 21;Miru Biru
ai/039.bin;0xE6D1;50 41 74 23;Hope Child, Turiel
ai/039.bin;0xE6D1;39 5F 97 27;Promising Knight, David
ai/039.bin;0xE6D1;BE 51 F9 27;Ravenous Dragon, Battlerex
ai/039.bin;0xE6D1;F7 2E E0 29;～%d
ai/039.bin;0xE6D1;A6 8F 2A 2A;Brawler, Fighting Dracokid
ai/039.bin;0xE6D1;CC 14 9E 2B;Yggdrasil Maiden, Elaine
ai/039.bin;0xE6D1;44 62 0C 2D;Soundless Archer, Conductance
ai/039.bin;0xE6D1;14 30 63 2D;!!!! AI ERROR !!!!\n  
ai/039.bin;0xE6D1;0D 0A F2 2D;Sanctuary Guard Dragon
ai/039.bin;0xE6D1;EE 81 9E 32;Titan of the Capturing Arm
ai/039.bin;0xE6D1;C5 4D EE 32;Blaster Dark "Diablo"
ai/039.bin;0xE6D1;F1 28 16 33;枚しか選んでいない
ai/039.bin;0xE6D1;BC 1F 35 33;  ブースター : %s
ai/039.bin;0xE6D1;B8 BC F2 37;Ambush Demon Stealth Rogue, Kagamijishi
ai/039.bin;0xE6D1;6E 42 D6 38;AI(%d) : アタック情報
ai/039.bin;0xE6D1;B3 AD 45 3A;ブラスター
ai/039.bin;0xE6D1;B4 6A F1 3A;Knight of Determination, Lamorak
ai/039.bin;0xE6D1;03 D4 54 45; ヒットされない
ai/039.bin;0xE6D1;2D 3A A7 45;AI(%d) : ガードステップ情報
ai/039.bin;0xE6D1;2C A5 7B 4D;枚選択する必要があるが、
ai/039.bin;0xE6D1;9F A5 E0 4F;CEO Amaterasu
ai/039.bin;0xE6D1;3A D0 5B 51;Exxtreme Battler, Victor
ai/039.bin;0xE6D1;A6 11 33 52;Dark Dragon, Phantom Blaster "Diablo"
ai/039.bin;0xE6D1;3C E0 6F 55;Dragonic Overlord (Break Ride)
ai/039.bin;0xE6D1;DE C1 45 56;解放者
ai/039.bin;0xE6D1;F7 6D 78 57;Stamp Sea Otter
ai/039.bin;0xE6D1;83 CB 0C 5A;Knight of Truth, Gordon
ai/039.bin;0xE6D1;C5 AF 0D 60;Crimson Roar, Metatron
ai/039.bin;0xE6D1;52 A3 4C 62;Pathetic Jewel Knight, Olwen
ai/039.bin;0xE6D1;75 87 53 62;Knight of Reform, Ladinas
ai/039.bin;0xE6D1;47 87 68 63;AI(%d) : 思考時間 %.3f秒 (行動カテゴリ:%d)
ai/039.bin;0xE6D1;55 C8 81 63;  完全ガード : %d/%d枚
ai/039.bin;0xE6D1;42 D7 DA 63;  ガーディアン候補
ai/039.bin;0xE6D1;33 8E E7 69;Duo True Sister, Meer
ai/039.bin;0xE6D1;E8 83 60 6B;Daredevil Samurai
ai/039.bin;0xE6D1;4B D4 AE 6B;  合計シールド : 
ai/039.bin;0xE6D1;DC 4C 2C 6E;Flower Princess of Spring's Beginning, Primavera
ai/039.bin;0xE6D1;11 E8 1D 70;Oracle Queen, Himiko
ai/039.bin;0xE6D1;E4 FB 3C 72;Blue Storm Cadet, Anos
ai/039.bin;0xE6D1;29 EF C2 73;  対象(%d) : %s
ai/039.bin;0xE6D1;0F DA 93 75;Weapons Dealer, Govannon
ai/039.bin;0xE6D1;6E C1 EE 75;Little Sage, Marron
ai/039.bin;0xE6D1;F4 63 84 7A;Rendgal
ai/039.bin;0xE6D1;5A 1C 38 7C;Jewel Knight, Prizmy
ai/039.bin;0xE6D1;7C 3A 8B 81;Liberator, Burning Blow
ai/039.bin;0xE6D1;E1 95 2F 85;Sacred Wielding Seeker, Octavius
ai/039.bin;0xE6D1;41 F6 63 85;Rainbow-calling Bard
ai/039.bin;0xE6D1;DA 63 6D 85;Dimensional Robo, Daibrave
ai/039.bin;0xE6D1;C6 59 9B 86;Flogal
ai/039.bin;0xE6D1;46 DE 4B 88;Dark Metal Dragon
ai/039.bin;0xE6D1;6A D5 6E 8A;Katanaraizer
ai/039.bin;0xE6D1;C5 9E 13 8B;Starting Legend, Ambrosius
ai/039.bin;0xE6D1;A0 D8 63 8D;Great Cosmic Hero, Grandgallop
ai/039.bin;0xE6D1;1F 10 24 8F;上
ai/039.bin;0xE6D1;6C E6 93 8F;Pitch Black Sage, Charon
ai/039.bin;0xE6D1;BB E2 E9 90;Immortal, Asura Kaiser
ai/039.bin;0xE6D1;E1 26 37 94;Demonic Dragon Berserker, Chatura
ai/039.bin;0xE6D1;6A 0F 95 94;  アタッカーのパワー : %d(%d)
ai/039.bin;0xE6D1;7F BB 35 95;Supreme Heavenly Emperor Dragon, Dragonic Overlord "the Ace"
ai/039.bin;0xE6D1;0C DD 47 9B;Battle Sister, Parfait
ai/039.bin;0xE6D1;1A 2D D2 9C;Myth Guard, Fomalhaut
ai/039.bin;0xE6D1;69 08 3B A2;Blue Wave Dragon, Tetra-drive Dragon
ai/039.bin;0xE6D1;F1 51 AA A2;Steam Fighter, Balih
ai/039.bin;0xE6D1;A4 F3 D7 A7;  アタッカーのクリティカル : %d
ai/039.bin;0xE6D1;BD FD F6 A7;Extreme Battler, Runbhol
ai/039.bin;0xE6D1;51 89 4D A8;Dignified Silver Dragon
ai/039.bin;0xE6D1;9F 77 42 AC;Flare Whip Dragon
ai/039.bin;0xE6D1;39 6A 36 B5;Hyper Metalborg, Heavyduke
ai/039.bin;0xE6D1;F7 48 21 B9;Dragon Knight, Jaral
ai/039.bin;0xE6D1;88 EF 6D BC;Enigman Tornado
ai/039.bin;0xE6D1;ED F8 CC BD;Final Wrench
ai/039.bin;0xE6D1;11 9F 48 BE;Shura Stealth Dragon, Daranicongo
ai/039.bin;0xE6D1;89 D1 5F BF;Battle Flag Knight, Constance
ai/039.bin;0xE6D1;CF AA 4F C1;Perdition Dragon, Dragonic Neoflame
ai/039.bin;0xE6D1;7C 17 CE C1;Ranunculus Flower Maiden, Ahsha
ai/039.bin;0xE6D1;15 6E A2 C8;Wisteria Knight
ai/039.bin;0xE6D1;AB 51 A7 CB;AI(%d) : レシピ (フラグ:%08x)
ai/039.bin;0xE6D1;9D 57 C2 D1;Knight of Silence, Gallatin
ai/039.bin;0xE6D1;D7 DA C1 D6;AI(%d) : 思考開始 (行動カテゴリ:%d)
ai/039.bin;0xE6D1;7C 46 0A D9;Stealth Dragon, Dreadmaster
ai/039.bin;0xE6D1;E2 CC 7C D9;Exculpate the Blaster
ai/039.bin;0xE6D1;6B 1D DB DC;Machining Mosquito mkII
ai/039.bin;0xE6D1;AF 82 E7 DC;Knight of Conviction, Bors
ai/039.bin;0xE6D1;69 E8 61 E1;オーバーロード
ai/039.bin;0xE6D1;7D 1F 65 E6;Beast Deity, Night Jackal
ai/039.bin;0xE6D1;57 CD 2E E8;    
ai/039.bin;0xE6D1;9B 62 52 E8;Regret Jewel Knight, Urien
ai/039.bin;0xE6D1;CC 1A C6 E8;AI未設定 : attrib = %s
ai/039.bin;0xE6D1;83 A0 BD E9;Grynngal Seeker
ai/039.bin;0xE6D1;39 17 8B F0;Starry Skies Liberator, Guinevere
ai/039.bin;0xE6D1;4B 16 BE F0;Knight of Frevor, Hector
ai/039.bin;0xE6D1;BF 43 2B F1;  アタッカー : %s
ai/039.bin;0xE6D1;27 25 50 F1;Bear Down Samurai
ai/039.bin;0xE6D1;FC B0 EB F6;Purification Regalia, Pure Angel
ai/039.bin;0xE6D1;89 20 23 F8;下
ai/039.bin;0xE6D1;DD 4C B3 F8;ターン開始 AI(%d)
ai/039.bin;0xE6D1;97 B0 A0 FB;Bringer of Good Luck, Epona
ai/040.bin;0xE78C;DC A5 CF 01;  クインテットウォール : %d/%d枚
ai/040.bin;0xE78C;51 5B 2F 06;Hexagonal Magus
ai/040.bin;0xE78C;DD 9F CC 07;Blue Storm Dragon, Maelstrom
ai/040.bin;0xE78C;8D 9F AA 08;  シールドの要求値 : 
ai/040.bin;0xE78C;76 AE E0 09;Dragonic Overlord "The Яe-birth" (Trigger)
ai/040.bin;0xE78C;02 DC 8B 0D;Mond Blaukluger
ai/040.bin;0xE78C;28 AF E8 0D;Little Skull Witch, Nemain
ai/040.bin;0xE78C;B1 2D 5D 0E;  対象のパワー : %d(%d)%s
ai/040.bin;0xE78C;24 A1 3B 11;Rising Lionet
ai/040.bin;0xE78C;CA 98 65 11;Mythic Beast, Fenrir
ai/040.bin;0xE78C;2F 96 22 12;Dancing Wolf
ai/040.bin;0xE78C;2F CE 1C 13;Goddess of Flower Divination, Sakuya
ai/040.bin;0xE78C;9F 3C 4E 15; + %d
ai/040.bin;0xE78C;26 7B 30 1A;Cat Butler
ai/040.bin;0xE78C;8D 20 89 1A;AI未設定 : %s %d
ai/040.bin;0xE78C;49 58 50 21;Dimensional Robo, Daijet
ai/040.bin;0xE78C;8E BC BB 21;  シールドの目標値 : 
ai/040.bin;0xE78C;50 41 74 23;Hope Child, Turiel
ai/040.bin;0xE78C;39 5F 97 27;Promising Knight, David
ai/040.bin;0xE78C;BE 51 F9 27;Ravenous Dragon, Battlerex
ai/040.bin;0xE78C;F7 2E E0 29;～%d
ai/040.bin;0xE78C;A6 8F 2A 2A;Brawler, Fighting Dracokid
ai/040.bin;0xE78C;44 62 0C 2D;Soundless Archer, Conductance
ai/040.bin;0xE78C;14 30 63 2D;!!!! AI ERROR !!!!\n  
ai/040.bin;0xE78C;EE 81 9E 32;Titan of the Capturing Arm
ai/040.bin;0xE78C;C5 4D EE 32;Blaster Dark "Diablo"
ai/040.bin;0xE78C;F1 28 16 33;枚しか選んでいない
ai/040.bin;0xE78C;BC 1F 35 33;  ブースター : %s
ai/040.bin;0xE78C;0F 84 8F 33;Moonlight Witch, Vaha
ai/040.bin;0xE78C;B8 BC F2 37;Ambush Demon Stealth Rogue, Kagamijishi
ai/040.bin;0xE78C;6E 42 D6 38;AI(%d) : アタック情報
ai/040.bin;0xE78C;B3 AD 45 3A;ブラスター
ai/040.bin;0xE78C;C6 A9 14 3C;Dark Heart Trumpeter
ai/040.bin;0xE78C;5F 07 F5 3E;Witch of Choices, Eriu
ai/040.bin;0xE78C;1E 08 07 42;Fullbau Brave
ai/040.bin;0xE78C;2B 9E 47 42;Witch of Nostrum, Arianrhod
ai/040.bin;0xE78C;03 D4 54 45; ヒットされない
ai/040.bin;0xE78C;2D 3A A7 45;AI(%d) : ガードステップ情報
ai/040.bin;0xE78C;36 B3 0F 48;Bloodstained Battle Knight, Dorint
ai/040.bin;0xE78C;2C A5 7B 4D;枚選択する必要があるが、
ai/040.bin;0xE78C;9F A5 E0 4F;CEO Amaterasu
ai/040.bin;0xE78C;3A D0 5B 51;Exxtreme Battler, Victor
ai/040.bin;0xE78C;A6 11 33 52;Dark Dragon, Phantom Blaster "Diablo"
ai/040.bin;0xE78C;3C E0 6F 55;Dragonic Overlord (Break Ride)
ai/040.bin;0xE78C;DE C1 45 56;解放者
ai/040.bin;0xE78C;F7 6D 78 57;Stamp Sea Otter
ai/040.bin;0xE78C;3C 63 E3 57;Skull Witch, Nemain
ai/040.bin;0xE78C;C5 AF 0D 60;Crimson Roar, Metatron
ai/040.bin;0xE78C;47 87 68 63;AI(%d) : 思考時間 %.3f秒 (行動カテゴリ:%d)
ai/040.bin;0xE78C;55 C8 81 63;  完全ガード : %d/%d枚
ai/040.bin;0xE78C;42 D7 DA 63;  ガーディアン候補
ai/040.bin;0xE78C;E6 31 79 64;Flatbau
ai/040.bin;0xE78C;33 8E E7 69;Duo True Sister, Meer
ai/040.bin;0xE78C;7C 70 E9 6A;Dark Night Maiden, Macha
ai/040.bin;0xE78C;9F 38 F4 6A;Leaping Knight, Ligan Lumna
ai/040.bin;0xE78C;15 8A 2F 6B;Revenger, Undead Angel
ai/040.bin;0xE78C;E8 83 60 6B;Daredevil Samurai
ai/040.bin;0xE78C;4B D4 AE 6B;  合計シールド : 
ai/040.bin;0xE78C;DC 4C 2C 6E;Flower Princess of Spring's Beginning, Primavera
ai/040.bin;0xE78C;11 E8 1D 70;Oracle Queen, Himiko
ai/040.bin;0xE78C;E4 FB 3C 72;Blue Storm Cadet, Anos
ai/040.bin;0xE78C;29 EF C2 73;  対象(%d) : %s
ai/040.bin;0xE78C;ED 4F DD 74;Howl Owl
ai/040.bin;0xE78C;7C 3A 8B 81;Liberator, Burning Blow
ai/040.bin;0xE78C;DA 63 6D 85;Dimensional Robo, Daibrave
ai/040.bin;0xE78C;46 DE 4B 88;Dark Metal Dragon
ai/040.bin;0xE78C;6A D5 6E 8A;Katanaraizer
ai/040.bin;0xE78C;A0 D8 63 8D;Great Cosmic Hero, Grandgallop
ai/040.bin;0xE78C;1F 10 24 8F;上
ai/040.bin;0xE78C;6C E6 93 8F;Pitch Black Sage, Charon
ai/040.bin;0xE78C;A1 C5 55 90;Dark Great Mage, Badhadh Caar
ai/040.bin;0xE78C;BB E2 E9 90;Immortal, Asura Kaiser
ai/040.bin;0xE78C;E1 26 37 94;Demonic Dragon Berserker, Chatura
ai/040.bin;0xE78C;6A 0F 95 94;  アタッカーのパワー : %d(%d)
ai/040.bin;0xE78C;7F BB 35 95;Supreme Heavenly Emperor Dragon, Dragonic Overlord "the Ace"
ai/040.bin;0xE78C;0C DD 47 9B;Battle Sister, Parfait
ai/040.bin;0xE78C;1A 2D D2 9C;Myth Guard, Fomalhaut
ai/040.bin;0xE78C;69 08 3B A2;Blue Wave Dragon, Tetra-drive Dragon
ai/040.bin;0xE78C;F1 51 AA A2;Steam Fighter, Balih
ai/040.bin;0xE78C;A4 F3 D7 A7;  アタッカーのクリティカル : %d
ai/040.bin;0xE78C;BD FD F6 A7;Extreme Battler, Runbhol
ai/040.bin;0xE78C;9F 77 42 AC;Flare Whip Dragon
ai/040.bin;0xE78C;91 61 53 B2;Unorthodox Shield, Mac Lir
ai/040.bin;0xE78C;A3 70 B0 B3;Revenger, Bloodmaster
ai/040.bin;0xE78C;39 6A 36 B5;Hyper Metalborg, Heavyduke
ai/040.bin;0xE78C;F7 48 21 B9;Dragon Knight, Jaral
ai/040.bin;0xE78C;88 EF 6D BC;Enigman Tornado
ai/040.bin;0xE78C;ED F8 CC BD;Final Wrench
ai/040.bin;0xE78C;11 9F 48 BE;Shura Stealth Dragon, Daranicongo
ai/040.bin;0xE78C;CF AA 4F C1;Perdition Dragon, Dragonic Neoflame
ai/040.bin;0xE78C;7C 17 CE C1;Ranunculus Flower Maiden, Ahsha
ai/040.bin;0xE78C;15 6E A2 C8;Wisteria Knight
ai/040.bin;0xE78C;AB 51 A7 CB;AI(%d) : レシピ (フラグ:%08x)
ai/040.bin;0xE78C;D7 DA C1 D6;AI(%d) : 思考開始 (行動カテゴリ:%d)
ai/040.bin;0xE78C;7C 46 0A D9;Stealth Dragon, Dreadmaster
ai/040.bin;0xE78C;6B 1D DB DC;Machining Mosquito mkII
ai/040.bin;0xE78C;69 E8 61 E1;オーバーロード
ai/040.bin;0xE78C;7D 1F 65 E6;Beast Deity, Night Jackal
ai/040.bin;0xE78C;57 CD 2E E8;    
ai/040.bin;0xE78C;CC 1A C6 E8;AI未設定 : attrib = %s
ai/040.bin;0xE78C;39 17 8B F0;Starry Skies Liberator, Guinevere
ai/040.bin;0xE78C;12 A3 99 F0;Arduous Battle Knight, Claudas
ai/040.bin;0xE78C;4B 16 BE F0;Knight of Frevor, Hector
ai/040.bin;0xE78C;BF 43 2B F1;  アタッカー : %s
ai/040.bin;0xE78C;27 25 50 F1;Bear Down Samurai
ai/040.bin;0xE78C;FC B0 EB F6;Purification Regalia, Pure Angel
ai/040.bin;0xE78C;89 20 23 F8;下
ai/040.bin;0xE78C;DD 4C B3 F8;ターン開始 AI(%d)
ai/041.bin;0xF7D0;DC A5 CF 01;  クインテットウォール : %d/%d枚
ai/041.bin;0xF7D0;26 9F A5 02;Gunnergear Dracokid
ai/041.bin;0xF7D0;51 5B 2F 06;Hexagonal Magus
ai/041.bin;0xF7D0;DD 9F CC 07;Blue Storm Dragon, Maelstrom
ai/041.bin;0xF7D0;8D 9F AA 08;  シールドの要求値 : 
ai/041.bin;0xF7D0;76 AE E0 09;Dragonic Overlord "The Яe-birth" (Trigger)
ai/041.bin;0xF7D0;02 DC 8B 0D;Mond Blaukluger
ai/041.bin;0xF7D0;B1 2D 5D 0E;  対象のパワー : %d(%d)%s
ai/041.bin;0xF7D0;24 A1 3B 11;Rising Lionet
ai/041.bin;0xF7D0;CA 98 65 11;Mythic Beast, Fenrir
ai/041.bin;0xF7D0;2F 96 22 12;Dancing Wolf
ai/041.bin;0xF7D0;2F CE 1C 13;Goddess of Flower Divination, Sakuya
ai/041.bin;0xF7D0;9F 3C 4E 15; + %d
ai/041.bin;0xF7D0;26 7B 30 1A;Cat Butler
ai/041.bin;0xF7D0;8D 20 89 1A;AI未設定 : %s %d
ai/041.bin;0xF7D0;49 58 50 21;Dimensional Robo, Daijet
ai/041.bin;0xF7D0;8E BC BB 21;  シールドの目標値 : 
ai/041.bin;0xF7D0;9C 80 47 23;Steam Rider, Dizkal
ai/041.bin;0xF7D0;50 41 74 23;Hope Child, Turiel
ai/041.bin;0xF7D0;39 5F 97 27;Promising Knight, David
ai/041.bin;0xF7D0;BE 51 F9 27;Ravenous Dragon, Battlerex
ai/041.bin;0xF7D0;F7 2E E0 29;～%d
ai/041.bin;0xF7D0;A6 8F 2A 2A;Brawler, Fighting Dracokid
ai/041.bin;0xF7D0;44 62 0C 2D;Soundless Archer, Conductance
ai/041.bin;0xF7D0;14 30 63 2D;!!!! AI ERROR !!!!\n  
ai/041.bin;0xF7D0;9A C1 68 30;Steam Fighter, Amber
ai/041.bin;0xF7D0;EE 81 9E 32;Titan of the Capturing Arm
ai/041.bin;0xF7D0;C5 4D EE 32;Blaster Dark "Diablo"
ai/041.bin;0xF7D0;F1 28 16 33;枚しか選んでいない
ai/041.bin;0xF7D0;BC 1F 35 33;  ブースター : %s
ai/041.bin;0xF7D0;B8 BC F2 37;Ambush Demon Stealth Rogue, Kagamijishi
ai/041.bin;0xF7D0;6E 42 D6 38;AI(%d) : アタック情報
ai/041.bin;0xF7D0;B3 AD 45 3A;ブラスター
ai/041.bin;0xF7D0;3F BA E6 42;Interdimensional Dragon, Lost Age Dragon
ai/041.bin;0xF7D0;03 D4 54 45; ヒットされない
ai/041.bin;0xF7D0;2D 3A A7 45;AI(%d) : ガードステップ情報
ai/041.bin;0xF7D0;5C 11 0E 4C;Steam Battler, Dadasig
ai/041.bin;0xF7D0;2C A5 7B 4D;枚選択する必要があるが、
ai/041.bin;0xF7D0;9F A5 E0 4F;CEO Amaterasu
ai/041.bin;0xF7D0;3A D0 5B 51;Exxtreme Battler, Victor
ai/041.bin;0xF7D0;A6 11 33 52;Dark Dragon, Phantom Blaster "Diablo"
ai/041.bin;0xF7D0;3C E0 6F 55;Dragonic Overlord (Break Ride)
ai/041.bin;0xF7D0;DE C1 45 56;解放者
ai/041.bin;0xF7D0;F7 6D 78 57;Stamp Sea Otter
ai/041.bin;0xF7D0;C5 AF 0D 60;Crimson Roar, Metatron
ai/041.bin;0xF7D0;47 87 68 63;AI(%d) : 思考時間 %.3f秒 (行動カテゴリ:%d)
ai/041.bin;0xF7D0;55 C8 81 63;  完全ガード : %d/%d枚
ai/041.bin;0xF7D0;42 D7 DA 63;  ガーディアン候補
ai/041.bin;0xF7D0;24 07 CA 67;Steam Maiden, Arlim
ai/041.bin;0xF7D0;33 8E E7 69;Duo True Sister, Meer
ai/041.bin;0xF7D0;E8 83 60 6B;Daredevil Samurai
ai/041.bin;0xF7D0;4B D4 AE 6B;  合計シールド : 
ai/041.bin;0xF7D0;DC 4C 2C 6E;Flower Princess of Spring's Beginning, Primavera
ai/041.bin;0xF7D0;11 E8 1D 70;Oracle Queen, Himiko
ai/041.bin;0xF7D0;E4 FB 3C 72;Blue Storm Cadet, Anos
ai/041.bin;0xF7D0;29 EF C2 73;  対象(%d) : %s
ai/041.bin;0xF7D0;65 B1 B8 76;腹時計付きのギアラビット
ai/041.bin;0xF7D0;7C 3A 8B 81;Liberator, Burning Blow
ai/041.bin;0xF7D0;DA 63 6D 85;Dimensional Robo, Daibrave
ai/041.bin;0xF7D0;46 DE 4B 88;Dark Metal Dragon
ai/041.bin;0xF7D0;25 11 32 8A;Steam Maiden, Elul
ai/041.bin;0xF7D0;6A D5 6E 8A;Katanaraizer
ai/041.bin;0xF7D0;A0 D8 63 8D;Great Cosmic Hero, Grandgallop
ai/041.bin;0xF7D0;1F 10 24 8F;上
ai/041.bin;0xF7D0;D3 43 6E 8F;Interdimensional Dragon, Ragnaclock Dragon
ai/041.bin;0xF7D0;6C E6 93 8F;Pitch Black Sage, Charon
ai/041.bin;0xF7D0;BB E2 E9 90;Immortal, Asura Kaiser
ai/041.bin;0xF7D0;E1 26 37 94;Demonic Dragon Berserker, Chatura
ai/041.bin;0xF7D0;6A 0F 95 94;  アタッカーのパワー : %d(%d)
ai/041.bin;0xF7D0;7F BB 35 95;Supreme Heavenly Emperor Dragon, Dragonic Overlord "the Ace"
ai/041.bin;0xF7D0;6F EB F7 95;Masergear Dragon
ai/041.bin;0xF7D0;0C DD 47 9B;Battle Sister, Parfait
ai/041.bin;0xF7D0;1A 2D D2 9C;Myth Guard, Fomalhaut
ai/041.bin;0xF7D0;69 08 3B A2;Blue Wave Dragon, Tetra-drive Dragon
ai/041.bin;0xF7D0;F1 51 AA A2;Steam Fighter, Balih
ai/041.bin;0xF7D0;A4 F3 D7 A7;  アタッカーのクリティカル : %d
ai/041.bin;0xF7D0;BD FD F6 A7;Extreme Battler, Runbhol
ai/041.bin;0xF7D0;5B D5 DA A9;Interdimensional Dragon, Chronoscommand Dragon
ai/041.bin;0xF7D0;9F 77 42 AC;Flare Whip Dragon
ai/041.bin;0xF7D0;39 6A 36 B5;Hyper Metalborg, Heavyduke
ai/041.bin;0xF7D0;09 C0 E2 B6;Twinmaser Dragon
ai/041.bin;0xF7D0;F7 48 21 B9;Dragon Knight, Jaral
ai/041.bin;0xF7D0;88 EF 6D BC;Enigman Tornado
ai/041.bin;0xF7D0;ED F8 CC BD;Final Wrench
ai/041.bin;0xF7D0;11 9F 48 BE;Shura Stealth Dragon, Daranicongo
ai/041.bin;0xF7D0;83 0C AC BE;Smokegear Dragon
ai/041.bin;0xF7D0;3D FB ED C0;Chronojet Dragon
ai/041.bin;0xF7D0;CF AA 4F C1;Perdition Dragon, Dragonic Neoflame
ai/041.bin;0xF7D0;7C 17 CE C1;Ranunculus Flower Maiden, Ahsha
ai/041.bin;0xF7D0;15 6E A2 C8;Wisteria Knight
ai/041.bin;0xF7D0;AB 51 A7 CB;AI(%d) : レシピ (フラグ:%08x)
ai/041.bin;0xF7D0;D7 DA C1 D6;AI(%d) : 思考開始 (行動カテゴリ:%d)
ai/041.bin;0xF7D0;FE CE 0E D8;Steam Breath Dragon
ai/041.bin;0xF7D0;7C 46 0A D9;Stealth Dragon, Dreadmaster
ai/041.bin;0xF7D0;78 6A 0D DA;Steam Maiden, Uluru
ai/041.bin;0xF7D0;6B 1D DB DC;Machining Mosquito mkII
ai/041.bin;0xF7D0;69 E8 61 E1;オーバーロード
ai/041.bin;0xF7D0;7D 1F 65 E6;Beast Deity, Night Jackal
ai/041.bin;0xF7D0;57 CD 2E E8;    
ai/041.bin;0xF7D0;19 BA 6C E8;Interdimensional Dragon, Mystery-flare Dragon
ai/041.bin;0xF7D0;CC 1A C6 E8;AI未設定 : attrib = %s
ai/041.bin;0xF7D0;69 F1 59 EF;Luckypot Dracokid
ai/041.bin;0xF7D0;39 17 8B F0;Starry Skies Liberator, Guinevere
ai/041.bin;0xF7D0;4B 16 BE F0;Knight of Frevor, Hector
ai/041.bin;0xF7D0;BF 43 2B F1;  アタッカー : %s
ai/041.bin;0xF7D0;27 25 50 F1;Bear Down Samurai
ai/041.bin;0xF7D0;FC B0 EB F6;Purification Regalia, Pure Angel
ai/041.bin;0xF7D0;89 20 23 F8;下
ai/041.bin;0xF7D0;DD 4C B3 F8;ターン開始 AI(%d)
ai/042.bin;0x107D7;DC A5 CF 01;  クインテットウォール : %d/%d枚
ai/042.bin;0x107D7;26 9F A5 02;Gunnergear Dracokid
ai/042.bin;0x107D7;51 5B 2F 06;Hexagonal Magus
ai/042.bin;0x107D7;DD 9F CC 07;Blue Storm Dragon, Maelstrom
ai/042.bin;0x107D7;8D 9F AA 08;  シールドの要求値 : 
ai/042.bin;0x107D7;76 AE E0 09;Dragonic Overlord "The Яe-birth" (Trigger)
ai/042.bin;0x107D7;02 DC 8B 0D;Mond Blaukluger
ai/042.bin;0x107D7;B1 2D 5D 0E;  対象のパワー : %d(%d)%s
ai/042.bin;0x107D7;24 A1 3B 11;Rising Lionet
ai/042.bin;0x107D7;CA 98 65 11;Mythic Beast, Fenrir
ai/042.bin;0x107D7;2F 96 22 12;Dancing Wolf
ai/042.bin;0x107D7;2F CE 1C 13;Goddess of Flower Divination, Sakuya
ai/042.bin;0x107D7;9F 3C 4E 15; + %d
ai/042.bin;0x107D7;26 7B 30 1A;Cat Butler
ai/042.bin;0x107D7;8D 20 89 1A;AI未設定 : %s %d
ai/042.bin;0x107D7;05 10 92 1D;Interdimensional Dragon, Faterider Dragon
ai/042.bin;0x107D7;49 58 50 21;Dimensional Robo, Daijet
ai/042.bin;0x107D7;8E BC BB 21;  シールドの目標値 : 
ai/042.bin;0x107D7;50 41 74 23;Hope Child, Turiel
ai/042.bin;0x107D7;39 5F 97 27;Promising Knight, David
ai/042.bin;0x107D7;BE 51 F9 27;Ravenous Dragon, Battlerex
ai/042.bin;0x107D7;F7 2E E0 29;～%d
ai/042.bin;0x107D7;A6 8F 2A 2A;Brawler, Fighting Dracokid
ai/042.bin;0x107D7;0C 8C B5 2C;Steam Battler, Meshda
ai/042.bin;0x107D7;44 62 0C 2D;Soundless Archer, Conductance
ai/042.bin;0x107D7;14 30 63 2D;!!!! AI ERROR !!!!\n  
ai/042.bin;0x107D7;9A C1 68 30;Steam Fighter, Amber
ai/042.bin;0x107D7;EE 81 9E 32;Titan of the Capturing Arm
ai/042.bin;0x107D7;C5 4D EE 32;Blaster Dark "Diablo"
ai/042.bin;0x107D7;F1 28 16 33;枚しか選んでいない
ai/042.bin;0x107D7;BC 1F 35 33;  ブースター : %s
ai/042.bin;0x107D7;B8 BC F2 37;Ambush Demon Stealth Rogue, Kagamijishi
ai/042.bin;0x107D7;6E 42 D6 38;AI(%d) : アタック情報
ai/042.bin;0x107D7;B3 AD 45 3A;ブラスター
ai/042.bin;0x107D7;F7 F8 0E 44;Interdimensional Beast, Upheaval Pegasus
ai/042.bin;0x107D7;03 D4 54 45; ヒットされない
ai/042.bin;0x107D7;2D 3A A7 45;AI(%d) : ガードステップ情報
ai/042.bin;0x107D7;5C 11 0E 4C;Steam Battler, Dadasig
ai/042.bin;0x107D7;2C A5 7B 4D;枚選択する必要があるが、
ai/042.bin;0x107D7;9F A5 E0 4F;CEO Amaterasu
ai/042.bin;0x107D7;3A D0 5B 51;Exxtreme Battler, Victor
ai/042.bin;0x107D7;A6 11 33 52;Dark Dragon, Phantom Blaster "Diablo"
ai/042.bin;0x107D7;3C E0 6F 55;Dragonic Overlord (Break Ride)
ai/042.bin;0x107D7;DE C1 45 56;解放者
ai/042.bin;0x107D7;F7 6D 78 57;Stamp Sea Otter
ai/042.bin;0x107D7;AC BB 37 59;Interdimensional Dragon, Epoch-maker Dragon
ai/042.bin;0x107D7;C5 AF 0D 60;Crimson Roar, Metatron
ai/042.bin;0x107D7;47 87 68 63;AI(%d) : 思考時間 %.3f秒 (行動カテゴリ:%d)
ai/042.bin;0x107D7;55 C8 81 63;  完全ガード : %d/%d枚
ai/042.bin;0x107D7;42 D7 DA 63;  ガーディアン候補
ai/042.bin;0x107D7;24 07 CA 67;Steam Maiden, Arlim
ai/042.bin;0x107D7;33 8E E7 69;Duo True Sister, Meer
ai/042.bin;0x107D7;E8 83 60 6B;Daredevil Samurai
ai/042.bin;0x107D7;4B D4 AE 6B;  合計シールド : 
ai/042.bin;0x107D7;DC 4C 2C 6E;Flower Princess of Spring's Beginning, Primavera
ai/042.bin;0x107D7;11 E8 1D 70;Oracle Queen, Himiko
ai/042.bin;0x107D7;E4 FB 3C 72;Blue Storm Cadet, Anos
ai/042.bin;0x107D7;29 EF C2 73;  対象(%d) : %s
ai/042.bin;0x107D7;7C 3A 8B 81;Liberator, Burning Blow
ai/042.bin;0x107D7;DA 63 6D 85;Dimensional Robo, Daibrave
ai/042.bin;0x107D7;46 DE 4B 88;Dark Metal Dragon
ai/042.bin;0x107D7;6A D5 6E 8A;Katanaraizer
ai/042.bin;0x107D7;A0 D8 63 8D;Great Cosmic Hero, Grandgallop
ai/042.bin;0x107D7;1F 10 24 8F;上
ai/042.bin;0x107D7;6C E6 93 8F;Pitch Black Sage, Charon
ai/042.bin;0x107D7;BB E2 E9 90;Immortal, Asura Kaiser
ai/042.bin;0x107D7;E1 26 37 94;Demonic Dragon Berserker, Chatura
ai/042.bin;0x107D7;6A 0F 95 94;  アタッカーのパワー : %d(%d)
ai/042.bin;0x107D7;7F BB 35 95;Supreme Heavenly Emperor Dragon, Dragonic Overlord "the Ace"
ai/042.bin;0x107D7;6F EB F7 95;Masergear Dragon
ai/042.bin;0x107D7;DB 4A 94 96;Upstream Dragon
ai/042.bin;0x107D7;0C DD 47 9B;Battle Sister, Parfait
ai/042.bin;0x107D7;1A 2D D2 9C;Myth Guard, Fomalhaut
ai/042.bin;0x107D7;F6 D7 A1 9F;Chronodragon Nextage
ai/042.bin;0x107D7;69 08 3B A2;Blue Wave Dragon, Tetra-drive Dragon
ai/042.bin;0x107D7;F1 51 AA A2;Steam Fighter, Balih
ai/042.bin;0x107D7;02 DF FE A3;Summit Crest Gear Wolf
ai/042.bin;0x107D7;BD 98 B5 A6;クロノジェット
ai/042.bin;0x107D7;A4 F3 D7 A7;  アタッカーのクリティカル : %d
ai/042.bin;0x107D7;BD FD F6 A7;Extreme Battler, Runbhol
ai/042.bin;0x107D7;5B D5 DA A9;Interdimensional Dragon, Chronoscommand Dragon
ai/042.bin;0x107D7;9F 77 42 AC;Flare Whip Dragon
ai/042.bin;0x107D7;39 6A 36 B5;Hyper Metalborg, Heavyduke
ai/042.bin;0x107D7;F7 48 21 B9;Dragon Knight, Jaral
ai/042.bin;0x107D7;88 EF 6D BC;Enigman Tornado
ai/042.bin;0x107D7;ED F8 CC BD;Final Wrench
ai/042.bin;0x107D7;11 9F 48 BE;Shura Stealth Dragon, Daranicongo
ai/042.bin;0x107D7;3D FB ED C0;Chronojet Dragon
ai/042.bin;0x107D7;CF AA 4F C1;Perdition Dragon, Dragonic Neoflame
ai/042.bin;0x107D7;7C 17 CE C1;Ranunculus Flower Maiden, Ahsha
ai/042.bin;0x107D7;BE 27 1E C3;Heart Thump Worker
ai/042.bin;0x107D7;15 6E A2 C8;Wisteria Knight
ai/042.bin;0x107D7;AB 51 A7 CB;AI(%d) : レシピ (フラグ:%08x)
ai/042.bin;0x107D7;D7 DA C1 D6;AI(%d) : 思考開始 (行動カテゴリ:%d)
ai/042.bin;0x107D7;FE CE 0E D8;Steam Breath Dragon
ai/042.bin;0x107D7;7C 46 0A D9;Stealth Dragon, Dreadmaster
ai/042.bin;0x107D7;1B D4 01 DA;Glimmer Breath Dragon
ai/042.bin;0x107D7;78 6A 0D DA;Steam Maiden, Uluru
ai/042.bin;0x107D7;6B 1D DB DC;Machining Mosquito mkII
ai/042.bin;0x107D7;69 E8 61 E1;オーバーロード
ai/042.bin;0x107D7;7D 1F 65 E6;Beast Deity, Night Jackal
ai/042.bin;0x107D7;57 CD 2E E8;    
ai/042.bin;0x107D7;19 BA 6C E8;Interdimensional Dragon, Mystery-flare Dragon
ai/042.bin;0x107D7;CC 1A C6 E8;AI未設定 : attrib = %s
ai/042.bin;0x107D7;69 F1 59 EF;Luckypot Dracokid
ai/042.bin;0x107D7;39 17 8B F0;Starry Skies Liberator, Guinevere
ai/042.bin;0x107D7;4B 16 BE F0;Knight of Frevor, Hector
ai/042.bin;0x107D7;BF 43 2B F1;  アタッカー : %s
ai/042.bin;0x107D7;27 25 50 F1;Bear Down Samurai
ai/042.bin;0x107D7;FC B0 EB F6;Purification Regalia, Pure Angel
ai/042.bin;0x107D7;89 20 23 F8;下
ai/042.bin;0x107D7;DD 4C B3 F8;ターン開始 AI(%d)
ai/043.bin;0x10763;DC A5 CF 01;  クインテットウォール : %d/%d枚
ai/043.bin;0x10763;51 5B 2F 06;Hexagonal Magus
ai/043.bin;0x10763;DD 9F CC 07;Blue Storm Dragon, Maelstrom
ai/043.bin;0x10763;8D 9F AA 08;  シールドの要求値 : 
ai/043.bin;0x10763;76 AE E0 09;Dragonic Overlord "The Яe-birth" (Trigger)
ai/043.bin;0x10763;02 DC 8B 0D;Mond Blaukluger
ai/043.bin;0x10763;B1 2D 5D 0E;  対象のパワー : %d(%d)%s
ai/043.bin;0x10763;24 A1 3B 11;Rising Lionet
ai/043.bin;0x10763;CA 98 65 11;Mythic Beast, Fenrir
ai/043.bin;0x10763;2F 96 22 12;Dancing Wolf
ai/043.bin;0x10763;2F CE 1C 13;Goddess of Flower Divination, Sakuya
ai/043.bin;0x10763;9F 3C 4E 15; + %d
ai/043.bin;0x10763;2B C8 7B 17;Valkyrie of Reclamation, Padmini
ai/043.bin;0x10763;26 7B 30 1A;Cat Butler
ai/043.bin;0x10763;8D 20 89 1A;AI未設定 : %s %d
ai/043.bin;0x10763;49 58 50 21;Dimensional Robo, Daijet
ai/043.bin;0x10763;8E BC BB 21;  シールドの目標値 : 
ai/043.bin;0x10763;50 41 74 23;Hope Child, Turiel
ai/043.bin;0x10763;39 5F 97 27;Promising Knight, David
ai/043.bin;0x10763;BE 51 F9 27;Ravenous Dragon, Battlerex
ai/043.bin;0x10763;9C C6 00 28;Heave-ho Turnip
ai/043.bin;0x10763;F7 2E E0 29;～%d
ai/043.bin;0x10763;A6 8F 2A 2A;Brawler, Fighting Dracokid
ai/043.bin;0x10763;44 62 0C 2D;Soundless Archer, Conductance
ai/043.bin;0x10763;14 30 63 2D;!!!! AI ERROR !!!!\n  
ai/043.bin;0x10763;EE 81 9E 32;Titan of the Capturing Arm
ai/043.bin;0x10763;C5 4D EE 32;Blaster Dark "Diablo"
ai/043.bin;0x10763;F1 28 16 33;枚しか選んでいない
ai/043.bin;0x10763;BC 1F 35 33;  ブースター : %s
ai/043.bin;0x10763;B8 BC F2 37;Ambush Demon Stealth Rogue, Kagamijishi
ai/043.bin;0x10763;6E 42 D6 38;AI(%d) : アタック情報
ai/043.bin;0x10763;B3 AD 45 3A;ブラスター
ai/043.bin;0x10763;03 D4 54 45; ヒットされない
ai/043.bin;0x10763;2D 3A A7 45;AI(%d) : ガードステップ情報
ai/043.bin;0x10763;2C A5 7B 4D;枚選択する必要があるが、
ai/043.bin;0x10763;9F A5 E0 4F;CEO Amaterasu
ai/043.bin;0x10763;3A D0 5B 51;Exxtreme Battler, Victor
ai/043.bin;0x10763;A6 11 33 52;Dark Dragon, Phantom Blaster "Diablo"
ai/043.bin;0x10763;3C E0 6F 55;Dragonic Overlord (Break Ride)
ai/043.bin;0x10763;DE C1 45 56;解放者
ai/043.bin;0x10763;F7 6D 78 57;Stamp Sea Otter
ai/043.bin;0x10763;C5 AF 0D 60;Crimson Roar, Metatron
ai/043.bin;0x10763;29 1A 85 62;Maiden of Dreaming Aroma
ai/043.bin;0x10763;47 87 68 63;AI(%d) : 思考時間 %.3f秒 (行動カテゴリ:%d)
ai/043.bin;0x10763;55 C8 81 63;  完全ガード : %d/%d枚
ai/043.bin;0x10763;42 D7 DA 63;  ガーディアン候補
ai/043.bin;0x10763;33 8E E7 69;Duo True Sister, Meer
ai/043.bin;0x10763;E8 83 60 6B;Daredevil Samurai
ai/043.bin;0x10763;4B D4 AE 6B;  合計シールド : 
ai/043.bin;0x10763;10 F3 CF 6C;Maiden of Gladiolus
ai/043.bin;0x10763;DC 4C 2C 6E;Flower Princess of Spring's Beginning, Primavera
ai/043.bin;0x10763;11 E8 1D 70;Oracle Queen, Himiko
ai/043.bin;0x10763;E4 FB 3C 72;Blue Storm Cadet, Anos
ai/043.bin;0x10763;29 EF C2 73;  対象(%d) : %s
ai/043.bin;0x10763;A6 68 BC 7B;Flower Princess of Spring, Arborea
ai/043.bin;0x10763;43 8A DF 7B;Blossoming Maiden, Cela
ai/043.bin;0x10763;7C 3A 8B 81;Liberator, Burning Blow
ai/043.bin;0x10763;DA 63 6D 85;Dimensional Robo, Daibrave
ai/043.bin;0x10763;46 DE 4B 88;Dark Metal Dragon
ai/043.bin;0x10763;6A D5 6E 8A;Katanaraizer
ai/043.bin;0x10763;C9 45 AB 8C;Vegetable Avatar Dragon
ai/043.bin;0x10763;A0 D8 63 8D;Great Cosmic Hero, Grandgallop
ai/043.bin;0x10763;1F 10 24 8F;上
ai/043.bin;0x10763;6C E6 93 8F;Pitch Black Sage, Charon
ai/043.bin;0x10763;5D 93 52 90;Lady of the Sunlight Forest
ai/043.bin;0x10763;BB E2 E9 90;Immortal, Asura Kaiser
ai/043.bin;0x10763;BD 7D A6 91;Spring-Heralding Maiden, Ozu
ai/043.bin;0x10763;E1 26 37 94;Demonic Dragon Berserker, Chatura
ai/043.bin;0x10763;6A 0F 95 94;  アタッカーのパワー : %d(%d)
ai/043.bin;0x10763;7F BB 35 95;Supreme Heavenly Emperor Dragon, Dragonic Overlord "the Ace"
ai/043.bin;0x10763;0C DD 47 9B;Battle Sister, Parfait
ai/043.bin;0x10763;1A 2D D2 9C;Myth Guard, Fomalhaut
ai/043.bin;0x10763;69 08 3B A2;Blue Wave Dragon, Tetra-drive Dragon
ai/043.bin;0x10763;F1 51 AA A2;Steam Fighter, Balih
ai/043.bin;0x10763;6A CE C8 A4;Maiden of Passionflower
ai/043.bin;0x10763;01 6D 5C A6;Coral Berry Squire
ai/043.bin;0x10763;A4 F3 D7 A7;  アタッカーのクリティカル : %d
ai/043.bin;0x10763;BD FD F6 A7;Extreme Battler, Runbhol
ai/043.bin;0x10763;BE A9 8C A8;Budding Maiden, Diane
ai/043.bin;0x10763;24 ED 3B AB;Maiden of Dimorphotheca
ai/043.bin;0x10763;9F 77 42 AC;Flare Whip Dragon
ai/043.bin;0x10763;47 71 A2 B2;Grace Knight
ai/043.bin;0x10763;39 6A 36 B5;Hyper Metalborg, Heavyduke
ai/043.bin;0x10763;F7 48 21 B9;Dragon Knight, Jaral
ai/043.bin;0x10763;4D 11 72 B9;Glass Beads Dragon
ai/043.bin;0x10763;88 EF 6D BC;Enigman Tornado
ai/043.bin;0x10763;ED F8 CC BD;Final Wrench
ai/043.bin;0x10763;11 9F 48 BE;Shura Stealth Dragon, Daranicongo
ai/043.bin;0x10763;CF AA 4F C1;Perdition Dragon, Dragonic Neoflame
ai/043.bin;0x10763;7C 17 CE C1;Ranunculus Flower Maiden, Ahsha
ai/043.bin;0x10763;8B 75 AB C6;Lavender Knight
ai/043.bin;0x10763;15 6E A2 C8;Wisteria Knight
ai/043.bin;0x10763;AB 51 A7 CB;AI(%d) : レシピ (フラグ:%08x)
ai/043.bin;0x10763;D7 DA C1 D6;AI(%d) : 思考開始 (行動カテゴリ:%d)
ai/043.bin;0x10763;7C 46 0A D9;Stealth Dragon, Dreadmaster
ai/043.bin;0x10763;6B 1D DB DC;Machining Mosquito mkII
ai/043.bin;0x10763;69 E8 61 E1;オーバーロード
ai/043.bin;0x10763;7D 1F 65 E6;Beast Deity, Night Jackal
ai/043.bin;0x10763;51 EB 60 E7;Maiden of Rainbow Wood
ai/043.bin;0x10763;57 CD 2E E8;    
ai/043.bin;0x10763;CC 1A C6 E8;AI未設定 : attrib = %s
ai/043.bin;0x10763;39 17 8B F0;Starry Skies Liberator, Guinevere
ai/043.bin;0x10763;4B 16 BE F0;Knight of Frevor, Hector
ai/043.bin;0x10763;BF 43 2B F1;  アタッカー : %s
ai/043.bin;0x10763;27 25 50 F1;Bear Down Samurai
ai/043.bin;0x10763;FC BA BC F1;Poison Mushroom
ai/043.bin;0x10763;FC B0 EB F6;Purification Regalia, Pure Angel
ai/043.bin;0x10763;89 20 23 F8;下
ai/043.bin;0x10763;DD 4C B3 F8;ターン開始 AI(%d)
ai/043.bin;0x10763;18 FC 13 F9;Fairy Light Dragon
ai/044.bin;0x117BA;DC A5 CF 01;  クインテットウォール : %d/%d枚
ai/044.bin;0x117BA;51 5B 2F 06;Hexagonal Magus
ai/044.bin;0x117BA;DD 9F CC 07;Blue Storm Dragon, Maelstrom
ai/044.bin;0x117BA;8D 9F AA 08;  シールドの要求値 : 
ai/044.bin;0x117BA;76 AE E0 09;Dragonic Overlord "The Яe-birth" (Trigger)
ai/044.bin;0x117BA;02 DC 8B 0D;Mond Blaukluger
ai/044.bin;0x117BA;B1 2D 5D 0E;  対象のパワー : %d(%d)%s
ai/044.bin;0x117BA;24 A1 3B 11;Rising Lionet
ai/044.bin;0x117BA;CA 98 65 11;Mythic Beast, Fenrir
ai/044.bin;0x117BA;2F 96 22 12;Dancing Wolf
ai/044.bin;0x117BA;34 08 FC 12;Dream-spinning Ranunculus, Ahsha
ai/044.bin;0x117BA;2F CE 1C 13;Goddess of Flower Divination, Sakuya
ai/044.bin;0x117BA;9F 3C 4E 15; + %d
ai/044.bin;0x117BA;2B C8 7B 17;Valkyrie of Reclamation, Padmini
ai/044.bin;0x117BA;26 7B 30 1A;Cat Butler
ai/044.bin;0x117BA;8D 20 89 1A;AI未設定 : %s %d
ai/044.bin;0x117BA;0F 09 5A 1F;Flower Chamber Maiden, Salianna
ai/044.bin;0x117BA;49 58 50 21;Dimensional Robo, Daijet
ai/044.bin;0x117BA;8E BC BB 21;  シールドの目標値 : 
ai/044.bin;0x117BA;50 41 74 23;Hope Child, Turiel
ai/044.bin;0x117BA;39 5F 97 27;Promising Knight, David
ai/044.bin;0x117BA;BE 51 F9 27;Ravenous Dragon, Battlerex
ai/044.bin;0x117BA;9C C6 00 28;Heave-ho Turnip
ai/044.bin;0x117BA;F7 2E E0 29;～%d
ai/044.bin;0x117BA;A6 8F 2A 2A;Brawler, Fighting Dracokid
ai/044.bin;0x117BA;44 62 0C 2D;Soundless Archer, Conductance
ai/044.bin;0x117BA;14 30 63 2D;!!!! AI ERROR !!!!\n  
ai/044.bin;0x117BA;EE 81 9E 32;Titan of the Capturing Arm
ai/044.bin;0x117BA;C5 4D EE 32;Blaster Dark "Diablo"
ai/044.bin;0x117BA;F1 28 16 33;枚しか選んでいない
ai/044.bin;0x117BA;BC 1F 35 33;  ブースター : %s
ai/044.bin;0x117BA;B8 BC F2 37;Ambush Demon Stealth Rogue, Kagamijishi
ai/044.bin;0x117BA;6E 42 D6 38;AI(%d) : アタック情報
ai/044.bin;0x117BA;B3 AD 45 3A;ブラスター
ai/044.bin;0x117BA;03 D4 54 45; ヒットされない
ai/044.bin;0x117BA;2D 3A A7 45;AI(%d) : ガードステップ情報
ai/044.bin;0x117BA;B6 85 A8 4C;Early-flowering Maiden, Pia
ai/044.bin;0x117BA;2C A5 7B 4D;枚選択する必要があるが、
ai/044.bin;0x117BA;9F A5 E0 4F;CEO Amaterasu
ai/044.bin;0x117BA;3A D0 5B 51;Exxtreme Battler, Victor
ai/044.bin;0x117BA;A6 11 33 52;Dark Dragon, Phantom Blaster "Diablo"
ai/044.bin;0x117BA;3C E0 6F 55;Dragonic Overlord (Break Ride)
ai/044.bin;0x117BA;DE C1 45 56;解放者
ai/044.bin;0x117BA;F7 6D 78 57;Stamp Sea Otter
ai/044.bin;0x117BA;BF 48 AB 5E;Sacred Tree Dragon, Jingle Flower Dragon
ai/044.bin;0x117BA;C5 AF 0D 60;Crimson Roar, Metatron
ai/044.bin;0x117BA;29 1A 85 62;Maiden of Dreaming Aroma
ai/044.bin;0x117BA;47 87 68 63;AI(%d) : 思考時間 %.3f秒 (行動カテゴリ:%d)
ai/044.bin;0x117BA;55 C8 81 63;  完全ガード : %d/%d枚
ai/044.bin;0x117BA;42 D7 DA 63;  ガーディアン候補
ai/044.bin;0x117BA;33 8E E7 69;Duo True Sister, Meer
ai/044.bin;0x117BA;E8 83 60 6B;Daredevil Samurai
ai/044.bin;0x117BA;4B D4 AE 6B;  合計シールド : 
ai/044.bin;0x117BA;10 F3 CF 6C;Maiden of Gladiolus
ai/044.bin;0x117BA;DC 4C 2C 6E;Flower Princess of Spring's Beginning, Primavera
ai/044.bin;0x117BA;54 F7 38 6E;Chestnut Bullet
ai/044.bin;0x117BA;11 E8 1D 70;Oracle Queen, Himiko
ai/044.bin;0x117BA;E4 FB 3C 72;Blue Storm Cadet, Anos
ai/044.bin;0x117BA;29 EF C2 73;  対象(%d) : %s
ai/044.bin;0x117BA;A6 68 BC 7B;Flower Princess of Spring, Arborea
ai/044.bin;0x117BA;7C 3A 8B 81;Liberator, Burning Blow
ai/044.bin;0x117BA;4C EA CD 82;Flower Garden Maiden, Mylis
ai/044.bin;0x117BA;DA 63 6D 85;Dimensional Robo, Daibrave
ai/044.bin;0x117BA;46 DE 4B 88;Dark Metal Dragon
ai/044.bin;0x117BA;6A D5 6E 8A;Katanaraizer
ai/044.bin;0x117BA;A0 D8 63 8D;Great Cosmic Hero, Grandgallop
ai/044.bin;0x117BA;1F 10 24 8F;上
ai/044.bin;0x117BA;6C E6 93 8F;Pitch Black Sage, Charon
ai/044.bin;0x117BA;5D 93 52 90;Lady of the Sunlight Forest
ai/044.bin;0x117BA;BB E2 E9 90;Immortal, Asura Kaiser
ai/044.bin;0x117BA;BD 7D A6 91;Spring-Heralding Maiden, Ozu
ai/044.bin;0x117BA;E1 26 37 94;Demonic Dragon Berserker, Chatura
ai/044.bin;0x117BA;6A 0F 95 94;  アタッカーのパワー : %d(%d)
ai/044.bin;0x117BA;7F BB 35 95;Supreme Heavenly Emperor Dragon, Dragonic Overlord "the Ace"
ai/044.bin;0x117BA;0C DD 47 9B;Battle Sister, Parfait
ai/044.bin;0x117BA;1A 2D D2 9C;Myth Guard, Fomalhaut
ai/044.bin;0x117BA;69 08 3B A2;Blue Wave Dragon, Tetra-drive Dragon
ai/044.bin;0x117BA;F1 51 AA A2;Steam Fighter, Balih
ai/044.bin;0x117BA;6A CE C8 A4;Maiden of Passionflower
ai/044.bin;0x117BA;A4 F3 D7 A7;  アタッカーのクリティカル : %d
ai/044.bin;0x117BA;BD FD F6 A7;Extreme Battler, Runbhol
ai/044.bin;0x117BA;BE A9 8C A8;Budding Maiden, Diane
ai/044.bin;0x117BA;24 ED 3B AB;Maiden of Dimorphotheca
ai/044.bin;0x117BA;9F 77 42 AC;Flare Whip Dragon
ai/044.bin;0x117BA;39 6A 36 B5;Hyper Metalborg, Heavyduke
ai/044.bin;0x117BA;F7 48 21 B9;Dragon Knight, Jaral
ai/044.bin;0x117BA;4D 11 72 B9;Glass Beads Dragon
ai/044.bin;0x117BA;88 EF 6D BC;Enigman Tornado
ai/044.bin;0x117BA;ED F8 CC BD;Final Wrench
ai/044.bin;0x117BA;11 9F 48 BE;Shura Stealth Dragon, Daranicongo
ai/044.bin;0x117BA;CF AA 4F C1;Perdition Dragon, Dragonic Neoflame
ai/044.bin;0x117BA;7C 17 CE C1;Ranunculus Flower Maiden, Ahsha
ai/044.bin;0x117BA;15 6E A2 C8;Wisteria Knight
ai/044.bin;0x117BA;AB 51 A7 CB;AI(%d) : レシピ (フラグ:%08x)
ai/044.bin;0x117BA;D7 DA C1 D6;AI(%d) : 思考開始 (行動カテゴリ:%d)
ai/044.bin;0x117BA;7C 46 0A D9;Stealth Dragon, Dreadmaster
ai/044.bin;0x117BA;6B 1D DB DC;Machining Mosquito mkII
ai/044.bin;0x117BA;69 E8 61 E1;オーバーロード
ai/044.bin;0x117BA;7D 1F 65 E6;Beast Deity, Night Jackal
ai/044.bin;0x117BA;51 EB 60 E7;Maiden of Rainbow Wood
ai/044.bin;0x117BA;57 CD 2E E8;    
ai/044.bin;0x117BA;CC 1A C6 E8;AI未設定 : attrib = %s
ai/044.bin;0x117BA;8B 83 65 E9;ラナンキュラス
ai/044.bin;0x117BA;39 17 8B F0;Starry Skies Liberator, Guinevere
ai/044.bin;0x117BA;4B 16 BE F0;Knight of Frevor, Hector
ai/044.bin;0x117BA;BF 43 2B F1;  アタッカー : %s
ai/044.bin;0x117BA;27 25 50 F1;Bear Down Samurai
ai/044.bin;0x117BA;FC BA BC F1;Poison Mushroom
ai/044.bin;0x117BA;BB 7D 3C F4;Maiden of Frilldrod
ai/044.bin;0x117BA;FC B0 EB F6;Purification Regalia, Pure Angel
ai/044.bin;0x117BA;89 20 23 F8;下
ai/044.bin;0x117BA;DD 4C B3 F8;ターン開始 AI(%d)
ai/044.bin;0x117BA;18 FC 13 F9;Fairy Light Dragon
ai/045.bin;0x100D1;34 53 5F 00;Lake Maiden, Lien
ai/045.bin;0x100D1;DC A5 CF 01;  クインテットウォール : %d/%d枚
ai/045.bin;0x100D1;CE A0 AE 04;Holy Knight Guardian
ai/045.bin;0x100D1;51 5B 2F 06;Hexagonal Magus
ai/045.bin;0x100D1;DD 9F CC 07;Blue Storm Dragon, Maelstrom
ai/045.bin;0x100D1;8D 9F AA 08;  シールドの要求値 : 
ai/045.bin;0x100D1;76 AE E0 09;Dragonic Overlord "The Яe-birth" (Trigger)
ai/045.bin;0x100D1;02 DC 8B 0D;Mond Blaukluger
ai/045.bin;0x100D1;C9 06 D4 0D;Margal
ai/045.bin;0x100D1;B1 2D 5D 0E;  対象のパワー : %d(%d)%s
ai/045.bin;0x100D1;24 A1 3B 11;Rising Lionet
ai/045.bin;0x100D1;CA 98 65 11;Mythic Beast, Fenrir
ai/045.bin;0x100D1;2F 96 22 12;Dancing Wolf
ai/045.bin;0x100D1;2F CE 1C 13;Goddess of Flower Divination, Sakuya
ai/045.bin;0x100D1;08 F5 FB 13;Divine Knight of Flashing Flame, Samuel
ai/045.bin;0x100D1;9F 3C 4E 15; + %d
ai/045.bin;0x100D1;26 7B 30 1A;Cat Butler
ai/045.bin;0x100D1;8D 20 89 1A;AI未設定 : %s %d
ai/045.bin;0x100D1;C0 17 EB 1D;Majesty Lord Blaster (Trigger)
ai/045.bin;0x100D1;49 58 50 21;Dimensional Robo, Daijet
ai/045.bin;0x100D1;8E BC BB 21;  シールドの目標値 : 
ai/045.bin;0x100D1;00 8C ED 21;Miru Biru
ai/045.bin;0x100D1;50 41 74 23;Hope Child, Turiel
ai/045.bin;0x100D1;39 5F 97 27;Promising Knight, David
ai/045.bin;0x100D1;BE 51 F9 27;Ravenous Dragon, Battlerex
ai/045.bin;0x100D1;F7 2E E0 29;～%d
ai/045.bin;0x100D1;A6 8F 2A 2A;Brawler, Fighting Dracokid
ai/045.bin;0x100D1;44 62 0C 2D;Soundless Archer, Conductance
ai/045.bin;0x100D1;14 30 63 2D;!!!! AI ERROR !!!!\n  
ai/045.bin;0x100D1;EE 81 9E 32;Titan of the Capturing Arm
ai/045.bin;0x100D1;C5 4D EE 32;Blaster Dark "Diablo"
ai/045.bin;0x100D1;F1 28 16 33;枚しか選んでいない
ai/045.bin;0x100D1;BC 1F 35 33;  ブースター : %s
ai/045.bin;0x100D1;63 BD 80 33;Knight of Twin Sword
ai/045.bin;0x100D1;B8 BC F2 37;Ambush Demon Stealth Rogue, Kagamijishi
ai/045.bin;0x100D1;6E 42 D6 38;AI(%d) : アタック情報
ai/045.bin;0x100D1;B3 AD 45 3A;ブラスター
ai/045.bin;0x100D1;24 82 DE 40;Shining Knight, Millius
ai/045.bin;0x100D1;03 D4 54 45; ヒットされない
ai/045.bin;0x100D1;2D 3A A7 45;AI(%d) : ガードステップ情報
ai/045.bin;0x100D1;2C A5 7B 4D;枚選択する必要があるが、
ai/045.bin;0x100D1;A6 43 0C 4F;Bringer of Dreams, Belenus
ai/045.bin;0x100D1;9F A5 E0 4F;CEO Amaterasu
ai/045.bin;0x100D1;3A D0 5B 51;Exxtreme Battler, Victor
ai/045.bin;0x100D1;A6 11 33 52;Dark Dragon, Phantom Blaster "Diablo"
ai/045.bin;0x100D1;3C E0 6F 55;Dragonic Overlord (Break Ride)
ai/045.bin;0x100D1;DE C1 45 56;解放者
ai/045.bin;0x100D1;F7 6D 78 57;Stamp Sea Otter
ai/045.bin;0x100D1;B0 93 08 5A;Laurel Knight, Sicilus
ai/045.bin;0x100D1;C5 AF 0D 60;Crimson Roar, Metatron
ai/045.bin;0x100D1;29 CF 10 62;Lunar Crescent Knight, Felax
ai/045.bin;0x100D1;75 87 53 62;Knight of Reform, Ladinas
ai/045.bin;0x100D1;47 87 68 63;AI(%d) : 思考時間 %.3f秒 (行動カテゴリ:%d)
ai/045.bin;0x100D1;55 C8 81 63;  完全ガード : %d/%d枚
ai/045.bin;0x100D1;42 D7 DA 63;  ガーディアン候補
ai/045.bin;0x100D1;33 8E E7 69;Duo True Sister, Meer
ai/045.bin;0x100D1;E8 83 60 6B;Daredevil Samurai
ai/045.bin;0x100D1;4B D4 AE 6B;  合計シールド : 
ai/045.bin;0x100D1;DC 4C 2C 6E;Flower Princess of Spring's Beginning, Primavera
ai/045.bin;0x100D1;11 E8 1D 70;Oracle Queen, Himiko
ai/045.bin;0x100D1;E4 FB 3C 72;Blue Storm Cadet, Anos
ai/045.bin;0x100D1;29 EF C2 73;  対象(%d) : %s
ai/045.bin;0x100D1;2F BC 32 75;Knight of Greatspear
ai/045.bin;0x100D1;5A 1C 38 7C;Jewel Knight, Prizmy
ai/045.bin;0x100D1;7C 3A 8B 81;Liberator, Burning Blow
ai/045.bin;0x100D1;E1 95 2F 85;Sacred Wielding Seeker, Octavius
ai/045.bin;0x100D1;DA 63 6D 85;Dimensional Robo, Daibrave
ai/045.bin;0x100D1;68 C9 7B 87;Burning Mane Lion
ai/045.bin;0x100D1;46 DE 4B 88;Dark Metal Dragon
ai/045.bin;0x100D1;6A D5 6E 8A;Katanaraizer
ai/045.bin;0x100D1;A0 D8 63 8D;Great Cosmic Hero, Grandgallop
ai/045.bin;0x100D1;1F 10 24 8F;上
ai/045.bin;0x100D1;6C E6 93 8F;Pitch Black Sage, Charon
ai/045.bin;0x100D1;BB E2 E9 90;Immortal, Asura Kaiser
ai/045.bin;0x100D1;E1 26 37 94;Demonic Dragon Berserker, Chatura
ai/045.bin;0x100D1;6A 0F 95 94;  アタッカーのパワー : %d(%d)
ai/045.bin;0x100D1;7F BB 35 95;Supreme Heavenly Emperor Dragon, Dragonic Overlord "the Ace"
ai/045.bin;0x100D1;5D 10 30 98;Shrouded Divine Knight, Gablade
ai/045.bin;0x100D1;0C DD 47 9B;Battle Sister, Parfait
ai/045.bin;0x100D1;1A 2D D2 9C;Myth Guard, Fomalhaut
ai/045.bin;0x100D1;69 08 3B A2;Blue Wave Dragon, Tetra-drive Dragon
ai/045.bin;0x100D1;F1 51 AA A2;Steam Fighter, Balih
ai/045.bin;0x100D1;A4 F3 D7 A7;  アタッカーのクリティカル : %d
ai/045.bin;0x100D1;BD FD F6 A7;Extreme Battler, Runbhol
ai/045.bin;0x100D1;9F 77 42 AC;Flare Whip Dragon
ai/045.bin;0x100D1;39 6A 36 B5;Hyper Metalborg, Heavyduke
ai/045.bin;0x100D1;F7 48 21 B9;Dragon Knight, Jaral
ai/045.bin;0x100D1;88 EF 6D BC;Enigman Tornado
ai/045.bin;0x100D1;C8 F3 8F BD;Starlight Violinist
ai/045.bin;0x100D1;ED F8 CC BD;Final Wrench
ai/045.bin;0x100D1;11 9F 48 BE;Shura Stealth Dragon, Daranicongo
ai/045.bin;0x100D1;CF AA 4F C1;Perdition Dragon, Dragonic Neoflame
ai/045.bin;0x100D1;7C 17 CE C1;Ranunculus Flower Maiden, Ahsha
ai/045.bin;0x100D1;4C D3 3F C7;Holy Dragon, Saint Blow Dragon
ai/045.bin;0x100D1;15 6E A2 C8;Wisteria Knight
ai/045.bin;0x100D1;43 21 E5 C8;Knight of Fragment
ai/045.bin;0x100D1;AB 51 A7 CB;AI(%d) : レシピ (フラグ:%08x)
ai/045.bin;0x100D1;E7 C2 F9 CC;Healing Pegasus
ai/045.bin;0x100D1;D7 DA C1 D6;AI(%d) : 思考開始 (行動カテゴリ:%d)
ai/045.bin;0x100D1;7C 46 0A D9;Stealth Dragon, Dreadmaster
ai/045.bin;0x100D1;E2 CC 7C D9;Exculpate the Blaster
ai/045.bin;0x100D1;6B 1D DB DC;Machining Mosquito mkII
ai/045.bin;0x100D1;69 E8 61 E1;オーバーロード
ai/045.bin;0x100D1;7D 1F 65 E6;Beast Deity, Night Jackal
ai/045.bin;0x100D1;57 CD 2E E8;    
ai/045.bin;0x100D1;CC 1A C6 E8;AI未設定 : attrib = %s
ai/045.bin;0x100D1;83 A0 BD E9;Grynngal Seeker
ai/045.bin;0x100D1;00 BD 56 ED;Knight of Refinement, Benizel
ai/045.bin;0x100D1;39 17 8B F0;Starry Skies Liberator, Guinevere
ai/045.bin;0x100D1;4B 16 BE F0;Knight of Frevor, Hector
ai/045.bin;0x100D1;BF 43 2B F1;  アタッカー : %s
ai/045.bin;0x100D1;27 25 50 F1;Bear Down Samurai
ai/045.bin;0x100D1;D7 AF 7D F5;Blue Sky Knight, Altmile
ai/045.bin;0x100D1;FC B0 EB F6;Purification Regalia, Pure Angel
ai/045.bin;0x100D1;89 20 23 F8;下
ai/045.bin;0x100D1;DD 4C B3 F8;ターン開始 AI(%d)
ai/046.bin;0x11553;34 53 5F 00;Lake Maiden, Lien
ai/046.bin;0x11553;DC A5 CF 01;  クインテットウォール : %d/%d枚
ai/046.bin;0x11553;CE A0 AE 04;Holy Knight Guardian
ai/046.bin;0x11553;51 5B 2F 06;Hexagonal Magus
ai/046.bin;0x11553;DD 9F CC 07;Blue Storm Dragon, Maelstrom
ai/046.bin;0x11553;8D 9F AA 08;  シールドの要求値 : 
ai/046.bin;0x11553;76 AE E0 09;Dragonic Overlord "The Яe-birth" (Trigger)
ai/046.bin;0x11553;02 DC 8B 0D;Mond Blaukluger
ai/046.bin;0x11553;B1 2D 5D 0E;  対象のパワー : %d(%d)%s
ai/046.bin;0x11553;24 A1 3B 11;Rising Lionet
ai/046.bin;0x11553;CA 98 65 11;Mythic Beast, Fenrir
ai/046.bin;0x11553;2F 96 22 12;Dancing Wolf
ai/046.bin;0x11553;2F CE 1C 13;Goddess of Flower Divination, Sakuya
ai/046.bin;0x11553;08 F5 FB 13;Divine Knight of Flashing Flame, Samuel
ai/046.bin;0x11553;9F 3C 4E 15; + %d
ai/046.bin;0x11553;26 7B 30 1A;Cat Butler
ai/046.bin;0x11553;8D 20 89 1A;AI未設定 : %s %d
ai/046.bin;0x11553;C0 17 EB 1D;Majesty Lord Blaster (Trigger)
ai/046.bin;0x11553;49 58 50 21;Dimensional Robo, Daijet
ai/046.bin;0x11553;BD D1 61 21;Knight of Flash
ai/046.bin;0x11553;8E BC BB 21;  シールドの目標値 : 
ai/046.bin;0x11553;00 8C ED 21;Miru Biru
ai/046.bin;0x11553;50 41 74 23;Hope Child, Turiel
ai/046.bin;0x11553;39 5F 97 27;Promising Knight, David
ai/046.bin;0x11553;BE 51 F9 27;Ravenous Dragon, Battlerex
ai/046.bin;0x11553;F7 2E E0 29;～%d
ai/046.bin;0x11553;A6 8F 2A 2A;Brawler, Fighting Dracokid
ai/046.bin;0x11553;44 62 0C 2D;Soundless Archer, Conductance
ai/046.bin;0x11553;14 30 63 2D;!!!! AI ERROR !!!!\n  
ai/046.bin;0x11553;EE 81 9E 32;Titan of the Capturing Arm
ai/046.bin;0x11553;C5 4D EE 32;Blaster Dark "Diablo"
ai/046.bin;0x11553;F1 28 16 33;枚しか選んでいない
ai/046.bin;0x11553;BC 1F 35 33;  ブースター : %s
ai/046.bin;0x11553;63 BD 80 33;Knight of Twin Sword
ai/046.bin;0x11553;B8 BC F2 37;Ambush Demon Stealth Rogue, Kagamijishi
ai/046.bin;0x11553;6E 42 D6 38;AI(%d) : アタック情報
ai/046.bin;0x11553;B3 AD 45 3A;ブラスター
ai/046.bin;0x11553;24 82 DE 40;Shining Knight, Millius
ai/046.bin;0x11553;03 D4 54 45; ヒットされない
ai/046.bin;0x11553;2D 3A A7 45;AI(%d) : ガードステップ情報
ai/046.bin;0x11553;2C A5 7B 4D;枚選択する必要があるが、
ai/046.bin;0x11553;A6 43 0C 4F;Bringer of Dreams, Belenus
ai/046.bin;0x11553;4D 38 0E 4F;Knight of Reform, Pir
ai/046.bin;0x11553;9F A5 E0 4F;CEO Amaterasu
ai/046.bin;0x11553;3A D0 5B 51;Exxtreme Battler, Victor
ai/046.bin;0x11553;A6 11 33 52;Dark Dragon, Phantom Blaster "Diablo"
ai/046.bin;0x11553;3C E0 6F 55;Dragonic Overlord (Break Ride)
ai/046.bin;0x11553;DE C1 45 56;解放者
ai/046.bin;0x11553;F7 6D 78 57;Stamp Sea Otter
ai/046.bin;0x11553;B0 93 08 5A;Laurel Knight, Sicilus
ai/046.bin;0x11553;C5 AF 0D 60;Crimson Roar, Metatron
ai/046.bin;0x11553;29 CF 10 62;Lunar Crescent Knight, Felax
ai/046.bin;0x11553;75 87 53 62;Knight of Reform, Ladinas
ai/046.bin;0x11553;47 87 68 63;AI(%d) : 思考時間 %.3f秒 (行動カテゴリ:%d)
ai/046.bin;0x11553;55 C8 81 63;  完全ガード : %d/%d枚
ai/046.bin;0x11553;42 D7 DA 63;  ガーディアン候補
ai/046.bin;0x11553;33 8E E7 69;Duo True Sister, Meer
ai/046.bin;0x11553;E8 83 60 6B;Daredevil Samurai
ai/046.bin;0x11553;4B D4 AE 6B;  合計シールド : 
ai/046.bin;0x11553;DC 4C 2C 6E;Flower Princess of Spring's Beginning, Primavera
ai/046.bin;0x11553;11 E8 1D 70;Oracle Queen, Himiko
ai/046.bin;0x11553;E4 FB 3C 72;Blue Storm Cadet, Anos
ai/046.bin;0x11553;29 EF C2 73;  対象(%d) : %s
ai/046.bin;0x11553;2F BC 32 75;Knight of Greatspear
ai/046.bin;0x11553;5A 1C 38 7C;Jewel Knight, Prizmy
ai/046.bin;0x11553;7C 3A 8B 81;Liberator, Burning Blow
ai/046.bin;0x11553;E1 95 2F 85;Sacred Wielding Seeker, Octavius
ai/046.bin;0x11553;DA 63 6D 85;Dimensional Robo, Daibrave
ai/046.bin;0x11553;68 C9 7B 87;Burning Mane Lion
ai/046.bin;0x11553;46 DE 4B 88;Dark Metal Dragon
ai/046.bin;0x11553;6A D5 6E 8A;Katanaraizer
ai/046.bin;0x11553;A0 D8 63 8D;Great Cosmic Hero, Grandgallop
ai/046.bin;0x11553;1F 10 24 8F;上
ai/046.bin;0x11553;6C E6 93 8F;Pitch Black Sage, Charon
ai/046.bin;0x11553;BB E2 E9 90;Immortal, Asura Kaiser
ai/046.bin;0x11553;E1 26 37 94;Demonic Dragon Berserker, Chatura
ai/046.bin;0x11553;6A 0F 95 94;  アタッカーのパワー : %d(%d)
ai/046.bin;0x11553;7F BB 35 95;Supreme Heavenly Emperor Dragon, Dragonic Overlord "the Ace"
ai/046.bin;0x11553;5D 10 30 98;Shrouded Divine Knight, Gablade
ai/046.bin;0x11553;0C DD 47 9B;Battle Sister, Parfait
ai/046.bin;0x11553;1A 2D D2 9C;Myth Guard, Fomalhaut
ai/046.bin;0x11553;69 08 3B A2;Blue Wave Dragon, Tetra-drive Dragon
ai/046.bin;0x11553;F1 51 AA A2;Steam Fighter, Balih
ai/046.bin;0x11553;A4 F3 D7 A7;  アタッカーのクリティカル : %d
ai/046.bin;0x11553;BD FD F6 A7;Extreme Battler, Runbhol
ai/046.bin;0x11553;05 CD C8 A9;アルトマイル
ai/046.bin;0x11553;9F 77 42 AC;Flare Whip Dragon
ai/046.bin;0x11553;39 6A 36 B5;Hyper Metalborg, Heavyduke
ai/046.bin;0x11553;F7 48 21 B9;Dragon Knight, Jaral
ai/046.bin;0x11553;88 EF 6D BC;Enigman Tornado
ai/046.bin;0x11553;ED F8 CC BD;Final Wrench
ai/046.bin;0x11553;11 9F 48 BE;Shura Stealth Dragon, Daranicongo
ai/046.bin;0x11553;CF AA 4F C1;Perdition Dragon, Dragonic Neoflame
ai/046.bin;0x11553;7C 17 CE C1;Ranunculus Flower Maiden, Ahsha
ai/046.bin;0x11553;4C D3 3F C7;Holy Dragon, Saint Blow Dragon
ai/046.bin;0x11553;15 6E A2 C8;Wisteria Knight
ai/046.bin;0x11553;43 21 E5 C8;Knight of Fragment
ai/046.bin;0x11553;AB 51 A7 CB;AI(%d) : レシピ (フラグ:%08x)
ai/046.bin;0x11553;E7 C2 F9 CC;Healing Pegasus
ai/046.bin;0x11553;63 83 B8 D2;Techgal
ai/046.bin;0x11553;D7 DA C1 D6;AI(%d) : 思考開始 (行動カテゴリ:%d)
ai/046.bin;0x11553;7C 46 0A D9;Stealth Dragon, Dreadmaster
ai/046.bin;0x11553;E2 CC 7C D9;Exculpate the Blaster
ai/046.bin;0x11553;6B 1D DB DC;Machining Mosquito mkII
ai/046.bin;0x11553;69 E8 61 E1;オーバーロード
ai/046.bin;0x11553;7D 1F 65 E6;Beast Deity, Night Jackal
ai/046.bin;0x11553;57 CD 2E E8;    
ai/046.bin;0x11553;CC 1A C6 E8;AI未設定 : attrib = %s
ai/046.bin;0x11553;83 A0 BD E9;Grynngal Seeker
ai/046.bin;0x11553;00 BD 56 ED;Knight of Refinement, Benizel
ai/046.bin;0x11553;39 17 8B F0;Starry Skies Liberator, Guinevere
ai/046.bin;0x11553;4B 16 BE F0;Knight of Frevor, Hector
ai/046.bin;0x11553;BF 43 2B F1;  アタッカー : %s
ai/046.bin;0x11553;27 25 50 F1;Bear Down Samurai
ai/046.bin;0x11553;D7 AF 7D F5;Blue Sky Knight, Altmile
ai/046.bin;0x11553;FB 71 E1 F6;Aerial Divine Knight, Altmile
ai/046.bin;0x11553;FC B0 EB F6;Purification Regalia, Pure Angel
ai/046.bin;0x11553;89 20 23 F8;下
ai/046.bin;0x11553;DD 4C B3 F8;ターン開始 AI(%d)
ai/047.bin;0xF68F;DC A5 CF 01;  クインテットウォール : %d/%d枚
ai/047.bin;0xF68F;51 5B 2F 06;Hexagonal Magus
ai/047.bin;0xF68F;DD 9F CC 07;Blue Storm Dragon, Maelstrom
ai/047.bin;0xF68F;8D 9F AA 08;  シールドの要求値 : 
ai/047.bin;0xF68F;99 38 0E 09;Emerald Witch, LaLa
ai/047.bin;0xF68F;76 AE E0 09;Dragonic Overlord "The Яe-birth" (Trigger)
ai/047.bin;0xF68F;02 DC 8B 0D;Mond Blaukluger
ai/047.bin;0xF68F;B1 2D 5D 0E;  対象のパワー : %d(%d)%s
ai/047.bin;0xF68F;24 A1 3B 11;Rising Lionet
ai/047.bin;0xF68F;CA 98 65 11;Mythic Beast, Fenrir
ai/047.bin;0xF68F;2F 96 22 12;Dancing Wolf
ai/047.bin;0xF68F;2F CE 1C 13;Goddess of Flower Divination, Sakuya
ai/047.bin;0xF68F;9F 3C 4E 15; + %d
ai/047.bin;0xF68F;A4 00 7F 16;バトルシスター
ai/047.bin;0xF68F;8C C5 60 18;Snow Element, Blizza
ai/047.bin;0xF68F;6E 14 F3 19;Battle Sister, Gelee
ai/047.bin;0xF68F;26 7B 30 1A;Cat Butler
ai/047.bin;0xF68F;8D 20 89 1A;AI未設定 : %s %d
ai/047.bin;0xF68F;7D 1B D2 1B;Battle Sister, Lollipop
ai/047.bin;0xF68F;49 58 50 21;Dimensional Robo, Daijet
ai/047.bin;0xF68F;8E BC BB 21;  シールドの目標値 : 
ai/047.bin;0xF68F;50 41 74 23;Hope Child, Turiel
ai/047.bin;0xF68F;C2 70 95 24;Battle Sister, Chai
ai/047.bin;0xF68F;76 66 D9 24;Battle Sister, Waffle
ai/047.bin;0xF68F;39 5F 97 27;Promising Knight, David
ai/047.bin;0xF68F;BE 51 F9 27;Ravenous Dragon, Battlerex
ai/047.bin;0xF68F;F7 2E E0 29;～%d
ai/047.bin;0xF68F;A6 8F 2A 2A;Brawler, Fighting Dracokid
ai/047.bin;0xF68F;44 62 0C 2D;Soundless Archer, Conductance
ai/047.bin;0xF68F;14 30 63 2D;!!!! AI ERROR !!!!\n  
ai/047.bin;0xF68F;9D D8 DB 30;Oracle Guardian, Shisa
ai/047.bin;0xF68F;EE 81 9E 32;Titan of the Capturing Arm
ai/047.bin;0xF68F;C5 4D EE 32;Blaster Dark "Diablo"
ai/047.bin;0xF68F;F1 28 16 33;枚しか選んでいない
ai/047.bin;0xF68F;BC 1F 35 33;  ブースター : %s
ai/047.bin;0xF68F;B8 BC F2 37;Ambush Demon Stealth Rogue, Kagamijishi
ai/047.bin;0xF68F;6E 42 D6 38;AI(%d) : アタック情報
ai/047.bin;0xF68F;B3 AD 45 3A;ブラスター
ai/047.bin;0xF68F;08 37 F8 3A;Battle Sister, Lemonade
ai/047.bin;0xF68F;71 E4 49 42;Battle Sister, Tiramisu
ai/047.bin;0xF68F;03 D4 54 45; ヒットされない
ai/047.bin;0xF68F;2D 3A A7 45;AI(%d) : ガードステップ情報
ai/047.bin;0xF68F;2C A5 7B 4D;枚選択する必要があるが、
ai/047.bin;0xF68F;9F A5 E0 4F;CEO Amaterasu
ai/047.bin;0xF68F;3A D0 5B 51;Exxtreme Battler, Victor
ai/047.bin;0xF68F;A6 11 33 52;Dark Dragon, Phantom Blaster "Diablo"
ai/047.bin;0xF68F;28 FF 89 54;Soaring Auspicious Beast, Kirin
ai/047.bin;0xF68F;3C E0 6F 55;Dragonic Overlord (Break Ride)
ai/047.bin;0xF68F;DE C1 45 56;解放者
ai/047.bin;0xF68F;C9 4A 68 57;Battle Sister, Chocolat
ai/047.bin;0xF68F;F7 6D 78 57;Stamp Sea Otter
ai/047.bin;0xF68F;C5 AF 0D 60;Crimson Roar, Metatron
ai/047.bin;0xF68F;47 87 68 63;AI(%d) : 思考時間 %.3f秒 (行動カテゴリ:%d)
ai/047.bin;0xF68F;55 C8 81 63;  完全ガード : %d/%d枚
ai/047.bin;0xF68F;42 D7 DA 63;  ガーディアン候補
ai/047.bin;0xF68F;A5 71 A7 67;Rain Element, Madew
ai/047.bin;0xF68F;93 11 EA 68;Blue Scale Deer
ai/047.bin;0xF68F;33 8E E7 69;Duo True Sister, Meer
ai/047.bin;0xF68F;C8 60 52 6B;Raincloud-calling Nine-headed Dragon King
ai/047.bin;0xF68F;E8 83 60 6B;Daredevil Samurai
ai/047.bin;0xF68F;4B D4 AE 6B;  合計シールド : 
ai/047.bin;0xF68F;DC 4C 2C 6E;Flower Princess of Spring's Beginning, Primavera
ai/047.bin;0xF68F;11 E8 1D 70;Oracle Queen, Himiko
ai/047.bin;0xF68F;E4 FB 3C 72;Blue Storm Cadet, Anos
ai/047.bin;0xF68F;29 EF C2 73;  対象(%d) : %s
ai/047.bin;0xF68F;71 FD 25 7F;Battle Sister, Assam
ai/047.bin;0xF68F;7C 3A 8B 81;Liberator, Burning Blow
ai/047.bin;0xF68F;DA 63 6D 85;Dimensional Robo, Daibrave
ai/047.bin;0xF68F;46 DE 4B 88;Dark Metal Dragon
ai/047.bin;0xF68F;6A D5 6E 8A;Katanaraizer
ai/047.bin;0xF68F;D1 DD 00 8D;Dark Cat
ai/047.bin;0xF68F;A0 D8 63 8D;Great Cosmic Hero, Grandgallop
ai/047.bin;0xF68F;1F 10 24 8F;上
ai/047.bin;0xF68F;6C E6 93 8F;Pitch Black Sage, Charon
ai/047.bin;0xF68F;BB E2 E9 90;Immortal, Asura Kaiser
ai/047.bin;0xF68F;DB B2 09 93;Battle Sister, Pudding
ai/047.bin;0xF68F;E1 26 37 94;Demonic Dragon Berserker, Chatura
ai/047.bin;0xF68F;6A 0F 95 94;  アタッカーのパワー : %d(%d)
ai/047.bin;0xF68F;7F BB 35 95;Supreme Heavenly Emperor Dragon, Dragonic Overlord "the Ace"
ai/047.bin;0xF68F;0C DD 47 9B;Battle Sister, Parfait
ai/047.bin;0xF68F;1A 2D D2 9C;Myth Guard, Fomalhaut
ai/047.bin;0xF68F;69 08 3B A2;Blue Wave Dragon, Tetra-drive Dragon
ai/047.bin;0xF68F;F1 51 AA A2;Steam Fighter, Balih
ai/047.bin;0xF68F;42 AC 0B A7;Battle Sister, Macaron
ai/047.bin;0xF68F;A4 F3 D7 A7;  アタッカーのクリティカル : %d
ai/047.bin;0xF68F;BD FD F6 A7;Extreme Battler, Runbhol
ai/047.bin;0xF68F;37 A8 35 AC;Petal Fairy
ai/047.bin;0xF68F;9F 77 42 AC;Flare Whip Dragon
ai/047.bin;0xF68F;D7 7E 17 B2;Battle Sister, Mille-feuille
ai/047.bin;0xF68F;39 6A 36 B5;Hyper Metalborg, Heavyduke
ai/047.bin;0xF68F;F7 48 21 B9;Dragon Knight, Jaral
ai/047.bin;0xF68F;88 EF 6D BC;Enigman Tornado
ai/047.bin;0xF68F;7F 60 32 BD;Weather Girl, Ramune
ai/047.bin;0xF68F;ED F8 CC BD;Final Wrench
ai/047.bin;0xF68F;11 9F 48 BE;Shura Stealth Dragon, Daranicongo
ai/047.bin;0xF68F;CF AA 4F C1;Perdition Dragon, Dragonic Neoflame
ai/047.bin;0xF68F;7C 17 CE C1;Ranunculus Flower Maiden, Ahsha
ai/047.bin;0xF68F;15 6E A2 C8;Wisteria Knight
ai/047.bin;0xF68F;92 F9 D3 CA;Battle Sister, Ginger
ai/047.bin;0xF68F;AB 51 A7 CB;AI(%d) : レシピ (フラグ:%08x)
ai/047.bin;0xF68F;D8 71 CC CE;Luck Bird
ai/047.bin;0xF68F;B1 EE F2 D4;Battle Sister, Cocotte
ai/047.bin;0xF68F;D7 DA C1 D6;AI(%d) : 思考開始 (行動カテゴリ:%d)
ai/047.bin;0xF68F;7C 46 0A D9;Stealth Dragon, Dreadmaster
ai/047.bin;0xF68F;6B 1D DB DC;Machining Mosquito mkII
ai/047.bin;0xF68F;69 E8 61 E1;オーバーロード
ai/047.bin;0xF68F;7D 1F 65 E6;Beast Deity, Night Jackal
ai/047.bin;0xF68F;57 CD 2E E8;    
ai/047.bin;0xF68F;CC 1A C6 E8;AI未設定 : attrib = %s
ai/047.bin;0xF68F;58 1B 7D EA;Battle Sister, Taffy
ai/047.bin;0xF68F;39 17 8B F0;Starry Skies Liberator, Guinevere
ai/047.bin;0xF68F;4B 16 BE F0;Knight of Frevor, Hector
ai/047.bin;0xF68F;BF 43 2B F1;  アタッカー : %s
ai/047.bin;0xF68F;27 25 50 F1;Bear Down Samurai
ai/047.bin;0xF68F;1B 60 84 F5;Maiden of Libra
ai/047.bin;0xF68F;FC B0 EB F6;Purification Regalia, Pure Angel
ai/047.bin;0xF68F;89 20 23 F8;下
ai/047.bin;0xF68F;DD 4C B3 F8;ターン開始 AI(%d)
ai/048.bin;0xEF30;DC A5 CF 01;  クインテットウォール : %d/%d枚
ai/048.bin;0xEF30;66 E3 35 04;Jupiter Blaukluger
ai/048.bin;0xEF30;51 5B 2F 06;Hexagonal Magus
ai/048.bin;0xEF30;DD 9F CC 07;Blue Storm Dragon, Maelstrom
ai/048.bin;0xEF30;8D 9F AA 08;  シールドの要求値 : 
ai/048.bin;0xEF30;76 AE E0 09;Dragonic Overlord "The Яe-birth" (Trigger)
ai/048.bin;0xEF30;02 DC 8B 0D;Mond Blaukluger
ai/048.bin;0xEF30;B1 2D 5D 0E;  対象のパワー : %d(%d)%s
ai/048.bin;0xEF30;24 A1 3B 11;Rising Lionet
ai/048.bin;0xEF30;CA 98 65 11;Mythic Beast, Fenrir
ai/048.bin;0xEF30;2F 96 22 12;Dancing Wolf
ai/048.bin;0xEF30;2F CE 1C 13;Goddess of Flower Divination, Sakuya
ai/048.bin;0xEF30;81 D0 F9 13;Three Minutes
ai/048.bin;0xEF30;9F 3C 4E 15; + %d
ai/048.bin;0xEF30;26 7B 30 1A;Cat Butler
ai/048.bin;0xEF30;8D 20 89 1A;AI未設定 : %s %d
ai/048.bin;0xEF30;49 58 50 21;Dimensional Robo, Daijet
ai/048.bin;0xEF30;8E BC BB 21;  シールドの目標値 : 
ai/048.bin;0xEF30;50 41 74 23;Hope Child, Turiel
ai/048.bin;0xEF30;39 5F 97 27;Promising Knight, David
ai/048.bin;0xEF30;BE 51 F9 27;Ravenous Dragon, Battlerex
ai/048.bin;0xEF30;F7 2E E0 29;～%d
ai/048.bin;0xEF30;A6 8F 2A 2A;Brawler, Fighting Dracokid
ai/048.bin;0xEF30;44 62 0C 2D;Soundless Archer, Conductance
ai/048.bin;0xEF30;14 30 63 2D;!!!! AI ERROR !!!!\n  
ai/048.bin;0xEF30;EE 81 9E 32;Titan of the Capturing Arm
ai/048.bin;0xEF30;C5 4D EE 32;Blaster Dark "Diablo"
ai/048.bin;0xEF30;F1 28 16 33;枚しか選んでいない
ai/048.bin;0xEF30;BC 1F 35 33;  ブースター : %s
ai/048.bin;0xEF30;B8 BC F2 37;Ambush Demon Stealth Rogue, Kagamijishi
ai/048.bin;0xEF30;6E 42 D6 38;AI(%d) : アタック情報
ai/048.bin;0xEF30;B3 AD 45 3A;ブラスター
ai/048.bin;0xEF30;FD 78 8F 3D;King of Sword
ai/048.bin;0xEF30;03 D4 54 45; ヒットされない
ai/048.bin;0xEF30;2D 3A A7 45;AI(%d) : ガードステップ情報
ai/048.bin;0xEF30;2C A5 7B 4D;枚選択する必要があるが、
ai/048.bin;0xEF30;C6 1A C5 4F;Clay-doll Mechanic
ai/048.bin;0xEF30;9F A5 E0 4F;CEO Amaterasu
ai/048.bin;0xEF30;3A D0 5B 51;Exxtreme Battler, Victor
ai/048.bin;0xEF30;A6 11 33 52;Dark Dragon, Phantom Blaster "Diablo"
ai/048.bin;0xEF30;3C E0 6F 55;Dragonic Overlord (Break Ride)
ai/048.bin;0xEF30;DE C1 45 56;解放者
ai/048.bin;0xEF30;F7 6D 78 57;Stamp Sea Otter
ai/048.bin;0xEF30;C5 AF 0D 60;Crimson Roar, Metatron
ai/048.bin;0xEF30;47 87 68 63;AI(%d) : 思考時間 %.3f秒 (行動カテゴリ:%d)
ai/048.bin;0xEF30;55 C8 81 63;  完全ガード : %d/%d枚
ai/048.bin;0xEF30;42 D7 DA 63;  ガーディアン候補
ai/048.bin;0xEF30;33 8E E7 69;Duo True Sister, Meer
ai/048.bin;0xEF30;BC 3C 2E 6A;Beast Deity, Golden Anglet
ai/048.bin;0xEF30;40 96 74 6A;Shining Lady
ai/048.bin;0xEF30;E8 83 60 6B;Daredevil Samurai
ai/048.bin;0xEF30;4B D4 AE 6B;  合計シールド : 
ai/048.bin;0xEF30;DC 4C 2C 6E;Flower Princess of Spring's Beginning, Primavera
ai/048.bin;0xEF30;11 E8 1D 70;Oracle Queen, Himiko
ai/048.bin;0xEF30;E4 FB 3C 72;Blue Storm Cadet, Anos
ai/048.bin;0xEF30;29 EF C2 73;  対象(%d) : %s
ai/048.bin;0xEF30;60 BE 05 81;Queen of Heart
ai/048.bin;0xEF30;7C 3A 8B 81;Liberator, Burning Blow
ai/048.bin;0xEF30;DA 63 6D 85;Dimensional Robo, Daibrave
ai/048.bin;0xEF30;46 DE 4B 88;Dark Metal Dragon
ai/048.bin;0xEF30;6A D5 6E 8A;Katanaraizer
ai/048.bin;0xEF30;A0 D8 63 8D;Great Cosmic Hero, Grandgallop
ai/048.bin;0xEF30;5F 02 08 8E;Tough Boy
ai/048.bin;0xEF30;1F 10 24 8F;上
ai/048.bin;0xEF30;6C E6 93 8F;Pitch Black Sage, Charon
ai/048.bin;0xEF30;BB E2 E9 90;Immortal, Asura Kaiser
ai/048.bin;0xEF30;E1 26 37 94;Demonic Dragon Berserker, Chatura
ai/048.bin;0xEF30;6A 0F 95 94;  アタッカーのパワー : %d(%d)
ai/048.bin;0xEF30;7F BB 35 95;Supreme Heavenly Emperor Dragon, Dragonic Overlord "the Ace"
ai/048.bin;0xEF30;0C DD 47 9B;Battle Sister, Parfait
ai/048.bin;0xEF30;1A 2D D2 9C;Myth Guard, Fomalhaut
ai/048.bin;0xEF30;D3 16 48 9D;Beast Deity, Bright Cobra
ai/048.bin;0xEF30;69 08 3B A2;Blue Wave Dragon, Tetra-drive Dragon
ai/048.bin;0xEF30;F1 51 AA A2;Steam Fighter, Balih
ai/048.bin;0xEF30;A4 F3 D7 A7;  アタッカーのクリティカル : %d
ai/048.bin;0xEF30;BD FD F6 A7;Extreme Battler, Runbhol
ai/048.bin;0xEF30;9F 77 42 AC;Flare Whip Dragon
ai/048.bin;0xEF30;39 6A 36 B5;Hyper Metalborg, Heavyduke
ai/048.bin;0xEF30;1D C0 67 B5;Extreme Battler, Kenbeam
ai/048.bin;0xEF30;F7 48 21 B9;Dragon Knight, Jaral
ai/048.bin;0xEF30;88 EF 6D BC;Enigman Tornado
ai/048.bin;0xEF30;ED F8 CC BD;Final Wrench
ai/048.bin;0xEF30;11 9F 48 BE;Shura Stealth Dragon, Daranicongo
ai/048.bin;0xEF30;1D 17 4A BF;Starlight Hedgehog
ai/048.bin;0xEF30;CF AA 4F C1;Perdition Dragon, Dragonic Neoflame
ai/048.bin;0xEF30;7C 17 CE C1;Ranunculus Flower Maiden, Ahsha
ai/048.bin;0xEF30;15 6E A2 C8;Wisteria Knight
ai/048.bin;0xEF30;AB 51 A7 CB;AI(%d) : レシピ (フラグ:%08x)
ai/048.bin;0xEF30;87 3F 44 D6;Heat Elemental, Magum
ai/048.bin;0xEF30;D7 DA C1 D6;AI(%d) : 思考開始 (行動カテゴリ:%d)
ai/048.bin;0xEF30;7C 46 0A D9;Stealth Dragon, Dreadmaster
ai/048.bin;0xEF30;6B 1D DB DC;Machining Mosquito mkII
ai/048.bin;0xEF30;FD 66 77 DF;Raizer Girl, Kate
ai/048.bin;0xEF30;F0 4E 4A E0;Transmigrating Evolution, Miraioh
ai/048.bin;0xEF30;15 DA 1B E1;メチャバトラー ケンドール
ai/048.bin;0xEF30;69 E8 61 E1;オーバーロード
ai/048.bin;0xEF30;7D 1F 65 E6;Beast Deity, Night Jackal
ai/048.bin;0xEF30;57 CD 2E E8;    
ai/048.bin;0xEF30;CC 1A C6 E8;AI未設定 : attrib = %s
ai/048.bin;0xEF30;39 17 8B F0;Starry Skies Liberator, Guinevere
ai/048.bin;0xEF30;4B 16 BE F0;Knight of Frevor, Hector
ai/048.bin;0xEF30;BF 43 2B F1;  アタッカー : %s
ai/048.bin;0xEF30;27 25 50 F1;Bear Down Samurai
ai/048.bin;0xEF30;B0 FF 0D F4;Mr.インビンシブル
ai/048.bin;0xEF30;FC B0 EB F6;Purification Regalia, Pure Angel
ai/048.bin;0xEF30;89 20 23 F8;下
ai/048.bin;0xEF30;DD 4C B3 F8;ターン開始 AI(%d)
ai/049.bin;0x10334;DC A5 CF 01;  クインテットウォール : %d/%d枚
ai/049.bin;0x10334;5C 9A 60 05;Extreme Battler, Gunzork
ai/049.bin;0x10334;51 5B 2F 06;Hexagonal Magus
ai/049.bin;0x10334;DD 9F CC 07;Blue Storm Dragon, Maelstrom
ai/049.bin;0x10334;8D 9F AA 08;  シールドの要求値 : 
ai/049.bin;0x10334;76 AE E0 09;Dragonic Overlord "The Яe-birth" (Trigger)
ai/049.bin;0x10334;02 DC 8B 0D;Mond Blaukluger
ai/049.bin;0x10334;B1 2D 5D 0E;  対象のパワー : %d(%d)%s
ai/049.bin;0x10334;24 A1 3B 11;Rising Lionet
ai/049.bin;0x10334;CA 98 65 11;Mythic Beast, Fenrir
ai/049.bin;0x10334;2F 96 22 12;Dancing Wolf
ai/049.bin;0x10334;2F CE 1C 13;Goddess of Flower Divination, Sakuya
ai/049.bin;0x10334;9F 3C 4E 15; + %d
ai/049.bin;0x10334;26 7B 30 1A;Cat Butler
ai/049.bin;0x10334;8D 20 89 1A;AI未設定 : %s %d
ai/049.bin;0x10334;49 58 50 21;Dimensional Robo, Daijet
ai/049.bin;0x10334;8E BC BB 21;  シールドの目標値 : 
ai/049.bin;0x10334;50 41 74 23;Hope Child, Turiel
ai/049.bin;0x10334;74 67 72 24;Drone Baron
ai/049.bin;0x10334;39 5F 97 27;Promising Knight, David
ai/049.bin;0x10334;BE 51 F9 27;Ravenous Dragon, Battlerex
ai/049.bin;0x10334;F7 2E E0 29;～%d
ai/049.bin;0x10334;A6 8F 2A 2A;Brawler, Fighting Dracokid
ai/049.bin;0x10334;44 62 0C 2D;Soundless Archer, Conductance
ai/049.bin;0x10334;14 30 63 2D;!!!! AI ERROR !!!!\n  
ai/049.bin;0x10334;EE 81 9E 32;Titan of the Capturing Arm
ai/049.bin;0x10334;E5 C2 EB 32;Energy Girl
ai/049.bin;0x10334;C5 4D EE 32;Blaster Dark "Diablo"
ai/049.bin;0x10334;F1 28 16 33;枚しか選んでいない
ai/049.bin;0x10334;BC 1F 35 33;  ブースター : %s
ai/049.bin;0x10334;B8 BC F2 37;Ambush Demon Stealth Rogue, Kagamijishi
ai/049.bin;0x10334;16 F9 26 38;Ring Girl, Ai
ai/049.bin;0x10334;6E 42 D6 38;AI(%d) : アタック情報
ai/049.bin;0x10334;55 9E CC 39;Extreme Battler, Arashid
ai/049.bin;0x10334;B3 AD 45 3A;ブラスター
ai/049.bin;0x10334;03 D4 54 45; ヒットされない
ai/049.bin;0x10334;2D 3A A7 45;AI(%d) : ガードステップ情報
ai/049.bin;0x10334;2C A5 7B 4D;枚選択する必要があるが、
ai/049.bin;0x10334;9F A5 E0 4F;CEO Amaterasu
ai/049.bin;0x10334;3A D0 5B 51;Exxtreme Battler, Victor
ai/049.bin;0x10334;A6 11 33 52;Dark Dragon, Phantom Blaster "Diablo"
ai/049.bin;0x10334;3C E0 6F 55;Dragonic Overlord (Break Ride)
ai/049.bin;0x10334;DE C1 45 56;解放者
ai/049.bin;0x10334;F7 6D 78 57;Stamp Sea Otter
ai/049.bin;0x10334;23 0A A9 5B;Cool Hank
ai/049.bin;0x10334;C5 AF 0D 60;Crimson Roar, Metatron
ai/049.bin;0x10334;47 87 68 63;AI(%d) : 思考時間 %.3f秒 (行動カテゴリ:%d)
ai/049.bin;0x10334;55 C8 81 63;  完全ガード : %d/%d枚
ai/049.bin;0x10334;42 D7 DA 63;  ガーディアン候補
ai/049.bin;0x10334;33 8E E7 69;Duo True Sister, Meer
ai/049.bin;0x10334;E8 83 60 6B;Daredevil Samurai
ai/049.bin;0x10334;4B D4 AE 6B;  合計シールド : 
ai/049.bin;0x10334;DC 4C 2C 6E;Flower Princess of Spring's Beginning, Primavera
ai/049.bin;0x10334;11 E8 1D 70;Oracle Queen, Himiko
ai/049.bin;0x10334;E4 FB 3C 72;Blue Storm Cadet, Anos
ai/049.bin;0x10334;29 EF C2 73;  対象(%d) : %s
ai/049.bin;0x10334;7C 64 20 80;Extreme Battler, Zanbhara
ai/049.bin;0x10334;7C 3A 8B 81;Liberator, Burning Blow
ai/049.bin;0x10334;85 74 0A 84;Muscle Shriek
ai/049.bin;0x10334;DA 63 6D 85;Dimensional Robo, Daibrave
ai/049.bin;0x10334;46 DE 4B 88;Dark Metal Dragon
ai/049.bin;0x10334;6A D5 6E 8A;Katanaraizer
ai/049.bin;0x10334;A0 D8 63 8D;Great Cosmic Hero, Grandgallop
ai/049.bin;0x10334;1F 10 24 8F;上
ai/049.bin;0x10334;6C E6 93 8F;Pitch Black Sage, Charon
ai/049.bin;0x10334;BB E2 E9 90;Immortal, Asura Kaiser
ai/049.bin;0x10334;E1 26 37 94;Demonic Dragon Berserker, Chatura
ai/049.bin;0x10334;6A 0F 95 94;  アタッカーのパワー : %d(%d)
ai/049.bin;0x10334;7F BB 35 95;Supreme Heavenly Emperor Dragon, Dragonic Overlord "the Ace"
ai/049.bin;0x10334;0C DD 47 9B;Battle Sister, Parfait
ai/049.bin;0x10334;E1 9A 8E 9C;Meteokaiser, Tribrut
ai/049.bin;0x10334;1A 2D D2 9C;Myth Guard, Fomalhaut
ai/049.bin;0x10334;69 08 3B A2;Blue Wave Dragon, Tetra-drive Dragon
ai/049.bin;0x10334;F1 51 AA A2;Steam Fighter, Balih
ai/049.bin;0x10334;A4 F3 D7 A7;  アタッカーのクリティカル : %d
ai/049.bin;0x10334;BD FD F6 A7;Extreme Battler, Runbhol
ai/049.bin;0x10334;9F 77 42 AC;Flare Whip Dragon
ai/049.bin;0x10334;39 6A 36 B5;Hyper Metalborg, Heavyduke
ai/049.bin;0x10334;F7 48 21 B9;Dragon Knight, Jaral
ai/049.bin;0x10334;88 EF 6D BC;Enigman Tornado
ai/049.bin;0x10334;ED F8 CC BD;Final Wrench
ai/049.bin;0x10334;11 9F 48 BE;Shura Stealth Dragon, Daranicongo
ai/049.bin;0x10334;1D 17 4A BF;Starlight Hedgehog
ai/049.bin;0x10334;CF AA 4F C1;Perdition Dragon, Dragonic Neoflame
ai/049.bin;0x10334;7C 17 CE C1;Ranunculus Flower Maiden, Ahsha
ai/049.bin;0x10334;15 6E A2 C8;Wisteria Knight
ai/049.bin;0x10334;AB 51 A7 CB;AI(%d) : レシピ (フラグ:%08x)
ai/049.bin;0x10334;32 32 45 D1;Meteokaiser, Victoplasma
ai/049.bin;0x10334;D7 DA C1 D6;AI(%d) : 思考開始 (行動カテゴリ:%d)
ai/049.bin;0x10334;7C 46 0A D9;Stealth Dragon, Dreadmaster
ai/049.bin;0x10334;6B 1D DB DC;Machining Mosquito mkII
ai/049.bin;0x10334;15 DA 1B E1;メチャバトラー ケンドール
ai/049.bin;0x10334;69 E8 61 E1;オーバーロード
ai/049.bin;0x10334;7D 1F 65 E6;Beast Deity, Night Jackal
ai/049.bin;0x10334;57 CD 2E E8;    
ai/049.bin;0x10334;CC 1A C6 E8;AI未設定 : attrib = %s
ai/049.bin;0x10334;DE CA B0 E9;Lady Cyclone
ai/049.bin;0x10334;39 17 8B F0;Starry Skies Liberator, Guinevere
ai/049.bin;0x10334;4B 16 BE F0;Knight of Frevor, Hector
ai/049.bin;0x10334;BF 43 2B F1;  アタッカー : %s
ai/049.bin;0x10334;27 25 50 F1;Bear Down Samurai
ai/049.bin;0x10334;52 B3 D1 F6;Meteokaiser, Vic-Ten
ai/049.bin;0x10334;FC B0 EB F6;Purification Regalia, Pure Angel
ai/049.bin;0x10334;89 20 23 F8;下
ai/049.bin;0x10334;DD 4C B3 F8;ターン開始 AI(%d)
ai/050.bin;0x1034F;DC A5 CF 01;  クインテットウォール : %d/%d枚
ai/050.bin;0x1034F;5C 9A 60 05;Extreme Battler, Gunzork
ai/050.bin;0x1034F;51 5B 2F 06;Hexagonal Magus
ai/050.bin;0x1034F;DD 9F CC 07;Blue Storm Dragon, Maelstrom
ai/050.bin;0x1034F;8D 9F AA 08;  シールドの要求値 : 
ai/050.bin;0x1034F;76 AE E0 09;Dragonic Overlord "The Яe-birth" (Trigger)
ai/050.bin;0x1034F;02 DC 8B 0D;Mond Blaukluger
ai/050.bin;0x1034F;B1 2D 5D 0E;  対象のパワー : %d(%d)%s
ai/050.bin;0x1034F;24 A1 3B 11;Rising Lionet
ai/050.bin;0x1034F;CA 98 65 11;Mythic Beast, Fenrir
ai/050.bin;0x1034F;2F 96 22 12;Dancing Wolf
ai/050.bin;0x1034F;2F CE 1C 13;Goddess of Flower Divination, Sakuya
ai/050.bin;0x1034F;9F 3C 4E 15; + %d
ai/050.bin;0x1034F;26 7B 30 1A;Cat Butler
ai/050.bin;0x1034F;8D 20 89 1A;AI未設定 : %s %d
ai/050.bin;0x1034F;49 58 50 21;Dimensional Robo, Daijet
ai/050.bin;0x1034F;8E BC BB 21;  シールドの目標値 : 
ai/050.bin;0x1034F;50 41 74 23;Hope Child, Turiel
ai/050.bin;0x1034F;74 67 72 24;Drone Baron
ai/050.bin;0x1034F;39 5F 97 27;Promising Knight, David
ai/050.bin;0x1034F;BE 51 F9 27;Ravenous Dragon, Battlerex
ai/050.bin;0x1034F;F7 2E E0 29;～%d
ai/050.bin;0x1034F;A6 8F 2A 2A;Brawler, Fighting Dracokid
ai/050.bin;0x1034F;44 62 0C 2D;Soundless Archer, Conductance
ai/050.bin;0x1034F;14 30 63 2D;!!!! AI ERROR !!!!\n  
ai/050.bin;0x1034F;EE 81 9E 32;Titan of the Capturing Arm
ai/050.bin;0x1034F;E5 C2 EB 32;Energy Girl
ai/050.bin;0x1034F;C5 4D EE 32;Blaster Dark "Diablo"
ai/050.bin;0x1034F;F1 28 16 33;枚しか選んでいない
ai/050.bin;0x1034F;BC 1F 35 33;  ブースター : %s
ai/050.bin;0x1034F;B8 BC F2 37;Ambush Demon Stealth Rogue, Kagamijishi
ai/050.bin;0x1034F;16 F9 26 38;Ring Girl, Ai
ai/050.bin;0x1034F;6E 42 D6 38;AI(%d) : アタック情報
ai/050.bin;0x1034F;55 9E CC 39;Extreme Battler, Arashid
ai/050.bin;0x1034F;B3 AD 45 3A;ブラスター
ai/050.bin;0x1034F;03 D4 54 45; ヒットされない
ai/050.bin;0x1034F;2D 3A A7 45;AI(%d) : ガードステップ情報
ai/050.bin;0x1034F;2C A5 7B 4D;枚選択する必要があるが、
ai/050.bin;0x1034F;9F A5 E0 4F;CEO Amaterasu
ai/050.bin;0x1034F;3A D0 5B 51;Exxtreme Battler, Victor
ai/050.bin;0x1034F;A6 11 33 52;Dark Dragon, Phantom Blaster "Diablo"
ai/050.bin;0x1034F;3C E0 6F 55;Dragonic Overlord (Break Ride)
ai/050.bin;0x1034F;DE C1 45 56;解放者
ai/050.bin;0x1034F;F7 6D 78 57;Stamp Sea Otter
ai/050.bin;0x1034F;23 0A A9 5B;Cool Hank
ai/050.bin;0x1034F;C5 AF 0D 60;Crimson Roar, Metatron
ai/050.bin;0x1034F;47 87 68 63;AI(%d) : 思考時間 %.3f秒 (行動カテゴリ:%d)
ai/050.bin;0x1034F;55 C8 81 63;  完全ガード : %d/%d枚
ai/050.bin;0x1034F;42 D7 DA 63;  ガーディアン候補
ai/050.bin;0x1034F;33 8E E7 69;Duo True Sister, Meer
ai/050.bin;0x1034F;E8 83 60 6B;Daredevil Samurai
ai/050.bin;0x1034F;4B D4 AE 6B;  合計シールド : 
ai/050.bin;0x1034F;DC 4C 2C 6E;Flower Princess of Spring's Beginning, Primavera
ai/050.bin;0x1034F;11 E8 1D 70;Oracle Queen, Himiko
ai/050.bin;0x1034F;E4 FB 3C 72;Blue Storm Cadet, Anos
ai/050.bin;0x1034F;29 EF C2 73;  対象(%d) : %s
ai/050.bin;0x1034F;7C 64 20 80;Extreme Battler, Zanbhara
ai/050.bin;0x1034F;7C 3A 8B 81;Liberator, Burning Blow
ai/050.bin;0x1034F;85 74 0A 84;Muscle Shriek
ai/050.bin;0x1034F;DA 63 6D 85;Dimensional Robo, Daibrave
ai/050.bin;0x1034F;46 DE 4B 88;Dark Metal Dragon
ai/050.bin;0x1034F;6A D5 6E 8A;Katanaraizer
ai/050.bin;0x1034F;A0 D8 63 8D;Great Cosmic Hero, Grandgallop
ai/050.bin;0x1034F;1F 10 24 8F;上
ai/050.bin;0x1034F;6C E6 93 8F;Pitch Black Sage, Charon
ai/050.bin;0x1034F;BB E2 E9 90;Immortal, Asura Kaiser
ai/050.bin;0x1034F;E1 26 37 94;Demonic Dragon Berserker, Chatura
ai/050.bin;0x1034F;6A 0F 95 94;  アタッカーのパワー : %d(%d)
ai/050.bin;0x1034F;7F BB 35 95;Supreme Heavenly Emperor Dragon, Dragonic Overlord "the Ace"
ai/050.bin;0x1034F;0C DD 47 9B;Battle Sister, Parfait
ai/050.bin;0x1034F;E1 9A 8E 9C;Meteokaiser, Tribrut
ai/050.bin;0x1034F;1A 2D D2 9C;Myth Guard, Fomalhaut
ai/050.bin;0x1034F;69 08 3B A2;Blue Wave Dragon, Tetra-drive Dragon
ai/050.bin;0x1034F;F1 51 AA A2;Steam Fighter, Balih
ai/050.bin;0x1034F;A4 F3 D7 A7;  アタッカーのクリティカル : %d
ai/050.bin;0x1034F;BD FD F6 A7;Extreme Battler, Runbhol
ai/050.bin;0x1034F;9F 77 42 AC;Flare Whip Dragon
ai/050.bin;0x1034F;39 6A 36 B5;Hyper Metalborg, Heavyduke
ai/050.bin;0x1034F;F7 48 21 B9;Dragon Knight, Jaral
ai/050.bin;0x1034F;88 EF 6D BC;Enigman Tornado
ai/050.bin;0x1034F;ED F8 CC BD;Final Wrench
ai/050.bin;0x1034F;11 9F 48 BE;Shura Stealth Dragon, Daranicongo
ai/050.bin;0x1034F;1D 17 4A BF;Starlight Hedgehog
ai/050.bin;0x1034F;CF AA 4F C1;Perdition Dragon, Dragonic Neoflame
ai/050.bin;0x1034F;7C 17 CE C1;Ranunculus Flower Maiden, Ahsha
ai/050.bin;0x1034F;15 6E A2 C8;Wisteria Knight
ai/050.bin;0x1034F;AB 51 A7 CB;AI(%d) : レシピ (フラグ:%08x)
ai/050.bin;0x1034F;32 32 45 D1;Meteokaiser, Victoplasma
ai/050.bin;0x1034F;D7 DA C1 D6;AI(%d) : 思考開始 (行動カテゴリ:%d)
ai/050.bin;0x1034F;7C 46 0A D9;Stealth Dragon, Dreadmaster
ai/050.bin;0x1034F;6B 1D DB DC;Machining Mosquito mkII
ai/050.bin;0x1034F;15 DA 1B E1;メチャバトラー ケンドール
ai/050.bin;0x1034F;69 E8 61 E1;オーバーロード
ai/050.bin;0x1034F;7D 1F 65 E6;Beast Deity, Night Jackal
ai/050.bin;0x1034F;57 CD 2E E8;    
ai/050.bin;0x1034F;CC 1A C6 E8;AI未設定 : attrib = %s
ai/050.bin;0x1034F;DE CA B0 E9;Lady Cyclone
ai/050.bin;0x1034F;39 17 8B F0;Starry Skies Liberator, Guinevere
ai/050.bin;0x1034F;4B 16 BE F0;Knight of Frevor, Hector
ai/050.bin;0x1034F;BF 43 2B F1;  アタッカー : %s
ai/050.bin;0x1034F;27 25 50 F1;Bear Down Samurai
ai/050.bin;0x1034F;52 B3 D1 F6;Meteokaiser, Vic-Ten
ai/050.bin;0x1034F;FC B0 EB F6;Purification Regalia, Pure Angel
ai/050.bin;0x1034F;89 20 23 F8;下
ai/050.bin;0x1034F;DD 4C B3 F8;ターン開始 AI(%d)
ai/051.bin;0xF1D2;DC A5 CF 01;  クインテットウォール : %d/%d枚
ai/051.bin;0xF1D2;51 5B 2F 06;Hexagonal Magus
ai/051.bin;0xF1D2;DD 9F CC 07;Blue Storm Dragon, Maelstrom
ai/051.bin;0xF1D2;8D 9F AA 08;  シールドの要求値 : 
ai/051.bin;0xF1D2;99 38 0E 09;Emerald Witch, LaLa
ai/051.bin;0xF1D2;76 AE E0 09;Dragonic Overlord "The Яe-birth" (Trigger)
ai/051.bin;0xF1D2;02 DC 8B 0D;Mond Blaukluger
ai/051.bin;0xF1D2;B1 2D 5D 0E;  対象のパワー : %d(%d)%s
ai/051.bin;0xF1D2;24 A1 3B 11;Rising Lionet
ai/051.bin;0xF1D2;CA 98 65 11;Mythic Beast, Fenrir
ai/051.bin;0xF1D2;2F 96 22 12;Dancing Wolf
ai/051.bin;0xF1D2;50 4D AC 12;Diviner, Shinatsuhiko
ai/051.bin;0xF1D2;2F CE 1C 13;Goddess of Flower Divination, Sakuya
ai/051.bin;0xF1D2;9F 3C 4E 15; + %d
ai/051.bin;0xF1D2;26 7B 30 1A;Cat Butler
ai/051.bin;0xF1D2;8D 20 89 1A;AI未設定 : %s %d
ai/051.bin;0xF1D2;50 B8 25 1B;Diviner, Kuroikazuchi
ai/051.bin;0xF1D2;49 58 50 21;Dimensional Robo, Daijet
ai/051.bin;0xF1D2;8E BC BB 21;  シールドの目標値 : 
ai/051.bin;0xF1D2;50 41 74 23;Hope Child, Turiel
ai/051.bin;0xF1D2;39 5F 97 27;Promising Knight, David
ai/051.bin;0xF1D2;BE 51 F9 27;Ravenous Dragon, Battlerex
ai/051.bin;0xF1D2;81 D8 D7 29;Sword Deity of the Thunder Break, Takemikazuchi
ai/051.bin;0xF1D2;F7 2E E0 29;～%d
ai/051.bin;0xF1D2;A6 8F 2A 2A;Brawler, Fighting Dracokid
ai/051.bin;0xF1D2;44 62 0C 2D;Soundless Archer, Conductance
ai/051.bin;0xF1D2;14 30 63 2D;!!!! AI ERROR !!!!\n  
ai/051.bin;0xF1D2;9D D8 DB 30;Oracle Guardian, Shisa
ai/051.bin;0xF1D2;42 50 67 32;Obligate Robin
ai/051.bin;0xF1D2;EE 81 9E 32;Titan of the Capturing Arm
ai/051.bin;0xF1D2;C5 4D EE 32;Blaster Dark "Diablo"
ai/051.bin;0xF1D2;F1 28 16 33;枚しか選んでいない
ai/051.bin;0xF1D2;BC 1F 35 33;  ブースター : %s
ai/051.bin;0xF1D2;B8 BC F2 37;Ambush Demon Stealth Rogue, Kagamijishi
ai/051.bin;0xF1D2;6E 42 D6 38;AI(%d) : アタック情報
ai/051.bin;0xF1D2;B3 AD 45 3A;ブラスター
ai/051.bin;0xF1D2;03 D4 54 45; ヒットされない
ai/051.bin;0xF1D2;2D 3A A7 45;AI(%d) : ガードステップ情報
ai/051.bin;0xF1D2;1A EF 70 4C;Imperial Shrine Guard, Hahiki
ai/051.bin;0xF1D2;EE E0 79 4D;Diviner, Sukunahikona
ai/051.bin;0xF1D2;2C A5 7B 4D;枚選択する必要があるが、
ai/051.bin;0xF1D2;9F A5 E0 4F;CEO Amaterasu
ai/051.bin;0xF1D2;3A D0 5B 51;Exxtreme Battler, Victor
ai/051.bin;0xF1D2;A6 11 33 52;Dark Dragon, Phantom Blaster "Diablo"
ai/051.bin;0xF1D2;28 FF 89 54;Soaring Auspicious Beast, Kirin
ai/051.bin;0xF1D2;3C E0 6F 55;Dragonic Overlord (Break Ride)
ai/051.bin;0xF1D2;DE C1 45 56;解放者
ai/051.bin;0xF1D2;F7 6D 78 57;Stamp Sea Otter
ai/051.bin;0xF1D2;C5 AF 0D 60;Crimson Roar, Metatron
ai/051.bin;0xF1D2;47 87 68 63;AI(%d) : 思考時間 %.3f秒 (行動カテゴリ:%d)
ai/051.bin;0xF1D2;55 C8 81 63;  完全ガード : %d/%d枚
ai/051.bin;0xF1D2;42 D7 DA 63;  ガーディアン候補
ai/051.bin;0xF1D2;AE 5D 36 64;Nebula Witch, Nono
ai/051.bin;0xF1D2;93 11 EA 68;Blue Scale Deer
ai/051.bin;0xF1D2;33 8E E7 69;Duo True Sister, Meer
ai/051.bin;0xF1D2;E8 83 60 6B;Daredevil Samurai
ai/051.bin;0xF1D2;4B D4 AE 6B;  合計シールド : 
ai/051.bin;0xF1D2;DC 4C 2C 6E;Flower Princess of Spring's Beginning, Primavera
ai/051.bin;0xF1D2;11 E8 1D 70;Oracle Queen, Himiko
ai/051.bin;0xF1D2;E7 47 A0 71;Supreme Heavenly Battle Deity, Susanoo
ai/051.bin;0xF1D2;E4 FB 3C 72;Blue Storm Cadet, Anos
ai/051.bin;0xF1D2;29 EF C2 73;  対象(%d) : %s
ai/051.bin;0xF1D2;7C 3A 8B 81;Liberator, Burning Blow
ai/051.bin;0xF1D2;DA 63 6D 85;Dimensional Robo, Daibrave
ai/051.bin;0xF1D2;46 DE 4B 88;Dark Metal Dragon
ai/051.bin;0xF1D2;6A D5 6E 8A;Katanaraizer
ai/051.bin;0xF1D2;D1 DD 00 8D;Dark Cat
ai/051.bin;0xF1D2;A0 D8 63 8D;Great Cosmic Hero, Grandgallop
ai/051.bin;0xF1D2;1F 10 24 8F;上
ai/051.bin;0xF1D2;6C E6 93 8F;Pitch Black Sage, Charon
ai/051.bin;0xF1D2;BB E2 E9 90;Immortal, Asura Kaiser
ai/051.bin;0xF1D2;E1 26 37 94;Demonic Dragon Berserker, Chatura
ai/051.bin;0xF1D2;6A 0F 95 94;  アタッカーのパワー : %d(%d)
ai/051.bin;0xF1D2;7F BB 35 95;Supreme Heavenly Emperor Dragon, Dragonic Overlord "the Ace"
ai/051.bin;0xF1D2;CA 1B 69 97;Diviner, Kuebiko
ai/051.bin;0xF1D2;0C DD 47 9B;Battle Sister, Parfait
ai/051.bin;0xF1D2;1A 2D D2 9C;Myth Guard, Fomalhaut
ai/051.bin;0xF1D2;69 08 3B A2;Blue Wave Dragon, Tetra-drive Dragon
ai/051.bin;0xF1D2;F1 51 AA A2;Steam Fighter, Balih
ai/051.bin;0xF1D2;A4 F3 D7 A7;  アタッカーのクリティカル : %d
ai/051.bin;0xF1D2;BD FD F6 A7;Extreme Battler, Runbhol
ai/051.bin;0xF1D2;F2 C6 98 A8;Imperial Shrine Guard, Asuha
ai/051.bin;0xF1D2;37 A8 35 AC;Petal Fairy
ai/051.bin;0xF1D2;9F 77 42 AC;Flare Whip Dragon
ai/051.bin;0xF1D2;4F 69 EF B4;Assault Dive Eagle
ai/051.bin;0xF1D2;39 6A 36 B5;Hyper Metalborg, Heavyduke
ai/051.bin;0xF1D2;F7 48 21 B9;Dragon Knight, Jaral
ai/051.bin;0xF1D2;C5 77 55 B9;Divine Sword, Ame-no-Murakumo
ai/051.bin;0xF1D2;05 4C 7A BB;Windfall, Daikokuten
ai/051.bin;0xF1D2;88 EF 6D BC;Enigman Tornado
ai/051.bin;0xF1D2;7F 60 32 BD;Weather Girl, Ramune
ai/051.bin;0xF1D2;ED F8 CC BD;Final Wrench
ai/051.bin;0xF1D2;11 9F 48 BE;Shura Stealth Dragon, Daranicongo
ai/051.bin;0xF1D2;CF AA 4F C1;Perdition Dragon, Dragonic Neoflame
ai/051.bin;0xF1D2;7C 17 CE C1;Ranunculus Flower Maiden, Ahsha
ai/051.bin;0xF1D2;15 6E A2 C8;Wisteria Knight
ai/051.bin;0xF1D2;AB 51 A7 CB;AI(%d) : レシピ (フラグ:%08x)
ai/051.bin;0xF1D2;D8 71 CC CE;Luck Bird
ai/051.bin;0xF1D2;D7 DA C1 D6;AI(%d) : 思考開始 (行動カテゴリ:%d)
ai/051.bin;0xF1D2;7C 46 0A D9;Stealth Dragon, Dreadmaster
ai/051.bin;0xF1D2;6B 1D DB DC;Machining Mosquito mkII
ai/051.bin;0xF1D2;69 E8 61 E1;オーバーロード
ai/051.bin;0xF1D2;7D 1F 65 E6;Beast Deity, Night Jackal
ai/051.bin;0xF1D2;57 CD 2E E8;    
ai/051.bin;0xF1D2;CC 1A C6 E8;AI未設定 : attrib = %s
ai/051.bin;0xF1D2;39 17 8B F0;Starry Skies Liberator, Guinevere
ai/051.bin;0xF1D2;4B 16 BE F0;Knight of Frevor, Hector
ai/051.bin;0xF1D2;BF 43 2B F1;  アタッカー : %s
ai/051.bin;0xF1D2;27 25 50 F1;Bear Down Samurai
ai/051.bin;0xF1D2;1B 60 84 F5;Maiden of Libra
ai/051.bin;0xF1D2;27 9A 87 F5;Arbitrator, Ame-no-Sagiri
ai/051.bin;0xF1D2;FC B0 EB F6;Purification Regalia, Pure Angel
ai/051.bin;0xF1D2;89 20 23 F8;下
ai/051.bin;0xF1D2;DD 4C B3 F8;ターン開始 AI(%d)
ai/051.bin;0xF1D2;0F 05 95 FF;Imperial Shrine Guard, Tsunagai
ai/052.bin;0xF090;DC A5 CF 01;  クインテットウォール : %d/%d枚
ai/052.bin;0xF090;51 5B 2F 06;Hexagonal Magus
ai/052.bin;0xF090;DD 9F CC 07;Blue Storm Dragon, Maelstrom
ai/052.bin;0xF090;8D 9F AA 08;  シールドの要求値 : 
ai/052.bin;0xF090;99 38 0E 09;Emerald Witch, LaLa
ai/052.bin;0xF090;76 AE E0 09;Dragonic Overlord "The Яe-birth" (Trigger)
ai/052.bin;0xF090;02 DC 8B 0D;Mond Blaukluger
ai/052.bin;0xF090;B1 2D 5D 0E;  対象のパワー : %d(%d)%s
ai/052.bin;0xF090;24 A1 3B 11;Rising Lionet
ai/052.bin;0xF090;CA 98 65 11;Mythic Beast, Fenrir
ai/052.bin;0xF090;2F 96 22 12;Dancing Wolf
ai/052.bin;0xF090;50 4D AC 12;Diviner, Shinatsuhiko
ai/052.bin;0xF090;2F CE 1C 13;Goddess of Flower Divination, Sakuya
ai/052.bin;0xF090;9F 3C 4E 15; + %d
ai/052.bin;0xF090;26 7B 30 1A;Cat Butler
ai/052.bin;0xF090;8D 20 89 1A;AI未設定 : %s %d
ai/052.bin;0xF090;50 B8 25 1B;Diviner, Kuroikazuchi
ai/052.bin;0xF090;49 58 50 21;Dimensional Robo, Daijet
ai/052.bin;0xF090;8E BC BB 21;  シールドの目標値 : 
ai/052.bin;0xF090;50 41 74 23;Hope Child, Turiel
ai/052.bin;0xF090;39 5F 97 27;Promising Knight, David
ai/052.bin;0xF090;BE 51 F9 27;Ravenous Dragon, Battlerex
ai/052.bin;0xF090;81 D8 D7 29;Sword Deity of the Thunder Break, Takemikazuchi
ai/052.bin;0xF090;F7 2E E0 29;～%d
ai/052.bin;0xF090;A6 8F 2A 2A;Brawler, Fighting Dracokid
ai/052.bin;0xF090;44 62 0C 2D;Soundless Archer, Conductance
ai/052.bin;0xF090;14 30 63 2D;!!!! AI ERROR !!!!\n  
ai/052.bin;0xF090;9D D8 DB 30;Oracle Guardian, Shisa
ai/052.bin;0xF090;EE 81 9E 32;Titan of the Capturing Arm
ai/052.bin;0xF090;C5 4D EE 32;Blaster Dark "Diablo"
ai/052.bin;0xF090;F1 28 16 33;枚しか選んでいない
ai/052.bin;0xF090;BC 1F 35 33;  ブースター : %s
ai/052.bin;0xF090;B8 BC F2 37;Ambush Demon Stealth Rogue, Kagamijishi
ai/052.bin;0xF090;6E 42 D6 38;AI(%d) : アタック情報
ai/052.bin;0xF090;B3 AD 45 3A;ブラスター
ai/052.bin;0xF090;03 D4 54 45; ヒットされない
ai/052.bin;0xF090;2D 3A A7 45;AI(%d) : ガードステップ情報
ai/052.bin;0xF090;1A EF 70 4C;Imperial Shrine Guard, Hahiki
ai/052.bin;0xF090;EE E0 79 4D;Diviner, Sukunahikona
ai/052.bin;0xF090;2C A5 7B 4D;枚選択する必要があるが、
ai/052.bin;0xF090;9F A5 E0 4F;CEO Amaterasu
ai/052.bin;0xF090;3A D0 5B 51;Exxtreme Battler, Victor
ai/052.bin;0xF090;A6 11 33 52;Dark Dragon, Phantom Blaster "Diablo"
ai/052.bin;0xF090;28 FF 89 54;Soaring Auspicious Beast, Kirin
ai/052.bin;0xF090;3C E0 6F 55;Dragonic Overlord (Break Ride)
ai/052.bin;0xF090;DE C1 45 56;解放者
ai/052.bin;0xF090;F7 6D 78 57;Stamp Sea Otter
ai/052.bin;0xF090;C5 AF 0D 60;Crimson Roar, Metatron
ai/052.bin;0xF090;47 87 68 63;AI(%d) : 思考時間 %.3f秒 (行動カテゴリ:%d)
ai/052.bin;0xF090;55 C8 81 63;  完全ガード : %d/%d枚
ai/052.bin;0xF090;42 D7 DA 63;  ガーディアン候補
ai/052.bin;0xF090;AE 5D 36 64;Nebula Witch, Nono
ai/052.bin;0xF090;93 11 EA 68;Blue Scale Deer
ai/052.bin;0xF090;33 8E E7 69;Duo True Sister, Meer
ai/052.bin;0xF090;E8 83 60 6B;Daredevil Samurai
ai/052.bin;0xF090;4B D4 AE 6B;  合計シールド : 
ai/052.bin;0xF090;DC 4C 2C 6E;Flower Princess of Spring's Beginning, Primavera
ai/052.bin;0xF090;11 E8 1D 70;Oracle Queen, Himiko
ai/052.bin;0xF090;E7 47 A0 71;Supreme Heavenly Battle Deity, Susanoo
ai/052.bin;0xF090;E4 FB 3C 72;Blue Storm Cadet, Anos
ai/052.bin;0xF090;29 EF C2 73;  対象(%d) : %s
ai/052.bin;0xF090;7C 3A 8B 81;Liberator, Burning Blow
ai/052.bin;0xF090;DA 63 6D 85;Dimensional Robo, Daibrave
ai/052.bin;0xF090;46 DE 4B 88;Dark Metal Dragon
ai/052.bin;0xF090;6A D5 6E 8A;Katanaraizer
ai/052.bin;0xF090;D1 DD 00 8D;Dark Cat
ai/052.bin;0xF090;A0 D8 63 8D;Great Cosmic Hero, Grandgallop
ai/052.bin;0xF090;1F 10 24 8F;上
ai/052.bin;0xF090;6C E6 93 8F;Pitch Black Sage, Charon
ai/052.bin;0xF090;BB E2 E9 90;Immortal, Asura Kaiser
ai/052.bin;0xF090;E1 26 37 94;Demonic Dragon Berserker, Chatura
ai/052.bin;0xF090;6A 0F 95 94;  アタッカーのパワー : %d(%d)
ai/052.bin;0xF090;7F BB 35 95;Supreme Heavenly Emperor Dragon, Dragonic Overlord "the Ace"
ai/052.bin;0xF090;CA 1B 69 97;Diviner, Kuebiko
ai/052.bin;0xF090;0C DD 47 9B;Battle Sister, Parfait
ai/052.bin;0xF090;1A 2D D2 9C;Myth Guard, Fomalhaut
ai/052.bin;0xF090;69 08 3B A2;Blue Wave Dragon, Tetra-drive Dragon
ai/052.bin;0xF090;F1 51 AA A2;Steam Fighter, Balih
ai/052.bin;0xF090;A4 F3 D7 A7;  アタッカーのクリティカル : %d
ai/052.bin;0xF090;BD FD F6 A7;Extreme Battler, Runbhol
ai/052.bin;0xF090;F2 C6 98 A8;Imperial Shrine Guard, Asuha
ai/052.bin;0xF090;37 A8 35 AC;Petal Fairy
ai/052.bin;0xF090;9F 77 42 AC;Flare Whip Dragon
ai/052.bin;0xF090;D7 7E 17 B2;Battle Sister, Mille-feuille
ai/052.bin;0xF090;4F 69 EF B4;Assault Dive Eagle
ai/052.bin;0xF090;39 6A 36 B5;Hyper Metalborg, Heavyduke
ai/052.bin;0xF090;F7 48 21 B9;Dragon Knight, Jaral
ai/052.bin;0xF090;C5 77 55 B9;Divine Sword, Ame-no-Murakumo
ai/052.bin;0xF090;05 4C 7A BB;Windfall, Daikokuten
ai/052.bin;0xF090;88 EF 6D BC;Enigman Tornado
ai/052.bin;0xF090;7F 60 32 BD;Weather Girl, Ramune
ai/052.bin;0xF090;ED F8 CC BD;Final Wrench
ai/052.bin;0xF090;11 9F 48 BE;Shura Stealth Dragon, Daranicongo
ai/052.bin;0xF090;CF AA 4F C1;Perdition Dragon, Dragonic Neoflame
ai/052.bin;0xF090;7C 17 CE C1;Ranunculus Flower Maiden, Ahsha
ai/052.bin;0xF090;15 6E A2 C8;Wisteria Knight
ai/052.bin;0xF090;AB 51 A7 CB;AI(%d) : レシピ (フラグ:%08x)
ai/052.bin;0xF090;D8 71 CC CE;Luck Bird
ai/052.bin;0xF090;D7 DA C1 D6;AI(%d) : 思考開始 (行動カテゴリ:%d)
ai/052.bin;0xF090;7C 46 0A D9;Stealth Dragon, Dreadmaster
ai/052.bin;0xF090;6B 1D DB DC;Machining Mosquito mkII
ai/052.bin;0xF090;69 E8 61 E1;オーバーロード
ai/052.bin;0xF090;7D 1F 65 E6;Beast Deity, Night Jackal
ai/052.bin;0xF090;57 CD 2E E8;    
ai/052.bin;0xF090;CC 1A C6 E8;AI未設定 : attrib = %s
ai/052.bin;0xF090;39 17 8B F0;Starry Skies Liberator, Guinevere
ai/052.bin;0xF090;4B 16 BE F0;Knight of Frevor, Hector
ai/052.bin;0xF090;BF 43 2B F1;  アタッカー : %s
ai/052.bin;0xF090;27 25 50 F1;Bear Down Samurai
ai/052.bin;0xF090;1B 60 84 F5;Maiden of Libra
ai/052.bin;0xF090;27 9A 87 F5;Arbitrator, Ame-no-Sagiri
ai/052.bin;0xF090;FC B0 EB F6;Purification Regalia, Pure Angel
ai/052.bin;0xF090;89 20 23 F8;下
ai/052.bin;0xF090;DD 4C B3 F8;ターン開始 AI(%d)
ai/052.bin;0xF090;0F 05 95 FF;Imperial Shrine Guard, Tsunagai
ai/053.bin;0xF0DB;DC A5 CF 01;  クインテットウォール : %d/%d枚
ai/053.bin;0xF0DB;51 5B 2F 06;Hexagonal Magus
ai/053.bin;0xF0DB;DD 9F CC 07;Blue Storm Dragon, Maelstrom
ai/053.bin;0xF0DB;8D 9F AA 08;  シールドの要求値 : 
ai/053.bin;0xF0DB;76 AE E0 09;Dragonic Overlord "The Яe-birth" (Trigger)
ai/053.bin;0xF0DB;02 DC 8B 0D;Mond Blaukluger
ai/053.bin;0xF0DB;B1 2D 5D 0E;  対象のパワー : %d(%d)%s
ai/053.bin;0xF0DB;24 A1 3B 11;Rising Lionet
ai/053.bin;0xF0DB;CA 98 65 11;Mythic Beast, Fenrir
ai/053.bin;0xF0DB;2F 96 22 12;Dancing Wolf
ai/053.bin;0xF0DB;2E B7 FD 12;Eradicator, Gauntlet Buster Dragon
ai/053.bin;0xF0DB;2F CE 1C 13;Goddess of Flower Divination, Sakuya
ai/053.bin;0xF0DB;9F 3C 4E 15; + %d
ai/053.bin;0xF0DB;26 7B 30 1A;Cat Butler
ai/053.bin;0xF0DB;8D 20 89 1A;AI未設定 : %s %d
ai/053.bin;0xF0DB;BA E1 77 1C;Lightning Dragon Knight, Zorras
ai/053.bin;0xF0DB;05 10 92 1D;Interdimensional Dragon, Faterider Dragon
ai/053.bin;0xF0DB;49 58 50 21;Dimensional Robo, Daijet
ai/053.bin;0xF0DB;8E BC BB 21;  シールドの目標値 : 
ai/053.bin;0xF0DB;50 41 74 23;Hope Child, Turiel
ai/053.bin;0xF0DB;39 5F 97 27;Promising Knight, David
ai/053.bin;0xF0DB;BE 51 F9 27;Ravenous Dragon, Battlerex
ai/053.bin;0xF0DB;F7 2E E0 29;～%d
ai/053.bin;0xF0DB;A6 8F 2A 2A;Brawler, Fighting Dracokid
ai/053.bin;0xF0DB;44 62 0C 2D;Soundless Archer, Conductance
ai/053.bin;0xF0DB;14 30 63 2D;!!!! AI ERROR !!!!\n  
ai/053.bin;0xF0DB;EE 81 9E 32;Titan of the Capturing Arm
ai/053.bin;0xF0DB;C5 4D EE 32;Blaster Dark "Diablo"
ai/053.bin;0xF0DB;F1 28 16 33;枚しか選んでいない
ai/053.bin;0xF0DB;BC 1F 35 33;  ブースター : %s
ai/053.bin;0xF0DB;88 07 00 37;Undying Eradicator, Schub
ai/053.bin;0xF0DB;B8 BC F2 37;Ambush Demon Stealth Rogue, Kagamijishi
ai/053.bin;0xF0DB;6E 42 D6 38;AI(%d) : アタック情報
ai/053.bin;0xF0DB;B3 AD 45 3A;ブラスター
ai/053.bin;0xF0DB;A1 07 68 3C;Two-sword Eradicator, Koenshak
ai/053.bin;0xF0DB;03 D4 54 45; ヒットされない
ai/053.bin;0xF0DB;2D 3A A7 45;AI(%d) : ガードステップ情報
ai/053.bin;0xF0DB;2C A5 7B 4D;枚選択する必要があるが、
ai/053.bin;0xF0DB;9F A5 E0 4F;CEO Amaterasu
ai/053.bin;0xF0DB;3A D0 5B 51;Exxtreme Battler, Victor
ai/053.bin;0xF0DB;A6 11 33 52;Dark Dragon, Phantom Blaster "Diablo"
ai/053.bin;0xF0DB;3C E0 6F 55;Dragonic Overlord (Break Ride)
ai/053.bin;0xF0DB;DE C1 45 56;解放者
ai/053.bin;0xF0DB;F7 6D 78 57;Stamp Sea Otter
ai/053.bin;0xF0DB;95 CB 30 5B;Conquering Supreme Dragon, Conquest Dragon
ai/053.bin;0xF0DB;C5 AF 0D 60;Crimson Roar, Metatron
ai/053.bin;0xF0DB;F9 D9 1A 61;Eradicator, Tempest Bolt Dragon
ai/053.bin;0xF0DB;47 87 68 63;AI(%d) : 思考時間 %.3f秒 (行動カテゴリ:%d)
ai/053.bin;0xF0DB;55 C8 81 63;  完全ガード : %d/%d枚
ai/053.bin;0xF0DB;42 D7 DA 63;  ガーディアン候補
ai/053.bin;0xF0DB;33 8E E7 69;Duo True Sister, Meer
ai/053.bin;0xF0DB;E8 83 60 6B;Daredevil Samurai
ai/053.bin;0xF0DB;4B D4 AE 6B;  合計シールド : 
ai/053.bin;0xF0DB;DC 4C 2C 6E;Flower Princess of Spring's Beginning, Primavera
ai/053.bin;0xF0DB;11 E8 1D 70;Oracle Queen, Himiko
ai/053.bin;0xF0DB;E4 FB 3C 72;Blue Storm Cadet, Anos
ai/053.bin;0xF0DB;29 EF C2 73;  対象(%d) : %s
ai/053.bin;0xF0DB;5A 0E 41 7D;Dragon Dancer, Anastasia
ai/053.bin;0xF0DB;7C 3A 8B 81;Liberator, Burning Blow
ai/053.bin;0xF0DB;0C 00 6A 84;Ambush Dragon Eradicator, Linchu
ai/053.bin;0xF0DB;DA 63 6D 85;Dimensional Robo, Daibrave
ai/053.bin;0xF0DB;46 DE 4B 88;Dark Metal Dragon
ai/053.bin;0xF0DB;F1 6F 60 8A;Assault Eradicator, Saikei
ai/053.bin;0xF0DB;6A D5 6E 8A;Katanaraizer
ai/053.bin;0xF0DB;A0 D8 63 8D;Great Cosmic Hero, Grandgallop
ai/053.bin;0xF0DB;1F 10 24 8F;上
ai/053.bin;0xF0DB;6C E6 93 8F;Pitch Black Sage, Charon
ai/053.bin;0xF0DB;BB E2 E9 90;Immortal, Asura Kaiser
ai/053.bin;0xF0DB;E1 26 37 94;Demonic Dragon Berserker, Chatura
ai/053.bin;0xF0DB;6A 0F 95 94;  アタッカーのパワー : %d(%d)
ai/053.bin;0xF0DB;7F BB 35 95;Supreme Heavenly Emperor Dragon, Dragonic Overlord "the Ace"
ai/053.bin;0xF0DB;0C DD 47 9B;Battle Sister, Parfait
ai/053.bin;0xF0DB;1A 2D D2 9C;Myth Guard, Fomalhaut
ai/053.bin;0xF0DB;69 08 3B A2;Blue Wave Dragon, Tetra-drive Dragon
ai/053.bin;0xF0DB;3F 5B 57 A2;Sacred Spear Eradicator, Pollux
ai/053.bin;0xF0DB;F1 51 AA A2;Steam Fighter, Balih
ai/053.bin;0xF0DB;A4 F3 D7 A7;  アタッカーのクリティカル : %d
ai/053.bin;0xF0DB;BD FD F6 A7;Extreme Battler, Runbhol
ai/053.bin;0xF0DB;9F 77 42 AC;Flare Whip Dragon
ai/053.bin;0xF0DB;39 6A 36 B5;Hyper Metalborg, Heavyduke
ai/053.bin;0xF0DB;F7 48 21 B9;Dragon Knight, Jaral
ai/053.bin;0xF0DB;12 43 42 BB;Mighty Bolt Dragoon
ai/053.bin;0xF0DB;88 EF 6D BC;Enigman Tornado
ai/053.bin;0xF0DB;ED F8 CC BD;Final Wrench
ai/053.bin;0xF0DB;11 9F 48 BE;Shura Stealth Dragon, Daranicongo
ai/053.bin;0xF0DB;CF AA 4F C1;Perdition Dragon, Dragonic Neoflame
ai/053.bin;0xF0DB;7C 17 CE C1;Ranunculus Flower Maiden, Ahsha
ai/053.bin;0xF0DB;15 6E A2 C8;Wisteria Knight
ai/053.bin;0xF0DB;35 33 3D CB;蠱毒の抹消者 セイオウボ
ai/053.bin;0xF0DB;AB 51 A7 CB;AI(%d) : レシピ (フラグ:%08x)
ai/053.bin;0xF0DB;AE 72 79 D3;Eradicator, Blue Gem Carbuncle
ai/053.bin;0xF0DB;D7 DA C1 D6;AI(%d) : 思考開始 (行動カテゴリ:%d)
ai/053.bin;0xF0DB;7C 46 0A D9;Stealth Dragon, Dreadmaster
ai/053.bin;0xF0DB;6B 1D DB DC;Machining Mosquito mkII
ai/053.bin;0xF0DB;D0 BE 69 DE;Ionization Eradicator, Capnis
ai/053.bin;0xF0DB;E3 98 ED DE;Eradicator, Egghelm Dracokid
ai/053.bin;0xF0DB;F4 42 77 DF;Eradicator, Spark Rain Dragon
ai/053.bin;0xF0DB;69 E8 61 E1;オーバーロード
ai/053.bin;0xF0DB;7D 1F 65 E6;Beast Deity, Night Jackal
ai/053.bin;0xF0DB;57 CD 2E E8;    
ai/053.bin;0xF0DB;CC 1A C6 E8;AI未設定 : attrib = %s
ai/053.bin;0xF0DB;39 17 8B F0;Starry Skies Liberator, Guinevere
ai/053.bin;0xF0DB;4B 16 BE F0;Knight of Frevor, Hector
ai/053.bin;0xF0DB;BF 43 2B F1;  アタッカー : %s
ai/053.bin;0xF0DB;27 25 50 F1;Bear Down Samurai
ai/053.bin;0xF0DB;FC B0 EB F6;Purification Regalia, Pure Angel
ai/053.bin;0xF0DB;89 20 23 F8;下
ai/053.bin;0xF0DB;DD 4C B3 F8;ターン開始 AI(%d)
ai/054.bin;0x10C91;DC A5 CF 01;  クインテットウォール : %d/%d枚
ai/054.bin;0x10C91;51 5B 2F 06;Hexagonal Magus
ai/054.bin;0x10C91;DD 9F CC 07;Blue Storm Dragon, Maelstrom
ai/054.bin;0x10C91;8D 9F AA 08;  シールドの要求値 : 
ai/054.bin;0x10C91;76 AE E0 09;Dragonic Overlord "The Яe-birth" (Trigger)
ai/054.bin;0x10C91;02 DC 8B 0D;Mond Blaukluger
ai/054.bin;0x10C91;B1 2D 5D 0E;  対象のパワー : %d(%d)%s
ai/054.bin;0x10C91;24 A1 3B 11;Rising Lionet
ai/054.bin;0x10C91;CA 98 65 11;Mythic Beast, Fenrir
ai/054.bin;0x10C91;2F 96 22 12;Dancing Wolf
ai/054.bin;0x10C91;2F CE 1C 13;Goddess of Flower Divination, Sakuya
ai/054.bin;0x10C91;9F 3C 4E 15; + %d
ai/054.bin;0x10C91;26 7B 30 1A;Cat Butler
ai/054.bin;0x10C91;8D 20 89 1A;AI未設定 : %s %d
ai/054.bin;0x10C91;53 C3 3F 1B;Battle Siren, Orthia
ai/054.bin;0x10C91;49 58 50 21;Dimensional Robo, Daijet
ai/054.bin;0x10C91;8E BC BB 21;  シールドの目標値 : 
ai/054.bin;0x10C91;50 41 74 23;Hope Child, Turiel
ai/054.bin;0x10C91;39 5F 97 27;Promising Knight, David
ai/054.bin;0x10C91;BE 51 F9 27;Ravenous Dragon, Battlerex
ai/054.bin;0x10C91;F7 2E E0 29;～%d
ai/054.bin;0x10C91;A6 8F 2A 2A;Brawler, Fighting Dracokid
ai/054.bin;0x10C91;44 62 0C 2D;Soundless Archer, Conductance
ai/054.bin;0x10C91;14 30 63 2D;!!!! AI ERROR !!!!\n  
ai/054.bin;0x10C91;EE 81 9E 32;Titan of the Capturing Arm
ai/054.bin;0x10C91;C5 4D EE 32;Blaster Dark "Diablo"
ai/054.bin;0x10C91;F1 28 16 33;枚しか選んでいない
ai/054.bin;0x10C91;BC 1F 35 33;  ブースター : %s
ai/054.bin;0x10C91;B8 BC F2 37;Ambush Demon Stealth Rogue, Kagamijishi
ai/054.bin;0x10C91;6E 42 D6 38;AI(%d) : アタック情報
ai/054.bin;0x10C91;B3 AD 45 3A;ブラスター
ai/054.bin;0x10C91;F6 25 75 41;One Who Surpasses the Storm, Thavas
ai/054.bin;0x10C91;03 D4 54 45; ヒットされない
ai/054.bin;0x10C91;2D 3A A7 45;AI(%d) : ガードステップ情報
ai/054.bin;0x10C91;CD D7 8F 4A;Keen Eyed Seahorse Soldier
ai/054.bin;0x10C91;2C A5 7B 4D;枚選択する必要があるが、
ai/054.bin;0x10C91;9F A5 E0 4F;CEO Amaterasu
ai/054.bin;0x10C91;3A D0 5B 51;Exxtreme Battler, Victor
ai/054.bin;0x10C91;A6 11 33 52;Dark Dragon, Phantom Blaster "Diablo"
ai/054.bin;0x10C91;72 A4 48 52;Magnum Assault
ai/054.bin;0x10C91;A2 CA 0A 55;Officer Cadet, Andrey
ai/054.bin;0x10C91;3C E0 6F 55;Dragonic Overlord (Break Ride)
ai/054.bin;0x10C91;B6 EB DA 55;Blue Storm Marine General, Despina
ai/054.bin;0x10C91;DE C1 45 56;解放者
ai/054.bin;0x10C91;F7 6D 78 57;Stamp Sea Otter
ai/054.bin;0x10C91;73 AF 51 5E;Bubble Bazooka Dracokid
ai/054.bin;0x10C91;C5 AF 0D 60;Crimson Roar, Metatron
ai/054.bin;0x10C91;47 87 68 63;AI(%d) : 思考時間 %.3f秒 (行動カテゴリ:%d)
ai/054.bin;0x10C91;55 C8 81 63;  完全ガード : %d/%d枚
ai/054.bin;0x10C91;0F C6 C3 63;Strikehead Dragon
ai/054.bin;0x10C91;42 D7 DA 63;  ガーディアン候補
ai/054.bin;0x10C91;33 8E E7 69;Duo True Sister, Meer
ai/054.bin;0x10C91;E8 83 60 6B;Daredevil Samurai
ai/054.bin;0x10C91;4B D4 AE 6B;  合計シールド : 
ai/054.bin;0x10C91;DC 4C 2C 6E;Flower Princess of Spring's Beginning, Primavera
ai/054.bin;0x10C91;11 E8 1D 70;Oracle Queen, Himiko
ai/054.bin;0x10C91;E4 FB 3C 72;Blue Storm Cadet, Anos
ai/054.bin;0x10C91;BF 35 68 72;Tidal Assault
ai/054.bin;0x10C91;29 EF C2 73;  対象(%d) : %s
ai/054.bin;0x10C91;7C 3A 8B 81;Liberator, Burning Blow
ai/054.bin;0x10C91;4D 9D 5C 83;Ocean Keeper, Plato
ai/054.bin;0x10C91;DA 63 6D 85;Dimensional Robo, Daibrave
ai/054.bin;0x10C91;46 DE 4B 88;Dark Metal Dragon
ai/054.bin;0x10C91;6A D5 6E 8A;Katanaraizer
ai/054.bin;0x10C91;A8 D6 47 8C;Marine General of Heavenly Silk, Lambros
ai/054.bin;0x10C91;A0 D8 63 8D;Great Cosmic Hero, Grandgallop
ai/054.bin;0x10C91;1F 10 24 8F;上
ai/054.bin;0x10C91;6C E6 93 8F;Pitch Black Sage, Charon
ai/054.bin;0x10C91;BB E2 E9 90;Immortal, Asura Kaiser
ai/054.bin;0x10C91;E1 26 37 94;Demonic Dragon Berserker, Chatura
ai/054.bin;0x10C91;6A 0F 95 94;  アタッカーのパワー : %d(%d)
ai/054.bin;0x10C91;7F BB 35 95;Supreme Heavenly Emperor Dragon, Dragonic Overlord "the Ace"
ai/054.bin;0x10C91;0C DD 47 9B;Battle Sister, Parfait
ai/054.bin;0x10C91;1A 2D D2 9C;Myth Guard, Fomalhaut
ai/054.bin;0x10C91;69 08 3B A2;Blue Wave Dragon, Tetra-drive Dragon
ai/054.bin;0x10C91;F1 51 AA A2;Steam Fighter, Balih
ai/054.bin;0x10C91;A4 F3 D7 A7;  アタッカーのクリティカル : %d
ai/054.bin;0x10C91;BD FD F6 A7;Extreme Battler, Runbhol
ai/054.bin;0x10C91;09 20 A7 AA;Marine General of the Heavenly Scales, Tidal Bore Dragon
ai/054.bin;0x10C91;43 39 46 AB;Blue Storm Marine General, Spyros
ai/054.bin;0x10C91;9F 77 42 AC;Flare Whip Dragon
ai/054.bin;0x10C91;3C F0 B2 AC;Rainbow Sniper
ai/054.bin;0x10C91;BD 3D A2 AD;Kelpie Rider, Nikki
ai/054.bin;0x10C91;39 6A 36 B5;Hyper Metalborg, Heavyduke
ai/054.bin;0x10C91;F7 48 21 B9;Dragon Knight, Jaral
ai/054.bin;0x10C91;88 EF 6D BC;Enigman Tornado
ai/054.bin;0x10C91;ED F8 CC BD;Final Wrench
ai/054.bin;0x10C91;11 9F 48 BE;Shura Stealth Dragon, Daranicongo
ai/054.bin;0x10C91;CF AA 4F C1;Perdition Dragon, Dragonic Neoflame
ai/054.bin;0x10C91;7C 17 CE C1;Ranunculus Flower Maiden, Ahsha
ai/054.bin;0x10C91;EC 8E 85 C3;booster(%s)
ai/054.bin;0x10C91;32 A7 9C C5;Couple Dagger Sailor
ai/054.bin;0x10C91;15 6E A2 C8;Wisteria Knight
ai/054.bin;0x10C91;AB 51 A7 CB;AI(%d) : レシピ (フラグ:%08x)
ai/054.bin;0x10C91;D7 DA C1 D6;AI(%d) : 思考開始 (行動カテゴリ:%d)
ai/054.bin;0x10C91;04 75 4F D7;Blue Storm Soldier, Rascal Sweeper
ai/054.bin;0x10C91;4C 99 5F D8;Kelpie Rider, Denis
ai/054.bin;0x10C91;7C 46 0A D9;Stealth Dragon, Dreadmaster
ai/054.bin;0x10C91;BB CE 1E DA;Battle Siren, Carolina
ai/054.bin;0x10C91;01 AB C2 DC;attacker(%s)
ai/054.bin;0x10C91;6B 1D DB DC;Machining Mosquito mkII
ai/054.bin;0x10C91;69 E8 61 E1;オーバーロード
ai/054.bin;0x10C91;7D 1F 65 E6;Beast Deity, Night Jackal
ai/054.bin;0x10C91;57 CD 2E E8;    
ai/054.bin;0x10C91;B4 27 79 E8;Railgun Assault
ai/054.bin;0x10C91;CC 1A C6 E8;AI未設定 : attrib = %s
ai/054.bin;0x10C91;39 17 8B F0;Starry Skies Liberator, Guinevere
ai/054.bin;0x10C91;B7 75 A0 F0;Batteryboom Dragon
ai/054.bin;0x10C91;4B 16 BE F0;Knight of Frevor, Hector
ai/054.bin;0x10C91;BF 43 2B F1;  アタッカー : %s
ai/054.bin;0x10C91;27 25 50 F1;Bear Down Samurai
ai/054.bin;0x10C91;FC B0 EB F6;Purification Regalia, Pure Angel
ai/054.bin;0x10C91;89 20 23 F8;下
ai/054.bin;0x10C91;DD 4C B3 F8;ターン開始 AI(%d)
ai/054.bin;0x10C91;8E D3 36 F9;Kelpie Rider, Polo
ai/055.bin;0x113CD;DC A5 CF 01;  クインテットウォール : %d/%d枚
ai/055.bin;0x113CD;51 5B 2F 06;Hexagonal Magus
ai/055.bin;0x113CD;DD 9F CC 07;Blue Storm Dragon, Maelstrom
ai/055.bin;0x113CD;8D 9F AA 08;  シールドの要求値 : 
ai/055.bin;0x113CD;76 AE E0 09;Dragonic Overlord "The Яe-birth" (Trigger)
ai/055.bin;0x113CD;02 DC 8B 0D;Mond Blaukluger
ai/055.bin;0x113CD;B1 2D 5D 0E;  対象のパワー : %d(%d)%s
ai/055.bin;0x113CD;24 A1 3B 11;Rising Lionet
ai/055.bin;0x113CD;CA 98 65 11;Mythic Beast, Fenrir
ai/055.bin;0x113CD;2F 96 22 12;Dancing Wolf
ai/055.bin;0x113CD;2F CE 1C 13;Goddess of Flower Divination, Sakuya
ai/055.bin;0x113CD;9F 3C 4E 15; + %d
ai/055.bin;0x113CD;26 7B 30 1A;Cat Butler
ai/055.bin;0x113CD;8D 20 89 1A;AI未設定 : %s %d
ai/055.bin;0x113CD;53 C3 3F 1B;Battle Siren, Orthia
ai/055.bin;0x113CD;55 E4 4F 1B;Battle Siren, Mallika
ai/055.bin;0x113CD;49 58 50 21;Dimensional Robo, Daijet
ai/055.bin;0x113CD;8E BC BB 21;  シールドの目標値 : 
ai/055.bin;0x113CD;50 41 74 23;Hope Child, Turiel
ai/055.bin;0x113CD;00 B4 53 24;Jet-ski Rider
ai/055.bin;0x113CD;39 5F 97 27;Promising Knight, David
ai/055.bin;0x113CD;BE 51 F9 27;Ravenous Dragon, Battlerex
ai/055.bin;0x113CD;F7 2E E0 29;～%d
ai/055.bin;0x113CD;A6 8F 2A 2A;Brawler, Fighting Dracokid
ai/055.bin;0x113CD;44 62 0C 2D;Soundless Archer, Conductance
ai/055.bin;0x113CD;14 30 63 2D;!!!! AI ERROR !!!!\n  
ai/055.bin;0x113CD;EE 81 9E 32;Titan of the Capturing Arm
ai/055.bin;0x113CD;C5 4D EE 32;Blaster Dark "Diablo"
ai/055.bin;0x113CD;F1 28 16 33;枚しか選んでいない
ai/055.bin;0x113CD;BC 1F 35 33;  ブースター : %s
ai/055.bin;0x113CD;B8 BC F2 37;Ambush Demon Stealth Rogue, Kagamijishi
ai/055.bin;0x113CD;6E 42 D6 38;AI(%d) : アタック情報
ai/055.bin;0x113CD;B3 AD 45 3A;ブラスター
ai/055.bin;0x113CD;F6 25 75 41;One Who Surpasses the Storm, Thavas
ai/055.bin;0x113CD;03 D4 54 45; ヒットされない
ai/055.bin;0x113CD;2D 3A A7 45;AI(%d) : ガードステップ情報
ai/055.bin;0x113CD;E9 35 DE 47;Mothership Intelligence
ai/055.bin;0x113CD;2C A5 7B 4D;枚選択する必要があるが、
ai/055.bin;0x113CD;9F A5 E0 4F;CEO Amaterasu
ai/055.bin;0x113CD;3A D0 5B 51;Exxtreme Battler, Victor
ai/055.bin;0x113CD;A6 11 33 52;Dark Dragon, Phantom Blaster "Diablo"
ai/055.bin;0x113CD;72 A4 48 52;Magnum Assault
ai/055.bin;0x113CD;A2 CA 0A 55;Officer Cadet, Andrey
ai/055.bin;0x113CD;3C E0 6F 55;Dragonic Overlord (Break Ride)
ai/055.bin;0x113CD;B6 EB DA 55;Blue Storm Marine General, Despina
ai/055.bin;0x113CD;DE C1 45 56;解放者
ai/055.bin;0x113CD;F7 6D 78 57;Stamp Sea Otter
ai/055.bin;0x113CD;73 AF 51 5E;Bubble Bazooka Dracokid
ai/055.bin;0x113CD;C5 AF 0D 60;Crimson Roar, Metatron
ai/055.bin;0x113CD;47 87 68 63;AI(%d) : 思考時間 %.3f秒 (行動カテゴリ:%d)
ai/055.bin;0x113CD;55 C8 81 63;  完全ガード : %d/%d枚
ai/055.bin;0x113CD;0F C6 C3 63;Strikehead Dragon
ai/055.bin;0x113CD;42 D7 DA 63;  ガーディアン候補
ai/055.bin;0x113CD;33 8E E7 69;Duo True Sister, Meer
ai/055.bin;0x113CD;E8 83 60 6B;Daredevil Samurai
ai/055.bin;0x113CD;4B D4 AE 6B;  合計シールド : 
ai/055.bin;0x113CD;DC 4C 2C 6E;Flower Princess of Spring's Beginning, Primavera
ai/055.bin;0x113CD;11 E8 1D 70;Oracle Queen, Himiko
ai/055.bin;0x113CD;E4 FB 3C 72;Blue Storm Cadet, Anos
ai/055.bin;0x113CD;BF 35 68 72;Tidal Assault
ai/055.bin;0x113CD;29 EF C2 73;  対象(%d) : %s
ai/055.bin;0x113CD;7C 3A 8B 81;Liberator, Burning Blow
ai/055.bin;0x113CD;4D 9D 5C 83;Ocean Keeper, Plato
ai/055.bin;0x113CD;DA 63 6D 85;Dimensional Robo, Daibrave
ai/055.bin;0x113CD;46 DE 4B 88;Dark Metal Dragon
ai/055.bin;0x113CD;6A D5 6E 8A;Katanaraizer
ai/055.bin;0x113CD;A8 D6 47 8C;Marine General of Heavenly Silk, Lambros
ai/055.bin;0x113CD;A0 D8 63 8D;Great Cosmic Hero, Grandgallop
ai/055.bin;0x113CD;1F 10 24 8F;上
ai/055.bin;0x113CD;6C E6 93 8F;Pitch Black Sage, Charon
ai/055.bin;0x113CD;BB E2 E9 90;Immortal, Asura Kaiser
ai/055.bin;0x113CD;E1 26 37 94;Demonic Dragon Berserker, Chatura
ai/055.bin;0x113CD;6A 0F 95 94;  アタッカーのパワー : %d(%d)
ai/055.bin;0x113CD;7F BB 35 95;Supreme Heavenly Emperor Dragon, Dragonic Overlord "the Ace"
ai/055.bin;0x113CD;0C DD 47 9B;Battle Sister, Parfait
ai/055.bin;0x113CD;1A 2D D2 9C;Myth Guard, Fomalhaut
ai/055.bin;0x113CD;69 08 3B A2;Blue Wave Dragon, Tetra-drive Dragon
ai/055.bin;0x113CD;F1 51 AA A2;Steam Fighter, Balih
ai/055.bin;0x113CD;A4 F3 D7 A7;  アタッカーのクリティカル : %d
ai/055.bin;0x113CD;BD FD F6 A7;Extreme Battler, Runbhol
ai/055.bin;0x113CD;09 20 A7 AA;Marine General of the Heavenly Scales, Tidal Bore Dragon
ai/055.bin;0x113CD;43 39 46 AB;Blue Storm Marine General, Spyros
ai/055.bin;0x113CD;9F 77 42 AC;Flare Whip Dragon
ai/055.bin;0x113CD;BD 3D A2 AD;Kelpie Rider, Nikki
ai/055.bin;0x113CD;39 6A 36 B5;Hyper Metalborg, Heavyduke
ai/055.bin;0x113CD;F7 48 21 B9;Dragon Knight, Jaral
ai/055.bin;0x113CD;88 EF 6D BC;Enigman Tornado
ai/055.bin;0x113CD;ED F8 CC BD;Final Wrench
ai/055.bin;0x113CD;11 9F 48 BE;Shura Stealth Dragon, Daranicongo
ai/055.bin;0x113CD;CF AA 4F C1;Perdition Dragon, Dragonic Neoflame
ai/055.bin;0x113CD;7C 17 CE C1;Ranunculus Flower Maiden, Ahsha
ai/055.bin;0x113CD;EC 8E 85 C3;booster(%s)
ai/055.bin;0x113CD;32 A7 9C C5;Couple Dagger Sailor
ai/055.bin;0x113CD;15 6E A2 C8;Wisteria Knight
ai/055.bin;0x113CD;AB 51 A7 CB;AI(%d) : レシピ (フラグ:%08x)
ai/055.bin;0x113CD;D7 DA C1 D6;AI(%d) : 思考開始 (行動カテゴリ:%d)
ai/055.bin;0x113CD;04 75 4F D7;Blue Storm Soldier, Rascal Sweeper
ai/055.bin;0x113CD;4C 99 5F D8;Kelpie Rider, Denis
ai/055.bin;0x113CD;7C 46 0A D9;Stealth Dragon, Dreadmaster
ai/055.bin;0x113CD;BB CE 1E DA;Battle Siren, Carolina
ai/055.bin;0x113CD;01 AB C2 DC;attacker(%s)
ai/055.bin;0x113CD;6B 1D DB DC;Machining Mosquito mkII
ai/055.bin;0x113CD;69 E8 61 E1;オーバーロード
ai/055.bin;0x113CD;7D 1F 65 E6;Beast Deity, Night Jackal
ai/055.bin;0x113CD;57 CD 2E E8;    
ai/055.bin;0x113CD;CC 1A C6 E8;AI未設定 : attrib = %s
ai/055.bin;0x113CD;39 17 8B F0;Starry Skies Liberator, Guinevere
ai/055.bin;0x113CD;B7 75 A0 F0;Batteryboom Dragon
ai/055.bin;0x113CD;4B 16 BE F0;Knight of Frevor, Hector
ai/055.bin;0x113CD;BF 43 2B F1;  アタッカー : %s
ai/055.bin;0x113CD;27 25 50 F1;Bear Down Samurai
ai/055.bin;0x113CD;FC B0 EB F6;Purification Regalia, Pure Angel
ai/055.bin;0x113CD;89 20 23 F8;下
ai/055.bin;0x113CD;DD 4C B3 F8;ターン開始 AI(%d)
ai/055.bin;0x113CD;8E D3 36 F9;Kelpie Rider, Polo
ai/056.bin;0x1012E;DC A5 CF 01;  クインテットウォール : %d/%d枚
ai/056.bin;0x1012E;44 18 92 02;Dragon Knight, Jannat
ai/056.bin;0x1012E;51 5B 2F 06;Hexagonal Magus
ai/056.bin;0x1012E;DD 9F CC 07;Blue Storm Dragon, Maelstrom
ai/056.bin;0x1012E;8D 9F AA 08;  シールドの要求値 : 
ai/056.bin;0x1012E;76 AE E0 09;Dragonic Overlord "The Яe-birth" (Trigger)
ai/056.bin;0x1012E;02 DC 8B 0D;Mond Blaukluger
ai/056.bin;0x1012E;B1 2D 5D 0E;  対象のパワー : %d(%d)%s
ai/056.bin;0x1012E;24 A1 3B 11;Rising Lionet
ai/056.bin;0x1012E;CA 98 65 11;Mythic Beast, Fenrir
ai/056.bin;0x1012E;2F 96 22 12;Dancing Wolf
ai/056.bin;0x1012E;2F CE 1C 13;Goddess of Flower Divination, Sakuya
ai/056.bin;0x1012E;9F 3C 4E 15; + %d
ai/056.bin;0x1012E;24 7A 2C 18;Flame of Hope, Aermo
ai/056.bin;0x1012E;26 7B 30 1A;Cat Butler
ai/056.bin;0x1012E;63 56 82 1A;Twilight Arrow Dragon
ai/056.bin;0x1012E;8D 20 89 1A;AI未設定 : %s %d
ai/056.bin;0x1012E;95 31 10 1D;Seal Dragon, Kersey
ai/056.bin;0x1012E;49 58 50 21;Dimensional Robo, Daijet
ai/056.bin;0x1012E;8E BC BB 21;  シールドの目標値 : 
ai/056.bin;0x1012E;50 41 74 23;Hope Child, Turiel
ai/056.bin;0x1012E;39 5F 97 27;Promising Knight, David
ai/056.bin;0x1012E;BE 51 F9 27;Ravenous Dragon, Battlerex
ai/056.bin;0x1012E;F7 2E E0 29;～%d
ai/056.bin;0x1012E;A6 8F 2A 2A;Brawler, Fighting Dracokid
ai/056.bin;0x1012E;44 62 0C 2D;Soundless Archer, Conductance
ai/056.bin;0x1012E;14 30 63 2D;!!!! AI ERROR !!!!\n  
ai/056.bin;0x1012E;EE 81 9E 32;Titan of the Capturing Arm
ai/056.bin;0x1012E;C5 4D EE 32;Blaster Dark "Diablo"
ai/056.bin;0x1012E;F1 28 16 33;枚しか選んでいない
ai/056.bin;0x1012E;BC 1F 35 33;  ブースター : %s
ai/056.bin;0x1012E;B8 BC F2 37;Ambush Demon Stealth Rogue, Kagamijishi
ai/056.bin;0x1012E;6E 42 D6 38;AI(%d) : アタック情報
ai/056.bin;0x1012E;B3 AD 45 3A;ブラスター
ai/056.bin;0x1012E;58 F1 4A 3D;Wyvern Strike, Garan
ai/056.bin;0x1012E;E4 2A FD 40;Dragon Knight, Imahd
ai/056.bin;0x1012E;03 D4 54 45; ヒットされない
ai/056.bin;0x1012E;2D 3A A7 45;AI(%d) : ガードステップ情報
ai/056.bin;0x1012E;30 FD D8 4C;Dragon Monk Gyokuryu
ai/056.bin;0x1012E;2C A5 7B 4D;枚選択する必要があるが、
ai/056.bin;0x1012E;9F A5 E0 4F;CEO Amaterasu
ai/056.bin;0x1012E;34 F6 FD 50;Lava Flow Dragon
ai/056.bin;0x1012E;3A D0 5B 51;Exxtreme Battler, Victor
ai/056.bin;0x1012E;A6 11 33 52;Dark Dragon, Phantom Blaster "Diablo"
ai/056.bin;0x1012E;3C E0 6F 55;Dragonic Overlord (Break Ride)
ai/056.bin;0x1012E;DE C1 45 56;解放者
ai/056.bin;0x1012E;F7 6D 78 57;Stamp Sea Otter
ai/056.bin;0x1012E;C5 AF 0D 60;Crimson Roar, Metatron
ai/056.bin;0x1012E;47 87 68 63;AI(%d) : 思考時間 %.3f秒 (行動カテゴリ:%d)
ai/056.bin;0x1012E;55 C8 81 63;  完全ガード : %d/%d枚
ai/056.bin;0x1012E;42 D7 DA 63;  ガーディアン候補
ai/056.bin;0x1012E;33 8E E7 69;Duo True Sister, Meer
ai/056.bin;0x1012E;B0 4A D0 6A;Calamity Tower Wyvern
ai/056.bin;0x1012E;E8 83 60 6B;Daredevil Samurai
ai/056.bin;0x1012E;4B D4 AE 6B;  合計シールド : 
ai/056.bin;0x1012E;F5 FD 02 6E;Dragon Knight, Tanaz
ai/056.bin;0x1012E;DC 4C 2C 6E;Flower Princess of Spring's Beginning, Primavera
ai/056.bin;0x1012E;11 E8 1D 70;Oracle Queen, Himiko
ai/056.bin;0x1012E;E4 FB 3C 72;Blue Storm Cadet, Anos
ai/056.bin;0x1012E;29 EF C2 73;  対象(%d) : %s
ai/056.bin;0x1012E;54 9B A9 74;Divine Dragon Knight, Mustafa
ai/056.bin;0x1012E;64 B7 A7 7B;Wyvern Strike, Doha
ai/056.bin;0x1012E;6E 4F 15 80;Magnum Shot Dracokid
ai/056.bin;0x1012E;7C 3A 8B 81;Liberator, Burning Blow
ai/056.bin;0x1012E;DA 63 6D 85;Dimensional Robo, Daibrave
ai/056.bin;0x1012E;46 DE 4B 88;Dark Metal Dragon
ai/056.bin;0x1012E;6A D5 6E 8A;Katanaraizer
ai/056.bin;0x1012E;A0 D8 63 8D;Great Cosmic Hero, Grandgallop
ai/056.bin;0x1012E;87 FA 22 8F;Wyvernkid Ragla
ai/056.bin;0x1012E;1F 10 24 8F;上
ai/056.bin;0x1012E;6C E6 93 8F;Pitch Black Sage, Charon
ai/056.bin;0x1012E;BB E2 E9 90;Immortal, Asura Kaiser
ai/056.bin;0x1012E;E1 26 37 94;Demonic Dragon Berserker, Chatura
ai/056.bin;0x1012E;6A 0F 95 94;  アタッカーのパワー : %d(%d)
ai/056.bin;0x1012E;7F BB 35 95;Supreme Heavenly Emperor Dragon, Dragonic Overlord "the Ace"
ai/056.bin;0x1012E;0A 24 0B 97;Lizard Soldier, Conroe
ai/056.bin;0x1012E;CC 6A 8B 98;Divine Dragon Knight, Mahmud
ai/056.bin;0x1012E;17 6F DB 98;Dragon Monk, Gojo (V Series Start Deck)
ai/056.bin;0x1012E;0C DD 47 9B;Battle Sister, Parfait
ai/056.bin;0x1012E;1A 2D D2 9C;Myth Guard, Fomalhaut
ai/056.bin;0x1012E;69 08 3B A2;Blue Wave Dragon, Tetra-drive Dragon
ai/056.bin;0x1012E;F1 51 AA A2;Steam Fighter, Balih
ai/056.bin;0x1012E;A4 F3 D7 A7;  アタッカーのクリティカル : %d
ai/056.bin;0x1012E;BD FD F6 A7;Extreme Battler, Runbhol
ai/056.bin;0x1012E;9F 77 42 AC;Flare Whip Dragon
ai/056.bin;0x1012E;39 6A 36 B5;Hyper Metalborg, Heavyduke
ai/056.bin;0x1012E;F7 48 21 B9;Dragon Knight, Jaral
ai/056.bin;0x1012E;88 EF 6D BC;Enigman Tornado
ai/056.bin;0x1012E;ED F8 CC BD;Final Wrench
ai/056.bin;0x1012E;11 9F 48 BE;Shura Stealth Dragon, Daranicongo
ai/056.bin;0x1012E;CF AA 4F C1;Perdition Dragon, Dragonic Neoflame
ai/056.bin;0x1012E;7C 17 CE C1;Ranunculus Flower Maiden, Ahsha
ai/056.bin;0x1012E;48 1B 59 C4;Dragonic Blademaster
ai/056.bin;0x1012E;15 6E A2 C8;Wisteria Knight
ai/056.bin;0x1012E;AB 51 A7 CB;AI(%d) : レシピ (フラグ:%08x)
ai/056.bin;0x1012E;6E A8 80 CE;Heroic Saga Dragon
ai/056.bin;0x1012E;1C 62 06 D1;Flame Emperor Dragon King, Root Flare Dragon
ai/056.bin;0x1012E;D7 DA C1 D6;AI(%d) : 思考開始 (行動カテゴリ:%d)
ai/056.bin;0x1012E;D3 27 A4 D7;Dragon Knight, Neshat
ai/056.bin;0x1012E;7C 46 0A D9;Stealth Dragon, Dreadmaster
ai/056.bin;0x1012E;6B 1D DB DC;Machining Mosquito mkII
ai/056.bin;0x1012E;69 E8 61 E1;オーバーロード
ai/056.bin;0x1012E;45 02 02 E2;Dragon Knight, Rashid
ai/056.bin;0x1012E;7D 1F 65 E6;Beast Deity, Night Jackal
ai/056.bin;0x1012E;57 CD 2E E8;    
ai/056.bin;0x1012E;CC 1A C6 E8;AI未設定 : attrib = %s
ai/056.bin;0x1012E;39 17 8B F0;Starry Skies Liberator, Guinevere
ai/056.bin;0x1012E;4B 16 BE F0;Knight of Frevor, Hector
ai/056.bin;0x1012E;BF 43 2B F1;  アタッカー : %s
ai/056.bin;0x1012E;27 25 50 F1;Bear Down Samurai
ai/056.bin;0x1012E;A5 40 55 F5;Mother Orb Dragon
ai/056.bin;0x1012E;FC B0 EB F6;Purification Regalia, Pure Angel
ai/056.bin;0x1012E;89 20 23 F8;下
ai/056.bin;0x1012E;DD 4C B3 F8;ターン開始 AI(%d)
ai/056.bin;0x1012E;D1 35 79 FB;Protect Orb Dragon
ai/057.bin;0xF293;DC A5 CF 01;  クインテットウォール : %d/%d枚
ai/057.bin;0xF293;51 5B 2F 06;Hexagonal Magus
ai/057.bin;0xF293;DD 9F CC 07;Blue Storm Dragon, Maelstrom
ai/057.bin;0xF293;8D 9F AA 08;  シールドの要求値 : 
ai/057.bin;0xF293;76 AE E0 09;Dragonic Overlord "The Яe-birth" (Trigger)
ai/057.bin;0xF293;02 DC 8B 0D;Mond Blaukluger
ai/057.bin;0xF293;B1 2D 5D 0E;  対象のパワー : %d(%d)%s
ai/057.bin;0xF293;24 A1 3B 11;Rising Lionet
ai/057.bin;0xF293;CA 98 65 11;Mythic Beast, Fenrir
ai/057.bin;0xF293;2F 96 22 12;Dancing Wolf
ai/057.bin;0xF293;2F CE 1C 13;Goddess of Flower Divination, Sakuya
ai/057.bin;0xF293;70 71 44 13;Voltage Horn Dragon
ai/057.bin;0xF293;9F 3C 4E 15; + %d
ai/057.bin;0xF293;26 7B 30 1A;Cat Butler
ai/057.bin;0xF293;63 56 82 1A;Twilight Arrow Dragon
ai/057.bin;0xF293;8D 20 89 1A;AI未設定 : %s %d
ai/057.bin;0xF293;BA E1 77 1C;Lightning Dragon Knight, Zorras
ai/057.bin;0xF293;49 58 50 21;Dimensional Robo, Daijet
ai/057.bin;0xF293;8E BC BB 21;  シールドの目標値 : 
ai/057.bin;0xF293;50 41 74 23;Hope Child, Turiel
ai/057.bin;0xF293;39 5F 97 27;Promising Knight, David
ai/057.bin;0xF293;BE 51 F9 27;Ravenous Dragon, Battlerex
ai/057.bin;0xF293;F7 2E E0 29;～%d
ai/057.bin;0xF293;A6 8F 2A 2A;Brawler, Fighting Dracokid
ai/057.bin;0xF293;44 62 0C 2D;Soundless Archer, Conductance
ai/057.bin;0xF293;14 30 63 2D;!!!! AI ERROR !!!!\n  
ai/057.bin;0xF293;EE 81 9E 32;Titan of the Capturing Arm
ai/057.bin;0xF293;C5 4D EE 32;Blaster Dark "Diablo"
ai/057.bin;0xF293;F1 28 16 33;枚しか選んでいない
ai/057.bin;0xF293;BC 1F 35 33;  ブースター : %s
ai/057.bin;0xF293;B8 BC F2 37;Ambush Demon Stealth Rogue, Kagamijishi
ai/057.bin;0xF293;6E 42 D6 38;AI(%d) : アタック情報
ai/057.bin;0xF293;B3 AD 45 3A;ブラスター
ai/057.bin;0xF293;58 F1 4A 3D;Wyvern Strike, Garan
ai/057.bin;0xF293;E4 2A FD 40;Dragon Knight, Imahd
ai/057.bin;0xF293;03 D4 54 45; ヒットされない
ai/057.bin;0xF293;2D 3A A7 45;AI(%d) : ガードステップ情報
ai/057.bin;0xF293;10 25 A8 4A;Plasma Dance Dragon
ai/057.bin;0xF293;2C A5 7B 4D;枚選択する必要があるが、
ai/057.bin;0xF293;9F A5 E0 4F;CEO Amaterasu
ai/057.bin;0xF293;34 F6 FD 50;Lava Flow Dragon
ai/057.bin;0xF293;3A D0 5B 51;Exxtreme Battler, Victor
ai/057.bin;0xF293;A6 11 33 52;Dark Dragon, Phantom Blaster "Diablo"
ai/057.bin;0xF293;FF 9F A4 54;Rising Phoenix
ai/057.bin;0xF293;3C E0 6F 55;Dragonic Overlord (Break Ride)
ai/057.bin;0xF293;DE C1 45 56;解放者
ai/057.bin;0xF293;F7 6D 78 57;Stamp Sea Otter
ai/057.bin;0xF293;95 CB 30 5B;Conquering Supreme Dragon, Conquest Dragon
ai/057.bin;0xF293;C5 AF 0D 60;Crimson Roar, Metatron
ai/057.bin;0xF293;2C B5 66 61;疑心暗鬼のジン
ai/057.bin;0xF293;47 87 68 63;AI(%d) : 思考時間 %.3f秒 (行動カテゴリ:%d)
ai/057.bin;0xF293;55 C8 81 63;  完全ガード : %d/%d枚
ai/057.bin;0xF293;42 D7 DA 63;  ガーディアン候補
ai/057.bin;0xF293;33 8E E7 69;Duo True Sister, Meer
ai/057.bin;0xF293;E8 83 60 6B;Daredevil Samurai
ai/057.bin;0xF293;4B D4 AE 6B;  合計シールド : 
ai/057.bin;0xF293;DC 4C 2C 6E;Flower Princess of Spring's Beginning, Primavera
ai/057.bin;0xF293;11 E8 1D 70;Oracle Queen, Himiko
ai/057.bin;0xF293;E4 FB 3C 72;Blue Storm Cadet, Anos
ai/057.bin;0xF293;29 EF C2 73;  対象(%d) : %s
ai/057.bin;0xF293;0B 68 BC 7A;Spark Edge Dracokid
ai/057.bin;0xF293;64 B7 A7 7B;Wyvern Strike, Doha
ai/057.bin;0xF293;5A 0E 41 7D;Dragon Dancer, Anastasia
ai/057.bin;0xF293;7C 3A 8B 81;Liberator, Burning Blow
ai/057.bin;0xF293;F2 3C 64 82;Dragonic Deathscythe
ai/057.bin;0xF293;DA 63 6D 85;Dimensional Robo, Daibrave
ai/057.bin;0xF293;46 DE 4B 88;Dark Metal Dragon
ai/057.bin;0xF293;6A D5 6E 8A;Katanaraizer
ai/057.bin;0xF293;A0 D8 63 8D;Great Cosmic Hero, Grandgallop
ai/057.bin;0xF293;1F 10 24 8F;上
ai/057.bin;0xF293;6C E6 93 8F;Pitch Black Sage, Charon
ai/057.bin;0xF293;BB E2 E9 90;Immortal, Asura Kaiser
ai/057.bin;0xF293;E1 26 37 94;Demonic Dragon Berserker, Chatura
ai/057.bin;0xF293;6A 0F 95 94;  アタッカーのパワー : %d(%d)
ai/057.bin;0xF293;7F BB 35 95;Supreme Heavenly Emperor Dragon, Dragonic Overlord "the Ace"
ai/057.bin;0xF293;0C DD 47 9B;Battle Sister, Parfait
ai/057.bin;0xF293;1A 2D D2 9C;Myth Guard, Fomalhaut
ai/057.bin;0xF293;69 08 3B A2;Blue Wave Dragon, Tetra-drive Dragon
ai/057.bin;0xF293;F1 51 AA A2;Steam Fighter, Balih
ai/057.bin;0xF293;A4 F3 D7 A7;  アタッカーのクリティカル : %d
ai/057.bin;0xF293;BD FD F6 A7;Extreme Battler, Runbhol
ai/057.bin;0xF293;9F 77 42 AC;Flare Whip Dragon
ai/057.bin;0xF293;08 BF DE AF;Jaggy Shot Dragoon
ai/057.bin;0xF293;39 6A 36 B5;Hyper Metalborg, Heavyduke
ai/057.bin;0xF293;F7 48 21 B9;Dragon Knight, Jaral
ai/057.bin;0xF293;12 43 42 BB;Mighty Bolt Dragoon
ai/057.bin;0xF293;88 EF 6D BC;Enigman Tornado
ai/057.bin;0xF293;ED F8 CC BD;Final Wrench
ai/057.bin;0xF293;11 9F 48 BE;Shura Stealth Dragon, Daranicongo
ai/057.bin;0xF293;CF AA 4F C1;Perdition Dragon, Dragonic Neoflame
ai/057.bin;0xF293;7C 17 CE C1;Ranunculus Flower Maiden, Ahsha
ai/057.bin;0xF293;48 1B 59 C4;Dragonic Blademaster
ai/057.bin;0xF293;15 6E A2 C8;Wisteria Knight
ai/057.bin;0xF293;AB 51 A7 CB;AI(%d) : レシピ (フラグ:%08x)
ai/057.bin;0xF293;02 87 CD CB;Harbinger Dracokid
ai/057.bin;0xF293;D7 DA C1 D6;AI(%d) : 思考開始 (行動カテゴリ:%d)
ai/057.bin;0xF293;7C 46 0A D9;Stealth Dragon, Dreadmaster
ai/057.bin;0xF293;6B 1D DB DC;Machining Mosquito mkII
ai/057.bin;0xF293;69 E8 61 E1;オーバーロード
ai/057.bin;0xF293;7D 1F 65 E6;Beast Deity, Night Jackal
ai/057.bin;0xF293;57 CD 2E E8;    
ai/057.bin;0xF293;CC 1A C6 E8;AI未設定 : attrib = %s
ai/057.bin;0xF293;39 17 8B F0;Starry Skies Liberator, Guinevere
ai/057.bin;0xF293;4B 16 BE F0;Knight of Frevor, Hector
ai/057.bin;0xF293;BF 43 2B F1;  アタッカー : %s
ai/057.bin;0xF293;27 25 50 F1;Bear Down Samurai
ai/057.bin;0xF293;CF FC 38 F5;Dragonic Vanquisher
ai/057.bin;0xF293;5A 2E 5F F6;Wyvern Strike, Pyglma
ai/057.bin;0xF293;FC B0 EB F6;Purification Regalia, Pure Angel
ai/057.bin;0xF293;77 27 A3 F7;Deity of Love, Kama
ai/057.bin;0xF293;89 20 23 F8;下
ai/057.bin;0xF293;DD 4C B3 F8;ターン開始 AI(%d)
ai/058.bin;0xFD2D;DC A5 CF 01;  クインテットウォール : %d/%d枚
ai/058.bin;0xFD2D;51 5B 2F 06;Hexagonal Magus
ai/058.bin;0xFD2D;DD 9F CC 07;Blue Storm Dragon, Maelstrom
ai/058.bin;0xFD2D;8D 9F AA 08;  シールドの要求値 : 
ai/058.bin;0xFD2D;76 AE E0 09;Dragonic Overlord "The Яe-birth" (Trigger)
ai/058.bin;0xFD2D;02 DC 8B 0D;Mond Blaukluger
ai/058.bin;0xFD2D;B1 2D 5D 0E;  対象のパワー : %d(%d)%s
ai/058.bin;0xFD2D;24 A1 3B 11;Rising Lionet
ai/058.bin;0xFD2D;CA 98 65 11;Mythic Beast, Fenrir
ai/058.bin;0xFD2D;2F 96 22 12;Dancing Wolf
ai/058.bin;0xFD2D;2F CE 1C 13;Goddess of Flower Divination, Sakuya
ai/058.bin;0xFD2D;9F 3C 4E 15; + %d
ai/058.bin;0xFD2D;26 7B 30 1A;Cat Butler
ai/058.bin;0xFD2D;8D 20 89 1A;AI未設定 : %s %d
ai/058.bin;0xFD2D;C0 15 ED 1A;Dimensional Robo, Daidragon
ai/058.bin;0xFD2D;49 58 50 21;Dimensional Robo, Daijet
ai/058.bin;0xFD2D;8E BC BB 21;  シールドの目標値 : 
ai/058.bin;0xFD2D;84 FA 26 23;Dimensional Robo, Daishoot
ai/058.bin;0xFD2D;50 41 74 23;Hope Child, Turiel
ai/058.bin;0xFD2D;39 5F 97 27;Promising Knight, David
ai/058.bin;0xFD2D;BE 51 F9 27;Ravenous Dragon, Battlerex
ai/058.bin;0xFD2D;F7 2E E0 29;～%d
ai/058.bin;0xFD2D;A6 8F 2A 2A;Brawler, Fighting Dracokid
ai/058.bin;0xFD2D;44 62 0C 2D;Soundless Archer, Conductance
ai/058.bin;0xFD2D;14 30 63 2D;!!!! AI ERROR !!!!\n  
ai/058.bin;0xFD2D;EE 81 9E 32;Titan of the Capturing Arm
ai/058.bin;0xFD2D;C5 4D EE 32;Blaster Dark "Diablo"
ai/058.bin;0xFD2D;F1 28 16 33;枚しか選んでいない
ai/058.bin;0xFD2D;BC 1F 35 33;  ブースター : %s
ai/058.bin;0xFD2D;6F 97 CC 33;Dimensional Robo, Daicrane
ai/058.bin;0xFD2D;B8 BC F2 37;Ambush Demon Stealth Rogue, Kagamijishi
ai/058.bin;0xFD2D;6E 42 D6 38;AI(%d) : アタック情報
ai/058.bin;0xFD2D;B3 AD 45 3A;ブラスター
ai/058.bin;0xFD2D;03 D4 54 45; ヒットされない
ai/058.bin;0xFD2D;2D 3A A7 45;AI(%d) : ガードステップ情報
ai/058.bin;0xFD2D;E2 57 0B 48;Dimensional Robo, Dailion
ai/058.bin;0xFD2D;2C A5 7B 4D;枚選択する必要があるが、
ai/058.bin;0xFD2D;9F A5 E0 4F;CEO Amaterasu
ai/058.bin;0xFD2D;2F F1 E7 50;Dimensional Robo, Kaisergrader
ai/058.bin;0xFD2D;3A D0 5B 51;Exxtreme Battler, Victor
ai/058.bin;0xFD2D;1F 18 FD 51;99th-gen Dimensional Robo Commander, Great Daiearth
ai/058.bin;0xFD2D;A6 11 33 52;Dark Dragon, Phantom Blaster "Diablo"
ai/058.bin;0xFD2D;3C E0 6F 55;Dragonic Overlord (Break Ride)
ai/058.bin;0xFD2D;DE C1 45 56;解放者
ai/058.bin;0xFD2D;F7 6D 78 57;Stamp Sea Otter
ai/058.bin;0xFD2D;C5 AF 0D 60;Crimson Roar, Metatron
ai/058.bin;0xFD2D;47 87 68 63;AI(%d) : 思考時間 %.3f秒 (行動カテゴリ:%d)
ai/058.bin;0xFD2D;55 C8 81 63;  完全ガード : %d/%d枚
ai/058.bin;0xFD2D;42 D7 DA 63;  ガーディアン候補
ai/058.bin;0xFD2D;EC 3B 48 64;Dimensional Robo, Daibattles
ai/058.bin;0xFD2D;E5 D2 62 65;Dimensional Robo, Gorescue
ai/058.bin;0xFD2D;33 8E E7 69;Duo True Sister, Meer
ai/058.bin;0xFD2D;E8 83 60 6B;Daredevil Samurai
ai/058.bin;0xFD2D;4B D4 AE 6B;  合計シールド : 
ai/058.bin;0xFD2D;69 F7 5E 6D;Super Cosmic Hero, X-tiger
ai/058.bin;0xFD2D;DC 4C 2C 6E;Flower Princess of Spring's Beginning, Primavera
ai/058.bin;0xFD2D;11 E8 1D 70;Oracle Queen, Himiko
ai/058.bin;0xFD2D;E4 FB 3C 72;Blue Storm Cadet, Anos
ai/058.bin;0xFD2D;29 EF C2 73;  対象(%d) : %s
ai/058.bin;0xFD2D;7C 3A 8B 81;Liberator, Burning Blow
ai/058.bin;0xFD2D;4D 2A 1A 82;Ultimate Dimensional Robo, Great Daikaiser
ai/058.bin;0xFD2D;DA 63 6D 85;Dimensional Robo, Daibrave
ai/058.bin;0xFD2D;22 07 8F 86;Cosmic Hero, Grandguard
ai/058.bin;0xFD2D;46 DE 4B 88;Dark Metal Dragon
ai/058.bin;0xFD2D;6A D5 6E 8A;Katanaraizer
ai/058.bin;0xFD2D;A0 D8 63 8D;Great Cosmic Hero, Grandgallop
ai/058.bin;0xFD2D;1F 10 24 8F;上
ai/058.bin;0xFD2D;6C E6 93 8F;Pitch Black Sage, Charon
ai/058.bin;0xFD2D;BB E2 E9 90;Immortal, Asura Kaiser
ai/058.bin;0xFD2D;E1 26 37 94;Demonic Dragon Berserker, Chatura
ai/058.bin;0xFD2D;6A 0F 95 94;  アタッカーのパワー : %d(%d)
ai/058.bin;0xFD2D;7F BB 35 95;Supreme Heavenly Emperor Dragon, Dragonic Overlord "the Ace"
ai/058.bin;0xFD2D;8D 03 EC 97;Dimensional Robo, Kaizard
ai/058.bin;0xFD2D;0C DD 47 9B;Battle Sister, Parfait
ai/058.bin;0xFD2D;1A 2D D2 9C;Myth Guard, Fomalhaut
ai/058.bin;0xFD2D;69 08 3B A2;Blue Wave Dragon, Tetra-drive Dragon
ai/058.bin;0xFD2D;F1 51 AA A2;Steam Fighter, Balih
ai/058.bin;0xFD2D;A4 F3 D7 A7;  アタッカーのクリティカル : %d
ai/058.bin;0xFD2D;BD FD F6 A7;Extreme Battler, Runbhol
ai/058.bin;0xFD2D;9F 77 42 AC;Flare Whip Dragon
ai/058.bin;0xFD2D;39 6A 36 B5;Hyper Metalborg, Heavyduke
ai/058.bin;0xFD2D;F7 48 21 B9;Dragon Knight, Jaral
ai/058.bin;0xFD2D;88 EF 6D BC;Enigman Tornado
ai/058.bin;0xFD2D;ED F8 CC BD;Final Wrench
ai/058.bin;0xFD2D;11 9F 48 BE;Shura Stealth Dragon, Daranicongo
ai/058.bin;0xFD2D;CF AA 4F C1;Perdition Dragon, Dragonic Neoflame
ai/058.bin;0xFD2D;7C 17 CE C1;Ranunculus Flower Maiden, Ahsha
ai/058.bin;0xFD2D;15 6E A2 C8;Wisteria Knight
ai/058.bin;0xFD2D;AB 51 A7 CB;AI(%d) : レシピ (フラグ:%08x)
ai/058.bin;0xFD2D;D7 DA C1 D6;AI(%d) : 思考開始 (行動カテゴリ:%d)
ai/058.bin;0xFD2D;7C 46 0A D9;Stealth Dragon, Dreadmaster
ai/058.bin;0xFD2D;6B 1D DB DC;Machining Mosquito mkII
ai/058.bin;0xFD2D;0A B9 45 E0;Dimensional Robo, Daiwolf
ai/058.bin;0xFD2D;69 E8 61 E1;オーバーロード
ai/058.bin;0xFD2D;7D 1F 65 E6;Beast Deity, Night Jackal
ai/058.bin;0xFD2D;1B BC 43 E7;Super Cosmic Hero, X-falcon
ai/058.bin;0xFD2D;57 CD 2E E8;    
ai/058.bin;0xFD2D;CC 1A C6 E8;AI未設定 : attrib = %s
ai/058.bin;0xFD2D;F1 76 1B EE;Super Dimensional Robo, Daikaiser
ai/058.bin;0xFD2D;39 17 8B F0;Starry Skies Liberator, Guinevere
ai/058.bin;0xFD2D;4B 16 BE F0;Knight of Frevor, Hector
ai/058.bin;0xFD2D;BF 43 2B F1;  アタッカー : %s
ai/058.bin;0xFD2D;27 25 50 F1;Bear Down Samurai
ai/058.bin;0xFD2D;FC B0 EB F6;Purification Regalia, Pure Angel
ai/058.bin;0xFD2D;89 20 23 F8;下
ai/058.bin;0xFD2D;DD 4C B3 F8;ターン開始 AI(%d)
ai/059.bin;0xF679;DC A5 CF 01;  クインテットウォール : %d/%d枚
ai/059.bin;0xF679;51 5B 2F 06;Hexagonal Magus
ai/059.bin;0xF679;DD 9F CC 07;Blue Storm Dragon, Maelstrom
ai/059.bin;0xF679;8D 9F AA 08;  シールドの要求値 : 
ai/059.bin;0xF679;76 AE E0 09;Dragonic Overlord "The Яe-birth" (Trigger)
ai/059.bin;0xF679;02 DC 8B 0D;Mond Blaukluger
ai/059.bin;0xF679;B1 2D 5D 0E;  対象のパワー : %d(%d)%s
ai/059.bin;0xF679;24 A1 3B 11;Rising Lionet
ai/059.bin;0xF679;CA 98 65 11;Mythic Beast, Fenrir
ai/059.bin;0xF679;2F 96 22 12;Dancing Wolf
ai/059.bin;0xF679;2F CE 1C 13;Goddess of Flower Divination, Sakuya
ai/059.bin;0xF679;9F 3C 4E 15; + %d
ai/059.bin;0xF679;26 7B 30 1A;Cat Butler
ai/059.bin;0xF679;8D 20 89 1A;AI未設定 : %s %d
ai/059.bin;0xF679;C0 15 ED 1A;Dimensional Robo, Daidragon
ai/059.bin;0xF679;9A C6 45 1B;Ultimate Dimensional Robo, Great Daiyusha
ai/059.bin;0xF679;49 58 50 21;Dimensional Robo, Daijet
ai/059.bin;0xF679;8E BC BB 21;  シールドの目標値 : 
ai/059.bin;0xF679;50 41 74 23;Hope Child, Turiel
ai/059.bin;0xF679;39 5F 97 27;Promising Knight, David
ai/059.bin;0xF679;BE 51 F9 27;Ravenous Dragon, Battlerex
ai/059.bin;0xF679;F7 2E E0 29;～%d
ai/059.bin;0xF679;A6 8F 2A 2A;Brawler, Fighting Dracokid
ai/059.bin;0xF679;44 62 0C 2D;Soundless Archer, Conductance
ai/059.bin;0xF679;14 30 63 2D;!!!! AI ERROR !!!!\n  
ai/059.bin;0xF679;EE 81 9E 32;Titan of the Capturing Arm
ai/059.bin;0xF679;C5 4D EE 32;Blaster Dark "Diablo"
ai/059.bin;0xF679;F1 28 16 33;枚しか選んでいない
ai/059.bin;0xF679;BC 1F 35 33;  ブースター : %s
ai/059.bin;0xF679;6F 97 CC 33;Dimensional Robo, Daicrane
ai/059.bin;0xF679;B8 BC F2 37;Ambush Demon Stealth Rogue, Kagamijishi
ai/059.bin;0xF679;6E 42 D6 38;AI(%d) : アタック情報
ai/059.bin;0xF679;B3 AD 45 3A;ブラスター
ai/059.bin;0xF679;03 D4 54 45; ヒットされない
ai/059.bin;0xF679;2D 3A A7 45;AI(%d) : ガードステップ情報
ai/059.bin;0xF679;E2 57 0B 48;Dimensional Robo, Dailion
ai/059.bin;0xF679;2E B1 59 48;Dimensional Robo, Daimagnum
ai/059.bin;0xF679;2C A5 7B 4D;枚選択する必要があるが、
ai/059.bin;0xF679;9F A5 E0 4F;CEO Amaterasu
ai/059.bin;0xF679;3A D0 5B 51;Exxtreme Battler, Victor
ai/059.bin;0xF679;1F 18 FD 51;99th-gen Dimensional Robo Commander, Great Daiearth
ai/059.bin;0xF679;A6 11 33 52;Dark Dragon, Phantom Blaster "Diablo"
ai/059.bin;0xF679;3C E0 6F 55;Dragonic Overlord (Break Ride)
ai/059.bin;0xF679;DE C1 45 56;解放者
ai/059.bin;0xF679;F7 6D 78 57;Stamp Sea Otter
ai/059.bin;0xF679;CB 77 3F 5B;Super Dimensional Robo, Shadowkaiser
ai/059.bin;0xF679;C5 AF 0D 60;Crimson Roar, Metatron
ai/059.bin;0xF679;47 87 68 63;AI(%d) : 思考時間 %.3f秒 (行動カテゴリ:%d)
ai/059.bin;0xF679;55 C8 81 63;  完全ガード : %d/%d枚
ai/059.bin;0xF679;42 D7 DA 63;  ガーディアン候補
ai/059.bin;0xF679;EC 3B 48 64;Dimensional Robo, Daibattles
ai/059.bin;0xF679;E5 D2 62 65;Dimensional Robo, Gorescue
ai/059.bin;0xF679;33 8E E7 69;Duo True Sister, Meer
ai/059.bin;0xF679;E8 83 60 6B;Daredevil Samurai
ai/059.bin;0xF679;29 7C A9 6B;Dimensional Robo, Daishield
ai/059.bin;0xF679;4B D4 AE 6B;  合計シールド : 
ai/059.bin;0xF679;69 F7 5E 6D;Super Cosmic Hero, X-tiger
ai/059.bin;0xF679;DC 4C 2C 6E;Flower Princess of Spring's Beginning, Primavera
ai/059.bin;0xF679;11 E8 1D 70;Oracle Queen, Himiko
ai/059.bin;0xF679;E4 FB 3C 72;Blue Storm Cadet, Anos
ai/059.bin;0xF679;29 EF C2 73;  対象(%d) : %s
ai/059.bin;0xF679;7C 3A 8B 81;Liberator, Burning Blow
ai/059.bin;0xF679;DA 63 6D 85;Dimensional Robo, Daibrave
ai/059.bin;0xF679;46 DE 4B 88;Dark Metal Dragon
ai/059.bin;0xF679;6A D5 6E 8A;Katanaraizer
ai/059.bin;0xF679;A0 D8 63 8D;Great Cosmic Hero, Grandgallop
ai/059.bin;0xF679;1F 10 24 8F;上
ai/059.bin;0xF679;6C E6 93 8F;Pitch Black Sage, Charon
ai/059.bin;0xF679;BB E2 E9 90;Immortal, Asura Kaiser
ai/059.bin;0xF679;E1 26 37 94;Demonic Dragon Berserker, Chatura
ai/059.bin;0xF679;6A 0F 95 94;  アタッカーのパワー : %d(%d)
ai/059.bin;0xF679;7F BB 35 95;Supreme Heavenly Emperor Dragon, Dragonic Overlord "the Ace"
ai/059.bin;0xF679;0C DD 47 9B;Battle Sister, Parfait
ai/059.bin;0xF679;1A 2D D2 9C;Myth Guard, Fomalhaut
ai/059.bin;0xF679;69 08 3B A2;Blue Wave Dragon, Tetra-drive Dragon
ai/059.bin;0xF679;F1 51 AA A2;Steam Fighter, Balih
ai/059.bin;0xF679;A4 F3 D7 A7;  アタッカーのクリティカル : %d
ai/059.bin;0xF679;BD FD F6 A7;Extreme Battler, Runbhol
ai/059.bin;0xF679;CF 1F B7 AB;Dimensional Robo Operator, Yuka
ai/059.bin;0xF679;9F 77 42 AC;Flare Whip Dragon
ai/059.bin;0xF679;39 6A 36 B5;Hyper Metalborg, Heavyduke
ai/059.bin;0xF679;F7 48 21 B9;Dragon Knight, Jaral
ai/059.bin;0xF679;88 EF 6D BC;Enigman Tornado
ai/059.bin;0xF679;ED F8 CC BD;Final Wrench
ai/059.bin;0xF679;11 9F 48 BE;Shura Stealth Dragon, Daranicongo
ai/059.bin;0xF679;CF AA 4F C1;Perdition Dragon, Dragonic Neoflame
ai/059.bin;0xF679;7C 17 CE C1;Ranunculus Flower Maiden, Ahsha
ai/059.bin;0xF679;4D F6 FA C4;Dark Superhuman, Pretty Cat
ai/059.bin;0xF679;15 6E A2 C8;Wisteria Knight
ai/059.bin;0xF679;AB 51 A7 CB;AI(%d) : レシピ (フラグ:%08x)
ai/059.bin;0xF679;8D BE C6 CC;Super Dimensional Robo, Dailady
ai/059.bin;0xF679;D7 DA C1 D6;AI(%d) : 思考開始 (行動カテゴリ:%d)
ai/059.bin;0xF679;25 71 DF D7;次元ロボ
ai/059.bin;0xF679;7C 46 0A D9;Stealth Dragon, Dreadmaster
ai/059.bin;0xF679;6B 1D DB DC;Machining Mosquito mkII
ai/059.bin;0xF679;0A B9 45 E0;Dimensional Robo, Daiwolf
ai/059.bin;0xF679;69 E8 61 E1;オーバーロード
ai/059.bin;0xF679;7D 1F 65 E6;Beast Deity, Night Jackal
ai/059.bin;0xF679;57 CD 2E E8;    
ai/059.bin;0xF679;CC 1A C6 E8;AI未設定 : attrib = %s
ai/059.bin;0xF679;8E 3E F0 ED;Dimensional Robo, Daifighter
ai/059.bin;0xF679;F1 76 1B EE;Super Dimensional Robo, Daikaiser
ai/059.bin;0xF679;39 17 8B F0;Starry Skies Liberator, Guinevere
ai/059.bin;0xF679;4B 16 BE F0;Knight of Frevor, Hector
ai/059.bin;0xF679;BF 43 2B F1;  アタッカー : %s
ai/059.bin;0xF679;27 25 50 F1;Bear Down Samurai
ai/059.bin;0xF679;FC B0 EB F6;Purification Regalia, Pure Angel
ai/059.bin;0xF679;89 20 23 F8;下
ai/059.bin;0xF679;DD 4C B3 F8;ターン開始 AI(%d)
ai/060.bin;0xFA70;DC A5 CF 01;  クインテットウォール : %d/%d枚
ai/060.bin;0xFA70;51 5B 2F 06;Hexagonal Magus
ai/060.bin;0xFA70;DD 9F CC 07;Blue Storm Dragon, Maelstrom
ai/060.bin;0xFA70;8D 9F AA 08;  シールドの要求値 : 
ai/060.bin;0xFA70;76 AE E0 09;Dragonic Overlord "The Яe-birth" (Trigger)
ai/060.bin;0xFA70;02 DC 8B 0D;Mond Blaukluger
ai/060.bin;0xFA70;B1 2D 5D 0E;  対象のパワー : %d(%d)%s
ai/060.bin;0xFA70;24 A1 3B 11;Rising Lionet
ai/060.bin;0xFA70;CA 98 65 11;Mythic Beast, Fenrir
ai/060.bin;0xFA70;2F 96 22 12;Dancing Wolf
ai/060.bin;0xFA70;2F CE 1C 13;Goddess of Flower Divination, Sakuya
ai/060.bin;0xFA70;9F 3C 4E 15; + %d
ai/060.bin;0xFA70;26 7B 30 1A;Cat Butler
ai/060.bin;0xFA70;8D 20 89 1A;AI未設定 : %s %d
ai/060.bin;0xFA70;49 58 50 21;Dimensional Robo, Daijet
ai/060.bin;0xFA70;8E BC BB 21;  シールドの目標値 : 
ai/060.bin;0xFA70;50 41 74 23;Hope Child, Turiel
ai/060.bin;0xFA70;04 CB 10 25;Knight of Dawnlight, Jago
ai/060.bin;0xFA70;39 5F 97 27;Promising Knight, David
ai/060.bin;0xFA70;BE 51 F9 27;Ravenous Dragon, Battlerex
ai/060.bin;0xFA70;F7 2E E0 29;～%d
ai/060.bin;0xFA70;A6 8F 2A 2A;Brawler, Fighting Dracokid
ai/060.bin;0xFA70;44 62 0C 2D;Soundless Archer, Conductance
ai/060.bin;0xFA70;14 30 63 2D;!!!! AI ERROR !!!!\n  
ai/060.bin;0xFA70;EE 81 9E 32;Titan of the Capturing Arm
ai/060.bin;0xFA70;C5 4D EE 32;Blaster Dark "Diablo"
ai/060.bin;0xFA70;F1 28 16 33;枚しか選んでいない
ai/060.bin;0xFA70;BC 1F 35 33;  ブースター : %s
ai/060.bin;0xFA70;B8 BC F2 37;Ambush Demon Stealth Rogue, Kagamijishi
ai/060.bin;0xFA70;6E 42 D6 38;AI(%d) : アタック情報
ai/060.bin;0xFA70;B3 AD 45 3A;ブラスター
ai/060.bin;0xFA70;45 5D 8F 3C;Golden Dragon, Spearcross Dragon
ai/060.bin;0xFA70;0A E1 65 44;Fast Chase Golden Knight, Cambell
ai/060.bin;0xFA70;03 D4 54 45; ヒットされない
ai/060.bin;0xFA70;2D 3A A7 45;AI(%d) : ガードステップ情報
ai/060.bin;0xFA70;2C A5 7B 4D;枚選択する必要があるが、
ai/060.bin;0xFA70;9F A5 E0 4F;CEO Amaterasu
ai/060.bin;0xFA70;3A D0 5B 51;Exxtreme Battler, Victor
ai/060.bin;0xFA70;A6 11 33 52;Dark Dragon, Phantom Blaster "Diablo"
ai/060.bin;0xFA70;3C E0 6F 55;Dragonic Overlord (Break Ride)
ai/060.bin;0xFA70;DE C1 45 56;解放者
ai/060.bin;0xFA70;F7 6D 78 57;Stamp Sea Otter
ai/060.bin;0xFA70;C5 AF 0D 60;Crimson Roar, Metatron
ai/060.bin;0xFA70;47 87 68 63;AI(%d) : 思考時間 %.3f秒 (行動カテゴリ:%d)
ai/060.bin;0xFA70;55 C8 81 63;  完全ガード : %d/%d枚
ai/060.bin;0xFA70;42 D7 DA 63;  ガーディアン候補
ai/060.bin;0xFA70;33 8E E7 69;Duo True Sister, Meer
ai/060.bin;0xFA70;E8 83 60 6B;Daredevil Samurai
ai/060.bin;0xFA70;4B D4 AE 6B;  合計シールド : 
ai/060.bin;0xFA70;DC 4C 2C 6E;Flower Princess of Spring's Beginning, Primavera
ai/060.bin;0xFA70;11 E8 1D 70;Oracle Queen, Himiko
ai/060.bin;0xFA70;E4 FB 3C 72;Blue Storm Cadet, Anos
ai/060.bin;0xFA70;29 EF C2 73;  対象(%d) : %s
ai/060.bin;0xFA70;55 88 B3 75;Veteran Knight, Danvallo
ai/060.bin;0xFA70;7F 88 65 76;Holy Mage, Bryderi
ai/060.bin;0xFA70;7C 3A 8B 81;Liberator, Burning Blow
ai/060.bin;0xFA70;DA 63 6D 85;Dimensional Robo, Daibrave
ai/060.bin;0xFA70;46 DE 4B 88;Dark Metal Dragon
ai/060.bin;0xFA70;6A D5 6E 8A;Katanaraizer
ai/060.bin;0xFA70;A0 D8 63 8D;Great Cosmic Hero, Grandgallop
ai/060.bin;0xFA70;3A 08 A6 8E;Sunrise Ray Knight, Gurguit
ai/060.bin;0xFA70;1F 10 24 8F;上
ai/060.bin;0xFA70;6C E6 93 8F;Pitch Black Sage, Charon
ai/060.bin;0xFA70;BB E2 E9 90;Immortal, Asura Kaiser
ai/060.bin;0xFA70;03 3B 3F 92;ピーピング・ラビット
ai/060.bin;0xFA70;A0 2E B1 92;Knight of Morning Shadow, Kimarcus
ai/060.bin;0xFA70;E1 26 37 94;Demonic Dragon Berserker, Chatura
ai/060.bin;0xFA70;DE 12 3A 94;Sleimy
ai/060.bin;0xFA70;6A 0F 95 94;  アタッカーのパワー : %d(%d)
ai/060.bin;0xFA70;7F BB 35 95;Supreme Heavenly Emperor Dragon, Dragonic Overlord "the Ace"
ai/060.bin;0xFA70;0C DD 47 9B;Battle Sister, Parfait
ai/060.bin;0xFA70;1A 2D D2 9C;Myth Guard, Fomalhaut
ai/060.bin;0xFA70;69 08 3B A2;Blue Wave Dragon, Tetra-drive Dragon
ai/060.bin;0xFA70;F1 51 AA A2;Steam Fighter, Balih
ai/060.bin;0xFA70;A4 F3 D7 A7;  アタッカーのクリティカル : %d
ai/060.bin;0xFA70;BD FD F6 A7;Extreme Battler, Runbhol
ai/060.bin;0xFA70;9F 77 42 AC;Flare Whip Dragon
ai/060.bin;0xFA70;39 52 E8 AF;Holy Mage, Pwyll
ai/060.bin;0xFA70;39 6A 36 B5;Hyper Metalborg, Heavyduke
ai/060.bin;0xFA70;F7 48 21 B9;Dragon Knight, Jaral
ai/060.bin;0xFA70;88 EF 6D BC;Enigman Tornado
ai/060.bin;0xFA70;ED F8 CC BD;Final Wrench
ai/060.bin;0xFA70;11 9F 48 BE;Shura Stealth Dragon, Daranicongo
ai/060.bin;0xFA70;CF AA 4F C1;Perdition Dragon, Dragonic Neoflame
ai/060.bin;0xFA70;7C 17 CE C1;Ranunculus Flower Maiden, Ahsha
ai/060.bin;0xFA70;CE 2D 8D C4;Knight of Far Arrows, Saphir
ai/060.bin;0xFA70;15 6E A2 C8;Wisteria Knight
ai/060.bin;0xFA70;AB 51 A7 CB;AI(%d) : レシピ (フラグ:%08x)
ai/060.bin;0xFA70;D5 BD FB CB;Pharmacy Witch
ai/060.bin;0xFA70;BA BC B0 D0;Air Raid Lion
ai/060.bin;0xFA70;D7 DA C1 D6;AI(%d) : 思考開始 (行動カテゴリ:%d)
ai/060.bin;0xFA70;7C 46 0A D9;Stealth Dragon, Dreadmaster
ai/060.bin;0xFA70;C8 C4 69 D9;Dantegal
ai/060.bin;0xFA70;6B 1D DB DC;Machining Mosquito mkII
ai/060.bin;0xFA70;69 E8 61 E1;オーバーロード
ai/060.bin;0xFA70;7D 1F 65 E6;Beast Deity, Night Jackal
ai/060.bin;0xFA70;57 CD 2E E8;    
ai/060.bin;0xFA70;CC 1A C6 E8;AI未設定 : attrib = %s
ai/060.bin;0xFA70;39 17 8B F0;Starry Skies Liberator, Guinevere
ai/060.bin;0xFA70;4B 16 BE F0;Knight of Frevor, Hector
ai/060.bin;0xFA70;BF 43 2B F1;  アタッカー : %s
ai/060.bin;0xFA70;27 25 50 F1;Bear Down Samurai
ai/060.bin;0xFA70;FC B0 EB F6;Purification Regalia, Pure Angel
ai/060.bin;0xFA70;89 20 23 F8;下
ai/060.bin;0xFA70;DD 4C B3 F8;ターン開始 AI(%d)
ai/060.bin;0xFA70;B7 08 AD FD;曙光の騎士 ゴルボドゥク
ai/061.bin;0xFBB3;DC A5 CF 01;  クインテットウォール : %d/%d枚
ai/061.bin;0xFBB3;A1 DF 01 02;Flame of Victory
ai/061.bin;0xFBB3;51 5B 2F 06;Hexagonal Magus
ai/061.bin;0xFBB3;DD 9F CC 07;Blue Storm Dragon, Maelstrom
ai/061.bin;0xFBB3;8D 9F AA 08;  シールドの要求値 : 
ai/061.bin;0xFBB3;76 AE E0 09;Dragonic Overlord "The Яe-birth" (Trigger)
ai/061.bin;0xFBB3;02 DC 8B 0D;Mond Blaukluger
ai/061.bin;0xFBB3;B1 2D 5D 0E;  対象のパワー : %d(%d)%s
ai/061.bin;0xFBB3;24 A1 3B 11;Rising Lionet
ai/061.bin;0xFBB3;CA 98 65 11;Mythic Beast, Fenrir
ai/061.bin;0xFBB3;2F 96 22 12;Dancing Wolf
ai/061.bin;0xFBB3;2F CE 1C 13;Goddess of Flower Divination, Sakuya
ai/061.bin;0xFBB3;9F 3C 4E 15; + %d
ai/061.bin;0xFBB3;26 7B 30 1A;Cat Butler
ai/061.bin;0xFBB3;8D 20 89 1A;AI未設定 : %s %d
ai/061.bin;0xFBB3;49 58 50 21;Dimensional Robo, Daijet
ai/061.bin;0xFBB3;8E BC BB 21;  シールドの目標値 : 
ai/061.bin;0xFBB3;50 41 74 23;Hope Child, Turiel
ai/061.bin;0xFBB3;04 CB 10 25;Knight of Dawnlight, Jago
ai/061.bin;0xFBB3;39 5F 97 27;Promising Knight, David
ai/061.bin;0xFBB3;BE 51 F9 27;Ravenous Dragon, Battlerex
ai/061.bin;0xFBB3;F7 2E E0 29;～%d
ai/061.bin;0xFBB3;A6 8F 2A 2A;Brawler, Fighting Dracokid
ai/061.bin;0xFBB3;44 62 0C 2D;Soundless Archer, Conductance
ai/061.bin;0xFBB3;14 30 63 2D;!!!! AI ERROR !!!!\n  
ai/061.bin;0xFBB3;EE 81 9E 32;Titan of the Capturing Arm
ai/061.bin;0xFBB3;C5 4D EE 32;Blaster Dark "Diablo"
ai/061.bin;0xFBB3;F1 28 16 33;枚しか選んでいない
ai/061.bin;0xFBB3;BC 1F 35 33;  ブースター : %s
ai/061.bin;0xFBB3;B8 BC F2 37;Ambush Demon Stealth Rogue, Kagamijishi
ai/061.bin;0xFBB3;6E 42 D6 38;AI(%d) : アタック情報
ai/061.bin;0xFBB3;B3 AD 45 3A;ブラスター
ai/061.bin;0xFBB3;45 5D 8F 3C;Golden Dragon, Spearcross Dragon
ai/061.bin;0xFBB3;0A E1 65 44;Fast Chase Golden Knight, Cambell
ai/061.bin;0xFBB3;03 D4 54 45; ヒットされない
ai/061.bin;0xFBB3;2D 3A A7 45;AI(%d) : ガードステップ情報
ai/061.bin;0xFBB3;2C A5 7B 4D;枚選択する必要があるが、
ai/061.bin;0xFBB3;9F A5 E0 4F;CEO Amaterasu
ai/061.bin;0xFBB3;3A D0 5B 51;Exxtreme Battler, Victor
ai/061.bin;0xFBB3;A6 11 33 52;Dark Dragon, Phantom Blaster "Diablo"
ai/061.bin;0xFBB3;68 F7 F9 53;Gigantech Ringer
ai/061.bin;0xFBB3;3C E0 6F 55;Dragonic Overlord (Break Ride)
ai/061.bin;0xFBB3;DE C1 45 56;解放者
ai/061.bin;0xFBB3;F7 6D 78 57;Stamp Sea Otter
ai/061.bin;0xFBB3;C5 AF 0D 60;Crimson Roar, Metatron
ai/061.bin;0xFBB3;10 B7 C9 61;Player of the Holy Bow, Viviane
ai/061.bin;0xFBB3;47 87 68 63;AI(%d) : 思考時間 %.3f秒 (行動カテゴリ:%d)
ai/061.bin;0xFBB3;55 C8 81 63;  完全ガード : %d/%d枚
ai/061.bin;0xFBB3;42 D7 DA 63;  ガーディアン候補
ai/061.bin;0xFBB3;33 8E E7 69;Duo True Sister, Meer
ai/061.bin;0xFBB3;E8 83 60 6B;Daredevil Samurai
ai/061.bin;0xFBB3;4B D4 AE 6B;  合計シールド : 
ai/061.bin;0xFBB3;DC 4C 2C 6E;Flower Princess of Spring's Beginning, Primavera
ai/061.bin;0xFBB3;11 E8 1D 70;Oracle Queen, Himiko
ai/061.bin;0xFBB3;E4 FB 3C 72;Blue Storm Cadet, Anos
ai/061.bin;0xFBB3;29 EF C2 73;  対象(%d) : %s
ai/061.bin;0xFBB3;55 88 B3 75;Veteran Knight, Danvallo
ai/061.bin;0xFBB3;7F 88 65 76;Holy Mage, Bryderi
ai/061.bin;0xFBB3;7C 3A 8B 81;Liberator, Burning Blow
ai/061.bin;0xFBB3;DA 63 6D 85;Dimensional Robo, Daibrave
ai/061.bin;0xFBB3;46 DE 4B 88;Dark Metal Dragon
ai/061.bin;0xFBB3;1F DD 57 88;Golden Dragon, Scourge Point Dragon
ai/061.bin;0xFBB3;6A D5 6E 8A;Katanaraizer
ai/061.bin;0xFBB3;A0 D8 63 8D;Great Cosmic Hero, Grandgallop
ai/061.bin;0xFBB3;3A 08 A6 8E;Sunrise Ray Knight, Gurguit
ai/061.bin;0xFBB3;1F 10 24 8F;上
ai/061.bin;0xFBB3;6C E6 93 8F;Pitch Black Sage, Charon
ai/061.bin;0xFBB3;BB E2 E9 90;Immortal, Asura Kaiser
ai/061.bin;0xFBB3;A0 2E B1 92;Knight of Morning Shadow, Kimarcus
ai/061.bin;0xFBB3;E1 26 37 94;Demonic Dragon Berserker, Chatura
ai/061.bin;0xFBB3;DE 12 3A 94;Sleimy
ai/061.bin;0xFBB3;6A 0F 95 94;  アタッカーのパワー : %d(%d)
ai/061.bin;0xFBB3;7F BB 35 95;Supreme Heavenly Emperor Dragon, Dragonic Overlord "the Ace"
ai/061.bin;0xFBB3;0C DD 47 9B;Battle Sister, Parfait
ai/061.bin;0xFBB3;1A 2D D2 9C;Myth Guard, Fomalhaut
ai/061.bin;0xFBB3;69 08 3B A2;Blue Wave Dragon, Tetra-drive Dragon
ai/061.bin;0xFBB3;F1 51 AA A2;Steam Fighter, Balih
ai/061.bin;0xFBB3;A4 F3 D7 A7;  アタッカーのクリティカル : %d
ai/061.bin;0xFBB3;BD FD F6 A7;Extreme Battler, Runbhol
ai/061.bin;0xFBB3;9F 77 42 AC;Flare Whip Dragon
ai/061.bin;0xFBB3;39 52 E8 AF;Holy Mage, Pwyll
ai/061.bin;0xFBB3;39 6A 36 B5;Hyper Metalborg, Heavyduke
ai/061.bin;0xFBB3;F7 48 21 B9;Dragon Knight, Jaral
ai/061.bin;0xFBB3;88 EF 6D BC;Enigman Tornado
ai/061.bin;0xFBB3;ED F8 CC BD;Final Wrench
ai/061.bin;0xFBB3;11 9F 48 BE;Shura Stealth Dragon, Daranicongo
ai/061.bin;0xFBB3;CF AA 4F C1;Perdition Dragon, Dragonic Neoflame
ai/061.bin;0xFBB3;7C 17 CE C1;Ranunculus Flower Maiden, Ahsha
ai/061.bin;0xFBB3;15 6E A2 C8;Wisteria Knight
ai/061.bin;0xFBB3;AB 51 A7 CB;AI(%d) : レシピ (フラグ:%08x)
ai/061.bin;0xFBB3;D5 BD FB CB;Pharmacy Witch
ai/061.bin;0xFBB3;BA BC B0 D0;Air Raid Lion
ai/061.bin;0xFBB3;D7 DA C1 D6;AI(%d) : 思考開始 (行動カテゴリ:%d)
ai/061.bin;0xFBB3;7C 46 0A D9;Stealth Dragon, Dreadmaster
ai/061.bin;0xFBB3;6B 1D DB DC;Machining Mosquito mkII
ai/061.bin;0xFBB3;69 E8 61 E1;オーバーロード
ai/061.bin;0xFBB3;7D 1F 65 E6;Beast Deity, Night Jackal
ai/061.bin;0xFBB3;57 CD 2E E8;    
ai/061.bin;0xFBB3;CC 1A C6 E8;AI未設定 : attrib = %s
ai/061.bin;0xFBB3;39 17 8B F0;Starry Skies Liberator, Guinevere
ai/061.bin;0xFBB3;4B 16 BE F0;Knight of Frevor, Hector
ai/061.bin;0xFBB3;BF 43 2B F1;  アタッカー : %s
ai/061.bin;0xFBB3;27 25 50 F1;Bear Down Samurai
ai/061.bin;0xFBB3;FC B0 EB F6;Purification Regalia, Pure Angel
ai/061.bin;0xFBB3;89 20 23 F8;下
ai/061.bin;0xFBB3;DD 4C B3 F8;ターン開始 AI(%d)
ai/061.bin;0xFBB3;B7 08 AD FD;曙光の騎士 ゴルボドゥク
ai/062.bin;0xEF90;DC A5 CF 01;  クインテットウォール : %d/%d枚
ai/062.bin;0xEF90;51 5B 2F 06;Hexagonal Magus
ai/062.bin;0xEF90;DD 9F CC 07;Blue Storm Dragon, Maelstrom
ai/062.bin;0xEF90;8D 9F AA 08;  シールドの要求値 : 
ai/062.bin;0xEF90;76 AE E0 09;Dragonic Overlord "The Яe-birth" (Trigger)
ai/062.bin;0xEF90;02 DC 8B 0D;Mond Blaukluger
ai/062.bin;0xEF90;B1 2D 5D 0E;  対象のパワー : %d(%d)%s
ai/062.bin;0xEF90;24 A1 3B 11;Rising Lionet
ai/062.bin;0xEF90;CA 98 65 11;Mythic Beast, Fenrir
ai/062.bin;0xEF90;2F 96 22 12;Dancing Wolf
ai/062.bin;0xEF90;2F CE 1C 13;Goddess of Flower Divination, Sakuya
ai/062.bin;0xEF90;AE AA 4F 14;Locus Liberator, Asclepius
ai/062.bin;0xEF90;9F 3C 4E 15; + %d
ai/062.bin;0xEF90;C6 46 1A 17;Great Wish Liberator, Esus
ai/062.bin;0xEF90;7E 02 6A 19;Butterfly Liberator, Korderia
ai/062.bin;0xEF90;26 7B 30 1A;Cat Butler
ai/062.bin;0xEF90;8D 20 89 1A;AI未設定 : %s %d
ai/062.bin;0xEF90;49 58 50 21;Dimensional Robo, Daijet
ai/062.bin;0xEF90;8E BC BB 21;  シールドの目標値 : 
ai/062.bin;0xEF90;50 41 74 23;Hope Child, Turiel
ai/062.bin;0xEF90;39 5F 97 27;Promising Knight, David
ai/062.bin;0xEF90;BE 51 F9 27;Ravenous Dragon, Battlerex
ai/062.bin;0xEF90;F7 2E E0 29;～%d
ai/062.bin;0xEF90;A6 8F 2A 2A;Brawler, Fighting Dracokid
ai/062.bin;0xEF90;44 62 0C 2D;Soundless Archer, Conductance
ai/062.bin;0xEF90;14 30 63 2D;!!!! AI ERROR !!!!\n  
ai/062.bin;0xEF90;EE 81 9E 32;Titan of the Capturing Arm
ai/062.bin;0xEF90;C5 4D EE 32;Blaster Dark "Diablo"
ai/062.bin;0xEF90;F1 28 16 33;枚しか選んでいない
ai/062.bin;0xEF90;BC 1F 35 33;  ブースター : %s
ai/062.bin;0xEF90;B8 BC F2 37;Ambush Demon Stealth Rogue, Kagamijishi
ai/062.bin;0xEF90;6E 42 D6 38;AI(%d) : アタック情報
ai/062.bin;0xEF90;B3 AD 45 3A;ブラスター
ai/062.bin;0xEF90;2A 06 71 40;Shower Liberator, Trahern
ai/062.bin;0xEF90;3A 25 8D 43;Murasame Liberator, Coil
ai/062.bin;0xEF90;03 D4 54 45; ヒットされない
ai/062.bin;0xEF90;2D 3A A7 45;AI(%d) : ガードステップ情報
ai/062.bin;0xEF90;2C A5 7B 4D;枚選択する必要があるが、
ai/062.bin;0xEF90;A2 58 5F 4E;Light Formation Liberator, Erdre
ai/062.bin;0xEF90;9F A5 E0 4F;CEO Amaterasu
ai/062.bin;0xEF90;3A D0 5B 51;Exxtreme Battler, Victor
ai/062.bin;0xEF90;A6 11 33 52;Dark Dragon, Phantom Blaster "Diablo"
ai/062.bin;0xEF90;3C E0 6F 55;Dragonic Overlord (Break Ride)
ai/062.bin;0xEF90;DE C1 45 56;解放者
ai/062.bin;0xEF90;F7 6D 78 57;Stamp Sea Otter
ai/062.bin;0xEF90;E0 BF 5C 58;Liberator of Royalty, Phallon
ai/062.bin;0xEF90;C5 AF 0D 60;Crimson Roar, Metatron
ai/062.bin;0xEF90;47 87 68 63;AI(%d) : 思考時間 %.3f秒 (行動カテゴリ:%d)
ai/062.bin;0xEF90;55 C8 81 63;  完全ガード : %d/%d枚
ai/062.bin;0xEF90;42 D7 DA 63;  ガーディアン候補
ai/062.bin;0xEF90;3A 44 FE 65;Genius Liberator, Waltimell
ai/062.bin;0xEF90;33 8E E7 69;Duo True Sister, Meer
ai/062.bin;0xEF90;E8 83 60 6B;Daredevil Samurai
ai/062.bin;0xEF90;4B D4 AE 6B;  合計シールド : 
ai/062.bin;0xEF90;DC 4C 2C 6E;Flower Princess of Spring's Beginning, Primavera
ai/062.bin;0xEF90;11 E8 1D 70;Oracle Queen, Himiko
ai/062.bin;0xEF90;E4 FB 3C 72;Blue Storm Cadet, Anos
ai/062.bin;0xEF90;29 EF C2 73;  対象(%d) : %s
ai/062.bin;0xEF90;1D 15 1E 81;Fast Chase Liberator, Josephus
ai/062.bin;0xEF90;7C 3A 8B 81;Liberator, Burning Blow
ai/062.bin;0xEF90;DA 63 6D 85;Dimensional Robo, Daibrave
ai/062.bin;0xEF90;46 DE 4B 88;Dark Metal Dragon
ai/062.bin;0xEF90;6A D5 6E 8A;Katanaraizer
ai/062.bin;0xEF90;A0 D8 63 8D;Great Cosmic Hero, Grandgallop
ai/062.bin;0xEF90;1F 10 24 8F;上
ai/062.bin;0xEF90;6C E6 93 8F;Pitch Black Sage, Charon
ai/062.bin;0xEF90;BB E2 E9 90;Immortal, Asura Kaiser
ai/062.bin;0xEF90;E1 26 37 94;Demonic Dragon Berserker, Chatura
ai/062.bin;0xEF90;6A 0F 95 94;  アタッカーのパワー : %d(%d)
ai/062.bin;0xEF90;7F BB 35 95;Supreme Heavenly Emperor Dragon, Dragonic Overlord "the Ace"
ai/062.bin;0xEF90;0C DD 47 9B;Battle Sister, Parfait
ai/062.bin;0xEF90;1A 2D D2 9C;Myth Guard, Fomalhaut
ai/062.bin;0xEF90;69 08 3B A2;Blue Wave Dragon, Tetra-drive Dragon
ai/062.bin;0xEF90;F1 51 AA A2;Steam Fighter, Balih
ai/062.bin;0xEF90;A4 F3 D7 A7;  アタッカーのクリティカル : %d
ai/062.bin;0xEF90;BD FD F6 A7;Extreme Battler, Runbhol
ai/062.bin;0xEF90;9F 77 42 AC;Flare Whip Dragon
ai/062.bin;0xEF90;39 6A 36 B5;Hyper Metalborg, Heavyduke
ai/062.bin;0xEF90;F7 48 21 B9;Dragon Knight, Jaral
ai/062.bin;0xEF90;93 5B F5 B9;Strike Liberator
ai/062.bin;0xEF90;88 EF 6D BC;Enigman Tornado
ai/062.bin;0xEF90;ED F8 CC BD;Final Wrench
ai/062.bin;0xEF90;11 9F 48 BE;Shura Stealth Dragon, Daranicongo
ai/062.bin;0xEF90;CF AA 4F C1;Perdition Dragon, Dragonic Neoflame
ai/062.bin;0xEF90;7C 17 CE C1;Ranunculus Flower Maiden, Ahsha
ai/062.bin;0xEF90;15 6E A2 C8;Wisteria Knight
ai/062.bin;0xEF90;AB 51 A7 CB;AI(%d) : レシピ (フラグ:%08x)
ai/062.bin;0xEF90;80 87 74 D4;May Rain Liberator, Bruno
ai/062.bin;0xEF90;D7 DA C1 D6;AI(%d) : 思考開始 (行動カテゴリ:%d)
ai/062.bin;0xEF90;7C 46 0A D9;Stealth Dragon, Dreadmaster
ai/062.bin;0xEF90;6B 1D DB DC;Machining Mosquito mkII
ai/062.bin;0xEF90;69 E8 61 E1;オーバーロード
ai/062.bin;0xEF90;EF 25 46 E3;解放者 ローフル・トランペッター
ai/062.bin;0xEF90;7D 1F 65 E6;Beast Deity, Night Jackal
ai/062.bin;0xEF90;57 CD 2E E8;    
ai/062.bin;0xEF90;CC 1A C6 E8;AI未設定 : attrib = %s
ai/062.bin;0xEF90;39 17 8B F0;Starry Skies Liberator, Guinevere
ai/062.bin;0xEF90;4B 16 BE F0;Knight of Frevor, Hector
ai/062.bin;0xEF90;BF 43 2B F1;  アタッカー : %s
ai/062.bin;0xEF90;27 25 50 F1;Bear Down Samurai
ai/062.bin;0xEF90;42 AB 0B F4;Numinous Tree Liberator, Elchea
ai/062.bin;0xEF90;FC B0 EB F6;Purification Regalia, Pure Angel
ai/062.bin;0xEF90;89 20 23 F8;下
ai/062.bin;0xEF90;DD 4C B3 F8;ターン開始 AI(%d)
ai/062.bin;0xEF90;4E EF 47 FF;Liberator of Hope, Epona
ai/063.bin;0x103A0;DC A5 CF 01;  クインテットウォール : %d/%d枚
ai/063.bin;0x103A0;51 5B 2F 06;Hexagonal Magus
ai/063.bin;0x103A0;DD 9F CC 07;Blue Storm Dragon, Maelstrom
ai/063.bin;0x103A0;8D 9F AA 08;  シールドの要求値 : 
ai/063.bin;0x103A0;76 AE E0 09;Dragonic Overlord "The Яe-birth" (Trigger)
ai/063.bin;0x103A0;02 DC 8B 0D;Mond Blaukluger
ai/063.bin;0x103A0;B1 2D 5D 0E;  対象のパワー : %d(%d)%s
ai/063.bin;0x103A0;51 4C A2 10;Blitz Knight, Bolfri
ai/063.bin;0x103A0;24 A1 3B 11;Rising Lionet
ai/063.bin;0x103A0;CA 98 65 11;Mythic Beast, Fenrir
ai/063.bin;0x103A0;2F 96 22 12;Dancing Wolf
ai/063.bin;0x103A0;2F CE 1C 13;Goddess of Flower Divination, Sakuya
ai/063.bin;0x103A0;9F 3C 4E 15; + %d
ai/063.bin;0x103A0;26 7B 30 1A;Cat Butler
ai/063.bin;0x103A0;8D 20 89 1A;AI未設定 : %s %d
ai/063.bin;0x103A0;49 58 50 21;Dimensional Robo, Daijet
ai/063.bin;0x103A0;8E BC BB 21;  シールドの目標値 : 
ai/063.bin;0x103A0;50 41 74 23;Hope Child, Turiel
ai/063.bin;0x103A0;39 5F 97 27;Promising Knight, David
ai/063.bin;0x103A0;BE 51 F9 27;Ravenous Dragon, Battlerex
ai/063.bin;0x103A0;F7 2E E0 29;～%d
ai/063.bin;0x103A0;A6 8F 2A 2A;Brawler, Fighting Dracokid
ai/063.bin;0x103A0;3A A3 DC 2C;Dark Knight, Efnysien
ai/063.bin;0x103A0;44 62 0C 2D;Soundless Archer, Conductance
ai/063.bin;0x103A0;14 30 63 2D;!!!! AI ERROR !!!!\n  
ai/063.bin;0x103A0;EE 81 9E 32;Titan of the Capturing Arm
ai/063.bin;0x103A0;C5 4D EE 32;Blaster Dark "Diablo"
ai/063.bin;0x103A0;F1 28 16 33;枚しか選んでいない
ai/063.bin;0x103A0;BC 1F 35 33;  ブースター : %s
ai/063.bin;0x103A0;0F 84 8F 33;Moonlight Witch, Vaha
ai/063.bin;0x103A0;B8 BC F2 37;Ambush Demon Stealth Rogue, Kagamijishi
ai/063.bin;0x103A0;6E 42 D6 38;AI(%d) : アタック情報
ai/063.bin;0x103A0;B3 AD 45 3A;ブラスター
ai/063.bin;0x103A0;5F 07 F5 3E;Witch of Choices, Eriu
ai/063.bin;0x103A0;2B 9E 47 42;Witch of Nostrum, Arianrhod
ai/063.bin;0x103A0;03 D4 54 45; ヒットされない
ai/063.bin;0x103A0;2D 3A A7 45;AI(%d) : ガードステップ情報
ai/063.bin;0x103A0;5B 8A CA 47;Abyss Healer
ai/063.bin;0x103A0;2C A5 7B 4D;枚選択する必要があるが、
ai/063.bin;0x103A0;21 1D CC 4E;Overbearing Knight, Gilvaese
ai/063.bin;0x103A0;9F A5 E0 4F;CEO Amaterasu
ai/063.bin;0x103A0;3A D0 5B 51;Exxtreme Battler, Victor
ai/063.bin;0x103A0;A6 11 33 52;Dark Dragon, Phantom Blaster "Diablo"
ai/063.bin;0x103A0;3C E0 6F 55;Dragonic Overlord (Break Ride)
ai/063.bin;0x103A0;DE C1 45 56;解放者
ai/063.bin;0x103A0;F7 6D 78 57;Stamp Sea Otter
ai/063.bin;0x103A0;3C 63 E3 57;Skull Witch, Nemain
ai/063.bin;0x103A0;32 4C 96 58;Black-winged Swordbreaker
ai/063.bin;0x103A0;C5 AF 0D 60;Crimson Roar, Metatron
ai/063.bin;0x103A0;47 87 68 63;AI(%d) : 思考時間 %.3f秒 (行動カテゴリ:%d)
ai/063.bin;0x103A0;55 C8 81 63;  完全ガード : %d/%d枚
ai/063.bin;0x103A0;42 D7 DA 63;  ガーディアン候補
ai/063.bin;0x103A0;33 8E E7 69;Duo True Sister, Meer
ai/063.bin;0x103A0;9F 38 F4 6A;Leaping Knight, Ligan Lumna
ai/063.bin;0x103A0;E8 83 60 6B;Daredevil Samurai
ai/063.bin;0x103A0;4B D4 AE 6B;  合計シールド : 
ai/063.bin;0x103A0;DC 4C 2C 6E;Flower Princess of Spring's Beginning, Primavera
ai/063.bin;0x103A0;11 E8 1D 70;Oracle Queen, Himiko
ai/063.bin;0x103A0;E4 FB 3C 72;Blue Storm Cadet, Anos
ai/063.bin;0x103A0;29 EF C2 73;  対象(%d) : %s
ai/063.bin;0x103A0;7C 3A 8B 81;Liberator, Burning Blow
ai/063.bin;0x103A0;DA 63 6D 85;Dimensional Robo, Daibrave
ai/063.bin;0x103A0;46 DE 4B 88;Dark Metal Dragon
ai/063.bin;0x103A0;59 EE 0A 89;Death Feather Eagle
ai/063.bin;0x103A0;6A D5 6E 8A;Katanaraizer
ai/063.bin;0x103A0;A0 D8 63 8D;Great Cosmic Hero, Grandgallop
ai/063.bin;0x103A0;1F 10 24 8F;上
ai/063.bin;0x103A0;6C E6 93 8F;Pitch Black Sage, Charon
ai/063.bin;0x103A0;BB E2 E9 90;Immortal, Asura Kaiser
ai/063.bin;0x103A0;E1 26 37 94;Demonic Dragon Berserker, Chatura
ai/063.bin;0x103A0;6A 0F 95 94;  アタッカーのパワー : %d(%d)
ai/063.bin;0x103A0;7F BB 35 95;Supreme Heavenly Emperor Dragon, Dragonic Overlord "the Ace"
ai/063.bin;0x103A0;0C DD 47 9B;Battle Sister, Parfait
ai/063.bin;0x103A0;1A 2D D2 9C;Myth Guard, Fomalhaut
ai/063.bin;0x103A0;FE FD EF 9C;Darkness Maiden, Macha
ai/063.bin;0x103A0;69 08 3B A2;Blue Wave Dragon, Tetra-drive Dragon
ai/063.bin;0x103A0;F1 51 AA A2;Steam Fighter, Balih
ai/063.bin;0x103A0;5F 4A 4B A4;Night Sky Eagle
ai/063.bin;0x103A0;A4 F3 D7 A7;  アタッカーのクリティカル : %d
ai/063.bin;0x103A0;BD FD F6 A7;Extreme Battler, Runbhol
ai/063.bin;0x103A0;9F 77 42 AC;Flare Whip Dragon
ai/063.bin;0x103A0;A3 70 B0 B3;Revenger, Bloodmaster
ai/063.bin;0x103A0;39 6A 36 B5;Hyper Metalborg, Heavyduke
ai/063.bin;0x103A0;F7 48 21 B9;Dragon Knight, Jaral
ai/063.bin;0x103A0;88 EF 6D BC;Enigman Tornado
ai/063.bin;0x103A0;C7 A2 BD BC;Demon World Castle, Totwachter
ai/063.bin;0x103A0;ED F8 CC BD;Final Wrench
ai/063.bin;0x103A0;11 9F 48 BE;Shura Stealth Dragon, Daranicongo
ai/063.bin;0x103A0;CF AA 4F C1;Perdition Dragon, Dragonic Neoflame
ai/063.bin;0x103A0;7C 17 CE C1;Ranunculus Flower Maiden, Ahsha
ai/063.bin;0x103A0;15 6E A2 C8;Wisteria Knight
ai/063.bin;0x103A0;AB 51 A7 CB;AI(%d) : レシピ (フラグ:%08x)
ai/063.bin;0x103A0;A3 6A 7B CE;Creeping Dark Goat
ai/063.bin;0x103A0;53 5F 5A D0;Dark Knight, Grim Recruiter
ai/063.bin;0x103A0;BB 9C 7F D1;Knight of Solemnity, Balberith
ai/063.bin;0x103A0;D7 DA C1 D6;AI(%d) : 思考開始 (行動カテゴリ:%d)
ai/063.bin;0x103A0;7C 46 0A D9;Stealth Dragon, Dreadmaster
ai/063.bin;0x103A0;D8 30 A9 D9;Grim Reaper
ai/063.bin;0x103A0;6B 1D DB DC;Machining Mosquito mkII
ai/063.bin;0x103A0;69 E8 61 E1;オーバーロード
ai/063.bin;0x103A0;7D 1F 65 E6;Beast Deity, Night Jackal
ai/063.bin;0x103A0;57 CD 2E E8;    
ai/063.bin;0x103A0;CC 1A C6 E8;AI未設定 : attrib = %s
ai/063.bin;0x103A0;58 3D 0C ED;Knight of Brawn, Grosne
ai/063.bin;0x103A0;99 BA 79 EF;Karma Collector
ai/063.bin;0x103A0;39 17 8B F0;Starry Skies Liberator, Guinevere
ai/063.bin;0x103A0;4B 16 BE F0;Knight of Frevor, Hector
ai/063.bin;0x103A0;BF 43 2B F1;  アタッカー : %s
ai/063.bin;0x103A0;27 25 50 F1;Bear Down Samurai
ai/063.bin;0x103A0;FC B0 EB F6;Purification Regalia, Pure Angel
ai/063.bin;0x103A0;89 20 23 F8;下
ai/063.bin;0x103A0;DD 4C B3 F8;ターン開始 AI(%d)
ai/064.bin;0xF84B;DC A5 CF 01;  クインテットウォール : %d/%d枚
ai/064.bin;0xF84B;51 5B 2F 06;Hexagonal Magus
ai/064.bin;0xF84B;DD 9F CC 07;Blue Storm Dragon, Maelstrom
ai/064.bin;0xF84B;8D 9F AA 08;  シールドの要求値 : 
ai/064.bin;0xF84B;76 AE E0 09;Dragonic Overlord "The Яe-birth" (Trigger)
ai/064.bin;0xF84B;1B 7B 19 0D;Flowers in Vacuum, Cosmo Wreath
ai/064.bin;0xF84B;02 DC 8B 0D;Mond Blaukluger
ai/064.bin;0xF84B;B1 2D 5D 0E;  対象のパワー : %d(%d)%s
ai/064.bin;0xF84B;24 A1 3B 11;Rising Lionet
ai/064.bin;0xF84B;CA 98 65 11;Mythic Beast, Fenrir
ai/064.bin;0xF84B;2F 96 22 12;Dancing Wolf
ai/064.bin;0xF84B;2F CE 1C 13;Goddess of Flower Divination, Sakuya
ai/064.bin;0xF84B;9F 3C 4E 15; + %d
ai/064.bin;0xF84B;26 7B 30 1A;Cat Butler
ai/064.bin;0xF84B;8D 20 89 1A;AI未設定 : %s %d
ai/064.bin;0xF84B;E9 70 59 20;Nebula Dragon, Maximum Seal Dragon
ai/064.bin;0xF84B;49 58 50 21;Dimensional Robo, Daijet
ai/064.bin;0xF84B;8E BC BB 21;  シールドの目標値 : 
ai/064.bin;0xF84B;50 41 74 23;Hope Child, Turiel
ai/064.bin;0xF84B;39 5F 97 27;Promising Knight, David
ai/064.bin;0xF84B;BE 51 F9 27;Ravenous Dragon, Battlerex
ai/064.bin;0xF84B;F7 2E E0 29;～%d
ai/064.bin;0xF84B;A6 8F 2A 2A;Brawler, Fighting Dracokid
ai/064.bin;0xF84B;44 62 0C 2D;Soundless Archer, Conductance
ai/064.bin;0xF84B;14 30 63 2D;!!!! AI ERROR !!!!\n  
ai/064.bin;0xF84B;D4 0D B8 31;Star-vader, Weiss Soldat
ai/064.bin;0xF84B;EE 81 9E 32;Titan of the Capturing Arm
ai/064.bin;0xF84B;C5 4D EE 32;Blaster Dark "Diablo"
ai/064.bin;0xF84B;F1 28 16 33;枚しか選んでいない
ai/064.bin;0xF84B;BC 1F 35 33;  ブースター : %s
ai/064.bin;0xF84B;1C 38 B1 33;Star-vader, Apollonel Dragon
ai/064.bin;0xF84B;B8 BC F2 37;Ambush Demon Stealth Rogue, Kagamijishi
ai/064.bin;0xF84B;6E 42 D6 38;AI(%d) : アタック情報
ai/064.bin;0xF84B;B3 AD 45 3A;ブラスター
ai/064.bin;0xF84B;79 D5 87 3C;Nebula Dragon, Big Crunch Dragon
ai/064.bin;0xF84B;34 F2 C1 3D;Star-vader, Dust Tail Unicorn
ai/064.bin;0xF84B;E4 F7 EB 3F;Chain-battle Star-vader, Technetium
ai/064.bin;0xF84B;E0 58 86 40;Ionization Star-vader, Hafnium
ai/064.bin;0xF84B;03 D4 54 45; ヒットされない
ai/064.bin;0xF84B;2D 3A A7 45;AI(%d) : ガードステップ情報
ai/064.bin;0xF84B;2C A5 7B 4D;枚選択する必要があるが、
ai/064.bin;0xF84B;9F A5 E0 4F;CEO Amaterasu
ai/064.bin;0xF84B;3A D0 5B 51;Exxtreme Battler, Victor
ai/064.bin;0xF84B;A6 11 33 52;Dark Dragon, Phantom Blaster "Diablo"
ai/064.bin;0xF84B;90 99 1F 55;Star-vader, Satellite Mirage
ai/064.bin;0xF84B;3C E0 6F 55;Dragonic Overlord (Break Ride)
ai/064.bin;0xF84B;DE C1 45 56;解放者
ai/064.bin;0xF84B;F7 6D 78 57;Stamp Sea Otter
ai/064.bin;0xF84B;C5 AF 0D 60;Crimson Roar, Metatron
ai/064.bin;0xF84B;47 87 68 63;AI(%d) : 思考時間 %.3f秒 (行動カテゴリ:%d)
ai/064.bin;0xF84B;55 C8 81 63;  完全ガード : %d/%d枚
ai/064.bin;0xF84B;42 D7 DA 63;  ガーディアン候補
ai/064.bin;0xF84B;33 8E E7 69;Duo True Sister, Meer
ai/064.bin;0xF84B;E8 83 60 6B;Daredevil Samurai
ai/064.bin;0xF84B;4B D4 AE 6B;  合計シールド : 
ai/064.bin;0xF84B;E1 70 2F 6C;Star-vader, Astro-reaper
ai/064.bin;0xF84B;DC 4C 2C 6E;Flower Princess of Spring's Beginning, Primavera
ai/064.bin;0xF84B;11 E8 1D 70;Oracle Queen, Himiko
ai/064.bin;0xF84B;E4 FB 3C 72;Blue Storm Cadet, Anos
ai/064.bin;0xF84B;29 EF C2 73;  対象(%d) : %s
ai/064.bin;0xF84B;A1 F9 9D 80;Star-vader, Dark Zodiac
ai/064.bin;0xF84B;7C 3A 8B 81;Liberator, Burning Blow
ai/064.bin;0xF84B;DA 63 6D 85;Dimensional Robo, Daibrave
ai/064.bin;0xF84B;C5 DA 22 87;Recollection Star-vader, Tellurium
ai/064.bin;0xF84B;64 C6 E3 87;星輝兵
ai/064.bin;0xF84B;46 DE 4B 88;Dark Metal Dragon
ai/064.bin;0xF84B;6A D5 6E 8A;Katanaraizer
ai/064.bin;0xF84B;81 56 0D 8C;Demon Claw Star-vader, Lanthanum
ai/064.bin;0xF84B;A0 D8 63 8D;Great Cosmic Hero, Grandgallop
ai/064.bin;0xF84B;1F 10 24 8F;上
ai/064.bin;0xF84B;6C E6 93 8F;Pitch Black Sage, Charon
ai/064.bin;0xF84B;BB E2 E9 90;Immortal, Asura Kaiser
ai/064.bin;0xF84B;E1 26 37 94;Demonic Dragon Berserker, Chatura
ai/064.bin;0xF84B;6A 0F 95 94;  アタッカーのパワー : %d(%d)
ai/064.bin;0xF84B;7F BB 35 95;Supreme Heavenly Emperor Dragon, Dragonic Overlord "the Ace"
ai/064.bin;0xF84B;0C DD 47 9B;Battle Sister, Parfait
ai/064.bin;0xF84B;1A 2D D2 9C;Myth Guard, Fomalhaut
ai/064.bin;0xF84B;69 08 3B A2;Blue Wave Dragon, Tetra-drive Dragon
ai/064.bin;0xF84B;F1 51 AA A2;Steam Fighter, Balih
ai/064.bin;0xF84B;67 D6 49 A6;Star-vader, Sparkdoll
ai/064.bin;0xF84B;A4 F3 D7 A7;  アタッカーのクリティカル : %d
ai/064.bin;0xF84B;BD FD F6 A7;Extreme Battler, Runbhol
ai/064.bin;0xF84B;9F 77 42 AC;Flare Whip Dragon
ai/064.bin;0xF84B;39 6A 36 B5;Hyper Metalborg, Heavyduke
ai/064.bin;0xF84B;F7 48 21 B9;Dragon Knight, Jaral
ai/064.bin;0xF84B;8D 55 D4 B9;Unrivaled Star-vader, Radon
ai/064.bin;0xF84B;88 EF 6D BC;Enigman Tornado
ai/064.bin;0xF84B;ED F8 CC BD;Final Wrench
ai/064.bin;0xF84B;11 9F 48 BE;Shura Stealth Dragon, Daranicongo
ai/064.bin;0xF84B;CF AA 4F C1;Perdition Dragon, Dragonic Neoflame
ai/064.bin;0xF84B;7C 17 CE C1;Ranunculus Flower Maiden, Ahsha
ai/064.bin;0xF84B;15 6E A2 C8;Wisteria Knight
ai/064.bin;0xF84B;77 B6 99 CA;Mana Shot Star-vader, Neon
ai/064.bin;0xF84B;AB 51 A7 CB;AI(%d) : レシピ (フラグ:%08x)
ai/064.bin;0xF84B;D7 DA C1 D6;AI(%d) : 思考開始 (行動カテゴリ:%d)
ai/064.bin;0xF84B;7C 46 0A D9;Stealth Dragon, Dreadmaster
ai/064.bin;0xF84B;6B 1D DB DC;Machining Mosquito mkII
ai/064.bin;0xF84B;69 E8 61 E1;オーバーロード
ai/064.bin;0xF84B;7D 1F 65 E6;Beast Deity, Night Jackal
ai/064.bin;0xF84B;57 CD 2E E8;    
ai/064.bin;0xF84B;CC 1A C6 E8;AI未設定 : attrib = %s
ai/064.bin;0xF84B;39 17 8B F0;Starry Skies Liberator, Guinevere
ai/064.bin;0xF84B;4B 16 BE F0;Knight of Frevor, Hector
ai/064.bin;0xF84B;BF 43 2B F1;  アタッカー : %s
ai/064.bin;0xF84B;27 25 50 F1;Bear Down Samurai
ai/064.bin;0xF84B;FC B0 EB F6;Purification Regalia, Pure Angel
ai/064.bin;0xF84B;89 20 23 F8;下
ai/064.bin;0xF84B;DD 4C B3 F8;ターン開始 AI(%d)
ai/065.bin;0x10C36;DC A5 CF 01;  クインテットウォール : %d/%d枚
ai/065.bin;0x10C36;51 5B 2F 06;Hexagonal Magus
ai/065.bin;0x10C36;DD 9F CC 07;Blue Storm Dragon, Maelstrom
ai/065.bin;0x10C36;8D 9F AA 08;  シールドの要求値 : 
ai/065.bin;0x10C36;63 32 16 09;Fetter of Fiber, Dromi
ai/065.bin;0x10C36;76 AE E0 09;Dragonic Overlord "The Яe-birth" (Trigger)
ai/065.bin;0x10C36;02 DC 8B 0D;Mond Blaukluger
ai/065.bin;0x10C36;B1 2D 5D 0E;  対象のパワー : %d(%d)%s
ai/065.bin;0x10C36;24 A1 3B 11;Rising Lionet
ai/065.bin;0x10C36;CA 98 65 11;Mythic Beast, Fenrir
ai/065.bin;0x10C36;2F 96 22 12;Dancing Wolf
ai/065.bin;0x10C36;2F CE 1C 13;Goddess of Flower Divination, Sakuya
ai/065.bin;0x10C36;9F 3C 4E 15; + %d
ai/065.bin;0x10C36;26 7B 30 1A;Cat Butler
ai/065.bin;0x10C36;8D 20 89 1A;AI未設定 : %s %d
ai/065.bin;0x10C36;49 58 50 21;Dimensional Robo, Daijet
ai/065.bin;0x10C36;8E BC BB 21;  シールドの目標値 : 
ai/065.bin;0x10C36;50 41 74 23;Hope Child, Turiel
ai/065.bin;0x10C36;39 5F 97 27;Promising Knight, David
ai/065.bin;0x10C36;BE 51 F9 27;Ravenous Dragon, Battlerex
ai/065.bin;0x10C36;F7 2E E0 29;～%d
ai/065.bin;0x10C36;A6 8F 2A 2A;Brawler, Fighting Dracokid
ai/065.bin;0x10C36;D9 03 AB 2B;Great Angel, Doom Brace
ai/065.bin;0x10C36;E7 24 00 2D;!!!!! soul:[%d->%d]
ai/065.bin;0x10C36;44 62 0C 2D;Soundless Archer, Conductance
ai/065.bin;0x10C36;14 30 63 2D;!!!! AI ERROR !!!!\n  
ai/065.bin;0x10C36;68 C9 B9 31;Dreaming Dragon
ai/065.bin;0x10C36;EE 81 9E 32;Titan of the Capturing Arm
ai/065.bin;0x10C36;C5 4D EE 32;Blaster Dark "Diablo"
ai/065.bin;0x10C36;F1 28 16 33;枚しか選んでいない
ai/065.bin;0x10C36;BC 1F 35 33;  ブースター : %s
ai/065.bin;0x10C36;B8 BC F2 37;Ambush Demon Stealth Rogue, Kagamijishi
ai/065.bin;0x10C36;6E 42 D6 38;AI(%d) : アタック情報
ai/065.bin;0x10C36;B3 AD 45 3A;ブラスター
ai/065.bin;0x10C36;03 D4 54 45; ヒットされない
ai/065.bin;0x10C36;2D 3A A7 45;AI(%d) : ガードステップ情報
ai/065.bin;0x10C36;2C A5 7B 4D;枚選択する必要があるが、
ai/065.bin;0x10C36;CE BF 2A 4F;Bumping Buffalo
ai/065.bin;0x10C36;9F A5 E0 4F;CEO Amaterasu
ai/065.bin;0x10C36;3A D0 5B 51;Exxtreme Battler, Victor
ai/065.bin;0x10C36;A6 11 33 52;Dark Dragon, Phantom Blaster "Diablo"
ai/065.bin;0x10C36;2A 05 63 54;Cyber Tiger
ai/065.bin;0x10C36;3C E0 6F 55;Dragonic Overlord (Break Ride)
ai/065.bin;0x10C36;DE C1 45 56;解放者
ai/065.bin;0x10C36;54 72 CC 56;青春の女神 へーベー
ai/065.bin;0x10C36;F7 6D 78 57;Stamp Sea Otter
ai/065.bin;0x10C36;39 97 A4 57;Goddess of Decline, Hel
ai/065.bin;0x10C36;C5 AF 0D 60;Crimson Roar, Metatron
ai/065.bin;0x10C36;47 87 68 63;AI(%d) : 思考時間 %.3f秒 (行動カテゴリ:%d)
ai/065.bin;0x10C36;55 C8 81 63;  完全ガード : %d/%d枚
ai/065.bin;0x10C36;42 D7 DA 63;  ガーディアン候補
ai/065.bin;0x10C36;41 A0 DC 68;Battle Maiden, Kukurihime
ai/065.bin;0x10C36;33 8E E7 69;Duo True Sister, Meer
ai/065.bin;0x10C36;E8 83 60 6B;Daredevil Samurai
ai/065.bin;0x10C36;4B D4 AE 6B;  合計シールド : 
ai/065.bin;0x10C36;DC 4C 2C 6E;Flower Princess of Spring's Beginning, Primavera
ai/065.bin;0x10C36;93 94 EC 6E;Mythic Beast, Skoll
ai/065.bin;0x10C36;11 E8 1D 70;Oracle Queen, Himiko
ai/065.bin;0x10C36;E4 FB 3C 72;Blue Storm Cadet, Anos
ai/065.bin;0x10C36;29 EF C2 73;  対象(%d) : %s
ai/065.bin;0x10C36;BB 1F 0F 77;Goddess of the Hearth, Hestia
ai/065.bin;0x10C36;7C 3A 8B 81;Liberator, Burning Blow
ai/065.bin;0x10C36;35 9C A0 84;Mythic Beast, Hati
ai/065.bin;0x10C36;DA 63 6D 85;Dimensional Robo, Daibrave
ai/065.bin;0x10C36;46 DE 4B 88;Dark Metal Dragon
ai/065.bin;0x10C36;6A D5 6E 8A;Katanaraizer
ai/065.bin;0x10C36;57 C3 7E 8A;Mythical Destroyer Beast, Vanargandr
ai/065.bin;0x10C36;A0 D8 63 8D;Great Cosmic Hero, Grandgallop
ai/065.bin;0x10C36;1F 10 24 8F;上
ai/065.bin;0x10C36;6C E6 93 8F;Pitch Black Sage, Charon
ai/065.bin;0x10C36;BB E2 E9 90;Immortal, Asura Kaiser
ai/065.bin;0x10C36;E1 26 37 94;Demonic Dragon Berserker, Chatura
ai/065.bin;0x10C36;6A 0F 95 94;  アタッカーのパワー : %d(%d)
ai/065.bin;0x10C36;7F BB 35 95;Supreme Heavenly Emperor Dragon, Dragonic Overlord "the Ace"
ai/065.bin;0x10C36;0C DD 47 9B;Battle Sister, Parfait
ai/065.bin;0x10C36;1A 2D D2 9C;Myth Guard, Fomalhaut
ai/065.bin;0x10C36;69 08 3B A2;Blue Wave Dragon, Tetra-drive Dragon
ai/065.bin;0x10C36;F1 51 AA A2;Steam Fighter, Balih
ai/065.bin;0x10C36;A4 F3 D7 A7;  アタッカーのクリティカル : %d
ai/065.bin;0x10C36;BD FD F6 A7;Extreme Battler, Runbhol
ai/065.bin;0x10C36;9F 77 42 AC;Flare Whip Dragon
ai/065.bin;0x10C36;25 95 BD AF;Unappeasable Biter, Gleipnir
ai/065.bin;0x10C36;39 6A 36 B5;Hyper Metalborg, Heavyduke
ai/065.bin;0x10C36;F7 48 21 B9;Dragon Knight, Jaral
ai/065.bin;0x10C36;88 EF 6D BC;Enigman Tornado
ai/065.bin;0x10C36;ED F8 CC BD;Final Wrench
ai/065.bin;0x10C36;11 9F 48 BE;Shura Stealth Dragon, Daranicongo
ai/065.bin;0x10C36;CF AA 4F C1;Perdition Dragon, Dragonic Neoflame
ai/065.bin;0x10C36;7C 17 CE C1;Ranunculus Flower Maiden, Ahsha
ai/065.bin;0x10C36;9F 2E 84 C2;Flying Lapwing
ai/065.bin;0x10C36;15 6E A2 C8;Wisteria Knight
ai/065.bin;0x10C36;AB 51 A7 CB;AI(%d) : レシピ (フラグ:%08x)
ai/065.bin;0x10C36;6F 37 80 D0;Mythic Snake, Jormungand
ai/065.bin;0x10C36;D7 DA C1 D6;AI(%d) : 思考開始 (行動カテゴリ:%d)
ai/065.bin;0x10C36;7C 46 0A D9;Stealth Dragon, Dreadmaster
ai/065.bin;0x10C36;6B 1D DB DC;Machining Mosquito mkII
ai/065.bin;0x10C36;69 E8 61 E1;オーバーロード
ai/065.bin;0x10C36;7D 1F 65 E6;Beast Deity, Night Jackal
ai/065.bin;0x10C36;57 CD 2E E8;    
ai/065.bin;0x10C36;CC 1A C6 E8;AI未設定 : attrib = %s
ai/065.bin;0x10C36;39 17 8B F0;Starry Skies Liberator, Guinevere
ai/065.bin;0x10C36;4B 16 BE F0;Knight of Frevor, Hector
ai/065.bin;0x10C36;BF 43 2B F1;  アタッカー : %s
ai/065.bin;0x10C36;27 25 50 F1;Bear Down Samurai
ai/065.bin;0x10C36;FC B0 EB F6;Purification Regalia, Pure Angel
ai/065.bin;0x10C36;89 20 23 F8;下
ai/065.bin;0x10C36;DD 4C B3 F8;ターン開始 AI(%d)
ai/065.bin;0x10C36;50 75 68 FE;Fetter of Leather, Leyding
ai/066.bin;0x10E35;DC A5 CF 01;  クインテットウォール : %d/%d枚
ai/066.bin;0x10E35;51 5B 2F 06;Hexagonal Magus
ai/066.bin;0x10E35;DD 9F CC 07;Blue Storm Dragon, Maelstrom
ai/066.bin;0x10E35;8D 9F AA 08;  シールドの要求値 : 
ai/066.bin;0x10E35;76 AE E0 09;Dragonic Overlord "The Яe-birth" (Trigger)
ai/066.bin;0x10E35;D7 6E 06 0D;Black Shiver, Gavrail
ai/066.bin;0x10E35;02 DC 8B 0D;Mond Blaukluger
ai/066.bin;0x10E35;B1 2D 5D 0E;  対象のパワー : %d(%d)%s
ai/066.bin;0x10E35;24 A1 3B 11;Rising Lionet
ai/066.bin;0x10E35;CA 98 65 11;Mythic Beast, Fenrir
ai/066.bin;0x10E35;2F 96 22 12;Dancing Wolf
ai/066.bin;0x10E35;2F CE 1C 13;Goddess of Flower Divination, Sakuya
ai/066.bin;0x10E35;9F 3C 4E 15; + %d
ai/066.bin;0x10E35;B5 0F B1 19;Black Slice, Harut
ai/066.bin;0x10E35;26 7B 30 1A;Cat Butler
ai/066.bin;0x10E35;8D 20 89 1A;AI未設定 : %s %d
ai/066.bin;0x10E35;49 58 50 21;Dimensional Robo, Daijet
ai/066.bin;0x10E35;8E BC BB 21;  シールドの目標値 : 
ai/066.bin;0x10E35;50 41 74 23;Hope Child, Turiel
ai/066.bin;0x10E35;39 5F 97 27;Promising Knight, David
ai/066.bin;0x10E35;BE 51 F9 27;Ravenous Dragon, Battlerex
ai/066.bin;0x10E35;F7 2E E0 29;～%d
ai/066.bin;0x10E35;A6 8F 2A 2A;Brawler, Fighting Dracokid
ai/066.bin;0x10E35;44 62 0C 2D;Soundless Archer, Conductance
ai/066.bin;0x10E35;14 30 63 2D;!!!! AI ERROR !!!!\n  
ai/066.bin;0x10E35;37 89 89 31;Million Ray Pegasus
ai/066.bin;0x10E35;EE 81 9E 32;Titan of the Capturing Arm
ai/066.bin;0x10E35;C5 4D EE 32;Blaster Dark "Diablo"
ai/066.bin;0x10E35;F1 28 16 33;枚しか選んでいない
ai/066.bin;0x10E35;BC 1F 35 33;  ブースター : %s
ai/066.bin;0x10E35;B8 BC F2 37;Ambush Demon Stealth Rogue, Kagamijishi
ai/066.bin;0x10E35;6E 42 D6 38;AI(%d) : アタック情報
ai/066.bin;0x10E35;B3 AD 45 3A;ブラスター
ai/066.bin;0x10E35;03 D4 54 45; ヒットされない
ai/066.bin;0x10E35;2D 3A A7 45;AI(%d) : ガードステップ情報
ai/066.bin;0x10E35;74 FA 2F 49;Nurse of Sweet Heart
ai/066.bin;0x10E35;2C A5 7B 4D;枚選択する必要があるが、
ai/066.bin;0x10E35;9F A5 E0 4F;CEO Amaterasu
ai/066.bin;0x10E35;3A D0 5B 51;Exxtreme Battler, Victor
ai/066.bin;0x10E35;A6 11 33 52;Dark Dragon, Phantom Blaster "Diablo"
ai/066.bin;0x10E35;3C E0 6F 55;Dragonic Overlord (Break Ride)
ai/066.bin;0x10E35;DE C1 45 56;解放者
ai/066.bin;0x10E35;F7 6D 78 57;Stamp Sea Otter
ai/066.bin;0x10E35;C5 AF 0D 60;Crimson Roar, Metatron
ai/066.bin;0x10E35;89 05 87 61;Nurse of Danger Heart
ai/066.bin;0x10E35;47 87 68 63;AI(%d) : 思考時間 %.3f秒 (行動カテゴリ:%d)
ai/066.bin;0x10E35;55 C8 81 63;  完全ガード : %d/%d枚
ai/066.bin;0x10E35;42 D7 DA 63;  ガーディアン候補
ai/066.bin;0x10E35;33 8E E7 69;Duo True Sister, Meer
ai/066.bin;0x10E35;E8 83 60 6B;Daredevil Samurai
ai/066.bin;0x10E35;4B D4 AE 6B;  合計シールド : 
ai/066.bin;0x10E35;DC 4C 2C 6E;Flower Princess of Spring's Beginning, Primavera
ai/066.bin;0x10E35;1C BA 63 6F;Black Candle, Azrail
ai/066.bin;0x10E35;11 E8 1D 70;Oracle Queen, Himiko
ai/066.bin;0x10E35;E4 FB 3C 72;Blue Storm Cadet, Anos
ai/066.bin;0x10E35;29 EF C2 73;  対象(%d) : %s
ai/066.bin;0x10E35;E0 C1 6A 7C;Critical Hit Angel
ai/066.bin;0x10E35;7C 3A 8B 81;Liberator, Burning Blow
ai/066.bin;0x10E35;DA 63 6D 85;Dimensional Robo, Daibrave
ai/066.bin;0x10E35;46 DE 4B 88;Dark Metal Dragon
ai/066.bin;0x10E35;6A D5 6E 8A;Katanaraizer
ai/066.bin;0x10E35;A0 D8 63 8D;Great Cosmic Hero, Grandgallop
ai/066.bin;0x10E35;1F 10 24 8F;上
ai/066.bin;0x10E35;6C E6 93 8F;Pitch Black Sage, Charon
ai/066.bin;0x10E35;BB E2 E9 90;Immortal, Asura Kaiser
ai/066.bin;0x10E35;E1 26 37 94;Demonic Dragon Berserker, Chatura
ai/066.bin;0x10E35;6A 0F 95 94;  アタッカーのパワー : %d(%d)
ai/066.bin;0x10E35;7F BB 35 95;Supreme Heavenly Emperor Dragon, Dragonic Overlord "the Ace"
ai/066.bin;0x10E35;42 43 FE 9A;Mobile Ward, Healing Palace
ai/066.bin;0x10E35;0C DD 47 9B;Battle Sister, Parfait
ai/066.bin;0x10E35;1A 2D D2 9C;Myth Guard, Fomalhaut
ai/066.bin;0x10E35;69 08 3B A2;Blue Wave Dragon, Tetra-drive Dragon
ai/066.bin;0x10E35;F1 51 AA A2;Steam Fighter, Balih
ai/066.bin;0x10E35;A4 F3 D7 A7;  アタッカーのクリティカル : %d
ai/066.bin;0x10E35;BD FD F6 A7;Extreme Battler, Runbhol
ai/066.bin;0x10E35;56 A7 A0 AB;Black Call, Nakir
ai/066.bin;0x10E35;9F 77 42 AC;Flare Whip Dragon
ai/066.bin;0x10E35;39 6A 36 B5;Hyper Metalborg, Heavyduke
ai/066.bin;0x10E35;F0 BC EF B8;Rampage Cart Angel
ai/066.bin;0x10E35;F7 48 21 B9;Dragon Knight, Jaral
ai/066.bin;0x10E35;88 EF 6D BC;Enigman Tornado
ai/066.bin;0x10E35;ED F8 CC BD;Final Wrench
ai/066.bin;0x10E35;11 9F 48 BE;Shura Stealth Dragon, Daranicongo
ai/066.bin;0x10E35;6C 54 AA C0;Holy Seraph, Uriel
ai/066.bin;0x10E35;CF AA 4F C1;Perdition Dragon, Dragonic Neoflame
ai/066.bin;0x10E35;7C 17 CE C1;Ranunculus Flower Maiden, Ahsha
ai/066.bin;0x10E35;15 6E A2 C8;Wisteria Knight
ai/066.bin;0x10E35;6F 0B B2 C8;Black Pain, Marut
ai/066.bin;0x10E35;48 11 DD CA;Holy Seraph, Raphael
ai/066.bin;0x10E35;AB 51 A7 CB;AI(%d) : レシピ (フラグ:%08x)
ai/066.bin;0x10E35;58 5D C4 CC;Holy Seraph, Raziel
ai/066.bin;0x10E35;D7 DA C1 D6;AI(%d) : 思考開始 (行動カテゴリ:%d)
ai/066.bin;0x10E35;7C 46 0A D9;Stealth Dragon, Dreadmaster
ai/066.bin;0x10E35;6B 1D DB DC;Machining Mosquito mkII
ai/066.bin;0x10E35;69 E8 61 E1;オーバーロード
ai/066.bin;0x10E35;CE 58 C5 E2;Thousand Ray Pegasus
ai/066.bin;0x10E35;7D 1F 65 E6;Beast Deity, Night Jackal
ai/066.bin;0x10E35;57 CD 2E E8;    
ai/066.bin;0x10E35;CC 1A C6 E8;AI未設定 : attrib = %s
ai/066.bin;0x10E35;39 17 8B F0;Starry Skies Liberator, Guinevere
ai/066.bin;0x10E35;4B 16 BE F0;Knight of Frevor, Hector
ai/066.bin;0x10E35;BF 43 2B F1;  アタッカー : %s
ai/066.bin;0x10E35;27 25 50 F1;Bear Down Samurai
ai/066.bin;0x10E35;FC B0 EB F6;Purification Regalia, Pure Angel
ai/066.bin;0x10E35;89 20 23 F8;下
ai/066.bin;0x10E35;DD 4C B3 F8;ターン開始 AI(%d)
ai/066.bin;0x10E35;85 8F B9 FB;Black Record, Israfil
ai/066.bin;0x10E35;C6 C6 CF FB;Dreamlight Unicorn
ai/066.bin;0x10E35;50 82 4E FD;Nurse of Broken Heart
ai/067.bin;0xFF9C;DC A5 CF 01;  クインテットウォール : %d/%d枚
ai/067.bin;0xFF9C;51 5B 2F 06;Hexagonal Magus
ai/067.bin;0xFF9C;DD 9F CC 07;Blue Storm Dragon, Maelstrom
ai/067.bin;0xFF9C;8D 9F AA 08;  シールドの要求値 : 
ai/067.bin;0xFF9C;01 83 D7 08;超絃理論の愛し子
ai/067.bin;0xFF9C;76 AE E0 09;Dragonic Overlord "The Яe-birth" (Trigger)
ai/067.bin;0xFF9C;1B 7B 19 0D;Flowers in Vacuum, Cosmo Wreath
ai/067.bin;0xFF9C;02 DC 8B 0D;Mond Blaukluger
ai/067.bin;0xFF9C;B1 2D 5D 0E;  対象のパワー : %d(%d)%s
ai/067.bin;0xFF9C;24 A1 3B 11;Rising Lionet
ai/067.bin;0xFF9C;CA 98 65 11;Mythic Beast, Fenrir
ai/067.bin;0xFF9C;39 6C DC 11;Lady Healer of the Torn World
ai/067.bin;0xFF9C;2F 96 22 12;Dancing Wolf
ai/067.bin;0xFF9C;2F CE 1C 13;Goddess of Flower Divination, Sakuya
ai/067.bin;0xFF9C;9F 3C 4E 15; + %d
ai/067.bin;0xFF9C;90 92 5F 15;Asleep Messiah
ai/067.bin;0xFF9C;26 7B 30 1A;Cat Butler
ai/067.bin;0xFF9C;8D 20 89 1A;AI未設定 : %s %d
ai/067.bin;0xFF9C;49 58 50 21;Dimensional Robo, Daijet
ai/067.bin;0xFF9C;8E BC BB 21;  シールドの目標値 : 
ai/067.bin;0xFF9C;50 41 74 23;Hope Child, Turiel
ai/067.bin;0xFF9C;ED 56 CE 26;Asteroid Wolf
ai/067.bin;0xFF9C;39 5F 97 27;Promising Knight, David
ai/067.bin;0xFF9C;BE 51 F9 27;Ravenous Dragon, Battlerex
ai/067.bin;0xFF9C;F7 2E E0 29;～%d
ai/067.bin;0xFF9C;A6 8F 2A 2A;Brawler, Fighting Dracokid
ai/067.bin;0xFF9C;6D 17 FA 2B;Genesis Dragon, Amnesty Messiah
ai/067.bin;0xFF9C;44 62 0C 2D;Soundless Archer, Conductance
ai/067.bin;0xFF9C;14 30 63 2D;!!!! AI ERROR !!!!\n  
ai/067.bin;0xFF9C;EE 81 9E 32;Titan of the Capturing Arm
ai/067.bin;0xFF9C;C5 4D EE 32;Blaster Dark "Diablo"
ai/067.bin;0xFF9C;F1 28 16 33;枚しか選んでいない
ai/067.bin;0xFF9C;BC 1F 35 33;  ブースター : %s
ai/067.bin;0xFF9C;B8 BC F2 37;Ambush Demon Stealth Rogue, Kagamijishi
ai/067.bin;0xFF9C;6E 42 D6 38;AI(%d) : アタック情報
ai/067.bin;0xFF9C;B3 AD 45 3A;ブラスター
ai/067.bin;0xFF9C;79 D5 87 3C;Nebula Dragon, Big Crunch Dragon
ai/067.bin;0xFF9C;03 D4 54 45; ヒットされない
ai/067.bin;0xFF9C;2D 3A A7 45;AI(%d) : ガードステップ情報
ai/067.bin;0xFF9C;2C A5 7B 4D;枚選択する必要があるが、
ai/067.bin;0xFF9C;9F A5 E0 4F;CEO Amaterasu
ai/067.bin;0xFF9C;3A D0 5B 51;Exxtreme Battler, Victor
ai/067.bin;0xFF9C;A6 11 33 52;Dark Dragon, Phantom Blaster "Diablo"
ai/067.bin;0xFF9C;3C E0 6F 55;Dragonic Overlord (Break Ride)
ai/067.bin;0xFF9C;DE C1 45 56;解放者
ai/067.bin;0xFF9C;F7 6D 78 57;Stamp Sea Otter
ai/067.bin;0xFF9C;C5 AF 0D 60;Crimson Roar, Metatron
ai/067.bin;0xFF9C;47 87 68 63;AI(%d) : 思考時間 %.3f秒 (行動カテゴリ:%d)
ai/067.bin;0xFF9C;55 C8 81 63;  完全ガード : %d/%d枚
ai/067.bin;0xFF9C;42 D7 DA 63;  ガーディアン候補
ai/067.bin;0xFF9C;0B 41 AE 69;Genesis Dragon, Judgement Messiah
ai/067.bin;0xFF9C;33 8E E7 69;Duo True Sister, Meer
ai/067.bin;0xFF9C;E8 83 60 6B;Daredevil Samurai
ai/067.bin;0xFF9C;4B D4 AE 6B;  合計シールド : 
ai/067.bin;0xFF9C;DC 4C 2C 6E;Flower Princess of Spring's Beginning, Primavera
ai/067.bin;0xFF9C;11 E8 1D 70;Oracle Queen, Himiko
ai/067.bin;0xFF9C;E4 FB 3C 72;Blue Storm Cadet, Anos
ai/067.bin;0xFF9C;29 EF C2 73;  対象(%d) : %s
ai/067.bin;0xFF9C;CD FE 52 7B;Lady Gunner of the Neutron Star
ai/067.bin;0xFF9C;7C 3A 8B 81;Liberator, Burning Blow
ai/067.bin;0xFF9C;DC D3 B9 83;Neon Messiah
ai/067.bin;0xFF9C;DA 63 6D 85;Dimensional Robo, Daibrave
ai/067.bin;0xFF9C;46 DE 4B 88;Dark Metal Dragon
ai/067.bin;0xFF9C;6A D5 6E 8A;Katanaraizer
ai/067.bin;0xFF9C;A0 D8 63 8D;Great Cosmic Hero, Grandgallop
ai/067.bin;0xFF9C;1F 10 24 8F;上
ai/067.bin;0xFF9C;6C E6 93 8F;Pitch Black Sage, Charon
ai/067.bin;0xFF9C;BB E2 E9 90;Immortal, Asura Kaiser
ai/067.bin;0xFF9C;E1 26 37 94;Demonic Dragon Berserker, Chatura
ai/067.bin;0xFF9C;6A 0F 95 94;  アタッカーのパワー : %d(%d)
ai/067.bin;0xFF9C;7F BB 35 95;Supreme Heavenly Emperor Dragon, Dragonic Overlord "the Ace"
ai/067.bin;0xFF9C;0C DD 47 9B;Battle Sister, Parfait
ai/067.bin;0xFF9C;1A 2D D2 9C;Myth Guard, Fomalhaut
ai/067.bin;0xFF9C;9F 93 18 9E;Sunset Edge, Duskblade
ai/067.bin;0xFF9C;69 08 3B A2;Blue Wave Dragon, Tetra-drive Dragon
ai/067.bin;0xFF9C;F1 51 AA A2;Steam Fighter, Balih
ai/067.bin;0xFF9C;A4 F3 D7 A7;  アタッカーのクリティカル : %d
ai/067.bin;0xFF9C;BD FD F6 A7;Extreme Battler, Runbhol
ai/067.bin;0xFF9C;9F 77 42 AC;Flare Whip Dragon
ai/067.bin;0xFF9C;41 1F 6A AD;Alter Ego Messiah (Trigger)
ai/067.bin;0xFF9C;39 6A 36 B5;Hyper Metalborg, Heavyduke
ai/067.bin;0xFF9C;A9 AB DC B5;Pulse Monk of the Quaking Foot
ai/067.bin;0xFF9C;0F 66 E6 B5;Destiny Dealer
ai/067.bin;0xFF9C;9A 7A D0 B6;Dark Metal Chameleon
ai/067.bin;0xFF9C;F7 48 21 B9;Dragon Knight, Jaral
ai/067.bin;0xFF9C;88 EF 6D BC;Enigman Tornado
ai/067.bin;0xFF9C;ED F8 CC BD;Final Wrench
ai/067.bin;0xFF9C;11 9F 48 BE;Shura Stealth Dragon, Daranicongo
ai/067.bin;0xFF9C;CF AA 4F C1;Perdition Dragon, Dragonic Neoflame
ai/067.bin;0xFF9C;7C 17 CE C1;Ranunculus Flower Maiden, Ahsha
ai/067.bin;0xFF9C;4A FF A6 C4;Awaking Messiah
ai/067.bin;0xFF9C;15 6E A2 C8;Wisteria Knight
ai/067.bin;0xFF9C;AB 51 A7 CB;AI(%d) : レシピ (フラグ:%08x)
ai/067.bin;0xFF9C;D7 DA C1 D6;AI(%d) : 思考開始 (行動カテゴリ:%d)
ai/067.bin;0xFF9C;7C 46 0A D9;Stealth Dragon, Dreadmaster
ai/067.bin;0xFF9C;6B 1D DB DC;Machining Mosquito mkII
ai/067.bin;0xFF9C;F6 C7 0A E1;Lady Battler of the Gravity Well
ai/067.bin;0xFF9C;69 E8 61 E1;オーバーロード
ai/067.bin;0xFF9C;7D 1F 65 E6;Beast Deity, Night Jackal
ai/067.bin;0xFF9C;57 CD 2E E8;    
ai/067.bin;0xFF9C;CC 1A C6 E8;AI未設定 : attrib = %s
ai/067.bin;0xFF9C;39 17 8B F0;Starry Skies Liberator, Guinevere
ai/067.bin;0xFF9C;4B 16 BE F0;Knight of Frevor, Hector
ai/067.bin;0xFF9C;BF 43 2B F1;  アタッカー : %s
ai/067.bin;0xFF9C;27 25 50 F1;Bear Down Samurai
ai/067.bin;0xFF9C;FC B0 EB F6;Purification Regalia, Pure Angel
ai/067.bin;0xFF9C;89 20 23 F8;下
ai/067.bin;0xFF9C;DD 4C B3 F8;ターン開始 AI(%d)
ai/068.bin;0x10E64;DC A5 CF 01;  クインテットウォール : %d/%d枚
ai/068.bin;0x10E64;03 A2 74 04;Cherishing Knight, Branwen
ai/068.bin;0x10E64;51 5B 2F 06;Hexagonal Magus
ai/068.bin;0x10E64;DD 9F CC 07;Blue Storm Dragon, Maelstrom
ai/068.bin;0x10E64;8D 9F AA 08;  シールドの要求値 : 
ai/068.bin;0x10E64;A4 04 45 09;Claret Sword Dragon
ai/068.bin;0x10E64;76 AE E0 09;Dragonic Overlord "The Яe-birth" (Trigger)
ai/068.bin;0x10E64;02 DC 8B 0D;Mond Blaukluger
ai/068.bin;0x10E64;B1 2D 5D 0E;  対象のパワー : %d(%d)%s
ai/068.bin;0x10E64;24 A1 3B 11;Rising Lionet
ai/068.bin;0x10E64;CA 98 65 11;Mythic Beast, Fenrir
ai/068.bin;0x10E64;2F 96 22 12;Dancing Wolf
ai/068.bin;0x10E64;2F CE 1C 13;Goddess of Flower Divination, Sakuya
ai/068.bin;0x10E64;15 30 F0 14;Supremacy Dragon, Claret Sword Dragon
ai/068.bin;0x10E64;9F 3C 4E 15; + %d
ai/068.bin;0x10E64;26 7B 30 1A;Cat Butler
ai/068.bin;0x10E64;8D 20 89 1A;AI未設定 : %s %d
ai/068.bin;0x10E64;49 58 50 21;Dimensional Robo, Daijet
ai/068.bin;0x10E64;8E BC BB 21;  シールドの目標値 : 
ai/068.bin;0x10E64;50 41 74 23;Hope Child, Turiel
ai/068.bin;0x10E64;39 5F 97 27;Promising Knight, David
ai/068.bin;0x10E64;BE 51 F9 27;Ravenous Dragon, Battlerex
ai/068.bin;0x10E64;F7 2E E0 29;～%d
ai/068.bin;0x10E64;A6 8F 2A 2A;Brawler, Fighting Dracokid
ai/068.bin;0x10E64;3A A3 DC 2C;Dark Knight, Efnysien
ai/068.bin;0x10E64;44 62 0C 2D;Soundless Archer, Conductance
ai/068.bin;0x10E64;14 30 63 2D;!!!! AI ERROR !!!!\n  
ai/068.bin;0x10E64;EE 81 9E 32;Titan of the Capturing Arm
ai/068.bin;0x10E64;C5 4D EE 32;Blaster Dark "Diablo"
ai/068.bin;0x10E64;F1 28 16 33;枚しか選んでいない
ai/068.bin;0x10E64;BC 1F 35 33;  ブースター : %s
ai/068.bin;0x10E64;C0 D2 5C 33;Supremacy Black Dragon, Aurageyser Dragon
ai/068.bin;0x10E64;0F 84 8F 33;Moonlight Witch, Vaha
ai/068.bin;0x10E64;B8 BC F2 37;Ambush Demon Stealth Rogue, Kagamijishi
ai/068.bin;0x10E64;6E 42 D6 38;AI(%d) : アタック情報
ai/068.bin;0x10E64;B3 AD 45 3A;ブラスター
ai/068.bin;0x10E64;5F 07 F5 3E;Witch of Choices, Eriu
ai/068.bin;0x10E64;2B 9E 47 42;Witch of Nostrum, Arianrhod
ai/068.bin;0x10E64;03 D4 54 45; ヒットされない
ai/068.bin;0x10E64;2D 3A A7 45;AI(%d) : ガードステップ情報
ai/068.bin;0x10E64;5B 8A CA 47;Abyss Healer
ai/068.bin;0x10E64;2C A5 7B 4D;枚選択する必要があるが、
ai/068.bin;0x10E64;9F A5 E0 4F;CEO Amaterasu
ai/068.bin;0x10E64;3A D0 5B 51;Exxtreme Battler, Victor
ai/068.bin;0x10E64;A6 11 33 52;Dark Dragon, Phantom Blaster "Diablo"
ai/068.bin;0x10E64;3C E0 6F 55;Dragonic Overlord (Break Ride)
ai/068.bin;0x10E64;DE C1 45 56;解放者
ai/068.bin;0x10E64;F7 6D 78 57;Stamp Sea Otter
ai/068.bin;0x10E64;3C 63 E3 57;Skull Witch, Nemain
ai/068.bin;0x10E64;32 4C 96 58;Black-winged Swordbreaker
ai/068.bin;0x10E64;C5 AF 0D 60;Crimson Roar, Metatron
ai/068.bin;0x10E64;47 87 68 63;AI(%d) : 思考時間 %.3f秒 (行動カテゴリ:%d)
ai/068.bin;0x10E64;55 C8 81 63;  完全ガード : %d/%d枚
ai/068.bin;0x10E64;42 D7 DA 63;  ガーディアン候補
ai/068.bin;0x10E64;33 8E E7 69;Duo True Sister, Meer
ai/068.bin;0x10E64;7C 70 E9 6A;Dark Night Maiden, Macha
ai/068.bin;0x10E64;E8 83 60 6B;Daredevil Samurai
ai/068.bin;0x10E64;4B D4 AE 6B;  合計シールド : 
ai/068.bin;0x10E64;DC 4C 2C 6E;Flower Princess of Spring's Beginning, Primavera
ai/068.bin;0x10E64;11 E8 1D 70;Oracle Queen, Himiko
ai/068.bin;0x10E64;E4 FB 3C 72;Blue Storm Cadet, Anos
ai/068.bin;0x10E64;29 EF C2 73;  対象(%d) : %s
ai/068.bin;0x10E64;87 9E 2A 77;Taboo Mage, Cafar
ai/068.bin;0x10E64;C6 AA E9 7C;Darkquartz Dragon
ai/068.bin;0x10E64;7C 3A 8B 81;Liberator, Burning Blow
ai/068.bin;0x10E64;DA 63 6D 85;Dimensional Robo, Daibrave
ai/068.bin;0x10E64;46 DE 4B 88;Dark Metal Dragon
ai/068.bin;0x10E64;59 EE 0A 89;Death Feather Eagle
ai/068.bin;0x10E64;6A D5 6E 8A;Katanaraizer
ai/068.bin;0x10E64;A0 D8 63 8D;Great Cosmic Hero, Grandgallop
ai/068.bin;0x10E64;1F 10 24 8F;上
ai/068.bin;0x10E64;6C E6 93 8F;Pitch Black Sage, Charon
ai/068.bin;0x10E64;BB E2 E9 90;Immortal, Asura Kaiser
ai/068.bin;0x10E64;E1 26 37 94;Demonic Dragon Berserker, Chatura
ai/068.bin;0x10E64;6A 0F 95 94;  アタッカーのパワー : %d(%d)
ai/068.bin;0x10E64;7F BB 35 95;Supreme Heavenly Emperor Dragon, Dragonic Overlord "the Ace"
ai/068.bin;0x10E64;0C DD 47 9B;Battle Sister, Parfait
ai/068.bin;0x10E64;1A 2D D2 9C;Myth Guard, Fomalhaut
ai/068.bin;0x10E64;69 08 3B A2;Blue Wave Dragon, Tetra-drive Dragon
ai/068.bin;0x10E64;F1 51 AA A2;Steam Fighter, Balih
ai/068.bin;0x10E64;5F 4A 4B A4;Night Sky Eagle
ai/068.bin;0x10E64;A4 F3 D7 A7;  アタッカーのクリティカル : %d
ai/068.bin;0x10E64;BD FD F6 A7;Extreme Battler, Runbhol
ai/068.bin;0x10E64;9F 77 42 AC;Flare Whip Dragon
ai/068.bin;0x10E64;10 43 7B B2;Darkpride Dragon
ai/068.bin;0x10E64;A3 70 B0 B3;Revenger, Bloodmaster
ai/068.bin;0x10E64;39 6A 36 B5;Hyper Metalborg, Heavyduke
ai/068.bin;0x10E64;F7 48 21 B9;Dragon Knight, Jaral
ai/068.bin;0x10E64;88 EF 6D BC;Enigman Tornado
ai/068.bin;0x10E64;C7 A2 BD BC;Demon World Castle, Totwachter
ai/068.bin;0x10E64;ED F8 CC BD;Final Wrench
ai/068.bin;0x10E64;11 9F 48 BE;Shura Stealth Dragon, Daranicongo
ai/068.bin;0x10E64;1B 47 F7 BE;Supremacy Black Dragon, Aurageyser Doomed
ai/068.bin;0x10E64;CF AA 4F C1;Perdition Dragon, Dragonic Neoflame
ai/068.bin;0x10E64;7C 17 CE C1;Ranunculus Flower Maiden, Ahsha
ai/068.bin;0x10E64;15 6E A2 C8;Wisteria Knight
ai/068.bin;0x10E64;AB 51 A7 CB;AI(%d) : レシピ (フラグ:%08x)
ai/068.bin;0x10E64;53 5F 5A D0;Dark Knight, Grim Recruiter
ai/068.bin;0x10E64;D7 DA C1 D6;AI(%d) : 思考開始 (行動カテゴリ:%d)
ai/068.bin;0x10E64;7C 46 0A D9;Stealth Dragon, Dreadmaster
ai/068.bin;0x10E64;D8 30 A9 D9;Grim Reaper
ai/068.bin;0x10E64;6B 1D DB DC;Machining Mosquito mkII
ai/068.bin;0x10E64;69 E8 61 E1;オーバーロード
ai/068.bin;0x10E64;7D 1F 65 E6;Beast Deity, Night Jackal
ai/068.bin;0x10E64;57 CD 2E E8;    
ai/068.bin;0x10E64;CC 1A C6 E8;AI未設定 : attrib = %s
ai/068.bin;0x10E64;58 3D 0C ED;Knight of Brawn, Grosne
ai/068.bin;0x10E64;99 BA 79 EF;Karma Collector
ai/068.bin;0x10E64;39 17 8B F0;Starry Skies Liberator, Guinevere
ai/068.bin;0x10E64;4B 16 BE F0;Knight of Frevor, Hector
ai/068.bin;0x10E64;BF 43 2B F1;  アタッカー : %s
ai/068.bin;0x10E64;27 25 50 F1;Bear Down Samurai
ai/068.bin;0x10E64;FC B0 EB F6;Purification Regalia, Pure Angel
ai/068.bin;0x10E64;89 20 23 F8;下
ai/068.bin;0x10E64;DD 4C B3 F8;ターン開始 AI(%d)
ai/069.bin;0x11A67;DC A5 CF 01;  クインテットウォール : %d/%d枚
ai/069.bin;0x11A67;51 5B 2F 06;Hexagonal Magus
ai/069.bin;0x11A67;DD 9F CC 07;Blue Storm Dragon, Maelstrom
ai/069.bin;0x11A67;8D 9F AA 08;  シールドの要求値 : 
ai/069.bin;0x11A67;76 AE E0 09;Dragonic Overlord "The Яe-birth" (Trigger)
ai/069.bin;0x11A67;02 DC 8B 0D;Mond Blaukluger
ai/069.bin;0x11A67;B1 2D 5D 0E;  対象のパワー : %d(%d)%s
ai/069.bin;0x11A67;24 A1 3B 11;Rising Lionet
ai/069.bin;0x11A67;CA 98 65 11;Mythic Beast, Fenrir
ai/069.bin;0x11A67;2F 96 22 12;Dancing Wolf
ai/069.bin;0x11A67;2F CE 1C 13;Goddess of Flower Divination, Sakuya
ai/069.bin;0x11A67;9F 3C 4E 15; + %d
ai/069.bin;0x11A67;69 4A D5 17;Image Master, Kukuri
ai/069.bin;0x11A67;26 7B 30 1A;Cat Butler
ai/069.bin;0x11A67;8D 20 89 1A;AI未設定 : %s %d
ai/069.bin;0x11A67;49 58 50 21;Dimensional Robo, Daijet
ai/069.bin;0x11A67;8E BC BB 21;  シールドの目標値 : 
ai/069.bin;0x11A67;50 41 74 23;Hope Child, Turiel
ai/069.bin;0x11A67;39 5F 97 27;Promising Knight, David
ai/069.bin;0x11A67;0C 37 E1 27;School Etoile, Olyvia
ai/069.bin;0x11A67;BE 51 F9 27;Ravenous Dragon, Battlerex
ai/069.bin;0x11A67;F7 2E E0 29;～%d
ai/069.bin;0x11A67;A6 8F 2A 2A;Brawler, Fighting Dracokid
ai/069.bin;0x11A67;7B 54 88 2B;Legend of the Glass Shoe, Amoris
ai/069.bin;0x11A67;44 62 0C 2D;Soundless Archer, Conductance
ai/069.bin;0x11A67;14 30 63 2D;!!!! AI ERROR !!!!\n  
ai/069.bin;0x11A67;EE 81 9E 32;Titan of the Capturing Arm
ai/069.bin;0x11A67;C5 4D EE 32;Blaster Dark "Diablo"
ai/069.bin;0x11A67;F1 28 16 33;枚しか選んでいない
ai/069.bin;0x11A67;BC 1F 35 33;  ブースター : %s
ai/069.bin;0x11A67;60 75 AE 34;Afternoon Tea Party, Couver
ai/069.bin;0x11A67;B8 BC F2 37;Ambush Demon Stealth Rogue, Kagamijishi
ai/069.bin;0x11A67;6E 42 D6 38;AI(%d) : アタック情報
ai/069.bin;0x11A67;B3 AD 45 3A;ブラスター
ai/069.bin;0x11A67;37 F2 01 40;Admired Sparkle, Spica
ai/069.bin;0x11A67;03 D4 54 45; ヒットされない
ai/069.bin;0x11A67;2D 3A A7 45;AI(%d) : ガードステップ情報
ai/069.bin;0x11A67;92 B0 3E 46;First Lesson, Akari
ai/069.bin;0x11A67;2C A5 7B 4D;枚選択する必要があるが、
ai/069.bin;0x11A67;9F A5 E0 4F;CEO Amaterasu
ai/069.bin;0x11A67;3A D0 5B 51;Exxtreme Battler, Victor
ai/069.bin;0x11A67;A6 11 33 52;Dark Dragon, Phantom Blaster "Diablo"
ai/069.bin;0x11A67;9D B8 48 54;Unbelievagirl, Potpourri
ai/069.bin;0x11A67;3C E0 6F 55;Dragonic Overlord (Break Ride)
ai/069.bin;0x11A67;DE C1 45 56;解放者
ai/069.bin;0x11A67;F7 6D 78 57;Stamp Sea Otter
ai/069.bin;0x11A67;C5 AF 0D 60;Crimson Roar, Metatron
ai/069.bin;0x11A67;47 87 68 63;AI(%d) : 思考時間 %.3f秒 (行動カテゴリ:%d)
ai/069.bin;0x11A67;55 C8 81 63;  完全ガード : %d/%d枚
ai/069.bin;0x11A67;42 D7 DA 63;  ガーディアン候補
ai/069.bin;0x11A67;A3 E5 B2 64;ローリス
ai/069.bin;0x11A67;33 8E E7 69;Duo True Sister, Meer
ai/069.bin;0x11A67;E8 83 60 6B;Daredevil Samurai
ai/069.bin;0x11A67;4B D4 AE 6B;  合計シールド : 
ai/069.bin;0x11A67;DC 4C 2C 6E;Flower Princess of Spring's Beginning, Primavera
ai/069.bin;0x11A67;11 E8 1D 70;Oracle Queen, Himiko
ai/069.bin;0x11A67;04 6E 2F 71;Cherished Phrase, Reina
ai/069.bin;0x11A67;E4 FB 3C 72;Blue Storm Cadet, Anos
ai/069.bin;0x11A67;29 EF C2 73;  対象(%d) : %s
ai/069.bin;0x11A67;20 17 55 76;Superb New Student, Shizuku
ai/069.bin;0x11A67;3D 2F A2 76;Full Throttle Idol, Lurie
ai/069.bin;0x11A67;BB 60 28 7F;Gunslinger Star, Florida
ai/069.bin;0x11A67;7C 3A 8B 81;Liberator, Burning Blow
ai/069.bin;0x11A67;DA 63 6D 85;Dimensional Robo, Daibrave
ai/069.bin;0x11A67;9E A4 BF 86;Sincere Girl, Liddy
ai/069.bin;0x11A67;46 DE 4B 88;Dark Metal Dragon
ai/069.bin;0x11A67;6A D5 6E 8A;Katanaraizer
ai/069.bin;0x11A67;A0 D8 63 8D;Great Cosmic Hero, Grandgallop
ai/069.bin;0x11A67;1F 10 24 8F;上
ai/069.bin;0x11A67;6C E6 93 8F;Pitch Black Sage, Charon
ai/069.bin;0x11A67;BB E2 E9 90;Immortal, Asura Kaiser
ai/069.bin;0x11A67;E1 26 37 94;Demonic Dragon Berserker, Chatura
ai/069.bin;0x11A67;6A 0F 95 94;  アタッカーのパワー : %d(%d)
ai/069.bin;0x11A67;7F BB 35 95;Supreme Heavenly Emperor Dragon, Dragonic Overlord "the Ace"
ai/069.bin;0x11A67;CC F3 EB 98;Beware of Surprises, Almin
ai/069.bin;0x11A67;0C DD 47 9B;Battle Sister, Parfait
ai/069.bin;0x11A67;1A 2D D2 9C;Myth Guard, Fomalhaut
ai/069.bin;0x11A67;69 08 3B A2;Blue Wave Dragon, Tetra-drive Dragon
ai/069.bin;0x11A67;F1 51 AA A2;Steam Fighter, Balih
ai/069.bin;0x11A67;A4 F3 D7 A7;  アタッカーのクリティカル : %d
ai/069.bin;0x11A67;BD FD F6 A7;Extreme Battler, Runbhol
ai/069.bin;0x11A67;9F 77 42 AC;Flare Whip Dragon
ai/069.bin;0x11A67;39 6A 36 B5;Hyper Metalborg, Heavyduke
ai/069.bin;0x11A67;F7 48 21 B9;Dragon Knight, Jaral
ai/069.bin;0x11A67;88 EF 6D BC;Enigman Tornado
ai/069.bin;0x11A67;77 20 73 BC;Little Princess, Himari
ai/069.bin;0x11A67;ED F8 CC BD;Final Wrench
ai/069.bin;0x11A67;11 9F 48 BE;Shura Stealth Dragon, Daranicongo
ai/069.bin;0x11A67;CF AA 4F C1;Perdition Dragon, Dragonic Neoflame
ai/069.bin;0x11A67;7C 17 CE C1;Ranunculus Flower Maiden, Ahsha
ai/069.bin;0x11A67;15 6E A2 C8;Wisteria Knight
ai/069.bin;0x11A67;38 81 1D CA;Talent of Perseverance, Shandee
ai/069.bin;0x11A67;AB 51 A7 CB;AI(%d) : レシピ (フラグ:%08x)
ai/069.bin;0x11A67;A9 9B CF CD;Miracle Voice, Lauris
ai/069.bin;0x11A67;D7 DA C1 D6;AI(%d) : 思考開始 (行動カテゴリ:%d)
ai/069.bin;0x11A67;7C 46 0A D9;Stealth Dragon, Dreadmaster
ai/069.bin;0x11A67;6B 1D DB DC;Machining Mosquito mkII
ai/069.bin;0x11A67;77 C2 64 E0;Lover of Hearts, Penelotta
ai/069.bin;0x11A67;69 E8 61 E1;オーバーロード
ai/069.bin;0x11A67;7D 1F 65 E6;Beast Deity, Night Jackal
ai/069.bin;0x11A67;57 CD 2E E8;    
ai/069.bin;0x11A67;CC 1A C6 E8;AI未設定 : attrib = %s
ai/069.bin;0x11A67;19 A0 82 E9;Comical Rainie
ai/069.bin;0x11A67;F0 4E EA EA;Drive Quartet, Shuplu
ai/069.bin;0x11A67;39 17 8B F0;Starry Skies Liberator, Guinevere
ai/069.bin;0x11A67;4B 16 BE F0;Knight of Frevor, Hector
ai/069.bin;0x11A67;BF 43 2B F1;  アタッカー : %s
ai/069.bin;0x11A67;27 25 50 F1;Bear Down Samurai
ai/069.bin;0x11A67;73 CF 5C F2;Fluffy Ribbon, Somni
ai/069.bin;0x11A67;B9 07 65 F4;Ideal Walking Weather, Emilia
ai/069.bin;0x11A67;FC B0 EB F6;Purification Regalia, Pure Angel
ai/069.bin;0x11A67;89 20 23 F8;下
ai/069.bin;0x11A67;DD 4C B3 F8;ターン開始 AI(%d)
ai/069.bin;0x11A67;B8 25 20 FA;Drive Quartet, Flows
ai/070.bin;0x10FCD;DC A5 CF 01;  クインテットウォール : %d/%d枚
ai/070.bin;0x10FCD;51 5B 2F 06;Hexagonal Magus
ai/070.bin;0x10FCD;DD 9F CC 07;Blue Storm Dragon, Maelstrom
ai/070.bin;0x10FCD;8D 9F AA 08;  シールドの要求値 : 
ai/070.bin;0x10FCD;76 AE E0 09;Dragonic Overlord "The Яe-birth" (Trigger)
ai/070.bin;0x10FCD;EB 5F 4C 0D;Tenjiku Stealth Rogue, Dokube
ai/070.bin;0x10FCD;02 DC 8B 0D;Mond Blaukluger
ai/070.bin;0x10FCD;B1 2D 5D 0E;  対象のパワー : %d(%d)%s
ai/070.bin;0x10FCD;24 A1 3B 11;Rising Lionet
ai/070.bin;0x10FCD;CA 98 65 11;Mythic Beast, Fenrir
ai/070.bin;0x10FCD;2F 96 22 12;Dancing Wolf
ai/070.bin;0x10FCD;2F CE 1C 13;Goddess of Flower Divination, Sakuya
ai/070.bin;0x10FCD;9F 3C 4E 15; + %d
ai/070.bin;0x10FCD;7B 8A 90 16;Stealth Fiend, Yukihime
ai/070.bin;0x10FCD;26 7B 30 1A;Cat Butler
ai/070.bin;0x10FCD;8D 20 89 1A;AI未設定 : %s %d
ai/070.bin;0x10FCD;49 58 50 21;Dimensional Robo, Daijet
ai/070.bin;0x10FCD;8E BC BB 21;  シールドの目標値 : 
ai/070.bin;0x10FCD;50 41 74 23;Hope Child, Turiel
ai/070.bin;0x10FCD;39 5F 97 27;Promising Knight, David
ai/070.bin;0x10FCD;BE 51 F9 27;Ravenous Dragon, Battlerex
ai/070.bin;0x10FCD;F7 2E E0 29;～%d
ai/070.bin;0x10FCD;A6 8F 2A 2A;Brawler, Fighting Dracokid
ai/070.bin;0x10FCD;44 62 0C 2D;Soundless Archer, Conductance
ai/070.bin;0x10FCD;14 30 63 2D;!!!! AI ERROR !!!!\n  
ai/070.bin;0x10FCD;EE 81 9E 32;Titan of the Capturing Arm
ai/070.bin;0x10FCD;C5 4D EE 32;Blaster Dark "Diablo"
ai/070.bin;0x10FCD;F1 28 16 33;枚しか選んでいない
ai/070.bin;0x10FCD;BC 1F 35 33;  ブースター : %s
ai/070.bin;0x10FCD;B8 BC F2 37;Ambush Demon Stealth Rogue, Kagamijishi
ai/070.bin;0x10FCD;6E 42 D6 38;AI(%d) : アタック情報
ai/070.bin;0x10FCD;B3 AD 45 3A;ブラスター
ai/070.bin;0x10FCD;03 D4 54 45; ヒットされない
ai/070.bin;0x10FCD;2D 3A A7 45;AI(%d) : ガードステップ情報
ai/070.bin;0x10FCD;D7 64 26 4C;Stealth Dragon, Runestar
ai/070.bin;0x10FCD;2C A5 7B 4D;枚選択する必要があるが、
ai/070.bin;0x10FCD;9F A5 E0 4F;CEO Amaterasu
ai/070.bin;0x10FCD;3A D0 5B 51;Exxtreme Battler, Victor
ai/070.bin;0x10FCD;A6 11 33 52;Dark Dragon, Phantom Blaster "Diablo"
ai/070.bin;0x10FCD;CD 5A 3F 52;Gateway Stealth Rogue, Ataka
ai/070.bin;0x10FCD;3C E0 6F 55;Dragonic Overlord (Break Ride)
ai/070.bin;0x10FCD;DE C1 45 56;解放者
ai/070.bin;0x10FCD;F7 6D 78 57;Stamp Sea Otter
ai/070.bin;0x10FCD;C5 AF 0D 60;Crimson Roar, Metatron
ai/070.bin;0x10FCD;47 87 68 63;AI(%d) : 思考時間 %.3f秒 (行動カテゴリ:%d)
ai/070.bin;0x10FCD;55 C8 81 63;  完全ガード : %d/%d枚
ai/070.bin;0x10FCD;42 D7 DA 63;  ガーディアン候補
ai/070.bin;0x10FCD;33 8E E7 69;Duo True Sister, Meer
ai/070.bin;0x10FCD;E8 83 60 6B;Daredevil Samurai
ai/070.bin;0x10FCD;4B D4 AE 6B;  合計シールド : 
ai/070.bin;0x10FCD;DC 4C 2C 6E;Flower Princess of Spring's Beginning, Primavera
ai/070.bin;0x10FCD;11 E8 1D 70;Oracle Queen, Himiko
ai/070.bin;0x10FCD;E4 FB 3C 72;Blue Storm Cadet, Anos
ai/070.bin;0x10FCD;29 EF C2 73;  対象(%d) : %s
ai/070.bin;0x10FCD;89 90 73 7E;Ambush Demon Stealth Fiend, Ushimitsu Train
ai/070.bin;0x10FCD;88 44 4C 7F;Dirk Stealth Rogue, Yaiba
ai/070.bin;0x10FCD;7C 3A 8B 81;Liberator, Burning Blow
ai/070.bin;0x10FCD;DA 63 6D 85;Dimensional Robo, Daibrave
ai/070.bin;0x10FCD;46 DE 4B 88;Dark Metal Dragon
ai/070.bin;0x10FCD;6A D5 6E 8A;Katanaraizer
ai/070.bin;0x10FCD;A0 D8 63 8D;Great Cosmic Hero, Grandgallop
ai/070.bin;0x10FCD;1F 10 24 8F;上
ai/070.bin;0x10FCD;6C E6 93 8F;Pitch Black Sage, Charon
ai/070.bin;0x10FCD;BB E2 E9 90;Immortal, Asura Kaiser
ai/070.bin;0x10FCD;E1 26 37 94;Demonic Dragon Berserker, Chatura
ai/070.bin;0x10FCD;6A 0F 95 94;  アタッカーのパワー : %d(%d)
ai/070.bin;0x10FCD;7F BB 35 95;Supreme Heavenly Emperor Dragon, Dragonic Overlord "the Ace"
ai/070.bin;0x10FCD;0C DD 47 9B;Battle Sister, Parfait
ai/070.bin;0x10FCD;1A 2D D2 9C;Myth Guard, Fomalhaut
ai/070.bin;0x10FCD;69 08 3B A2;Blue Wave Dragon, Tetra-drive Dragon
ai/070.bin;0x10FCD;E3 AE 59 A2;Stealth Dragon, Hiden Scroll
ai/070.bin;0x10FCD;F1 51 AA A2;Steam Fighter, Balih
ai/070.bin;0x10FCD;A4 F3 D7 A7;  アタッカーのクリティカル : %d
ai/070.bin;0x10FCD;BD FD F6 A7;Extreme Battler, Runbhol
ai/070.bin;0x10FCD;F0 E8 EF A9;Stealth Beast, Moon Edge
ai/070.bin;0x10FCD;9F 77 42 AC;Flare Whip Dragon
ai/070.bin;0x10FCD;74 BE F4 AF;Stealth Beast, Charcoal Fox
ai/070.bin;0x10FCD;39 6A 36 B5;Hyper Metalborg, Heavyduke
ai/070.bin;0x10FCD;F7 48 21 B9;Dragon Knight, Jaral
ai/070.bin;0x10FCD;88 EF 6D BC;Enigman Tornado
ai/070.bin;0x10FCD;D6 92 89 BD;Stealth Rogue of Revelation, Yasuie
ai/070.bin;0x10FCD;ED F8 CC BD;Final Wrench
ai/070.bin;0x10FCD;11 9F 48 BE;Shura Stealth Dragon, Daranicongo
ai/070.bin;0x10FCD;CF AA 4F C1;Perdition Dragon, Dragonic Neoflame
ai/070.bin;0x10FCD;7C 17 CE C1;Ranunculus Flower Maiden, Ahsha
ai/070.bin;0x10FCD;41 0B 24 C2;忍獣 ホワイトへロン
ai/070.bin;0x10FCD;69 F6 9E C6;Ambush Demon Stealth Dragon, Homura Raider
ai/070.bin;0x10FCD;15 6E A2 C8;Wisteria Knight
ai/070.bin;0x10FCD;AB 51 A7 CB;AI(%d) : レシピ (フラグ:%08x)
ai/070.bin;0x10FCD;99 5E 5C CF;Stealth Fiend, Nyudo Cloud
ai/070.bin;0x10FCD;D7 DA C1 D6;AI(%d) : 思考開始 (行動カテゴリ:%d)
ai/070.bin;0x10FCD;7C 46 0A D9;Stealth Dragon, Dreadmaster
ai/070.bin;0x10FCD;6B 1D DB DC;Machining Mosquito mkII
ai/070.bin;0x10FCD;69 E8 61 E1;オーバーロード
ai/070.bin;0x10FCD;7D 1F 65 E6;Beast Deity, Night Jackal
ai/070.bin;0x10FCD;27 FD B1 E6;Stealth Rogue of the Flowered Hat, Fujino
ai/070.bin;0x10FCD;57 CD 2E E8;    
ai/070.bin;0x10FCD;CC 1A C6 E8;AI未設定 : attrib = %s
ai/070.bin;0x10FCD;39 17 8B F0;Starry Skies Liberator, Guinevere
ai/070.bin;0x10FCD;4B 16 BE F0;Knight of Frevor, Hector
ai/070.bin;0x10FCD;BF 43 2B F1;  アタッカー : %s
ai/070.bin;0x10FCD;27 25 50 F1;Bear Down Samurai
ai/070.bin;0x10FCD;FC B0 EB F6;Purification Regalia, Pure Angel
ai/070.bin;0x10FCD;89 20 23 F8;下
ai/070.bin;0x10FCD;DD 4C B3 F8;ターン開始 AI(%d)
ai/070.bin;0x10FCD;8F EF FD FA;Chain Sickle Stealth Rogue, Onifundo
ai/071.bin;0x1050C;34 53 5F 00;Lake Maiden, Lien
ai/071.bin;0x1050C;DC A5 CF 01;  クインテットウォール : %d/%d枚
ai/071.bin;0x1050C;CE A0 AE 04;Holy Knight Guardian
ai/071.bin;0x1050C;51 5B 2F 06;Hexagonal Magus
ai/071.bin;0x1050C;DD 9F CC 07;Blue Storm Dragon, Maelstrom
ai/071.bin;0x1050C;8D 9F AA 08;  シールドの要求値 : 
ai/071.bin;0x1050C;76 AE E0 09;Dragonic Overlord "The Яe-birth" (Trigger)
ai/071.bin;0x1050C;02 DC 8B 0D;Mond Blaukluger
ai/071.bin;0x1050C;B1 2D 5D 0E;  対象のパワー : %d(%d)%s
ai/071.bin;0x1050C;24 A1 3B 11;Rising Lionet
ai/071.bin;0x1050C;CA 98 65 11;Mythic Beast, Fenrir
ai/071.bin;0x1050C;2F 96 22 12;Dancing Wolf
ai/071.bin;0x1050C;2F CE 1C 13;Goddess of Flower Divination, Sakuya
ai/071.bin;0x1050C;9F 3C 4E 15; + %d
ai/071.bin;0x1050C;26 7B 30 1A;Cat Butler
ai/071.bin;0x1050C;8D 20 89 1A;AI未設定 : %s %d
ai/071.bin;0x1050C;C0 17 EB 1D;Majesty Lord Blaster (Trigger)
ai/071.bin;0x1050C;49 58 50 21;Dimensional Robo, Daijet
ai/071.bin;0x1050C;8E BC BB 21;  シールドの目標値 : 
ai/071.bin;0x1050C;00 8C ED 21;Miru Biru
ai/071.bin;0x1050C;50 41 74 23;Hope Child, Turiel
ai/071.bin;0x1050C;39 5F 97 27;Promising Knight, David
ai/071.bin;0x1050C;BE 51 F9 27;Ravenous Dragon, Battlerex
ai/071.bin;0x1050C;F7 2E E0 29;～%d
ai/071.bin;0x1050C;A6 8F 2A 2A;Brawler, Fighting Dracokid
ai/071.bin;0x1050C;CC 14 9E 2B;Yggdrasil Maiden, Elaine
ai/071.bin;0x1050C;44 62 0C 2D;Soundless Archer, Conductance
ai/071.bin;0x1050C;14 30 63 2D;!!!! AI ERROR !!!!\n  
ai/071.bin;0x1050C;EE 81 9E 32;Titan of the Capturing Arm
ai/071.bin;0x1050C;C5 4D EE 32;Blaster Dark "Diablo"
ai/071.bin;0x1050C;F1 28 16 33;枚しか選んでいない
ai/071.bin;0x1050C;BC 1F 35 33;  ブースター : %s
ai/071.bin;0x1050C;63 BD 80 33;Knight of Twin Sword
ai/071.bin;0x1050C;B8 BC F2 37;Ambush Demon Stealth Rogue, Kagamijishi
ai/071.bin;0x1050C;6E 42 D6 38;AI(%d) : アタック情報
ai/071.bin;0x1050C;B3 AD 45 3A;ブラスター
ai/071.bin;0x1050C;D7 5E 7B 43;[%d]=%d(%d)
ai/071.bin;0x1050C;03 D4 54 45; ヒットされない
ai/071.bin;0x1050C;2D 3A A7 45;AI(%d) : ガードステップ情報
ai/071.bin;0x1050C;2C A5 7B 4D;枚選択する必要があるが、
ai/071.bin;0x1050C;9F A5 E0 4F;CEO Amaterasu
ai/071.bin;0x1050C;3A D0 5B 51;Exxtreme Battler, Victor
ai/071.bin;0x1050C;A6 11 33 52;Dark Dragon, Phantom Blaster "Diablo"
ai/071.bin;0x1050C;3C E0 6F 55;Dragonic Overlord (Break Ride)
ai/071.bin;0x1050C;DE C1 45 56;解放者
ai/071.bin;0x1050C;F7 6D 78 57;Stamp Sea Otter
ai/071.bin;0x1050C;B0 93 08 5A;Laurel Knight, Sicilus
ai/071.bin;0x1050C;C5 AF 0D 60;Crimson Roar, Metatron
ai/071.bin;0x1050C;75 87 53 62;Knight of Reform, Ladinas
ai/071.bin;0x1050C;47 87 68 63;AI(%d) : 思考時間 %.3f秒 (行動カテゴリ:%d)
ai/071.bin;0x1050C;55 C8 81 63;  完全ガード : %d/%d枚
ai/071.bin;0x1050C;42 D7 DA 63;  ガーディアン候補
ai/071.bin;0x1050C;33 8E E7 69;Duo True Sister, Meer
ai/071.bin;0x1050C;E8 83 60 6B;Daredevil Samurai
ai/071.bin;0x1050C;4B D4 AE 6B;  合計シールド : 
ai/071.bin;0x1050C;DC 4C 2C 6E;Flower Princess of Spring's Beginning, Primavera
ai/071.bin;0x1050C;11 E8 1D 70;Oracle Queen, Himiko
ai/071.bin;0x1050C;E4 FB 3C 72;Blue Storm Cadet, Anos
ai/071.bin;0x1050C;29 EF C2 73;  対象(%d) : %s
ai/071.bin;0x1050C;5A 1C 38 7C;Jewel Knight, Prizmy
ai/071.bin;0x1050C;7C 3A 8B 81;Liberator, Burning Blow
ai/071.bin;0x1050C;E1 95 2F 85;Sacred Wielding Seeker, Octavius
ai/071.bin;0x1050C;DA 63 6D 85;Dimensional Robo, Daibrave
ai/071.bin;0x1050C;68 C9 7B 87;Burning Mane Lion
ai/071.bin;0x1050C;46 DE 4B 88;Dark Metal Dragon
ai/071.bin;0x1050C;6A D5 6E 8A;Katanaraizer
ai/071.bin;0x1050C;A0 D8 63 8D;Great Cosmic Hero, Grandgallop
ai/071.bin;0x1050C;1F 10 24 8F;上
ai/071.bin;0x1050C;6C E6 93 8F;Pitch Black Sage, Charon
ai/071.bin;0x1050C;BB E2 E9 90;Immortal, Asura Kaiser
ai/071.bin;0x1050C;E1 26 37 94;Demonic Dragon Berserker, Chatura
ai/071.bin;0x1050C;6A 0F 95 94;  アタッカーのパワー : %d(%d)
ai/071.bin;0x1050C;7F BB 35 95;Supreme Heavenly Emperor Dragon, Dragonic Overlord "the Ace"
ai/071.bin;0x1050C;5D 10 30 98;Shrouded Divine Knight, Gablade
ai/071.bin;0x1050C;0C DD 47 9B;Battle Sister, Parfait
ai/071.bin;0x1050C;1A 2D D2 9C;Myth Guard, Fomalhaut
ai/071.bin;0x1050C;69 08 3B A2;Blue Wave Dragon, Tetra-drive Dragon
ai/071.bin;0x1050C;F1 51 AA A2;Steam Fighter, Balih
ai/071.bin;0x1050C;A4 F3 D7 A7;  アタッカーのクリティカル : %d
ai/071.bin;0x1050C;BD FD F6 A7;Extreme Battler, Runbhol
ai/071.bin;0x1050C;9F 77 42 AC;Flare Whip Dragon
ai/071.bin;0x1050C;D6 07 EE B2;Alabaster Owl
ai/071.bin;0x1050C;B0 9F 37 B3;Wingal Brave
ai/071.bin;0x1050C;39 6A 36 B5;Hyper Metalborg, Heavyduke
ai/071.bin;0x1050C;F7 48 21 B9;Dragon Knight, Jaral
ai/071.bin;0x1050C;88 EF 6D BC;Enigman Tornado
ai/071.bin;0x1050C;ED F8 CC BD;Final Wrench
ai/071.bin;0x1050C;11 9F 48 BE;Shura Stealth Dragon, Daranicongo
ai/071.bin;0x1050C;CF AA 4F C1;Perdition Dragon, Dragonic Neoflame
ai/071.bin;0x1050C;7C 17 CE C1;Ranunculus Flower Maiden, Ahsha
ai/071.bin;0x1050C;15 6E A2 C8;Wisteria Knight
ai/071.bin;0x1050C;AB 51 A7 CB;AI(%d) : レシピ (フラグ:%08x)
ai/071.bin;0x1050C;B0 72 E5 CB;Blaster Blade (No Ability)
ai/071.bin;0x1050C;28 B2 BB CC;Knight of Friendship, Kay
ai/071.bin;0x1050C;DD 62 D5 D0;Holy Dragon, Religious Soul Saver
ai/071.bin;0x1050C;DE 40 E0 D2;Swordsman of the Explosive Flames, Palamedes
ai/071.bin;0x1050C;D7 DA C1 D6;AI(%d) : 思考開始 (行動カテゴリ:%d)
ai/071.bin;0x1050C;7C 46 0A D9;Stealth Dragon, Dreadmaster
ai/071.bin;0x1050C;E2 CC 7C D9;Exculpate the Blaster
ai/071.bin;0x1050C;6B 1D DB DC;Machining Mosquito mkII
ai/071.bin;0x1050C;5B A5 58 DE;Blaster Dark (V Series Royal Paladin)
ai/071.bin;0x1050C;AD 32 FC DF;Swordsman of Light, Blaster Rapier Laura
ai/071.bin;0x1050C;69 E8 61 E1;オーバーロード
ai/071.bin;0x1050C;7D 1F 65 E6;Beast Deity, Night Jackal
ai/071.bin;0x1050C;57 CD 2E E8;    
ai/071.bin;0x1050C;CC 1A C6 E8;AI未設定 : attrib = %s
ai/071.bin;0x1050C;83 A0 BD E9;Grynngal Seeker
ai/071.bin;0x1050C;39 17 8B F0;Starry Skies Liberator, Guinevere
ai/071.bin;0x1050C;4B 16 BE F0;Knight of Frevor, Hector
ai/071.bin;0x1050C;BF 43 2B F1;  アタッカー : %s
ai/071.bin;0x1050C;27 25 50 F1;Bear Down Samurai
ai/071.bin;0x1050C;FC B0 EB F6;Purification Regalia, Pure Angel
ai/071.bin;0x1050C;89 20 23 F8;下
ai/071.bin;0x1050C;DD 4C B3 F8;ターン開始 AI(%d)
ai/071.bin;0x1050C;97 B0 A0 FB;Bringer of Good Luck, Epona
ai/072.bin;0x1039C;34 53 5F 00;Lake Maiden, Lien
ai/072.bin;0x1039C;DC A5 CF 01;  クインテットウォール : %d/%d枚
ai/072.bin;0x1039C;51 5B 2F 06;Hexagonal Magus
ai/072.bin;0x1039C;DD 9F CC 07;Blue Storm Dragon, Maelstrom
ai/072.bin;0x1039C;8D 9F AA 08;  シールドの要求値 : 
ai/072.bin;0x1039C;76 AE E0 09;Dragonic Overlord "The Яe-birth" (Trigger)
ai/072.bin;0x1039C;02 DC 8B 0D;Mond Blaukluger
ai/072.bin;0x1039C;B1 2D 5D 0E;  対象のパワー : %d(%d)%s
ai/072.bin;0x1039C;24 A1 3B 11;Rising Lionet
ai/072.bin;0x1039C;CA 98 65 11;Mythic Beast, Fenrir
ai/072.bin;0x1039C;2F 96 22 12;Dancing Wolf
ai/072.bin;0x1039C;2F CE 1C 13;Goddess of Flower Divination, Sakuya
ai/072.bin;0x1039C;9F 3C 4E 15; + %d
ai/072.bin;0x1039C;26 7B 30 1A;Cat Butler
ai/072.bin;0x1039C;8D 20 89 1A;AI未設定 : %s %d
ai/072.bin;0x1039C;C0 17 EB 1D;Majesty Lord Blaster (Trigger)
ai/072.bin;0x1039C;49 58 50 21;Dimensional Robo, Daijet
ai/072.bin;0x1039C;8E BC BB 21;  シールドの目標値 : 
ai/072.bin;0x1039C;00 8C ED 21;Miru Biru
ai/072.bin;0x1039C;50 41 74 23;Hope Child, Turiel
ai/072.bin;0x1039C;39 5F 97 27;Promising Knight, David
ai/072.bin;0x1039C;BE 51 F9 27;Ravenous Dragon, Battlerex
ai/072.bin;0x1039C;F7 2E E0 29;～%d
ai/072.bin;0x1039C;A6 8F 2A 2A;Brawler, Fighting Dracokid
ai/072.bin;0x1039C;FA CE 49 2C;Great Sage of Contradiction, Jirron
ai/072.bin;0x1039C;44 62 0C 2D;Soundless Archer, Conductance
ai/072.bin;0x1039C;14 30 63 2D;!!!! AI ERROR !!!!\n  
ai/072.bin;0x1039C;EE 81 9E 32;Titan of the Capturing Arm
ai/072.bin;0x1039C;C5 4D EE 32;Blaster Dark "Diablo"
ai/072.bin;0x1039C;F1 28 16 33;枚しか選んでいない
ai/072.bin;0x1039C;BC 1F 35 33;  ブースター : %s
ai/072.bin;0x1039C;34 D9 B6 34;Defending Seeker, Shiron
ai/072.bin;0x1039C;B8 BC F2 37;Ambush Demon Stealth Rogue, Kagamijishi
ai/072.bin;0x1039C;6E 42 D6 38;AI(%d) : アタック情報
ai/072.bin;0x1039C;94 C9 59 39;Light Source Seeker, Alfred Exiv
ai/072.bin;0x1039C;B3 AD 45 3A;ブラスター
ai/072.bin;0x1039C;03 D4 54 45; ヒットされない
ai/072.bin;0x1039C;2D 3A A7 45;AI(%d) : ガードステップ情報
ai/072.bin;0x1039C;2F 09 28 49;Seeker, Bouquet Paros
ai/072.bin;0x1039C;6C 8C 8A 49;Blaster Blade Seeker
ai/072.bin;0x1039C;2C A5 7B 4D;枚選択する必要があるが、
ai/072.bin;0x1039C;9F A5 E0 4F;CEO Amaterasu
ai/072.bin;0x1039C;3A D0 5B 51;Exxtreme Battler, Victor
ai/072.bin;0x1039C;A6 11 33 52;Dark Dragon, Phantom Blaster "Diablo"
ai/072.bin;0x1039C;3C E0 6F 55;Dragonic Overlord (Break Ride)
ai/072.bin;0x1039C;DE C1 45 56;解放者
ai/072.bin;0x1039C;F7 6D 78 57;Stamp Sea Otter
ai/072.bin;0x1039C;C5 AF 0D 60;Crimson Roar, Metatron
ai/072.bin;0x1039C;75 87 53 62;Knight of Reform, Ladinas
ai/072.bin;0x1039C;47 87 68 63;AI(%d) : 思考時間 %.3f秒 (行動カテゴリ:%d)
ai/072.bin;0x1039C;55 C8 81 63;  完全ガード : %d/%d枚
ai/072.bin;0x1039C;42 D7 DA 63;  ガーディアン候補
ai/072.bin;0x1039C;57 30 E6 67;Rousing Seeker, Aremil
ai/072.bin;0x1039C;78 94 EC 68;Seeker, Proudroar Lion
ai/072.bin;0x1039C;33 8E E7 69;Duo True Sister, Meer
ai/072.bin;0x1039C;E8 83 60 6B;Daredevil Samurai
ai/072.bin;0x1039C;4B D4 AE 6B;  合計シールド : 
ai/072.bin;0x1039C;3A 71 C5 6D;Honest Seeker, Cynric
ai/072.bin;0x1039C;DC 4C 2C 6E;Flower Princess of Spring's Beginning, Primavera
ai/072.bin;0x1039C;11 E8 1D 70;Oracle Queen, Himiko
ai/072.bin;0x1039C;E4 FB 3C 72;Blue Storm Cadet, Anos
ai/072.bin;0x1039C;29 EF C2 73;  対象(%d) : %s
ai/072.bin;0x1039C;0B 8B F6 76;Seeker, Hallowed Breath Dragon
ai/072.bin;0x1039C;5A 1C 38 7C;Jewel Knight, Prizmy
ai/072.bin;0x1039C;66 F5 8C 7E;Impact Seeker, Modoron
ai/072.bin;0x1039C;7C 3A 8B 81;Liberator, Burning Blow
ai/072.bin;0x1039C;E1 95 2F 85;Sacred Wielding Seeker, Octavius
ai/072.bin;0x1039C;DA 63 6D 85;Dimensional Robo, Daibrave
ai/072.bin;0x1039C;46 DE 4B 88;Dark Metal Dragon
ai/072.bin;0x1039C;6A D5 6E 8A;Katanaraizer
ai/072.bin;0x1039C;A0 D8 63 8D;Great Cosmic Hero, Grandgallop
ai/072.bin;0x1039C;1F 10 24 8F;上
ai/072.bin;0x1039C;6C E6 93 8F;Pitch Black Sage, Charon
ai/072.bin;0x1039C;BB E2 E9 90;Immortal, Asura Kaiser
ai/072.bin;0x1039C;E1 26 37 94;Demonic Dragon Berserker, Chatura
ai/072.bin;0x1039C;6A 0F 95 94;  アタッカーのパワー : %d(%d)
ai/072.bin;0x1039C;7F BB 35 95;Supreme Heavenly Emperor Dragon, Dragonic Overlord "the Ace"
ai/072.bin;0x1039C;0C DD 47 9B;Battle Sister, Parfait
ai/072.bin;0x1039C;1A 2D D2 9C;Myth Guard, Fomalhaut
ai/072.bin;0x1039C;69 08 3B A2;Blue Wave Dragon, Tetra-drive Dragon
ai/072.bin;0x1039C;F1 51 AA A2;Steam Fighter, Balih
ai/072.bin;0x1039C;A4 F3 D7 A7;  アタッカーのクリティカル : %d
ai/072.bin;0x1039C;BD FD F6 A7;Extreme Battler, Runbhol
ai/072.bin;0x1039C;B5 06 DA AA;Seeker, Thing Saver Dragon
ai/072.bin;0x1039C;9F 77 42 AC;Flare Whip Dragon
ai/072.bin;0x1039C;B0 9F 37 B3;Wingal Brave
ai/072.bin;0x1039C;39 6A 36 B5;Hyper Metalborg, Heavyduke
ai/072.bin;0x1039C;F7 48 21 B9;Dragon Knight, Jaral
ai/072.bin;0x1039C;88 EF 6D BC;Enigman Tornado
ai/072.bin;0x1039C;ED F8 CC BD;Final Wrench
ai/072.bin;0x1039C;11 9F 48 BE;Shura Stealth Dragon, Daranicongo
ai/072.bin;0x1039C;CF AA 4F C1;Perdition Dragon, Dragonic Neoflame
ai/072.bin;0x1039C;A9 82 82 C1;Bravogal Seeker
ai/072.bin;0x1039C;7C 17 CE C1;Ranunculus Flower Maiden, Ahsha
ai/072.bin;0x1039C;15 6E A2 C8;Wisteria Knight
ai/072.bin;0x1039C;AB 51 A7 CB;AI(%d) : レシピ (フラグ:%08x)
ai/072.bin;0x1039C;03 7C 9B CE;探索者
ai/072.bin;0x1039C;DD 62 D5 D0;Holy Dragon, Religious Soul Saver
ai/072.bin;0x1039C;D7 DA C1 D6;AI(%d) : 思考開始 (行動カテゴリ:%d)
ai/072.bin;0x1039C;7C 46 0A D9;Stealth Dragon, Dreadmaster
ai/072.bin;0x1039C;E2 CC 7C D9;Exculpate the Blaster
ai/072.bin;0x1039C;8F 8C AF DC;Seeker, Loving Healer
ai/072.bin;0x1039C;6B 1D DB DC;Machining Mosquito mkII
ai/072.bin;0x1039C;69 E8 61 E1;オーバーロード
ai/072.bin;0x1039C;1D E6 05 E5;Agreement Seeker, Menprius
ai/072.bin;0x1039C;7D 1F 65 E6;Beast Deity, Night Jackal
ai/072.bin;0x1039C;57 CD 2E E8;    
ai/072.bin;0x1039C;CC 1A C6 E8;AI未設定 : attrib = %s
ai/072.bin;0x1039C;83 A0 BD E9;Grynngal Seeker
ai/072.bin;0x1039C;39 17 8B F0;Starry Skies Liberator, Guinevere
ai/072.bin;0x1039C;4B 16 BE F0;Knight of Frevor, Hector
ai/072.bin;0x1039C;BF 43 2B F1;  アタッカー : %s
ai/072.bin;0x1039C;27 25 50 F1;Bear Down Samurai
ai/072.bin;0x1039C;FC B0 EB F6;Purification Regalia, Pure Angel
ai/072.bin;0x1039C;89 20 23 F8;下
ai/072.bin;0x1039C;DD 4C B3 F8;ターン開始 AI(%d)
ai/073.bin;0xF435;3F BF 4A 01;Eradicator, Yellow Gem Carbuncle
ai/073.bin;0xF435;DC A5 CF 01;  クインテットウォール : %d/%d枚
ai/073.bin;0xF435;FF BD 31 02;Eradicator, Thunder Boom Dragon
ai/073.bin;0xF435;51 5B 2F 06;Hexagonal Magus
ai/073.bin;0xF435;DD 9F CC 07;Blue Storm Dragon, Maelstrom
ai/073.bin;0xF435;8D 9F AA 08;  シールドの要求値 : 
ai/073.bin;0xF435;76 AE E0 09;Dragonic Overlord "The Яe-birth" (Trigger)
ai/073.bin;0xF435;02 DC 8B 0D;Mond Blaukluger
ai/073.bin;0xF435;B1 2D 5D 0E;  対象のパワー : %d(%d)%s
ai/073.bin;0xF435;24 A1 3B 11;Rising Lionet
ai/073.bin;0xF435;CA 98 65 11;Mythic Beast, Fenrir
ai/073.bin;0xF435;2F 96 22 12;Dancing Wolf
ai/073.bin;0xF435;2F CE 1C 13;Goddess of Flower Divination, Sakuya
ai/073.bin;0xF435;9F 3C 4E 15; + %d
ai/073.bin;0xF435;26 7B 30 1A;Cat Butler
ai/073.bin;0xF435;8D 20 89 1A;AI未設定 : %s %d
ai/073.bin;0xF435;BA E1 77 1C;Lightning Dragon Knight, Zorras
ai/073.bin;0xF435;49 58 50 21;Dimensional Robo, Daijet
ai/073.bin;0xF435;8E BC BB 21;  シールドの目標値 : 
ai/073.bin;0xF435;50 41 74 23;Hope Child, Turiel
ai/073.bin;0xF435;39 5F 97 27;Promising Knight, David
ai/073.bin;0xF435;BE 51 F9 27;Ravenous Dragon, Battlerex
ai/073.bin;0xF435;F7 2E E0 29;～%d
ai/073.bin;0xF435;A6 8F 2A 2A;Brawler, Fighting Dracokid
ai/073.bin;0xF435;44 62 0C 2D;Soundless Archer, Conductance
ai/073.bin;0xF435;14 30 63 2D;!!!! AI ERROR !!!!\n  
ai/073.bin;0xF435;EE 81 9E 32;Titan of the Capturing Arm
ai/073.bin;0xF435;C5 4D EE 32;Blaster Dark "Diablo"
ai/073.bin;0xF435;F1 28 16 33;枚しか選んでいない
ai/073.bin;0xF435;BC 1F 35 33;  ブースター : %s
ai/073.bin;0xF435;B8 BC F2 37;Ambush Demon Stealth Rogue, Kagamijishi
ai/073.bin;0xF435;6E 42 D6 38;AI(%d) : アタック情報
ai/073.bin;0xF435;B3 AD 45 3A;ブラスター
ai/073.bin;0xF435;03 D4 54 45; ヒットされない
ai/073.bin;0xF435;2D 3A A7 45;AI(%d) : ガードステップ情報
ai/073.bin;0xF435;2C A5 7B 4D;枚選択する必要があるが、
ai/073.bin;0xF435;9F A5 E0 4F;CEO Amaterasu
ai/073.bin;0xF435;52 75 1B 51;抹消者
ai/073.bin;0xF435;3A D0 5B 51;Exxtreme Battler, Victor
ai/073.bin;0xF435;A6 11 33 52;Dark Dragon, Phantom Blaster "Diablo"
ai/073.bin;0xF435;FF 9F A4 54;Rising Phoenix
ai/073.bin;0xF435;3C E0 6F 55;Dragonic Overlord (Break Ride)
ai/073.bin;0xF435;DE C1 45 56;解放者
ai/073.bin;0xF435;F7 6D 78 57;Stamp Sea Otter
ai/073.bin;0xF435;95 CB 30 5B;Conquering Supreme Dragon, Conquest Dragon
ai/073.bin;0xF435;C5 AF 0D 60;Crimson Roar, Metatron
ai/073.bin;0xF435;F9 D9 1A 61;Eradicator, Tempest Bolt Dragon
ai/073.bin;0xF435;47 87 68 63;AI(%d) : 思考時間 %.3f秒 (行動カテゴリ:%d)
ai/073.bin;0xF435;55 C8 81 63;  完全ガード : %d/%d枚
ai/073.bin;0xF435;42 D7 DA 63;  ガーディアン候補
ai/073.bin;0xF435;33 8E E7 69;Duo True Sister, Meer
ai/073.bin;0xF435;E8 83 60 6B;Daredevil Samurai
ai/073.bin;0xF435;4B D4 AE 6B;  合計シールド : 
ai/073.bin;0xF435;DC 4C 2C 6E;Flower Princess of Spring's Beginning, Primavera
ai/073.bin;0xF435;11 E8 1D 70;Oracle Queen, Himiko
ai/073.bin;0xF435;E4 FB 3C 72;Blue Storm Cadet, Anos
ai/073.bin;0xF435;29 EF C2 73;  対象(%d) : %s
ai/073.bin;0xF435;04 E4 63 74;Supreme Army Eradicator, Zuitan
ai/073.bin;0xF435;5A 0E 41 7D;Dragon Dancer, Anastasia
ai/073.bin;0xF435;7C 3A 8B 81;Liberator, Burning Blow
ai/073.bin;0xF435;0C 00 6A 84;Ambush Dragon Eradicator, Linchu
ai/073.bin;0xF435;DA 63 6D 85;Dimensional Robo, Daibrave
ai/073.bin;0xF435;46 DE 4B 88;Dark Metal Dragon
ai/073.bin;0xF435;6A D5 6E 8A;Katanaraizer
ai/073.bin;0xF435;A0 D8 63 8D;Great Cosmic Hero, Grandgallop
ai/073.bin;0xF435;1F 10 24 8F;上
ai/073.bin;0xF435;6C E6 93 8F;Pitch Black Sage, Charon
ai/073.bin;0xF435;BB E2 E9 90;Immortal, Asura Kaiser
ai/073.bin;0xF435;E1 26 37 94;Demonic Dragon Berserker, Chatura
ai/073.bin;0xF435;6A 0F 95 94;  アタッカーのパワー : %d(%d)
ai/073.bin;0xF435;7F BB 35 95;Supreme Heavenly Emperor Dragon, Dragonic Overlord "the Ace"
ai/073.bin;0xF435;4C 16 7A 96;Eradicator, Ignition Dragon
ai/073.bin;0xF435;0C DD 47 9B;Battle Sister, Parfait
ai/073.bin;0xF435;1A 2D D2 9C;Myth Guard, Fomalhaut
ai/073.bin;0xF435;69 08 3B A2;Blue Wave Dragon, Tetra-drive Dragon
ai/073.bin;0xF435;3F 5B 57 A2;Sacred Spear Eradicator, Pollux
ai/073.bin;0xF435;F1 51 AA A2;Steam Fighter, Balih
ai/073.bin;0xF435;A4 F3 D7 A7;  アタッカーのクリティカル : %d
ai/073.bin;0xF435;BD FD F6 A7;Extreme Battler, Runbhol
ai/073.bin;0xF435;9F 77 42 AC;Flare Whip Dragon
ai/073.bin;0xF435;39 6A 36 B5;Hyper Metalborg, Heavyduke
ai/073.bin;0xF435;F7 48 21 B9;Dragon Knight, Jaral
ai/073.bin;0xF435;88 EF 6D BC;Enigman Tornado
ai/073.bin;0xF435;ED F8 CC BD;Final Wrench
ai/073.bin;0xF435;11 9F 48 BE;Shura Stealth Dragon, Daranicongo
ai/073.bin;0xF435;CF AA 4F C1;Perdition Dragon, Dragonic Neoflame
ai/073.bin;0xF435;7C 17 CE C1;Ranunculus Flower Maiden, Ahsha
ai/073.bin;0xF435;15 6E A2 C8;Wisteria Knight
ai/073.bin;0xF435;35 33 3D CB;蠱毒の抹消者 セイオウボ
ai/073.bin;0xF435;AB 51 A7 CB;AI(%d) : レシピ (フラグ:%08x)
ai/073.bin;0xF435;AE 72 79 D3;Eradicator, Blue Gem Carbuncle
ai/073.bin;0xF435;D7 DA C1 D6;AI(%d) : 思考開始 (行動カテゴリ:%d)
ai/073.bin;0xF435;7C 46 0A D9;Stealth Dragon, Dreadmaster
ai/073.bin;0xF435;6B 1D DB DC;Machining Mosquito mkII
ai/073.bin;0xF435;E3 98 ED DE;Eradicator, Egghelm Dracokid
ai/073.bin;0xF435;F4 42 77 DF;Eradicator, Spark Rain Dragon
ai/073.bin;0xF435;69 E8 61 E1;オーバーロード
ai/073.bin;0xF435;7D 1F 65 E6;Beast Deity, Night Jackal
ai/073.bin;0xF435;57 CD 2E E8;    
ai/073.bin;0xF435;1F EC B5 E8;Ceremonial Bonfire Eradicator, Castor
ai/073.bin;0xF435;CC 1A C6 E8;AI未設定 : attrib = %s
ai/073.bin;0xF435;39 17 8B F0;Starry Skies Liberator, Guinevere
ai/073.bin;0xF435;4B 16 BE F0;Knight of Frevor, Hector
ai/073.bin;0xF435;BF 43 2B F1;  アタッカー : %s
ai/073.bin;0xF435;27 25 50 F1;Bear Down Samurai
ai/073.bin;0xF435;FC B0 EB F6;Purification Regalia, Pure Angel
ai/073.bin;0xF435;89 20 23 F8;下
ai/073.bin;0xF435;DD 4C B3 F8;ターン開始 AI(%d)
ai/074.bin;0x107CE;DC A5 CF 01;  クインテットウォール : %d/%d枚
ai/074.bin;0x107CE;51 5B 2F 06;Hexagonal Magus
ai/074.bin;0x107CE;DD 9F CC 07;Blue Storm Dragon, Maelstrom
ai/074.bin;0x107CE;8D 9F AA 08;  シールドの要求値 : 
ai/074.bin;0x107CE;76 AE E0 09;Dragonic Overlord "The Яe-birth" (Trigger)
ai/074.bin;0x107CE;02 DC 8B 0D;Mond Blaukluger
ai/074.bin;0x107CE;70 D6 8E 0D;Brawler, Green Gem Carbuncle
ai/074.bin;0x107CE;B1 2D 5D 0E;  対象のパワー : %d(%d)%s
ai/074.bin;0x107CE;24 A1 3B 11;Rising Lionet
ai/074.bin;0x107CE;CA 98 65 11;Mythic Beast, Fenrir
ai/074.bin;0x107CE;2F 96 22 12;Dancing Wolf
ai/074.bin;0x107CE;2F CE 1C 13;Goddess of Flower Divination, Sakuya
ai/074.bin;0x107CE;9F 3C 4E 15; + %d
ai/074.bin;0x107CE;26 7B 30 1A;Cat Butler
ai/074.bin;0x107CE;8D 20 89 1A;AI未設定 : %s %d
ai/074.bin;0x107CE;97 F0 4A 1C;Brawler, Big Bang Slash Dragon
ai/074.bin;0x107CE;BA E1 77 1C;Lightning Dragon Knight, Zorras
ai/074.bin;0x107CE;49 58 50 21;Dimensional Robo, Daijet
ai/074.bin;0x107CE;8E BC BB 21;  シールドの目標値 : 
ai/074.bin;0x107CE;50 41 74 23;Hope Child, Turiel
ai/074.bin;0x107CE;39 5F 97 27;Promising Knight, David
ai/074.bin;0x107CE;BE 51 F9 27;Ravenous Dragon, Battlerex
ai/074.bin;0x107CE;F7 2E E0 29;～%d
ai/074.bin;0x107CE;A6 8F 2A 2A;Brawler, Fighting Dracokid
ai/074.bin;0x107CE;75 5C 3B 2B;Brawler, Big Bang Slash Buster
ai/074.bin;0x107CE;44 62 0C 2D;Soundless Archer, Conductance
ai/074.bin;0x107CE;14 30 63 2D;!!!! AI ERROR !!!!\n  
ai/074.bin;0x107CE;EE 81 9E 32;Titan of the Capturing Arm
ai/074.bin;0x107CE;C5 4D EE 32;Blaster Dark "Diablo"
ai/074.bin;0x107CE;F1 28 16 33;枚しか選んでいない
ai/074.bin;0x107CE;BC 1F 35 33;  ブースター : %s
ai/074.bin;0x107CE;B8 BC F2 37;Ambush Demon Stealth Rogue, Kagamijishi
ai/074.bin;0x107CE;6E 42 D6 38;AI(%d) : アタック情報
ai/074.bin;0x107CE;B3 AD 45 3A;ブラスター
ai/074.bin;0x107CE;03 D4 54 45; ヒットされない
ai/074.bin;0x107CE;2D 3A A7 45;AI(%d) : ガードステップ情報
ai/074.bin;0x107CE;2C A5 7B 4D;枚選択する必要があるが、
ai/074.bin;0x107CE;A1 2E 7F 4F;Hardship Brawler, Toshu
ai/074.bin;0x107CE;9F A5 E0 4F;CEO Amaterasu
ai/074.bin;0x107CE;3A D0 5B 51;Exxtreme Battler, Victor
ai/074.bin;0x107CE;A6 11 33 52;Dark Dragon, Phantom Blaster "Diablo"
ai/074.bin;0x107CE;3C E0 6F 55;Dragonic Overlord (Break Ride)
ai/074.bin;0x107CE;DE C1 45 56;解放者
ai/074.bin;0x107CE;F7 6D 78 57;Stamp Sea Otter
ai/074.bin;0x107CE;C5 AF 0D 60;Crimson Roar, Metatron
ai/074.bin;0x107CE;47 87 68 63;AI(%d) : 思考時間 %.3f秒 (行動カテゴリ:%d)
ai/074.bin;0x107CE;55 C8 81 63;  完全ガード : %d/%d枚
ai/074.bin;0x107CE;42 D7 DA 63;  ガーディアン候補
ai/074.bin;0x107CE;73 48 68 69;Brawler, Plasmakick Dragon
ai/074.bin;0x107CE;33 8E E7 69;Duo True Sister, Meer
ai/074.bin;0x107CE;E8 83 60 6B;Daredevil Samurai
ai/074.bin;0x107CE;4B D4 AE 6B;  合計シールド : 
ai/074.bin;0x107CE;DC 4C 2C 6E;Flower Princess of Spring's Beginning, Primavera
ai/074.bin;0x107CE;11 E8 1D 70;Oracle Queen, Himiko
ai/074.bin;0x107CE;E4 FB 3C 72;Blue Storm Cadet, Anos
ai/074.bin;0x107CE;29 EF C2 73;  対象(%d) : %s
ai/074.bin;0x107CE;7C 3A 8B 81;Liberator, Burning Blow
ai/074.bin;0x107CE;EB 18 57 84;Spirited Brawler, Kohkin
ai/074.bin;0x107CE;DA 63 6D 85;Dimensional Robo, Daibrave
ai/074.bin;0x107CE;46 DE 4B 88;Dark Metal Dragon
ai/074.bin;0x107CE;6A D5 6E 8A;Katanaraizer
ai/074.bin;0x107CE;A0 D8 63 8D;Great Cosmic Hero, Grandgallop
ai/074.bin;0x107CE;1F 10 24 8F;上
ai/074.bin;0x107CE;6C E6 93 8F;Pitch Black Sage, Charon
ai/074.bin;0x107CE;BB E2 E9 90;Immortal, Asura Kaiser
ai/074.bin;0x107CE;E1 26 37 94;Demonic Dragon Berserker, Chatura
ai/074.bin;0x107CE;6A 0F 95 94;  アタッカーのパワー : %d(%d)
ai/074.bin;0x107CE;7F BB 35 95;Supreme Heavenly Emperor Dragon, Dragonic Overlord "the Ace"
ai/074.bin;0x107CE;0C DD 47 9B;Battle Sister, Parfait
ai/074.bin;0x107CE;1A 2D D2 9C;Myth Guard, Fomalhaut
ai/074.bin;0x107CE;69 08 3B A2;Blue Wave Dragon, Tetra-drive Dragon
ai/074.bin;0x107CE;F1 51 AA A2;Steam Fighter, Balih
ai/074.bin;0x107CE;A4 F3 D7 A7;  アタッカーのクリティカル : %d
ai/074.bin;0x107CE;BD FD F6 A7;Extreme Battler, Runbhol
ai/074.bin;0x107CE;9F 77 42 AC;Flare Whip Dragon
ai/074.bin;0x107CE;03 4A C1 AF;ビッグバンナックル
ai/074.bin;0x107CE;39 6A 36 B5;Hyper Metalborg, Heavyduke
ai/074.bin;0x107CE;1B CA 42 B7;Threatening Brawler, Kohmei
ai/074.bin;0x107CE;F7 48 21 B9;Dragon Knight, Jaral
ai/074.bin;0x107CE;88 EF 6D BC;Enigman Tornado
ai/074.bin;0x107CE;ED F8 CC BD;Final Wrench
ai/074.bin;0x107CE;11 9F 48 BE;Shura Stealth Dragon, Daranicongo
ai/074.bin;0x107CE;2A C7 67 BE;Brawler, Tokohson
ai/074.bin;0x107CE;CF AA 4F C1;Perdition Dragon, Dragonic Neoflame
ai/074.bin;0x107CE;7C 17 CE C1;Ranunculus Flower Maiden, Ahsha
ai/074.bin;0x107CE;DD 07 56 C2;Heaven Rising Brawler, Yohzen
ai/074.bin;0x107CE;B2 44 82 C2;Brawler, Big Bang Knuckle Dragon
ai/074.bin;0x107CE;D2 06 15 C4;Tonfa Brawler, Arc
ai/074.bin;0x107CE;B5 12 B7 C7;Sturdy Feet Brawler, Tohkon
ai/074.bin;0x107CE;15 6E A2 C8;Wisteria Knight
ai/074.bin;0x107CE;AB 51 A7 CB;AI(%d) : レシピ (フラグ:%08x)
ai/074.bin;0x107CE;D7 DA C1 D6;AI(%d) : 思考開始 (行動カテゴリ:%d)
ai/074.bin;0x107CE;7C 46 0A D9;Stealth Dragon, Dreadmaster
ai/074.bin;0x107CE;6B 1D DB DC;Machining Mosquito mkII
ai/074.bin;0x107CE;69 E8 61 E1;オーバーロード
ai/074.bin;0x107CE;7D 1F 65 E6;Beast Deity, Night Jackal
ai/074.bin;0x107CE;57 CD 2E E8;    
ai/074.bin;0x107CE;CC 1A C6 E8;AI未設定 : attrib = %s
ai/074.bin;0x107CE;39 17 8B F0;Starry Skies Liberator, Guinevere
ai/074.bin;0x107CE;4B 16 BE F0;Knight of Frevor, Hector
ai/074.bin;0x107CE;BF 43 2B F1;  アタッカー : %s
ai/074.bin;0x107CE;27 25 50 F1;Bear Down Samurai
ai/074.bin;0x107CE;50 E8 F3 F5;Brawler, Big Bang Knuckle Buster
ai/074.bin;0x107CE;FC B0 EB F6;Purification Regalia, Pure Angel
ai/074.bin;0x107CE;82 0E AB F7;真・喧嘩屋 ビックバンナックル・ターボ
ai/074.bin;0x107CE;89 20 23 F8;下
ai/074.bin;0x107CE;DD 4C B3 F8;ターン開始 AI(%d)
ai/075.bin;0xFC74;DC A5 CF 01;  クインテットウォール : %d/%d枚
ai/075.bin;0xFC74;51 5B 2F 06;Hexagonal Magus
ai/075.bin;0xFC74;DD 9F CC 07;Blue Storm Dragon, Maelstrom
ai/075.bin;0xFC74;8D 9F AA 08;  シールドの要求値 : 
ai/075.bin;0xFC74;99 38 0E 09;Emerald Witch, LaLa
ai/075.bin;0xFC74;76 AE E0 09;Dragonic Overlord "The Яe-birth" (Trigger)
ai/075.bin;0xFC74;02 DC 8B 0D;Mond Blaukluger
ai/075.bin;0xFC74;B1 2D 5D 0E;  対象のパワー : %d(%d)%s
ai/075.bin;0xFC74;24 A1 3B 11;Rising Lionet
ai/075.bin;0xFC74;CA 98 65 11;Mythic Beast, Fenrir
ai/075.bin;0xFC74;FD 5B 19 12;Cylindre Magus
ai/075.bin;0xFC74;2F 96 22 12;Dancing Wolf
ai/075.bin;0xFC74;2F CE 1C 13;Goddess of Flower Divination, Sakuya
ai/075.bin;0xFC74;9F 3C 4E 15; + %d
ai/075.bin;0xFC74;26 7B 30 1A;Cat Butler
ai/075.bin;0xFC74;8D 20 89 1A;AI未設定 : %s %d
ai/075.bin;0xFC74;50 B8 25 1B;Diviner, Kuroikazuchi
ai/075.bin;0xFC74;49 58 50 21;Dimensional Robo, Daijet
ai/075.bin;0xFC74;8E BC BB 21;  シールドの目標値 : 
ai/075.bin;0xFC74;50 41 74 23;Hope Child, Turiel
ai/075.bin;0xFC74;7E 40 F4 24;Goddess of the Full Moon, Tsukuyomi
ai/075.bin;0xFC74;39 5F 97 27;Promising Knight, David
ai/075.bin;0xFC74;BE 51 F9 27;Ravenous Dragon, Battlerex
ai/075.bin;0xFC74;81 D8 D7 29;Sword Deity of the Thunder Break, Takemikazuchi
ai/075.bin;0xFC74;F7 2E E0 29;～%d
ai/075.bin;0xFC74;A6 8F 2A 2A;Brawler, Fighting Dracokid
ai/075.bin;0xFC74;43 37 79 2C;ツクヨミ
ai/075.bin;0xFC74;44 62 0C 2D;Soundless Archer, Conductance
ai/075.bin;0xFC74;14 30 63 2D;!!!! AI ERROR !!!!\n  
ai/075.bin;0xFC74;9D D8 DB 30;Oracle Guardian, Shisa
ai/075.bin;0xFC74;EE 81 9E 32;Titan of the Capturing Arm
ai/075.bin;0xFC74;C5 4D EE 32;Blaster Dark "Diablo"
ai/075.bin;0xFC74;F1 28 16 33;枚しか選んでいない
ai/075.bin;0xFC74;BC 1F 35 33;  ブースター : %s
ai/075.bin;0xFC74;B8 BC F2 37;Ambush Demon Stealth Rogue, Kagamijishi
ai/075.bin;0xFC74;6E 42 D6 38;AI(%d) : アタック情報
ai/075.bin;0xFC74;B3 AD 45 3A;ブラスター
ai/075.bin;0xFC74;03 D4 54 45; ヒットされない
ai/075.bin;0xFC74;2D 3A A7 45;AI(%d) : ガードステップ情報
ai/075.bin;0xFC74;EE E0 79 4D;Diviner, Sukunahikona
ai/075.bin;0xFC74;2C A5 7B 4D;枚選択する必要があるが、
ai/075.bin;0xFC74;9F A5 E0 4F;CEO Amaterasu
ai/075.bin;0xFC74;3A D0 5B 51;Exxtreme Battler, Victor
ai/075.bin;0xFC74;A6 11 33 52;Dark Dragon, Phantom Blaster "Diablo"
ai/075.bin;0xFC74;28 FF 89 54;Soaring Auspicious Beast, Kirin
ai/075.bin;0xFC74;3C E0 6F 55;Dragonic Overlord (Break Ride)
ai/075.bin;0xFC74;F3 9A 01 56;Goddess of the Half Moon, Tsukuyomi
ai/075.bin;0xFC74;DE C1 45 56;解放者
ai/075.bin;0xFC74;F7 6D 78 57;Stamp Sea Otter
ai/075.bin;0xFC74;C5 AF 0D 60;Crimson Roar, Metatron
ai/075.bin;0xFC74;47 87 68 63;AI(%d) : 思考時間 %.3f秒 (行動カテゴリ:%d)
ai/075.bin;0xFC74;55 C8 81 63;  完全ガード : %d/%d枚
ai/075.bin;0xFC74;42 D7 DA 63;  ガーディアン候補
ai/075.bin;0xFC74;93 11 EA 68;Blue Scale Deer
ai/075.bin;0xFC74;33 8E E7 69;Duo True Sister, Meer
ai/075.bin;0xFC74;25 CA 34 6B;Goddess of the Crescent Moon, Tsukuyomi
ai/075.bin;0xFC74;E8 83 60 6B;Daredevil Samurai
ai/075.bin;0xFC74;4B D4 AE 6B;  合計シールド : 
ai/075.bin;0xFC74;DC 4C 2C 6E;Flower Princess of Spring's Beginning, Primavera
ai/075.bin;0xFC74;11 E8 1D 70;Oracle Queen, Himiko
ai/075.bin;0xFC74;E4 FB 3C 72;Blue Storm Cadet, Anos
ai/075.bin;0xFC74;29 EF C2 73;  対象(%d) : %s
ai/075.bin;0xFC74;7C 3A 8B 81;Liberator, Burning Blow
ai/075.bin;0xFC74;DA 63 6D 85;Dimensional Robo, Daibrave
ai/075.bin;0xFC74;46 DE 4B 88;Dark Metal Dragon
ai/075.bin;0xFC74;51 46 E3 89;Moon Deity Who Governs Night, Tsukuyomi
ai/075.bin;0xFC74;6A D5 6E 8A;Katanaraizer
ai/075.bin;0xFC74;D1 DD 00 8D;Dark Cat
ai/075.bin;0xFC74;A0 D8 63 8D;Great Cosmic Hero, Grandgallop
ai/075.bin;0xFC74;1F 10 24 8F;上
ai/075.bin;0xFC74;6C E6 93 8F;Pitch Black Sage, Charon
ai/075.bin;0xFC74;BB E2 E9 90;Immortal, Asura Kaiser
ai/075.bin;0xFC74;E1 26 37 94;Demonic Dragon Berserker, Chatura
ai/075.bin;0xFC74;6A 0F 95 94;  アタッカーのパワー : %d(%d)
ai/075.bin;0xFC74;7F BB 35 95;Supreme Heavenly Emperor Dragon, Dragonic Overlord "the Ace"
ai/075.bin;0xFC74;0C DD 47 9B;Battle Sister, Parfait
ai/075.bin;0xFC74;1A 2D D2 9C;Myth Guard, Fomalhaut
ai/075.bin;0xFC74;69 08 3B A2;Blue Wave Dragon, Tetra-drive Dragon
ai/075.bin;0xFC74;F1 51 AA A2;Steam Fighter, Balih
ai/075.bin;0xFC74;46 7F 37 A5;Godhawk, Ichibyoshi
ai/075.bin;0xFC74;A4 F3 D7 A7;  アタッカーのクリティカル : %d
ai/075.bin;0xFC74;BD FD F6 A7;Extreme Battler, Runbhol
ai/075.bin;0xFC74;F2 C6 98 A8;Imperial Shrine Guard, Asuha
ai/075.bin;0xFC74;37 A8 35 AC;Petal Fairy
ai/075.bin;0xFC74;9F 77 42 AC;Flare Whip Dragon
ai/075.bin;0xFC74;4F 69 EF B4;Assault Dive Eagle
ai/075.bin;0xFC74;39 6A 36 B5;Hyper Metalborg, Heavyduke
ai/075.bin;0xFC74;F7 48 21 B9;Dragon Knight, Jaral
ai/075.bin;0xFC74;C5 77 55 B9;Divine Sword, Ame-no-Murakumo
ai/075.bin;0xFC74;05 4C 7A BB;Windfall, Daikokuten
ai/075.bin;0xFC74;88 EF 6D BC;Enigman Tornado
ai/075.bin;0xFC74;7F 60 32 BD;Weather Girl, Ramune
ai/075.bin;0xFC74;ED F8 CC BD;Final Wrench
ai/075.bin;0xFC74;11 9F 48 BE;Shura Stealth Dragon, Daranicongo
ai/075.bin;0xFC74;CF AA 4F C1;Perdition Dragon, Dragonic Neoflame
ai/075.bin;0xFC74;7C 17 CE C1;Ranunculus Flower Maiden, Ahsha
ai/075.bin;0xFC74;C7 A8 83 C6;Psychic Bird
ai/075.bin;0xFC74;15 6E A2 C8;Wisteria Knight
ai/075.bin;0xFC74;AB 51 A7 CB;AI(%d) : レシピ (フラグ:%08x)
ai/075.bin;0xFC74;D8 71 CC CE;Luck Bird
ai/075.bin;0xFC74;D7 DA C1 D6;AI(%d) : 思考開始 (行動カテゴリ:%d)
ai/075.bin;0xFC74;7C 46 0A D9;Stealth Dragon, Dreadmaster
ai/075.bin;0xFC74;6B 1D DB DC;Machining Mosquito mkII
ai/075.bin;0xFC74;69 E8 61 E1;オーバーロード
ai/075.bin;0xFC74;7D 1F 65 E6;Beast Deity, Night Jackal
ai/075.bin;0xFC74;57 CD 2E E8;    
ai/075.bin;0xFC74;CC 1A C6 E8;AI未設定 : attrib = %s
ai/075.bin;0xFC74;39 17 8B F0;Starry Skies Liberator, Guinevere
ai/075.bin;0xFC74;4B 16 BE F0;Knight of Frevor, Hector
ai/075.bin;0xFC74;BF 43 2B F1;  アタッカー : %s
ai/075.bin;0xFC74;27 25 50 F1;Bear Down Samurai
ai/075.bin;0xFC74;1B 60 84 F5;Maiden of Libra
ai/075.bin;0xFC74;27 9A 87 F5;Arbitrator, Ame-no-Sagiri
ai/075.bin;0xFC74;FC B0 EB F6;Purification Regalia, Pure Angel
ai/075.bin;0xFC74;89 20 23 F8;下
ai/075.bin;0xFC74;DD 4C B3 F8;ターン開始 AI(%d)
ai/075.bin;0xFC74;11 31 6F FA;Weather Girl, Milk
ai/076.bin;0x10DE5;A5 CF 01 15; 꼀ꐰ옰쌰젰꘰ꤰﰰ‰㨀 ─搀⼀─搀騀ᗒं結びの女神 ユーノ
ai/076.bin;0x10DE5;51 5B 2F 06;Hexagonal Magus
ai/076.bin;0x10DE5;DD 9F CC 07;Blue Storm Dragon, Maelstrom
ai/076.bin;0x10DE5;7E 66 FF 07;Cold Blast Regalia, Svalinn
ai/076.bin;0x10DE5;8D 9F AA 08;  シールドの要求値 : 
ai/076.bin;0x10DE5;76 AE E0 09;Dragonic Overlord "The Яe-birth" (Trigger)
ai/076.bin;0x10DE5;02 DC 8B 0D;Mond Blaukluger
ai/076.bin;0x10DE5;B1 2D 5D 0E;  対象のパワー : %d(%d)%s
ai/076.bin;0x10DE5;17 DC F2 10;Regalia of Far-sight, Clear Angel
ai/076.bin;0x10DE5;24 A1 3B 11;Rising Lionet
ai/076.bin;0x10DE5;CA 98 65 11;Mythic Beast, Fenrir
ai/076.bin;0x10DE5;2F 96 22 12;Dancing Wolf
ai/076.bin;0x10DE5;2F CE 1C 13;Goddess of Flower Divination, Sakuya
ai/076.bin;0x10DE5;9F 3C 4E 15; + %d
ai/076.bin;0x10DE5;26 7B 30 1A;Cat Butler
ai/076.bin;0x10DE5;8D 20 89 1A;AI未設定 : %s %d
ai/076.bin;0x10DE5;01 58 B6 1B;Exorcism Regalia, Shiny Angel
ai/076.bin;0x10DE5;49 58 50 21;Dimensional Robo, Daijet
ai/076.bin;0x10DE5;8E BC BB 21;  シールドの目標値 : 
ai/076.bin;0x10DE5;50 41 74 23;Hope Child, Turiel
ai/076.bin;0x10DE5;39 5F 97 27;Promising Knight, David
ai/076.bin;0x10DE5;BE 51 F9 27;Ravenous Dragon, Battlerex
ai/076.bin;0x10DE5;7D 94 8A 28;Sacred Flame Ultimate Regalia, Demeter
ai/076.bin;0x10DE5;F7 2E E0 29;～%d
ai/076.bin;0x10DE5;A6 8F 2A 2A;Brawler, Fighting Dracokid
ai/076.bin;0x10DE5;D9 03 AB 2B;Great Angel, Doom Brace
ai/076.bin;0x10DE5;44 62 0C 2D;Soundless Archer, Conductance
ai/076.bin;0x10DE5;14 30 63 2D;!!!! AI ERROR !!!!\n  
ai/076.bin;0x10DE5;68 C9 B9 31;Dreaming Dragon
ai/076.bin;0x10DE5;EE 81 9E 32;Titan of the Capturing Arm
ai/076.bin;0x10DE5;C5 4D EE 32;Blaster Dark "Diablo"
ai/076.bin;0x10DE5;F1 28 16 33;枚しか選んでいない
ai/076.bin;0x10DE5;BC 1F 35 33;  ブースター : %s
ai/076.bin;0x10DE5;B8 BC F2 37;Ambush Demon Stealth Rogue, Kagamijishi
ai/076.bin;0x10DE5;6E 42 D6 38;AI(%d) : アタック情報
ai/076.bin;0x10DE5;B3 AD 45 3A;ブラスター
ai/076.bin;0x10DE5;9F D3 DA 41;Regalia of Compassion, Eir
ai/076.bin;0x10DE5;03 D4 54 45; ヒットされない
ai/076.bin;0x10DE5;2D 3A A7 45;AI(%d) : ガードステップ情報
ai/076.bin;0x10DE5;7F 28 0F 4A;Ordain Owl
ai/076.bin;0x10DE5;2C A5 7B 4D;枚選択する必要があるが、
ai/076.bin;0x10DE5;9F A5 E0 4F;CEO Amaterasu
ai/076.bin;0x10DE5;3A D0 5B 51;Exxtreme Battler, Victor
ai/076.bin;0x10DE5;A6 11 33 52;Dark Dragon, Phantom Blaster "Diablo"
ai/076.bin;0x10DE5;E0 A1 A1 53;Mirror Regalia, Achlis
ai/076.bin;0x10DE5;3C E0 6F 55;Dragonic Overlord (Break Ride)
ai/076.bin;0x10DE5;DE C1 45 56;解放者
ai/076.bin;0x10DE5;F7 6D 78 57;Stamp Sea Otter
ai/076.bin;0x10DE5;A4 3E 79 5B;Goddess of Trees, Jupiter
ai/076.bin;0x10DE5;C5 AF 0D 60;Crimson Roar, Metatron
ai/076.bin;0x10DE5;47 87 68 63;AI(%d) : 思考時間 %.3f秒 (行動カテゴリ:%d)
ai/076.bin;0x10DE5;55 C8 81 63;  完全ガード : %d/%d枚
ai/076.bin;0x10DE5;42 D7 DA 63;  ガーディアン候補
ai/076.bin;0x10DE5;41 A0 DC 68;Battle Maiden, Kukurihime
ai/076.bin;0x10DE5;33 8E E7 69;Duo True Sister, Meer
ai/076.bin;0x10DE5;E8 83 60 6B;Daredevil Samurai
ai/076.bin;0x10DE5;4B D4 AE 6B;  合計シールド : 
ai/076.bin;0x10DE5;DC 4C 2C 6E;Flower Princess of Spring's Beginning, Primavera
ai/076.bin;0x10DE5;11 E8 1D 70;Oracle Queen, Himiko
ai/076.bin;0x10DE5;E4 FB 3C 72;Blue Storm Cadet, Anos
ai/076.bin;0x10DE5;29 EF C2 73;  対象(%d) : %s
ai/076.bin;0x10DE5;D5 FB 83 77;神器
ai/076.bin;0x10DE5;7C 3A 8B 81;Liberator, Burning Blow
ai/076.bin;0x10DE5;DA 63 6D 85;Dimensional Robo, Daibrave
ai/076.bin;0x10DE5;46 DE 4B 88;Dark Metal Dragon
ai/076.bin;0x10DE5;6A D5 6E 8A;Katanaraizer
ai/076.bin;0x10DE5;A0 D8 63 8D;Great Cosmic Hero, Grandgallop
ai/076.bin;0x10DE5;1F 10 24 8F;上
ai/076.bin;0x10DE5;6C E6 93 8F;Pitch Black Sage, Charon
ai/076.bin;0x10DE5;BB E2 E9 90;Immortal, Asura Kaiser
ai/076.bin;0x10DE5;E1 26 37 94;Demonic Dragon Berserker, Chatura
ai/076.bin;0x10DE5;6A 0F 95 94;  アタッカーのパワー : %d(%d)
ai/076.bin;0x10DE5;7F BB 35 95;Supreme Heavenly Emperor Dragon, Dragonic Overlord "the Ace"
ai/076.bin;0x10DE5;0C DD 47 9B;Battle Sister, Parfait
ai/076.bin;0x10DE5;1A 2D D2 9C;Myth Guard, Fomalhaut
ai/076.bin;0x10DE5;69 08 3B A2;Blue Wave Dragon, Tetra-drive Dragon
ai/076.bin;0x10DE5;F1 51 AA A2;Steam Fighter, Balih
ai/076.bin;0x10DE5;A4 F3 D7 A7;  アタッカーのクリティカル : %d
ai/076.bin;0x10DE5;BD FD F6 A7;Extreme Battler, Runbhol
ai/076.bin;0x10DE5;9F 77 42 AC;Flare Whip Dragon
ai/076.bin;0x10DE5;35 37 8A AC;Midday Regalia, Hemera
ai/076.bin;0x10DE5;39 6A 36 B5;Hyper Metalborg, Heavyduke
ai/076.bin;0x10DE5;F7 48 21 B9;Dragon Knight, Jaral
ai/076.bin;0x10DE5;88 EF 6D BC;Enigman Tornado
ai/076.bin;0x10DE5;ED F8 CC BD;Final Wrench
ai/076.bin;0x10DE5;11 9F 48 BE;Shura Stealth Dragon, Daranicongo
ai/076.bin;0x10DE5;CF AA 4F C1;Perdition Dragon, Dragonic Neoflame
ai/076.bin;0x10DE5;7C 17 CE C1;Ranunculus Flower Maiden, Ahsha
ai/076.bin;0x10DE5;15 F8 C9 C2;Midnight Regalia, Nyx
ai/076.bin;0x10DE5;15 6E A2 C8;Wisteria Knight
ai/076.bin;0x10DE5;AB 51 A7 CB;AI(%d) : レシピ (フラグ:%08x)
ai/076.bin;0x10DE5;91 C1 19 CC;Regalia of Prayers, Pray Angel
ai/076.bin;0x10DE5;FE 5A 3B D5;宇宙の神器 ＣＥＯ ユグドラシル
ai/076.bin;0x10DE5;D7 DA C1 D6;AI(%d) : 思考開始 (行動カテゴリ:%d)
ai/076.bin;0x10DE5;7C 46 0A D9;Stealth Dragon, Dreadmaster
ai/076.bin;0x10DE5;6B 1D DB DC;Machining Mosquito mkII
ai/076.bin;0x10DE5;04 FB D7 DF;Regalia of Fate, Norn
ai/076.bin;0x10DE5;69 E8 61 E1;オーバーロード
ai/076.bin;0x10DE5;7D 1F 65 E6;Beast Deity, Night Jackal
ai/076.bin;0x10DE5;57 CD 2E E8;    
ai/076.bin;0x10DE5;CC 1A C6 E8;AI未設定 : attrib = %s
ai/076.bin;0x10DE5;39 17 8B F0;Starry Skies Liberator, Guinevere
ai/076.bin;0x10DE5;4B 16 BE F0;Knight of Frevor, Hector
ai/076.bin;0x10DE5;BF 43 2B F1;  アタッカー : %s
ai/076.bin;0x10DE5;27 25 50 F1;Bear Down Samurai
ai/076.bin;0x10DE5;FC B0 EB F6;Purification Regalia, Pure Angel
ai/076.bin;0x10DE5;89 20 23 F8;下
ai/076.bin;0x10DE5;DD 4C B3 F8;ターン開始 AI(%d)
ai/077.bin;0x102DF;DC A5 CF 01;  クインテットウォール : %d/%d枚
ai/077.bin;0x102DF;0B 31 49 05;Perdition Dragon, Buster Rain Dragon
ai/077.bin;0x102DF;51 5B 2F 06;Hexagonal Magus
ai/077.bin;0x102DF;DD 9F CC 07;Blue Storm Dragon, Maelstrom
ai/077.bin;0x102DF;8D 9F AA 08;  シールドの要求値 : 
ai/077.bin;0x102DF;76 AE E0 09;Dragonic Overlord "The Яe-birth" (Trigger)
ai/077.bin;0x102DF;02 DC 8B 0D;Mond Blaukluger
ai/077.bin;0x102DF;B1 2D 5D 0E;  対象のパワー : %d(%d)%s
ai/077.bin;0x102DF;24 A1 3B 11;Rising Lionet
ai/077.bin;0x102DF;CA 98 65 11;Mythic Beast, Fenrir
ai/077.bin;0x102DF;2F 96 22 12;Dancing Wolf
ai/077.bin;0x102DF;2F CE 1C 13;Goddess of Flower Divination, Sakuya
ai/077.bin;0x102DF;A9 32 C7 14;Dragonic Overlord the End
ai/077.bin;0x102DF;9F 3C 4E 15; + %d
ai/077.bin;0x102DF;24 7A 2C 18;Flame of Hope, Aermo
ai/077.bin;0x102DF;26 7B 30 1A;Cat Butler
ai/077.bin;0x102DF;8D 20 89 1A;AI未設定 : %s %d
ai/077.bin;0x102DF;81 A1 62 1C;Burning Horn Dragon
ai/077.bin;0x102DF;95 31 10 1D;Seal Dragon, Kersey
ai/077.bin;0x102DF;49 58 50 21;Dimensional Robo, Daijet
ai/077.bin;0x102DF;8E BC BB 21;  シールドの目標値 : 
ai/077.bin;0x102DF;50 41 74 23;Hope Child, Turiel
ai/077.bin;0x102DF;39 5F 97 27;Promising Knight, David
ai/077.bin;0x102DF;BE 51 F9 27;Ravenous Dragon, Battlerex
ai/077.bin;0x102DF;F7 2E E0 29;～%d
ai/077.bin;0x102DF;A6 8F 2A 2A;Brawler, Fighting Dracokid
ai/077.bin;0x102DF;44 62 0C 2D;Soundless Archer, Conductance
ai/077.bin;0x102DF;14 30 63 2D;!!!! AI ERROR !!!!\n  
ai/077.bin;0x102DF;EE 81 9E 32;Titan of the Capturing Arm
ai/077.bin;0x102DF;C5 4D EE 32;Blaster Dark "Diablo"
ai/077.bin;0x102DF;F1 28 16 33;枚しか選んでいない
ai/077.bin;0x102DF;BC 1F 35 33;  ブースター : %s
ai/077.bin;0x102DF;79 9C 06 34;Dragon Monk, Genjo
ai/077.bin;0x102DF;B8 BC F2 37;Ambush Demon Stealth Rogue, Kagamijishi
ai/077.bin;0x102DF;6E 42 D6 38;AI(%d) : アタック情報
ai/077.bin;0x102DF;B3 AD 45 3A;ブラスター
ai/077.bin;0x102DF;03 D4 54 45; ヒットされない
ai/077.bin;0x102DF;2D 3A A7 45;AI(%d) : ガードステップ情報
ai/077.bin;0x102DF;2C A5 7B 4D;枚選択する必要があるが、
ai/077.bin;0x102DF;9F A5 E0 4F;CEO Amaterasu
ai/077.bin;0x102DF;34 F6 FD 50;Lava Flow Dragon
ai/077.bin;0x102DF;3A D0 5B 51;Exxtreme Battler, Victor
ai/077.bin;0x102DF;A6 11 33 52;Dark Dragon, Phantom Blaster "Diablo"
ai/077.bin;0x102DF;3C E0 6F 55;Dragonic Overlord (Break Ride)
ai/077.bin;0x102DF;DE C1 45 56;解放者
ai/077.bin;0x102DF;F7 6D 78 57;Stamp Sea Otter
ai/077.bin;0x102DF;10 8E 4A 5E;Red Pulse Dracokid
ai/077.bin;0x102DF;C5 AF 0D 60;Crimson Roar, Metatron
ai/077.bin;0x102DF;47 87 68 63;AI(%d) : 思考時間 %.3f秒 (行動カテゴリ:%d)
ai/077.bin;0x102DF;55 C8 81 63;  完全ガード : %d/%d枚
ai/077.bin;0x102DF;42 D7 DA 63;  ガーディアン候補
ai/077.bin;0x102DF;33 8E E7 69;Duo True Sister, Meer
ai/077.bin;0x102DF;B0 4A D0 6A;Calamity Tower Wyvern
ai/077.bin;0x102DF;E8 83 60 6B;Daredevil Samurai
ai/077.bin;0x102DF;4B D4 AE 6B;  合計シールド : 
ai/077.bin;0x102DF;DC 4C 2C 6E;Flower Princess of Spring's Beginning, Primavera
ai/077.bin;0x102DF;11 E8 1D 70;Oracle Queen, Himiko
ai/077.bin;0x102DF;E4 FB 3C 72;Blue Storm Cadet, Anos
ai/077.bin;0x102DF;29 EF C2 73;  対象(%d) : %s
ai/077.bin;0x102DF;54 9B A9 74;Divine Dragon Knight, Mustafa
ai/077.bin;0x102DF;7C 3A 8B 81;Liberator, Burning Blow
ai/077.bin;0x102DF;DA 63 6D 85;Dimensional Robo, Daibrave
ai/077.bin;0x102DF;46 DE 4B 88;Dark Metal Dragon
ai/077.bin;0x102DF;6A D5 6E 8A;Katanaraizer
ai/077.bin;0x102DF;80 60 05 8C;Embodiment of Spear, Tahr
ai/077.bin;0x102DF;A0 D8 63 8D;Great Cosmic Hero, Grandgallop
ai/077.bin;0x102DF;1F 10 24 8F;上
ai/077.bin;0x102DF;6C E6 93 8F;Pitch Black Sage, Charon
ai/077.bin;0x102DF;BB E2 E9 90;Immortal, Asura Kaiser
ai/077.bin;0x102DF;E1 26 37 94;Demonic Dragon Berserker, Chatura
ai/077.bin;0x102DF;6A 0F 95 94;  アタッカーのパワー : %d(%d)
ai/077.bin;0x102DF;7F BB 35 95;Supreme Heavenly Emperor Dragon, Dragonic Overlord "the Ace"
ai/077.bin;0x102DF;17 6F DB 98;Dragon Monk, Gojo (V Series Start Deck)
ai/077.bin;0x102DF;04 8F 22 99;Blue Ray Dracokid
ai/077.bin;0x102DF;0C DD 47 9B;Battle Sister, Parfait
ai/077.bin;0x102DF;1A 2D D2 9C;Myth Guard, Fomalhaut
ai/077.bin;0x102DF;69 08 3B A2;Blue Wave Dragon, Tetra-drive Dragon
ai/077.bin;0x102DF;F1 51 AA A2;Steam Fighter, Balih
ai/077.bin;0x102DF;A4 F3 D7 A7;  アタッカーのクリティカル : %d
ai/077.bin;0x102DF;BD FD F6 A7;Extreme Battler, Runbhol
ai/077.bin;0x102DF;9F 77 42 AC;Flare Whip Dragon
ai/077.bin;0x102DF;39 6A 36 B5;Hyper Metalborg, Heavyduke
ai/077.bin;0x102DF;F7 48 21 B9;Dragon Knight, Jaral
ai/077.bin;0x102DF;88 EF 6D BC;Enigman Tornado
ai/077.bin;0x102DF;ED F8 CC BD;Final Wrench
ai/077.bin;0x102DF;11 9F 48 BE;Shura Stealth Dragon, Daranicongo
ai/077.bin;0x102DF;CF AA 4F C1;Perdition Dragon, Dragonic Neoflame
ai/077.bin;0x102DF;7C 17 CE C1;Ranunculus Flower Maiden, Ahsha
ai/077.bin;0x102DF;15 6E A2 C8;Wisteria Knight
ai/077.bin;0x102DF;AB 51 A7 CB;AI(%d) : レシピ (フラグ:%08x)
ai/077.bin;0x102DF;D7 DA C1 D6;AI(%d) : 思考開始 (行動カテゴリ:%d)
ai/077.bin;0x102DF;D3 27 A4 D7;Dragon Knight, Neshat
ai/077.bin;0x102DF;7C 46 0A D9;Stealth Dragon, Dreadmaster
ai/077.bin;0x102DF;D6 A5 13 DC;Gattling Claw Dragon
ai/077.bin;0x102DF;6B 1D DB DC;Machining Mosquito mkII
ai/077.bin;0x102DF;69 E8 61 E1;オーバーロード
ai/077.bin;0x102DF;7D 1F 65 E6;Beast Deity, Night Jackal
ai/077.bin;0x102DF;57 CD 2E E8;    
ai/077.bin;0x102DF;CC 1A C6 E8;AI未設定 : attrib = %s
ai/077.bin;0x102DF;39 17 8B F0;Starry Skies Liberator, Guinevere
ai/077.bin;0x102DF;4B 16 BE F0;Knight of Frevor, Hector
ai/077.bin;0x102DF;BF 43 2B F1;  アタッカー : %s
ai/077.bin;0x102DF;27 25 50 F1;Bear Down Samurai
ai/077.bin;0x102DF;FC B0 EB F6;Purification Regalia, Pure Angel
ai/077.bin;0x102DF;89 20 23 F8;下
ai/077.bin;0x102DF;DD 4C B3 F8;ターン開始 AI(%d)
ai/077.bin;0x102DF;F5 33 74 F9;Dragonic Burnout
ai/077.bin;0x102DF;D1 35 79 FB;Protect Orb Dragon
ai/078.bin;0x108AE;DC A5 CF 01;  クインテットウォール : %d/%d枚
ai/078.bin;0x108AE;0B 31 49 05;Perdition Dragon, Buster Rain Dragon
ai/078.bin;0x108AE;51 5B 2F 06;Hexagonal Magus
ai/078.bin;0x108AE;DD 9F CC 07;Blue Storm Dragon, Maelstrom
ai/078.bin;0x108AE;8D 9F AA 08;  シールドの要求値 : 
ai/078.bin;0x108AE;76 AE E0 09;Dragonic Overlord "The Яe-birth" (Trigger)
ai/078.bin;0x108AE;02 DC 8B 0D;Mond Blaukluger
ai/078.bin;0x108AE;B1 2D 5D 0E;  対象のパワー : %d(%d)%s
ai/078.bin;0x108AE;24 A1 3B 11;Rising Lionet
ai/078.bin;0x108AE;CA 98 65 11;Mythic Beast, Fenrir
ai/078.bin;0x108AE;2F 96 22 12;Dancing Wolf
ai/078.bin;0x108AE;2F CE 1C 13;Goddess of Flower Divination, Sakuya
ai/078.bin;0x108AE;A9 32 C7 14;Dragonic Overlord the End
ai/078.bin;0x108AE;9F 3C 4E 15; + %d
ai/078.bin;0x108AE;24 7A 2C 18;Flame of Hope, Aermo
ai/078.bin;0x108AE;26 7B 30 1A;Cat Butler
ai/078.bin;0x108AE;8D 20 89 1A;AI未設定 : %s %d
ai/078.bin;0x108AE;81 A1 62 1C;Burning Horn Dragon
ai/078.bin;0x108AE;95 31 10 1D;Seal Dragon, Kersey
ai/078.bin;0x108AE;49 58 50 21;Dimensional Robo, Daijet
ai/078.bin;0x108AE;8E BC BB 21;  シールドの目標値 : 
ai/078.bin;0x108AE;50 41 74 23;Hope Child, Turiel
ai/078.bin;0x108AE;39 5F 97 27;Promising Knight, David
ai/078.bin;0x108AE;BE 51 F9 27;Ravenous Dragon, Battlerex
ai/078.bin;0x108AE;F7 2E E0 29;～%d
ai/078.bin;0x108AE;A6 8F 2A 2A;Brawler, Fighting Dracokid
ai/078.bin;0x108AE;44 62 0C 2D;Soundless Archer, Conductance
ai/078.bin;0x108AE;14 30 63 2D;!!!! AI ERROR !!!!\n  
ai/078.bin;0x108AE;EE 81 9E 32;Titan of the Capturing Arm
ai/078.bin;0x108AE;C5 4D EE 32;Blaster Dark "Diablo"
ai/078.bin;0x108AE;F1 28 16 33;枚しか選んでいない
ai/078.bin;0x108AE;BC 1F 35 33;  ブースター : %s
ai/078.bin;0x108AE;79 9C 06 34;Dragon Monk, Genjo
ai/078.bin;0x108AE;B8 BC F2 37;Ambush Demon Stealth Rogue, Kagamijishi
ai/078.bin;0x108AE;6E 42 D6 38;AI(%d) : アタック情報
ai/078.bin;0x108AE;B3 AD 45 3A;ブラスター
ai/078.bin;0x108AE;03 D4 54 45; ヒットされない
ai/078.bin;0x108AE;2D 3A A7 45;AI(%d) : ガードステップ情報
ai/078.bin;0x108AE;2C A5 7B 4D;枚選択する必要があるが、
ai/078.bin;0x108AE;9F A5 E0 4F;CEO Amaterasu
ai/078.bin;0x108AE;34 F6 FD 50;Lava Flow Dragon
ai/078.bin;0x108AE;3A D0 5B 51;Exxtreme Battler, Victor
ai/078.bin;0x108AE;A6 11 33 52;Dark Dragon, Phantom Blaster "Diablo"
ai/078.bin;0x108AE;3C E0 6F 55;Dragonic Overlord (Break Ride)
ai/078.bin;0x108AE;DE C1 45 56;解放者
ai/078.bin;0x108AE;F7 6D 78 57;Stamp Sea Otter
ai/078.bin;0x108AE;C5 AF 0D 60;Crimson Roar, Metatron
ai/078.bin;0x108AE;31 E0 DC 62;Dragonic Overlord "The X"
ai/078.bin;0x108AE;47 87 68 63;AI(%d) : 思考時間 %.3f秒 (行動カテゴリ:%d)
ai/078.bin;0x108AE;55 C8 81 63;  完全ガード : %d/%d枚
ai/078.bin;0x108AE;42 D7 DA 63;  ガーディアン候補
ai/078.bin;0x108AE;A4 F2 3B 64;Perdition Dragon, Petal Flare Dracokid
ai/078.bin;0x108AE;33 8E E7 69;Duo True Sister, Meer
ai/078.bin;0x108AE;B0 4A D0 6A;Calamity Tower Wyvern
ai/078.bin;0x108AE;E8 83 60 6B;Daredevil Samurai
ai/078.bin;0x108AE;4B D4 AE 6B;  合計シールド : 
ai/078.bin;0x108AE;DC 4C 2C 6E;Flower Princess of Spring's Beginning, Primavera
ai/078.bin;0x108AE;11 E8 1D 70;Oracle Queen, Himiko
ai/078.bin;0x108AE;E4 FB 3C 72;Blue Storm Cadet, Anos
ai/078.bin;0x108AE;29 EF C2 73;  対象(%d) : %s
ai/078.bin;0x108AE;54 9B A9 74;Divine Dragon Knight, Mustafa
ai/078.bin;0x108AE;7C 3A 8B 81;Liberator, Burning Blow
ai/078.bin;0x108AE;DA 63 6D 85;Dimensional Robo, Daibrave
ai/078.bin;0x108AE;46 DE 4B 88;Dark Metal Dragon
ai/078.bin;0x108AE;6A D5 6E 8A;Katanaraizer
ai/078.bin;0x108AE;80 60 05 8C;Embodiment of Spear, Tahr
ai/078.bin;0x108AE;A0 D8 63 8D;Great Cosmic Hero, Grandgallop
ai/078.bin;0x108AE;1F 10 24 8F;上
ai/078.bin;0x108AE;6C E6 93 8F;Pitch Black Sage, Charon
ai/078.bin;0x108AE;BB E2 E9 90;Immortal, Asura Kaiser
ai/078.bin;0x108AE;E1 26 37 94;Demonic Dragon Berserker, Chatura
ai/078.bin;0x108AE;6A 0F 95 94;  アタッカーのパワー : %d(%d)
ai/078.bin;0x108AE;7F BB 35 95;Supreme Heavenly Emperor Dragon, Dragonic Overlord "the Ace"
ai/078.bin;0x108AE;17 6F DB 98;Dragon Monk, Gojo (V Series Start Deck)
ai/078.bin;0x108AE;04 8F 22 99;Blue Ray Dracokid
ai/078.bin;0x108AE;0C DD 47 9B;Battle Sister, Parfait
ai/078.bin;0x108AE;1A 2D D2 9C;Myth Guard, Fomalhaut
ai/078.bin;0x108AE;69 08 3B A2;Blue Wave Dragon, Tetra-drive Dragon
ai/078.bin;0x108AE;F1 51 AA A2;Steam Fighter, Balih
ai/078.bin;0x108AE;A4 F3 D7 A7;  アタッカーのクリティカル : %d
ai/078.bin;0x108AE;BD FD F6 A7;Extreme Battler, Runbhol
ai/078.bin;0x108AE;9F 77 42 AC;Flare Whip Dragon
ai/078.bin;0x108AE;39 6A 36 B5;Hyper Metalborg, Heavyduke
ai/078.bin;0x108AE;F7 48 21 B9;Dragon Knight, Jaral
ai/078.bin;0x108AE;88 EF 6D BC;Enigman Tornado
ai/078.bin;0x108AE;ED F8 CC BD;Final Wrench
ai/078.bin;0x108AE;11 9F 48 BE;Shura Stealth Dragon, Daranicongo
ai/078.bin;0x108AE;CF AA 4F C1;Perdition Dragon, Dragonic Neoflame
ai/078.bin;0x108AE;7C 17 CE C1;Ranunculus Flower Maiden, Ahsha
ai/078.bin;0x108AE;15 6E A2 C8;Wisteria Knight
ai/078.bin;0x108AE;AB 51 A7 CB;AI(%d) : レシピ (フラグ:%08x)
ai/078.bin;0x108AE;D7 DA C1 D6;AI(%d) : 思考開始 (行動カテゴリ:%d)
ai/078.bin;0x108AE;D3 27 A4 D7;Dragon Knight, Neshat
ai/078.bin;0x108AE;7C 46 0A D9;Stealth Dragon, Dreadmaster
ai/078.bin;0x108AE;D6 A5 13 DC;Gattling Claw Dragon
ai/078.bin;0x108AE;6B 1D DB DC;Machining Mosquito mkII
ai/078.bin;0x108AE;69 E8 61 E1;オーバーロード
ai/078.bin;0x108AE;7D 1F 65 E6;Beast Deity, Night Jackal
ai/078.bin;0x108AE;57 CD 2E E8;    
ai/078.bin;0x108AE;CC 1A C6 E8;AI未設定 : attrib = %s
ai/078.bin;0x108AE;39 17 8B F0;Starry Skies Liberator, Guinevere
ai/078.bin;0x108AE;4B 16 BE F0;Knight of Frevor, Hector
ai/078.bin;0x108AE;BF 43 2B F1;  アタッカー : %s
ai/078.bin;0x108AE;27 25 50 F1;Bear Down Samurai
ai/078.bin;0x108AE;A8 00 B3 F2;Perdition Emperor Dragon, Dragonic Overlord the Great
ai/078.bin;0x108AE;FC B0 EB F6;Purification Regalia, Pure Angel
ai/078.bin;0x108AE;89 20 23 F8;下
ai/078.bin;0x108AE;DD 4C B3 F8;ターン開始 AI(%d)
ai/078.bin;0x108AE;F5 33 74 F9;Dragonic Burnout
ai/078.bin;0x108AE;D1 35 79 FB;Protect Orb Dragon
ai/079.bin;0x10638;DC A5 CF 01;  クインテットウォール : %d/%d枚
ai/079.bin;0x10638;51 5B 2F 06;Hexagonal Magus
ai/079.bin;0x10638;DD 9F CC 07;Blue Storm Dragon, Maelstrom
ai/079.bin;0x10638;8D 9F AA 08;  シールドの要求値 : 
ai/079.bin;0x10638;76 AE E0 09;Dragonic Overlord "The Яe-birth" (Trigger)
ai/079.bin;0x10638;02 DC 8B 0D;Mond Blaukluger
ai/079.bin;0x10638;6B A2 AF 0D;Seal Dragon, Artpique
ai/079.bin;0x10638;B1 2D 5D 0E;  対象のパワー : %d(%d)%s
ai/079.bin;0x10638;24 A1 3B 11;Rising Lionet
ai/079.bin;0x10638;CA 98 65 11;Mythic Beast, Fenrir
ai/079.bin;0x10638;2F 96 22 12;Dancing Wolf
ai/079.bin;0x10638;2F CE 1C 13;Goddess of Flower Divination, Sakuya
ai/079.bin;0x10638;9F 3C 4E 15; + %d
ai/079.bin;0x10638;24 7A 2C 18;Flame of Hope, Aermo
ai/079.bin;0x10638;8A E5 A7 19;Berserk Dragon
ai/079.bin;0x10638;26 7B 30 1A;Cat Butler
ai/079.bin;0x10638;8D 20 89 1A;AI未設定 : %s %d
ai/079.bin;0x10638;95 31 10 1D;Seal Dragon, Kersey
ai/079.bin;0x10638;43 68 8A 1D;Dragon Knight, Nehalem (V Series Start Deck)
ai/079.bin;0x10638;49 58 50 21;Dimensional Robo, Daijet
ai/079.bin;0x10638;8E BC BB 21;  シールドの目標値 : 
ai/079.bin;0x10638;50 41 74 23;Hope Child, Turiel
ai/079.bin;0x10638;39 5F 97 27;Promising Knight, David
ai/079.bin;0x10638;BE 51 F9 27;Ravenous Dragon, Battlerex
ai/079.bin;0x10638;94 D5 05 29;Nouvellecritic Dragon
ai/079.bin;0x10638;F7 2E E0 29;～%d
ai/079.bin;0x10638;A6 8F 2A 2A;Brawler, Fighting Dracokid
ai/079.bin;0x10638;44 62 0C 2D;Soundless Archer, Conductance
ai/079.bin;0x10638;14 30 63 2D;!!!! AI ERROR !!!!\n  
ai/079.bin;0x10638;EE 81 9E 32;Titan of the Capturing Arm
ai/079.bin;0x10638;C5 4D EE 32;Blaster Dark "Diablo"
ai/079.bin;0x10638;F1 28 16 33;枚しか選んでいない
ai/079.bin;0x10638;BC 1F 35 33;  ブースター : %s
ai/079.bin;0x10638;79 9C 06 34;Dragon Monk, Genjo
ai/079.bin;0x10638;B8 BC F2 37;Ambush Demon Stealth Rogue, Kagamijishi
ai/079.bin;0x10638;6E 42 D6 38;AI(%d) : アタック情報
ai/079.bin;0x10638;B3 AD 45 3A;ブラスター
ai/079.bin;0x10638;03 D4 54 45; ヒットされない
ai/079.bin;0x10638;2D 3A A7 45;AI(%d) : ガードステップ情報
ai/079.bin;0x10638;2C A5 7B 4D;枚選択する必要があるが、
ai/079.bin;0x10638;9F A5 E0 4F;CEO Amaterasu
ai/079.bin;0x10638;3A D0 5B 51;Exxtreme Battler, Victor
ai/079.bin;0x10638;A6 11 33 52;Dark Dragon, Phantom Blaster "Diablo"
ai/079.bin;0x10638;3C E0 6F 55;Dragonic Overlord (Break Ride)
ai/079.bin;0x10638;DE C1 45 56;解放者
ai/079.bin;0x10638;F7 6D 78 57;Stamp Sea Otter
ai/079.bin;0x10638;10 8E 4A 5E;Red Pulse Dracokid
ai/079.bin;0x10638;C5 AF 0D 60;Crimson Roar, Metatron
ai/079.bin;0x10638;47 87 68 63;AI(%d) : 思考時間 %.3f秒 (行動カテゴリ:%d)
ai/079.bin;0x10638;55 C8 81 63;  完全ガード : %d/%d枚
ai/079.bin;0x10638;42 D7 DA 63;  ガーディアン候補
ai/079.bin;0x10638;33 8E E7 69;Duo True Sister, Meer
ai/079.bin;0x10638;B0 4A D0 6A;Calamity Tower Wyvern
ai/079.bin;0x10638;E8 83 60 6B;Daredevil Samurai
ai/079.bin;0x10638;4B D4 AE 6B;  合計シールド : 
ai/079.bin;0x10638;DC 4C 2C 6E;Flower Princess of Spring's Beginning, Primavera
ai/079.bin;0x10638;11 E8 1D 70;Oracle Queen, Himiko
ai/079.bin;0x10638;E4 FB 3C 72;Blue Storm Cadet, Anos
ai/079.bin;0x10638;29 EF C2 73;  対象(%d) : %s
ai/079.bin;0x10638;54 9B A9 74;Divine Dragon Knight, Mustafa
ai/079.bin;0x10638;13 5B BA 77;Transcendence Dragon, Dragonic Nouvelle Vague
ai/079.bin;0x10638;7C 3A 8B 81;Liberator, Burning Blow
ai/079.bin;0x10638;DA 63 6D 85;Dimensional Robo, Daibrave
ai/079.bin;0x10638;46 DE 4B 88;Dark Metal Dragon
ai/079.bin;0x10638;6A D5 6E 8A;Katanaraizer
ai/079.bin;0x10638;80 60 05 8C;Embodiment of Spear, Tahr
ai/079.bin;0x10638;A0 D8 63 8D;Great Cosmic Hero, Grandgallop
ai/079.bin;0x10638;1F 10 24 8F;上
ai/079.bin;0x10638;6C E6 93 8F;Pitch Black Sage, Charon
ai/079.bin;0x10638;BB E2 E9 90;Immortal, Asura Kaiser
ai/079.bin;0x10638;E1 26 37 94;Demonic Dragon Berserker, Chatura
ai/079.bin;0x10638;6A 0F 95 94;  アタッカーのパワー : %d(%d)
ai/079.bin;0x10638;7F BB 35 95;Supreme Heavenly Emperor Dragon, Dragonic Overlord "the Ace"
ai/079.bin;0x10638;CC 6A 8B 98;Divine Dragon Knight, Mahmud
ai/079.bin;0x10638;17 6F DB 98;Dragon Monk, Gojo (V Series Start Deck)
ai/079.bin;0x10638;04 8F 22 99;Blue Ray Dracokid
ai/079.bin;0x10638;83 1D DA 99;Dauntless Drive Dragon
ai/079.bin;0x10638;0C DD 47 9B;Battle Sister, Parfait
ai/079.bin;0x10638;1A 2D D2 9C;Myth Guard, Fomalhaut
ai/079.bin;0x10638;69 08 3B A2;Blue Wave Dragon, Tetra-drive Dragon
ai/079.bin;0x10638;F1 51 AA A2;Steam Fighter, Balih
ai/079.bin;0x10638;A4 F3 D7 A7;  アタッカーのクリティカル : %d
ai/079.bin;0x10638;BD FD F6 A7;Extreme Battler, Runbhol
ai/079.bin;0x10638;9F 77 42 AC;Flare Whip Dragon
ai/079.bin;0x10638;AF 71 F0 AE;Seal Dragon Sprite, Mulciber
ai/079.bin;0x10638;39 6A 36 B5;Hyper Metalborg, Heavyduke
ai/079.bin;0x10638;F7 48 21 B9;Dragon Knight, Jaral
ai/079.bin;0x10638;88 EF 6D BC;Enigman Tornado
ai/079.bin;0x10638;ED F8 CC BD;Final Wrench
ai/079.bin;0x10638;11 9F 48 BE;Shura Stealth Dragon, Daranicongo
ai/079.bin;0x10638;CF AA 4F C1;Perdition Dragon, Dragonic Neoflame
ai/079.bin;0x10638;7C 17 CE C1;Ranunculus Flower Maiden, Ahsha
ai/079.bin;0x10638;15 6E A2 C8;Wisteria Knight
ai/079.bin;0x10638;AB 51 A7 CB;AI(%d) : レシピ (フラグ:%08x)
ai/079.bin;0x10638;D7 DA C1 D6;AI(%d) : 思考開始 (行動カテゴリ:%d)
ai/079.bin;0x10638;D3 27 A4 D7;Dragon Knight, Neshat
ai/079.bin;0x10638;7C 46 0A D9;Stealth Dragon, Dreadmaster
ai/079.bin;0x10638;6B 1D DB DC;Machining Mosquito mkII
ai/079.bin;0x10638;3E 9C 7B DF;Nouvelleroman Dragon
ai/079.bin;0x10638;69 E8 61 E1;オーバーロード
ai/079.bin;0x10638;7D 1F 65 E6;Beast Deity, Night Jackal
ai/079.bin;0x10638;57 CD 2E E8;    
ai/079.bin;0x10638;CC 1A C6 E8;AI未設定 : attrib = %s
ai/079.bin;0x10638;39 17 8B F0;Starry Skies Liberator, Guinevere
ai/079.bin;0x10638;4B 16 BE F0;Knight of Frevor, Hector
ai/079.bin;0x10638;BF 43 2B F1;  アタッカー : %s
ai/079.bin;0x10638;27 25 50 F1;Bear Down Samurai
ai/079.bin;0x10638;FC B0 EB F6;Purification Regalia, Pure Angel
ai/079.bin;0x10638;89 20 23 F8;下
ai/079.bin;0x10638;DD 4C B3 F8;ターン開始 AI(%d)
ai/079.bin;0x10638;D1 35 79 FB;Protect Orb Dragon
ai/080.bin;0x10D0C;DC A5 CF 01;  クインテットウォール : %d/%d枚
ai/080.bin;0x10D0C;0D 8D 84 03;Reckless Express
ai/080.bin;0x10D0C;51 5B 2F 06;Hexagonal Magus
ai/080.bin;0x10D0C;DD 9F CC 07;Blue Storm Dragon, Maelstrom
ai/080.bin;0x10D0C;8D 9F AA 08;  シールドの要求値 : 
ai/080.bin;0x10D0C;76 AE E0 09;Dragonic Overlord "The Яe-birth" (Trigger)
ai/080.bin;0x10D0C;02 DC 8B 0D;Mond Blaukluger
ai/080.bin;0x10D0C;B1 2D 5D 0E;  対象のパワー : %d(%d)%s
ai/080.bin;0x10D0C;24 A1 3B 11;Rising Lionet
ai/080.bin;0x10D0C;CA 98 65 11;Mythic Beast, Fenrir
ai/080.bin;0x10D0C;2F 96 22 12;Dancing Wolf
ai/080.bin;0x10D0C;2F CE 1C 13;Goddess of Flower Divination, Sakuya
ai/080.bin;0x10D0C;9F 3C 4E 15; + %d
ai/080.bin;0x10D0C;26 7B 30 1A;Cat Butler
ai/080.bin;0x10D0C;8D 20 89 1A;AI未設定 : %s %d
ai/080.bin;0x10D0C;49 58 50 21;Dimensional Robo, Daijet
ai/080.bin;0x10D0C;8E BC BB 21;  シールドの目標値 : 
ai/080.bin;0x10D0C;76 10 32 22;Silence Joker
ai/080.bin;0x10D0C;50 41 74 23;Hope Child, Turiel
ai/080.bin;0x10D0C;07 0C D9 24;ダッドリー・ファントム
ai/080.bin;0x10D0C;39 5F 97 27;Promising Knight, David
ai/080.bin;0x10D0C;BE 51 F9 27;Ravenous Dragon, Battlerex
ai/080.bin;0x10D0C;F7 2E E0 29;～%d
ai/080.bin;0x10D0C;A6 8F 2A 2A;Brawler, Fighting Dracokid
ai/080.bin;0x10D0C;44 62 0C 2D;Soundless Archer, Conductance
ai/080.bin;0x10D0C;14 30 63 2D;!!!! AI ERROR !!!!\n  
ai/080.bin;0x10D0C;EE 81 9E 32;Titan of the Capturing Arm
ai/080.bin;0x10D0C;C5 4D EE 32;Blaster Dark "Diablo"
ai/080.bin;0x10D0C;F1 28 16 33;枚しか選んでいない
ai/080.bin;0x10D0C;BC 1F 35 33;  ブースター : %s
ai/080.bin;0x10D0C;B8 BC F2 37;Ambush Demon Stealth Rogue, Kagamijishi
ai/080.bin;0x10D0C;6E 42 D6 38;AI(%d) : アタック情報
ai/080.bin;0x10D0C;B3 AD 45 3A;ブラスター
ai/080.bin;0x10D0C;E2 D5 56 3C;Charging Bill Collector
ai/080.bin;0x10D0C;03 D4 54 45; ヒットされない
ai/080.bin;0x10D0C;2D 3A A7 45;AI(%d) : ガードステップ情報
ai/080.bin;0x10D0C;2C A5 7B 4D;枚選択する必要があるが、
ai/080.bin;0x10D0C;62 F2 40 4E;Grateful Catapult
ai/080.bin;0x10D0C;9F A5 E0 4F;CEO Amaterasu
ai/080.bin;0x10D0C;3A D0 5B 51;Exxtreme Battler, Victor
ai/080.bin;0x10D0C;A6 11 33 52;Dark Dragon, Phantom Blaster "Diablo"
ai/080.bin;0x10D0C;3C E0 6F 55;Dragonic Overlord (Break Ride)
ai/080.bin;0x10D0C;DE C1 45 56;解放者
ai/080.bin;0x10D0C;F7 6D 78 57;Stamp Sea Otter
ai/080.bin;0x10D0C;C5 AF 0D 60;Crimson Roar, Metatron
ai/080.bin;0x10D0C;47 87 68 63;AI(%d) : 思考時間 %.3f秒 (行動カテゴリ:%d)
ai/080.bin;0x10D0C;55 C8 81 63;  完全ガード : %d/%d枚
ai/080.bin;0x10D0C;42 D7 DA 63;  ガーディアン候補
ai/080.bin;0x10D0C;33 8E E7 69;Duo True Sister, Meer
ai/080.bin;0x10D0C;E8 83 60 6B;Daredevil Samurai
ai/080.bin;0x10D0C;4B D4 AE 6B;  合計シールド : 
ai/080.bin;0x10D0C;DC 4C 2C 6E;Flower Princess of Spring's Beginning, Primavera
ai/080.bin;0x10D0C;11 E8 1D 70;Oracle Queen, Himiko
ai/080.bin;0x10D0C;E4 FB 3C 72;Blue Storm Cadet, Anos
ai/080.bin;0x10D0C;29 EF C2 73;  対象(%d) : %s
ai/080.bin;0x10D0C;FD 97 60 7C;Highspeed, Brakki
ai/080.bin;0x10D0C;7C 3A 8B 81;Liberator, Burning Blow
ai/080.bin;0x10D0C;66 F7 3E 85;Treasured, Black Panther
ai/080.bin;0x10D0C;DA 63 6D 85;Dimensional Robo, Daibrave
ai/080.bin;0x10D0C;46 DE 4B 88;Dark Metal Dragon
ai/080.bin;0x10D0C;6A D5 6E 8A;Katanaraizer
ai/080.bin;0x10D0C;A0 D8 63 8D;Great Cosmic Hero, Grandgallop
ai/080.bin;0x10D0C;1F 10 24 8F;上
ai/080.bin;0x10D0C;6C E6 93 8F;Pitch Black Sage, Charon
ai/080.bin;0x10D0C;EF 2A 42 90;Cheer Girl, Tiara
ai/080.bin;0x10D0C;BB E2 E9 90;Immortal, Asura Kaiser
ai/080.bin;0x10D0C;E1 26 37 94;Demonic Dragon Berserker, Chatura
ai/080.bin;0x10D0C;6A 0F 95 94;  アタッカーのパワー : %d(%d)
ai/080.bin;0x10D0C;7F BB 35 95;Supreme Heavenly Emperor Dragon, Dragonic Overlord "the Ace"
ai/080.bin;0x10D0C;E1 3B 61 98;Fierce Leader, Zachary
ai/080.bin;0x10D0C;0C DD 47 9B;Battle Sister, Parfait
ai/080.bin;0x10D0C;1A 2D D2 9C;Myth Guard, Fomalhaut
ai/080.bin;0x10D0C;CA 30 36 9F;Commander, Garry Gannon
ai/080.bin;0x10D0C;E5 64 0C A0;Sonic Breaker
ai/080.bin;0x10D0C;69 08 3B A2;Blue Wave Dragon, Tetra-drive Dragon
ai/080.bin;0x10D0C;F1 51 AA A2;Steam Fighter, Balih
ai/080.bin;0x10D0C;75 25 67 A7;Godly-speed, Flash Bruce
ai/080.bin;0x10D0C;A4 F3 D7 A7;  アタッカーのクリティカル : %d
ai/080.bin;0x10D0C;BD FD F6 A7;Extreme Battler, Runbhol
ai/080.bin;0x10D0C;9F 77 42 AC;Flare Whip Dragon
ai/080.bin;0x10D0C;39 6A 36 B5;Hyper Metalborg, Heavyduke
ai/080.bin;0x10D0C;F7 48 21 B9;Dragon Knight, Jaral
ai/080.bin;0x10D0C;88 EF 6D BC;Enigman Tornado
ai/080.bin;0x10D0C;ED F8 CC BD;Final Wrench
ai/080.bin;0x10D0C;11 9F 48 BE;Shura Stealth Dragon, Daranicongo
ai/080.bin;0x10D0C;E0 36 7A BF;Reign of Terror, Thermidor
ai/080.bin;0x10D0C;CF AA 4F C1;Perdition Dragon, Dragonic Neoflame
ai/080.bin;0x10D0C;7C 17 CE C1;Ranunculus Flower Maiden, Ahsha
ai/080.bin;0x10D0C;77 99 BB C5;Miracle Element, Atmos
ai/080.bin;0x10D0C;15 6E A2 C8;Wisteria Knight
ai/080.bin;0x10D0C;AB 51 A7 CB;AI(%d) : レシピ (フラグ:%08x)
ai/080.bin;0x10D0C;41 5E 04 CF;Wonder Boy
ai/080.bin;0x10D0C;74 62 BC D2;Field Driller
ai/080.bin;0x10D0C;41 F6 55 D5;Juggernaut Maximum
ai/080.bin;0x10D0C;D7 DA C1 D6;AI(%d) : 思考開始 (行動カテゴリ:%d)
ai/080.bin;0x10D0C;7C 46 0A D9;Stealth Dragon, Dreadmaster
ai/080.bin;0x10D0C;6B 1D DB DC;Machining Mosquito mkII
ai/080.bin;0x10D0C;69 E8 61 E1;オーバーロード
ai/080.bin;0x10D0C;7D 1F 65 E6;Beast Deity, Night Jackal
ai/080.bin;0x10D0C;26 84 FF E6;Bad End Dragger
ai/080.bin;0x10D0C;57 CD 2E E8;    
ai/080.bin;0x10D0C;CC 1A C6 E8;AI未設定 : attrib = %s
ai/080.bin;0x10D0C;DC 5C 61 E9;Machine Gun Gloria
ai/080.bin;0x10D0C;EE 28 FE E9;Cheerful Lynx
ai/080.bin;0x10D0C;39 17 8B F0;Starry Skies Liberator, Guinevere
ai/080.bin;0x10D0C;4B 16 BE F0;Knight of Frevor, Hector
ai/080.bin;0x10D0C;BF 43 2B F1;  アタッカー : %s
ai/080.bin;0x10D0C;27 25 50 F1;Bear Down Samurai
ai/080.bin;0x10D0C;FC B0 EB F6;Purification Regalia, Pure Angel
ai/080.bin;0x10D0C;89 20 23 F8;下
ai/080.bin;0x10D0C;DD 4C B3 F8;ターン開始 AI(%d)
ai/080.bin;0x10D0C;9B 56 BF F8;Cheer Girl, Marilyn
ai/081.bin;0xFB7A;DC A5 CF 01;  クインテットウォール : %d/%d枚
ai/081.bin;0xFB7A;51 5B 2F 06;Hexagonal Magus
ai/081.bin;0xFB7A;DD 9F CC 07;Blue Storm Dragon, Maelstrom
ai/081.bin;0xFB7A;8D 9F AA 08;  シールドの要求値 : 
ai/081.bin;0xFB7A;76 AE E0 09;Dragonic Overlord "The Яe-birth" (Trigger)
ai/081.bin;0xFB7A;02 DC 8B 0D;Mond Blaukluger
ai/081.bin;0xFB7A;B1 2D 5D 0E;  対象のパワー : %d(%d)%s
ai/081.bin;0xFB7A;24 A1 3B 11;Rising Lionet
ai/081.bin;0xFB7A;CA 98 65 11;Mythic Beast, Fenrir
ai/081.bin;0xFB7A;2F 96 22 12;Dancing Wolf
ai/081.bin;0xFB7A;2F CE 1C 13;Goddess of Flower Divination, Sakuya
ai/081.bin;0xFB7A;9F 3C 4E 15; + %d
ai/081.bin;0xFB7A;DA 5D 26 16;Ancient Dragon, Iguanogorg
ai/081.bin;0xFB7A;26 7B 30 1A;Cat Butler
ai/081.bin;0xFB7A;8D 20 89 1A;AI未設定 : %s %d
ai/081.bin;0xFB7A;49 58 50 21;Dimensional Robo, Daijet
ai/081.bin;0xFB7A;8E BC BB 21;  シールドの目標値 : 
ai/081.bin;0xFB7A;50 41 74 23;Hope Child, Turiel
ai/081.bin;0xFB7A;39 5F 97 27;Promising Knight, David
ai/081.bin;0xFB7A;BE 51 F9 27;Ravenous Dragon, Battlerex
ai/081.bin;0xFB7A;BA 07 B6 29;Ancient Dragon, Tyrannolegend
ai/081.bin;0xFB7A;F7 2E E0 29;～%d
ai/081.bin;0xFB7A;A6 8F 2A 2A;Brawler, Fighting Dracokid
ai/081.bin;0xFB7A;44 62 0C 2D;Soundless Archer, Conductance
ai/081.bin;0xFB7A;14 30 63 2D;!!!! AI ERROR !!!!\n  
ai/081.bin;0xFB7A;C0 E5 C9 2F;Ancient Dragon, Dinodile
ai/081.bin;0xFB7A;EE 81 9E 32;Titan of the Capturing Arm
ai/081.bin;0xFB7A;C5 4D EE 32;Blaster Dark "Diablo"
ai/081.bin;0xFB7A;F1 28 16 33;枚しか選んでいない
ai/081.bin;0xFB7A;BC 1F 35 33;  ブースター : %s
ai/081.bin;0xFB7A;B8 BC F2 37;Ambush Demon Stealth Rogue, Kagamijishi
ai/081.bin;0xFB7A;6E 42 D6 38;AI(%d) : アタック情報
ai/081.bin;0xFB7A;B3 AD 45 3A;ブラスター
ai/081.bin;0xFB7A;B4 1A DF 43;Ancient Dragon, Gattlingaro
ai/081.bin;0xFB7A;03 D4 54 45; ヒットされない
ai/081.bin;0xFB7A;2D 3A A7 45;AI(%d) : ガードステップ情報
ai/081.bin;0xFB7A;ED 57 00 4D;Ancient Dragon, Ornithhealer
ai/081.bin;0xFB7A;2C A5 7B 4D;枚選択する必要があるが、
ai/081.bin;0xFB7A;9F A5 E0 4F;CEO Amaterasu
ai/081.bin;0xFB7A;3A D0 5B 51;Exxtreme Battler, Victor
ai/081.bin;0xFB7A;A6 11 33 52;Dark Dragon, Phantom Blaster "Diablo"
ai/081.bin;0xFB7A;3C E0 6F 55;Dragonic Overlord (Break Ride)
ai/081.bin;0xFB7A;DE C1 45 56;解放者
ai/081.bin;0xFB7A;F7 6D 78 57;Stamp Sea Otter
ai/081.bin;0xFB7A;C5 AF 0D 60;Crimson Roar, Metatron
ai/081.bin;0xFB7A;89 62 DF 62;Ancient Dragon, Dinocrowd
ai/081.bin;0xFB7A;47 87 68 63;AI(%d) : 思考時間 %.3f秒 (行動カテゴリ:%d)
ai/081.bin;0xFB7A;55 C8 81 63;  完全ガード : %d/%d枚
ai/081.bin;0xFB7A;42 D7 DA 63;  ガーディアン候補
ai/081.bin;0xFB7A;33 8E E7 69;Duo True Sister, Meer
ai/081.bin;0xFB7A;E8 83 60 6B;Daredevil Samurai
ai/081.bin;0xFB7A;4B D4 AE 6B;  合計シールド : 
ai/081.bin;0xFB7A;DC 4C 2C 6E;Flower Princess of Spring's Beginning, Primavera
ai/081.bin;0xFB7A;88 DD 98 6F;Fortress Ammonite
ai/081.bin;0xFB7A;11 E8 1D 70;Oracle Queen, Himiko
ai/081.bin;0xFB7A;E4 FB 3C 72;Blue Storm Cadet, Anos
ai/081.bin;0xFB7A;29 EF C2 73;  対象(%d) : %s
ai/081.bin;0xFB7A;7C 3A 8B 81;Liberator, Burning Blow
ai/081.bin;0xFB7A;DA 63 6D 85;Dimensional Robo, Daibrave
ai/081.bin;0xFB7A;46 DE 4B 88;Dark Metal Dragon
ai/081.bin;0xFB7A;7C 73 B2 89;Ancient Dragon, Spinodriver
ai/081.bin;0xFB7A;6A D5 6E 8A;Katanaraizer
ai/081.bin;0xFB7A;A0 D8 63 8D;Great Cosmic Hero, Grandgallop
ai/081.bin;0xFB7A;1F 10 24 8F;上
ai/081.bin;0xFB7A;6C E6 93 8F;Pitch Black Sage, Charon
ai/081.bin;0xFB7A;BB E2 E9 90;Immortal, Asura Kaiser
ai/081.bin;0xFB7A;E1 26 37 94;Demonic Dragon Berserker, Chatura
ai/081.bin;0xFB7A;6A 0F 95 94;  アタッカーのパワー : %d(%d)
ai/081.bin;0xFB7A;7F BB 35 95;Supreme Heavenly Emperor Dragon, Dragonic Overlord "the Ace"
ai/081.bin;0xFB7A;0C DD 47 9B;Battle Sister, Parfait
ai/081.bin;0xFB7A;1A 2D D2 9C;Myth Guard, Fomalhaut
ai/081.bin;0xFB7A;05 DD 4A 9F;Ancient Dragon, Paraswall
ai/081.bin;0xFB7A;69 08 3B A2;Blue Wave Dragon, Tetra-drive Dragon
ai/081.bin;0xFB7A;F1 51 AA A2;Steam Fighter, Balih
ai/081.bin;0xFB7A;A4 F3 D7 A7;  アタッカーのクリティカル : %d
ai/081.bin;0xFB7A;BD FD F6 A7;Extreme Battler, Runbhol
ai/081.bin;0xFB7A;9F 77 42 AC;Flare Whip Dragon
ai/081.bin;0xFB7A;39 6A 36 B5;Hyper Metalborg, Heavyduke
ai/081.bin;0xFB7A;B6 B1 C8 B5;Destruction Tyrant, Archraider
ai/081.bin;0xFB7A;57 64 F5 B6;Ancient Dragon, Tyrannoblaze
ai/081.bin;0xFB7A;F7 48 21 B9;Dragon Knight, Jaral
ai/081.bin;0xFB7A;88 EF 6D BC;Enigman Tornado
ai/081.bin;0xFB7A;ED F8 CC BD;Final Wrench
ai/081.bin;0xFB7A;11 9F 48 BE;Shura Stealth Dragon, Daranicongo
ai/081.bin;0xFB7A;D8 73 4F BE;Ancient Dragon, Criollofall
ai/081.bin;0xFB7A;CF AA 4F C1;Perdition Dragon, Dragonic Neoflame
ai/081.bin;0xFB7A;7C 17 CE C1;Ranunculus Flower Maiden, Ahsha
ai/081.bin;0xFB7A;93 9A 39 C4;Ancient Dragon Flame Maiden
ai/081.bin;0xFB7A;15 6E A2 C8;Wisteria Knight
ai/081.bin;0xFB7A;AB 51 A7 CB;AI(%d) : レシピ (フラグ:%08x)
ai/081.bin;0xFB7A;D7 DA C1 D6;AI(%d) : 思考開始 (行動カテゴリ:%d)
ai/081.bin;0xFB7A;7C 46 0A D9;Stealth Dragon, Dreadmaster
ai/081.bin;0xFB7A;6B 1D DB DC;Machining Mosquito mkII
ai/081.bin;0xFB7A;69 E8 61 E1;オーバーロード
ai/081.bin;0xFB7A;C3 20 D6 E1;Super Ancient Dragon, Pearly Titan
ai/081.bin;0xFB7A;23 AA 54 E3;Ancient Dragon, Beamankylo
ai/081.bin;0xFB7A;7D 1F 65 E6;Beast Deity, Night Jackal
ai/081.bin;0xFB7A;57 CD 2E E8;    
ai/081.bin;0xFB7A;CC 1A C6 E8;AI未設定 : attrib = %s
ai/081.bin;0xFB7A;39 17 8B F0;Starry Skies Liberator, Guinevere
ai/081.bin;0xFB7A;4B 16 BE F0;Knight of Frevor, Hector
ai/081.bin;0xFB7A;BF 43 2B F1;  アタッカー : %s
ai/081.bin;0xFB7A;27 25 50 F1;Bear Down Samurai
ai/081.bin;0xFB7A;FC B0 EB F6;Purification Regalia, Pure Angel
ai/081.bin;0xFB7A;A7 D5 C5 F7;Ancient Dragon, Babyrex
ai/081.bin;0xFB7A;89 20 23 F8;下
ai/081.bin;0xFB7A;7F 61 55 F8;Ancient Dragon, Titanocargo
ai/081.bin;0xFB7A;DD 4C B3 F8;ターン開始 AI(%d)
ai/082.bin;0x1009B;DC A5 CF 01;  クインテットウォール : %d/%d枚
ai/082.bin;0x1009B;5C 9A 60 05;Extreme Battler, Gunzork
ai/082.bin;0x1009B;51 5B 2F 06;Hexagonal Magus
ai/082.bin;0x1009B;DD 9F CC 07;Blue Storm Dragon, Maelstrom
ai/082.bin;0x1009B;8D 9F AA 08;  シールドの要求値 : 
ai/082.bin;0x1009B;76 AE E0 09;Dragonic Overlord "The Яe-birth" (Trigger)
ai/082.bin;0x1009B;B0 5E 99 0B;War Deity, Asura Kaiser
ai/082.bin;0x1009B;02 DC 8B 0D;Mond Blaukluger
ai/082.bin;0x1009B;B1 2D 5D 0E;  対象のパワー : %d(%d)%s
ai/082.bin;0x1009B;24 A1 3B 11;Rising Lionet
ai/082.bin;0x1009B;CA 98 65 11;Mythic Beast, Fenrir
ai/082.bin;0x1009B;2F 96 22 12;Dancing Wolf
ai/082.bin;0x1009B;2F CE 1C 13;Goddess of Flower Divination, Sakuya
ai/082.bin;0x1009B;9F 3C 4E 15; + %d
ai/082.bin;0x1009B;26 7B 30 1A;Cat Butler
ai/082.bin;0x1009B;8D 20 89 1A;AI未設定 : %s %d
ai/082.bin;0x1009B;49 58 50 21;Dimensional Robo, Daijet
ai/082.bin;0x1009B;8E BC BB 21;  シールドの目標値 : 
ai/082.bin;0x1009B;50 41 74 23;Hope Child, Turiel
ai/082.bin;0x1009B;74 67 72 24;Drone Baron
ai/082.bin;0x1009B;39 5F 97 27;Promising Knight, David
ai/082.bin;0x1009B;BE 51 F9 27;Ravenous Dragon, Battlerex
ai/082.bin;0x1009B;F7 2E E0 29;～%d
ai/082.bin;0x1009B;A6 8F 2A 2A;Brawler, Fighting Dracokid
ai/082.bin;0x1009B;44 62 0C 2D;Soundless Archer, Conductance
ai/082.bin;0x1009B;14 30 63 2D;!!!! AI ERROR !!!!\n  
ai/082.bin;0x1009B;EE 81 9E 32;Titan of the Capturing Arm
ai/082.bin;0x1009B;E5 C2 EB 32;Energy Girl
ai/082.bin;0x1009B;C5 4D EE 32;Blaster Dark "Diablo"
ai/082.bin;0x1009B;F1 28 16 33;枚しか選んでいない
ai/082.bin;0x1009B;BC 1F 35 33;  ブースター : %s
ai/082.bin;0x1009B;B8 BC F2 37;Ambush Demon Stealth Rogue, Kagamijishi
ai/082.bin;0x1009B;16 F9 26 38;Ring Girl, Ai
ai/082.bin;0x1009B;6E 42 D6 38;AI(%d) : アタック情報
ai/082.bin;0x1009B;55 9E CC 39;Extreme Battler, Arashid
ai/082.bin;0x1009B;B3 AD 45 3A;ブラスター
ai/082.bin;0x1009B;03 D4 54 45; ヒットされない
ai/082.bin;0x1009B;2D 3A A7 45;AI(%d) : ガードステップ情報
ai/082.bin;0x1009B;2C A5 7B 4D;枚選択する必要があるが、
ai/082.bin;0x1009B;9F A5 E0 4F;CEO Amaterasu
ai/082.bin;0x1009B;3A D0 5B 51;Exxtreme Battler, Victor
ai/082.bin;0x1009B;A6 11 33 52;Dark Dragon, Phantom Blaster "Diablo"
ai/082.bin;0x1009B;3C E0 6F 55;Dragonic Overlord (Break Ride)
ai/082.bin;0x1009B;DE C1 45 56;解放者
ai/082.bin;0x1009B;F7 6D 78 57;Stamp Sea Otter
ai/082.bin;0x1009B;23 0A A9 5B;Cool Hank
ai/082.bin;0x1009B;C5 AF 0D 60;Crimson Roar, Metatron
ai/082.bin;0x1009B;47 87 68 63;AI(%d) : 思考時間 %.3f秒 (行動カテゴリ:%d)
ai/082.bin;0x1009B;55 C8 81 63;  完全ガード : %d/%d枚
ai/082.bin;0x1009B;42 D7 DA 63;  ガーディアン候補
ai/082.bin;0x1009B;33 8E E7 69;Duo True Sister, Meer
ai/082.bin;0x1009B;E8 83 60 6B;Daredevil Samurai
ai/082.bin;0x1009B;4B D4 AE 6B;  合計シールド : 
ai/082.bin;0x1009B;DC 4C 2C 6E;Flower Princess of Spring's Beginning, Primavera
ai/082.bin;0x1009B;11 E8 1D 70;Oracle Queen, Himiko
ai/082.bin;0x1009B;E4 FB 3C 72;Blue Storm Cadet, Anos
ai/082.bin;0x1009B;29 EF C2 73;  対象(%d) : %s
ai/082.bin;0x1009B;7C 64 20 80;Extreme Battler, Zanbhara
ai/082.bin;0x1009B;7C 3A 8B 81;Liberator, Burning Blow
ai/082.bin;0x1009B;DA 63 6D 85;Dimensional Robo, Daibrave
ai/082.bin;0x1009B;46 DE 4B 88;Dark Metal Dragon
ai/082.bin;0x1009B;6A D5 6E 8A;Katanaraizer
ai/082.bin;0x1009B;A0 D8 63 8D;Great Cosmic Hero, Grandgallop
ai/082.bin;0x1009B;1F 10 24 8F;上
ai/082.bin;0x1009B;6C E6 93 8F;Pitch Black Sage, Charon
ai/082.bin;0x1009B;BB E2 E9 90;Immortal, Asura Kaiser
ai/082.bin;0x1009B;E1 26 37 94;Demonic Dragon Berserker, Chatura
ai/082.bin;0x1009B;6A 0F 95 94;  アタッカーのパワー : %d(%d)
ai/082.bin;0x1009B;7F BB 35 95;Supreme Heavenly Emperor Dragon, Dragonic Overlord "the Ace"
ai/082.bin;0x1009B;0C DD 47 9B;Battle Sister, Parfait
ai/082.bin;0x1009B;1A 2D D2 9C;Myth Guard, Fomalhaut
ai/082.bin;0x1009B;EA 65 55 9D;Death Army Lady
ai/082.bin;0x1009B;69 08 3B A2;Blue Wave Dragon, Tetra-drive Dragon
ai/082.bin;0x1009B;F1 51 AA A2;Steam Fighter, Balih
ai/082.bin;0x1009B;A4 F3 D7 A7;  アタッカーのクリティカル : %d
ai/082.bin;0x1009B;BD FD F6 A7;Extreme Battler, Runbhol
ai/082.bin;0x1009B;9F 77 42 AC;Flare Whip Dragon
ai/082.bin;0x1009B;39 6A 36 B5;Hyper Metalborg, Heavyduke
ai/082.bin;0x1009B;F7 48 21 B9;Dragon Knight, Jaral
ai/082.bin;0x1009B;88 EF 6D BC;Enigman Tornado
ai/082.bin;0x1009B;ED F8 CC BD;Final Wrench
ai/082.bin;0x1009B;11 9F 48 BE;Shura Stealth Dragon, Daranicongo
ai/082.bin;0x1009B;1D 17 4A BF;Starlight Hedgehog
ai/082.bin;0x1009B;CF AA 4F C1;Perdition Dragon, Dragonic Neoflame
ai/082.bin;0x1009B;7C 17 CE C1;Ranunculus Flower Maiden, Ahsha
ai/082.bin;0x1009B;15 6E A2 C8;Wisteria Knight
ai/082.bin;0x1009B;AB 51 A7 CB;AI(%d) : レシピ (フラグ:%08x)
ai/082.bin;0x1009B;32 32 45 D1;Meteokaiser, Victoplasma
ai/082.bin;0x1009B;A8 8C 78 D4;Asura Kaiser
ai/082.bin;0x1009B;D7 DA C1 D6;AI(%d) : 思考開始 (行動カテゴリ:%d)
ai/082.bin;0x1009B;7C 46 0A D9;Stealth Dragon, Dreadmaster
ai/082.bin;0x1009B;6B 1D DB DC;Machining Mosquito mkII
ai/082.bin;0x1009B;15 DA 1B E1;メチャバトラー ケンドール
ai/082.bin;0x1009B;69 E8 61 E1;オーバーロード
ai/082.bin;0x1009B;7D 1F 65 E6;Beast Deity, Night Jackal
ai/082.bin;0x1009B;57 CD 2E E8;    
ai/082.bin;0x1009B;CC 1A C6 E8;AI未設定 : attrib = %s
ai/082.bin;0x1009B;DE CA B0 E9;Lady Cyclone
ai/082.bin;0x1009B;39 17 8B F0;Starry Skies Liberator, Guinevere
ai/082.bin;0x1009B;4B 16 BE F0;Knight of Frevor, Hector
ai/082.bin;0x1009B;BF 43 2B F1;  アタッカー : %s
ai/082.bin;0x1009B;27 25 50 F1;Bear Down Samurai
ai/082.bin;0x1009B;52 B3 D1 F6;Meteokaiser, Vic-Ten
ai/082.bin;0x1009B;FC B0 EB F6;Purification Regalia, Pure Angel
ai/082.bin;0x1009B;89 20 23 F8;下
ai/082.bin;0x1009B;DD 4C B3 F8;ターン開始 AI(%d)
ai/083.bin;0xF3B1;DC A5 CF 01;  クインテットウォール : %d/%d枚
ai/083.bin;0xF3B1;51 5B 2F 06;Hexagonal Magus
ai/083.bin;0xF3B1;DD 9F CC 07;Blue Storm Dragon, Maelstrom
ai/083.bin;0xF3B1;8D 9F AA 08;  シールドの要求値 : 
ai/083.bin;0xF3B1;76 AE E0 09;Dragonic Overlord "The Яe-birth" (Trigger)
ai/083.bin;0xF3B1;02 DC 8B 0D;Mond Blaukluger
ai/083.bin;0xF3B1;B1 2D 5D 0E;  対象のパワー : %d(%d)%s
ai/083.bin;0xF3B1;24 A1 3B 11;Rising Lionet
ai/083.bin;0xF3B1;CA 98 65 11;Mythic Beast, Fenrir
ai/083.bin;0xF3B1;2F 96 22 12;Dancing Wolf
ai/083.bin;0xF3B1;2F CE 1C 13;Goddess of Flower Divination, Sakuya
ai/083.bin;0xF3B1;9F 3C 4E 15; + %d
ai/083.bin;0xF3B1;26 7B 30 1A;Cat Butler
ai/083.bin;0xF3B1;CA 86 87 1A;Stealth Fiend, Zashikihime
ai/083.bin;0xF3B1;8D 20 89 1A;AI未設定 : %s %d
ai/083.bin;0xF3B1;49 58 50 21;Dimensional Robo, Daijet
ai/083.bin;0xF3B1;8E BC BB 21;  シールドの目標値 : 
ai/083.bin;0xF3B1;50 41 74 23;Hope Child, Turiel
ai/083.bin;0xF3B1;39 5F 97 27;Promising Knight, David
ai/083.bin;0xF3B1;BE 51 F9 27;Ravenous Dragon, Battlerex
ai/083.bin;0xF3B1;F7 2E E0 29;～%d
ai/083.bin;0xF3B1;A6 8F 2A 2A;Brawler, Fighting Dracokid
ai/083.bin;0xF3B1;44 62 0C 2D;Soundless Archer, Conductance
ai/083.bin;0xF3B1;14 30 63 2D;!!!! AI ERROR !!!!\n  
ai/083.bin;0xF3B1;EE 81 9E 32;Titan of the Capturing Arm
ai/083.bin;0xF3B1;C5 4D EE 32;Blaster Dark "Diablo"
ai/083.bin;0xF3B1;F1 28 16 33;枚しか選んでいない
ai/083.bin;0xF3B1;BC 1F 35 33;  ブースター : %s
ai/083.bin;0xF3B1;B8 BC F2 37;Ambush Demon Stealth Rogue, Kagamijishi
ai/083.bin;0xF3B1;6E 42 D6 38;AI(%d) : アタック情報
ai/083.bin;0xF3B1;B3 AD 45 3A;ブラスター
ai/083.bin;0xF3B1;7A 0E 29 3F;Shura Stealth Dragon, Kujikiricongo
ai/083.bin;0xF3B1;03 D4 54 45; ヒットされない
ai/083.bin;0xF3B1;2D 3A A7 45;AI(%d) : ガードステップ情報
ai/083.bin;0xF3B1;2C A5 7B 4D;枚選択する必要があるが、
ai/083.bin;0xF3B1;9F A5 E0 4F;CEO Amaterasu
ai/083.bin;0xF3B1;3A D0 5B 51;Exxtreme Battler, Victor
ai/083.bin;0xF3B1;DA 39 74 51;Stealth Dragon, Kurogane
ai/083.bin;0xF3B1;A6 11 33 52;Dark Dragon, Phantom Blaster "Diablo"
ai/083.bin;0xF3B1;3C E0 6F 55;Dragonic Overlord (Break Ride)
ai/083.bin;0xF3B1;DE C1 45 56;解放者
ai/083.bin;0xF3B1;F7 6D 78 57;Stamp Sea Otter
ai/083.bin;0xF3B1;C5 AF 0D 60;Crimson Roar, Metatron
ai/083.bin;0xF3B1;47 87 68 63;AI(%d) : 思考時間 %.3f秒 (行動カテゴリ:%d)
ai/083.bin;0xF3B1;55 C8 81 63;  完全ガード : %d/%d枚
ai/083.bin;0xF3B1;42 D7 DA 63;  ガーディアン候補
ai/083.bin;0xF3B1;33 8E E7 69;Duo True Sister, Meer
ai/083.bin;0xF3B1;E8 83 60 6B;Daredevil Samurai
ai/083.bin;0xF3B1;4B D4 AE 6B;  合計シールド : 
ai/083.bin;0xF3B1;DC 4C 2C 6E;Flower Princess of Spring's Beginning, Primavera
ai/083.bin;0xF3B1;B9 C4 68 6E;Stealth Beast, Kuroko
ai/083.bin;0xF3B1;11 E8 1D 70;Oracle Queen, Himiko
ai/083.bin;0xF3B1;E4 FB 3C 72;Blue Storm Cadet, Anos
ai/083.bin;0xF3B1;29 EF C2 73;  対象(%d) : %s
ai/083.bin;0xF3B1;B6 13 69 7D;Stealth Beast, Tamahagane
ai/083.bin;0xF3B1;7C 3A 8B 81;Liberator, Burning Blow
ai/083.bin;0xF3B1;DA 63 6D 85;Dimensional Robo, Daibrave
ai/083.bin;0xF3B1;46 DE 4B 88;Dark Metal Dragon
ai/083.bin;0xF3B1;6A D5 6E 8A;Katanaraizer
ai/083.bin;0xF3B1;F5 79 93 8A;Rikudo Stealth Dragon, Gedatsurakan
ai/083.bin;0xF3B1;A0 D8 63 8D;Great Cosmic Hero, Grandgallop
ai/083.bin;0xF3B1;1F 10 24 8F;上
ai/083.bin;0xF3B1;6C E6 93 8F;Pitch Black Sage, Charon
ai/083.bin;0xF3B1;BB E2 E9 90;Immortal, Asura Kaiser
ai/083.bin;0xF3B1;E1 26 37 94;Demonic Dragon Berserker, Chatura
ai/083.bin;0xF3B1;6A 0F 95 94;  アタッカーのパワー : %d(%d)
ai/083.bin;0xF3B1;7F BB 35 95;Supreme Heavenly Emperor Dragon, Dragonic Overlord "the Ace"
ai/083.bin;0xF3B1;5C DB 65 96;Stealth Rogue of the Night, Sakurafubuki
ai/083.bin;0xF3B1;0C DD 47 9B;Battle Sister, Parfait
ai/083.bin;0xF3B1;1A 2D D2 9C;Myth Guard, Fomalhaut
ai/083.bin;0xF3B1;69 08 3B A2;Blue Wave Dragon, Tetra-drive Dragon
ai/083.bin;0xF3B1;F1 51 AA A2;Steam Fighter, Balih
ai/083.bin;0xF3B1;E8 1E 3A A6;Shura Stealth Dragon, Kabukicongo
ai/083.bin;0xF3B1;A4 F3 D7 A7;  アタッカーのクリティカル : %d
ai/083.bin;0xF3B1;BD FD F6 A7;Extreme Battler, Runbhol
ai/083.bin;0xF3B1;D0 B9 A1 AB;Stealth Beast, Mijingakure
ai/083.bin;0xF3B1;9F 77 42 AC;Flare Whip Dragon
ai/083.bin;0xF3B1;76 08 F0 B3;Stealth Fiend, Ohtsuzura
ai/083.bin;0xF3B1;39 6A 36 B5;Hyper Metalborg, Heavyduke
ai/083.bin;0xF3B1;83 26 AA B5;Stealth Rogue of a Thousand Blades, Oborozakura
ai/083.bin;0xF3B1;F7 48 21 B9;Dragon Knight, Jaral
ai/083.bin;0xF3B1;22 CC 1A BB;Rikudo Stealth Dragon, Jorurirakan
ai/083.bin;0xF3B1;88 EF 6D BC;Enigman Tornado
ai/083.bin;0xF3B1;ED F8 CC BD;Final Wrench
ai/083.bin;0xF3B1;11 9F 48 BE;Shura Stealth Dragon, Daranicongo
ai/083.bin;0xF3B1;CF AA 4F C1;Perdition Dragon, Dragonic Neoflame
ai/083.bin;0xF3B1;7C 17 CE C1;Ranunculus Flower Maiden, Ahsha
ai/083.bin;0xF3B1;15 6E A2 C8;Wisteria Knight
ai/083.bin;0xF3B1;AB 51 A7 CB;AI(%d) : レシピ (フラグ:%08x)
ai/083.bin;0xF3B1;E7 A8 96 D6;Tempest Stealth Rogue, Fuuki
ai/083.bin;0xF3B1;D7 DA C1 D6;AI(%d) : 思考開始 (行動カテゴリ:%d)
ai/083.bin;0xF3B1;7C 46 0A D9;Stealth Dragon, Dreadmaster
ai/083.bin;0xF3B1;6B 1D DB DC;Machining Mosquito mkII
ai/083.bin;0xF3B1;66 28 38 E1;Stealth Fiend, Mashiromomen
ai/083.bin;0xF3B1;69 E8 61 E1;オーバーロード
ai/083.bin;0xF3B1;7D 1F 65 E6;Beast Deity, Night Jackal
ai/083.bin;0xF3B1;57 CD 2E E8;    
ai/083.bin;0xF3B1;CC 1A C6 E8;AI未設定 : attrib = %s
ai/083.bin;0xF3B1;39 17 8B F0;Starry Skies Liberator, Guinevere
ai/083.bin;0xF3B1;4B 16 BE F0;Knight of Frevor, Hector
ai/083.bin;0xF3B1;BF 43 2B F1;  アタッカー : %s
ai/083.bin;0xF3B1;27 25 50 F1;Bear Down Samurai
ai/083.bin;0xF3B1;9E FD 8E F3;Stealth Dragon, Kokujyo
ai/083.bin;0xF3B1;FC B0 EB F6;Purification Regalia, Pure Angel
ai/083.bin;0xF3B1;89 20 23 F8;下
ai/083.bin;0xF3B1;DD 4C B3 F8;ターン開始 AI(%d)
ai/084.bin;0xFF65;DC A5 CF 01;  クインテットウォール : %d/%d枚
ai/084.bin;0xFF65;51 5B 2F 06;Hexagonal Magus
ai/084.bin;0xFF65;DD 9F CC 07;Blue Storm Dragon, Maelstrom
ai/084.bin;0xFF65;8D 9F AA 08;  シールドの要求値 : 
ai/084.bin;0xFF65;76 AE E0 09;Dragonic Overlord "The Яe-birth" (Trigger)
ai/084.bin;0xFF65;02 DC 8B 0D;Mond Blaukluger
ai/084.bin;0xFF65;B1 2D 5D 0E;  対象のパワー : %d(%d)%s
ai/084.bin;0xFF65;B2 AF 4D 10;Grim Revenger
ai/084.bin;0xFF65;24 A1 3B 11;Rising Lionet
ai/084.bin;0xFF65;CA 98 65 11;Mythic Beast, Fenrir
ai/084.bin;0xFF65;2F 96 22 12;Dancing Wolf
ai/084.bin;0xFF65;2F CE 1C 13;Goddess of Flower Divination, Sakuya
ai/084.bin;0xFF65;9F 3C 4E 15; + %d
ai/084.bin;0xFF65;26 7B 30 1A;Cat Butler
ai/084.bin;0xFF65;8D 20 89 1A;AI未設定 : %s %d
ai/084.bin;0xFF65;49 58 50 21;Dimensional Robo, Daijet
ai/084.bin;0xFF65;8E BC BB 21;  シールドの目標値 : 
ai/084.bin;0xFF65;50 41 74 23;Hope Child, Turiel
ai/084.bin;0xFF65;39 5F 97 27;Promising Knight, David
ai/084.bin;0xFF65;BE 51 F9 27;Ravenous Dragon, Battlerex
ai/084.bin;0xFF65;F7 2E E0 29;～%d
ai/084.bin;0xFF65;A6 8F 2A 2A;Brawler, Fighting Dracokid
ai/084.bin;0xFF65;3A A3 DC 2C;Dark Knight, Efnysien
ai/084.bin;0xFF65;44 62 0C 2D;Soundless Archer, Conductance
ai/084.bin;0xFF65;14 30 63 2D;!!!! AI ERROR !!!!\n  
ai/084.bin;0xFF65;EE 81 9E 32;Titan of the Capturing Arm
ai/084.bin;0xFF65;C5 4D EE 32;Blaster Dark "Diablo"
ai/084.bin;0xFF65;F1 28 16 33;枚しか選んでいない
ai/084.bin;0xFF65;BC 1F 35 33;  ブースター : %s
ai/084.bin;0xFF65;0F 84 8F 33;Moonlight Witch, Vaha
ai/084.bin;0xFF65;B8 BC F2 37;Ambush Demon Stealth Rogue, Kagamijishi
ai/084.bin;0xFF65;6E 42 D6 38;AI(%d) : アタック情報
ai/084.bin;0xFF65;B3 AD 45 3A;ブラスター
ai/084.bin;0xFF65;DD A7 77 3D;Nullity Revenger, Masquerade
ai/084.bin;0xFF65;5F 07 F5 3E;Witch of Choices, Eriu
ai/084.bin;0xFF65;2B 9E 47 42;Witch of Nostrum, Arianrhod
ai/084.bin;0xFF65;03 D4 54 45; ヒットされない
ai/084.bin;0xFF65;2D 3A A7 45;AI(%d) : ガードステップ情報
ai/084.bin;0xFF65;EF 54 31 46;Illusionary Revenger, Mordred Phantom
ai/084.bin;0xFF65;2C A5 7B 4D;枚選択する必要があるが、
ai/084.bin;0xFF65;9F A5 E0 4F;CEO Amaterasu
ai/084.bin;0xFF65;3A D0 5B 51;Exxtreme Battler, Victor
ai/084.bin;0xFF65;A6 11 33 52;Dark Dragon, Phantom Blaster "Diablo"
ai/084.bin;0xFF65;3C E0 6F 55;Dragonic Overlord (Break Ride)
ai/084.bin;0xFF65;F3 FD F6 55;Revenger, Dragruler Phantom
ai/084.bin;0xFF65;DE C1 45 56;解放者
ai/084.bin;0xFF65;F7 6D 78 57;Stamp Sea Otter
ai/084.bin;0xFF65;3C 63 E3 57;Skull Witch, Nemain
ai/084.bin;0xFF65;01 E1 BA 59;Barrier Troop Revenger, Dorint
ai/084.bin;0xFF65;C5 AF 0D 60;Crimson Roar, Metatron
ai/084.bin;0xFF65;47 87 68 63;AI(%d) : 思考時間 %.3f秒 (行動カテゴリ:%d)
ai/084.bin;0xFF65;55 C8 81 63;  完全ガード : %d/%d枚
ai/084.bin;0xFF65;42 D7 DA 63;  ガーディアン候補
ai/084.bin;0xFF65;8D 22 86 67;Dark Revenger, Mac Lir
ai/084.bin;0xFF65;33 8E E7 69;Duo True Sister, Meer
ai/084.bin;0xFF65;15 8A 2F 6B;Revenger, Undead Angel
ai/084.bin;0xFF65;E8 83 60 6B;Daredevil Samurai
ai/084.bin;0xFF65;4B D4 AE 6B;  合計シールド : 
ai/084.bin;0xFF65;DC 4C 2C 6E;Flower Princess of Spring's Beginning, Primavera
ai/084.bin;0xFF65;11 E8 1D 70;Oracle Queen, Himiko
ai/084.bin;0xFF65;E4 FB 3C 72;Blue Storm Cadet, Anos
ai/084.bin;0xFF65;67 0C 7E 73;Revenger, Air Raid Dragon
ai/084.bin;0xFF65;29 EF C2 73;  対象(%d) : %s
ai/084.bin;0xFF65;26 5F AB 75;Tempting Revenger, Finegas
ai/084.bin;0xFF65;7C 3A 8B 81;Liberator, Burning Blow
ai/084.bin;0xFF65;32 BE C2 83;True Revenger, Dragruler Revenant
ai/084.bin;0xFF65;DA 63 6D 85;Dimensional Robo, Daibrave
ai/084.bin;0xFF65;46 DE 4B 88;Dark Metal Dragon
ai/084.bin;0xFF65;6A D5 6E 8A;Katanaraizer
ai/084.bin;0xFF65;A0 D8 63 8D;Great Cosmic Hero, Grandgallop
ai/084.bin;0xFF65;1F 10 24 8F;上
ai/084.bin;0xFF65;6C E6 93 8F;Pitch Black Sage, Charon
ai/084.bin;0xFF65;BB E2 E9 90;Immortal, Asura Kaiser
ai/084.bin;0xFF65;13 6B 27 93;Dark Cloak Revenger, Tartu
ai/084.bin;0xFF65;E1 26 37 94;Demonic Dragon Berserker, Chatura
ai/084.bin;0xFF65;6A 0F 95 94;  アタッカーのパワー : %d(%d)
ai/084.bin;0xFF65;7F BB 35 95;Supreme Heavenly Emperor Dragon, Dragonic Overlord "the Ace"
ai/084.bin;0xFF65;CB D9 F4 98;Judgebau Revenger
ai/084.bin;0xFF65;0C DD 47 9B;Battle Sister, Parfait
ai/084.bin;0xFF65;1A 2D D2 9C;Myth Guard, Fomalhaut
ai/084.bin;0xFF65;69 08 3B A2;Blue Wave Dragon, Tetra-drive Dragon
ai/084.bin;0xFF65;F1 51 AA A2;Steam Fighter, Balih
ai/084.bin;0xFF65;A4 F3 D7 A7;  アタッカーのクリティカル : %d
ai/084.bin;0xFF65;BD FD F6 A7;Extreme Battler, Runbhol
ai/084.bin;0xFF65;B9 2A FF AB;Healing Revenger
ai/084.bin;0xFF65;9F 77 42 AC;Flare Whip Dragon
ai/084.bin;0xFF65;A3 70 B0 B3;Revenger, Bloodmaster
ai/084.bin;0xFF65;39 6A 36 B5;Hyper Metalborg, Heavyduke
ai/084.bin;0xFF65;F7 48 21 B9;Dragon Knight, Jaral
ai/084.bin;0xFF65;88 EF 6D BC;Enigman Tornado
ai/084.bin;0xFF65;ED F8 CC BD;Final Wrench
ai/084.bin;0xFF65;11 9F 48 BE;Shura Stealth Dragon, Daranicongo
ai/084.bin;0xFF65;CF AA 4F C1;Perdition Dragon, Dragonic Neoflame
ai/084.bin;0xFF65;7C 17 CE C1;Ranunculus Flower Maiden, Ahsha
ai/084.bin;0xFF65;15 6E A2 C8;Wisteria Knight
ai/084.bin;0xFF65;AB 51 A7 CB;AI(%d) : レシピ (フラグ:%08x)
ai/084.bin;0xFF65;D7 DA C1 D6;AI(%d) : 思考開始 (行動カテゴリ:%d)
ai/084.bin;0xFF65;7C 46 0A D9;Stealth Dragon, Dreadmaster
ai/084.bin;0xFF65;6B 1D DB DC;Machining Mosquito mkII
ai/084.bin;0xFF65;69 E8 61 E1;オーバーロード
ai/084.bin;0xFF65;F5 53 42 E6;Transient Revenger, Masquerade
ai/084.bin;0xFF65;7D 1F 65 E6;Beast Deity, Night Jackal
ai/084.bin;0xFF65;57 CD 2E E8;    
ai/084.bin;0xFF65;CC 1A C6 E8;AI未設定 : attrib = %s
ai/084.bin;0xFF65;CC 72 D5 E8;撃退者
ai/084.bin;0xFF65;CA DF F8 ED;Blaster Dark Revenger (No Ability)
ai/084.bin;0xFF65;39 17 8B F0;Starry Skies Liberator, Guinevere
ai/084.bin;0xFF65;4B 16 BE F0;Knight of Frevor, Hector
ai/084.bin;0xFF65;BF 43 2B F1;  アタッカー : %s
ai/084.bin;0xFF65;27 25 50 F1;Bear Down Samurai
ai/084.bin;0xFF65;FC B0 EB F6;Purification Regalia, Pure Angel
ai/084.bin;0xFF65;89 20 23 F8;下
ai/084.bin;0xFF65;DD 4C B3 F8;ターン開始 AI(%d)
ai/085.bin;0x113C1;DC A5 CF 01;  クインテットウォール : %d/%d枚
ai/085.bin;0x113C1;51 5B 2F 06;Hexagonal Magus
ai/085.bin;0x113C1;DD 9F CC 07;Blue Storm Dragon, Maelstrom
ai/085.bin;0x113C1;8D 9F AA 08;  シールドの要求値 : 
ai/085.bin;0x113C1;76 AE E0 09;Dragonic Overlord "The Яe-birth" (Trigger)
ai/085.bin;0x113C1;02 DC 8B 0D;Mond Blaukluger
ai/085.bin;0x113C1;B1 2D 5D 0E;  対象のパワー : %d(%d)%s
ai/085.bin;0x113C1;B2 AF 4D 10;Grim Revenger
ai/085.bin;0x113C1;24 A1 3B 11;Rising Lionet
ai/085.bin;0x113C1;CA 98 65 11;Mythic Beast, Fenrir
ai/085.bin;0x113C1;2F 96 22 12;Dancing Wolf
ai/085.bin;0x113C1;2F CE 1C 13;Goddess of Flower Divination, Sakuya
ai/085.bin;0x113C1;9F 3C 4E 15; + %d
ai/085.bin;0x113C1;26 7B 30 1A;Cat Butler
ai/085.bin;0x113C1;8D 20 89 1A;AI未設定 : %s %d
ai/085.bin;0x113C1;49 58 50 21;Dimensional Robo, Daijet
ai/085.bin;0x113C1;8E BC BB 21;  シールドの目標値 : 
ai/085.bin;0x113C1;50 41 74 23;Hope Child, Turiel
ai/085.bin;0x113C1;39 5F 97 27;Promising Knight, David
ai/085.bin;0x113C1;BE 51 F9 27;Ravenous Dragon, Battlerex
ai/085.bin;0x113C1;F7 2E E0 29;～%d
ai/085.bin;0x113C1;A6 8F 2A 2A;Brawler, Fighting Dracokid
ai/085.bin;0x113C1;44 62 0C 2D;Soundless Archer, Conductance
ai/085.bin;0x113C1;14 30 63 2D;!!!! AI ERROR !!!!\n  
ai/085.bin;0x113C1;EE 81 9E 32;Titan of the Capturing Arm
ai/085.bin;0x113C1;C5 4D EE 32;Blaster Dark "Diablo"
ai/085.bin;0x113C1;F1 28 16 33;枚しか選んでいない
ai/085.bin;0x113C1;BC 1F 35 33;  ブースター : %s
ai/085.bin;0x113C1;0F 84 8F 33;Moonlight Witch, Vaha
ai/085.bin;0x113C1;B8 BC F2 37;Ambush Demon Stealth Rogue, Kagamijishi
ai/085.bin;0x113C1;6E 42 D6 38;AI(%d) : アタック情報
ai/085.bin;0x113C1;B3 AD 45 3A;ブラスター
ai/085.bin;0x113C1;C6 A9 14 3C;Dark Heart Trumpeter
ai/085.bin;0x113C1;5F 07 F5 3E;Witch of Choices, Eriu
ai/085.bin;0x113C1;2B 9E 47 42;Witch of Nostrum, Arianrhod
ai/085.bin;0x113C1;03 D4 54 45; ヒットされない
ai/085.bin;0x113C1;2D 3A A7 45;AI(%d) : ガードステップ情報
ai/085.bin;0x113C1;2C A5 7B 4D;枚選択する必要があるが、
ai/085.bin;0x113C1;CF DA 8A 4E;Blaster Dark Revenger "Abyss"
ai/085.bin;0x113C1;9F A5 E0 4F;CEO Amaterasu
ai/085.bin;0x113C1;3A D0 5B 51;Exxtreme Battler, Victor
ai/085.bin;0x113C1;A6 11 33 52;Dark Dragon, Phantom Blaster "Diablo"
ai/085.bin;0x113C1;3C E0 6F 55;Dragonic Overlord (Break Ride)
ai/085.bin;0x113C1;DE C1 45 56;解放者
ai/085.bin;0x113C1;F7 6D 78 57;Stamp Sea Otter
ai/085.bin;0x113C1;25 AD DE 57;Revenger, Dark Bond Trumpeter
ai/085.bin;0x113C1;3C 63 E3 57;Skull Witch, Nemain
ai/085.bin;0x113C1;32 4C 96 58;Black-winged Swordbreaker
ai/085.bin;0x113C1;01 E1 BA 59;Barrier Troop Revenger, Dorint
ai/085.bin;0x113C1;C5 AF 0D 60;Crimson Roar, Metatron
ai/085.bin;0x113C1;47 87 68 63;AI(%d) : 思考時間 %.3f秒 (行動カテゴリ:%d)
ai/085.bin;0x113C1;55 C8 81 63;  完全ガード : %d/%d枚
ai/085.bin;0x113C1;42 D7 DA 63;  ガーディアン候補
ai/085.bin;0x113C1;8D 22 86 67;Dark Revenger, Mac Lir
ai/085.bin;0x113C1;33 8E E7 69;Duo True Sister, Meer
ai/085.bin;0x113C1;7C 70 E9 6A;Dark Night Maiden, Macha
ai/085.bin;0x113C1;15 8A 2F 6B;Revenger, Undead Angel
ai/085.bin;0x113C1;E8 83 60 6B;Daredevil Samurai
ai/085.bin;0x113C1;4B D4 AE 6B;  合計シールド : 
ai/085.bin;0x113C1;DC 4C 2C 6E;Flower Princess of Spring's Beginning, Primavera
ai/085.bin;0x113C1;11 E8 1D 70;Oracle Queen, Himiko
ai/085.bin;0x113C1;E4 FB 3C 72;Blue Storm Cadet, Anos
ai/085.bin;0x113C1;67 0C 7E 73;Revenger, Air Raid Dragon
ai/085.bin;0x113C1;29 EF C2 73;  対象(%d) : %s
ai/085.bin;0x113C1;7C 3A 8B 81;Liberator, Burning Blow
ai/085.bin;0x113C1;32 BE C2 83;True Revenger, Dragruler Revenant
ai/085.bin;0x113C1;DA 63 6D 85;Dimensional Robo, Daibrave
ai/085.bin;0x113C1;46 DE 4B 88;Dark Metal Dragon
ai/085.bin;0x113C1;6A D5 6E 8A;Katanaraizer
ai/085.bin;0x113C1;A0 D8 63 8D;Great Cosmic Hero, Grandgallop
ai/085.bin;0x113C1;1F 10 24 8F;上
ai/085.bin;0x113C1;6C E6 93 8F;Pitch Black Sage, Charon
ai/085.bin;0x113C1;BB E2 E9 90;Immortal, Asura Kaiser
ai/085.bin;0x113C1;E1 26 37 94;Demonic Dragon Berserker, Chatura
ai/085.bin;0x113C1;6A 0F 95 94;  アタッカーのパワー : %d(%d)
ai/085.bin;0x113C1;7F BB 35 95;Supreme Heavenly Emperor Dragon, Dragonic Overlord "the Ace"
ai/085.bin;0x113C1;CB D9 F4 98;Judgebau Revenger
ai/085.bin;0x113C1;0C DD 47 9B;Battle Sister, Parfait
ai/085.bin;0x113C1;1A 2D D2 9C;Myth Guard, Fomalhaut
ai/085.bin;0x113C1;69 08 3B A2;Blue Wave Dragon, Tetra-drive Dragon
ai/085.bin;0x113C1;F1 51 AA A2;Steam Fighter, Balih
ai/085.bin;0x113C1;A4 F3 D7 A7;  アタッカーのクリティカル : %d
ai/085.bin;0x113C1;BD FD F6 A7;Extreme Battler, Runbhol
ai/085.bin;0x113C1;B9 2A FF AB;Healing Revenger
ai/085.bin;0x113C1;9F 77 42 AC;Flare Whip Dragon
ai/085.bin;0x113C1;A3 70 B0 B3;Revenger, Bloodmaster
ai/085.bin;0x113C1;39 6A 36 B5;Hyper Metalborg, Heavyduke
ai/085.bin;0x113C1;F7 48 21 B9;Dragon Knight, Jaral
ai/085.bin;0x113C1;88 EF 6D BC;Enigman Tornado
ai/085.bin;0x113C1;ED F8 CC BD;Final Wrench
ai/085.bin;0x113C1;11 9F 48 BE;Shura Stealth Dragon, Daranicongo
ai/085.bin;0x113C1;CF AA 4F C1;Perdition Dragon, Dragonic Neoflame
ai/085.bin;0x113C1;7C 17 CE C1;Ranunculus Flower Maiden, Ahsha
ai/085.bin;0x113C1;15 6E A2 C8;Wisteria Knight
ai/085.bin;0x113C1;AB 51 A7 CB;AI(%d) : レシピ (フラグ:%08x)
ai/085.bin;0x113C1;53 5F 5A D0;Dark Knight, Grim Recruiter
ai/085.bin;0x113C1;D7 DA C1 D6;AI(%d) : 思考開始 (行動カテゴリ:%d)
ai/085.bin;0x113C1;7C 46 0A D9;Stealth Dragon, Dreadmaster
ai/085.bin;0x113C1;6B 1D DB DC;Machining Mosquito mkII
ai/085.bin;0x113C1;D7 53 47 DF;Revenger, Phantom Blaster "Abyss"
ai/085.bin;0x113C1;69 E8 61 E1;オーバーロード
ai/085.bin;0x113C1;F5 53 42 E6;Transient Revenger, Masquerade
ai/085.bin;0x113C1;7D 1F 65 E6;Beast Deity, Night Jackal
ai/085.bin;0x113C1;57 CD 2E E8;    
ai/085.bin;0x113C1;CC 1A C6 E8;AI未設定 : attrib = %s
ai/085.bin;0x113C1;CC 72 D5 E8;撃退者
ai/085.bin;0x113C1;CA DF F8 ED;Blaster Dark Revenger (No Ability)
ai/085.bin;0x113C1;39 17 8B F0;Starry Skies Liberator, Guinevere
ai/085.bin;0x113C1;4B 16 BE F0;Knight of Frevor, Hector
ai/085.bin;0x113C1;BF 43 2B F1;  アタッカー : %s
ai/085.bin;0x113C1;27 25 50 F1;Bear Down Samurai
ai/085.bin;0x113C1;FC B0 EB F6;Purification Regalia, Pure Angel
ai/085.bin;0x113C1;89 20 23 F8;下
ai/085.bin;0x113C1;DD 4C B3 F8;ターン開始 AI(%d)
ai/086.bin;0x10882;DC A5 CF 01;  クインテットウォール : %d/%d枚
ai/086.bin;0x10882;51 5B 2F 06;Hexagonal Magus
ai/086.bin;0x10882;DD 9F CC 07;Blue Storm Dragon, Maelstrom
ai/086.bin;0x10882;8D 9F AA 08;  シールドの要求値 : 
ai/086.bin;0x10882;76 AE E0 09;Dragonic Overlord "The Яe-birth" (Trigger)
ai/086.bin;0x10882;02 DC 8B 0D;Mond Blaukluger
ai/086.bin;0x10882;B1 2D 5D 0E;  対象のパワー : %d(%d)%s
ai/086.bin;0x10882;24 A1 3B 11;Rising Lionet
ai/086.bin;0x10882;CA 98 65 11;Mythic Beast, Fenrir
ai/086.bin;0x10882;2F 96 22 12;Dancing Wolf
ai/086.bin;0x10882;2F CE 1C 13;Goddess of Flower Divination, Sakuya
ai/086.bin;0x10882;9F 3C 4E 15; + %d
ai/086.bin;0x10882;26 7B 30 1A;Cat Butler
ai/086.bin;0x10882;8D 20 89 1A;AI未設定 : %s %d
ai/086.bin;0x10882;C3 29 5A 20;Miracle of Luna Square, Clifford
ai/086.bin;0x10882;49 58 50 21;Dimensional Robo, Daijet
ai/086.bin;0x10882;8E BC BB 21;  シールドの目標値 : 
ai/086.bin;0x10882;13 93 8B 22;Silver Thorn Assistant, Zelma
ai/086.bin;0x10882;50 41 74 23;Hope Child, Turiel
ai/086.bin;0x10882;39 5F 97 27;Promising Knight, David
ai/086.bin;0x10882;BE 51 F9 27;Ravenous Dragon, Battlerex
ai/086.bin;0x10882;F7 2E E0 29;～%d
ai/086.bin;0x10882;A6 8F 2A 2A;Brawler, Fighting Dracokid
ai/086.bin;0x10882;44 62 0C 2D;Soundless Archer, Conductance
ai/086.bin;0x10882;14 30 63 2D;!!!! AI ERROR !!!!\n  
ai/086.bin;0x10882;EE 81 9E 32;Titan of the Capturing Arm
ai/086.bin;0x10882;C5 4D EE 32;Blaster Dark "Diablo"
ai/086.bin;0x10882;F1 28 16 33;枚しか選んでいない
ai/086.bin;0x10882;BC 1F 35 33;  ブースター : %s
ai/086.bin;0x10882;00 12 6E 36;Silver Thorn Assistant, Ionela
ai/086.bin;0x10882;B8 BC F2 37;Ambush Demon Stealth Rogue, Kagamijishi
ai/086.bin;0x10882;6E 42 D6 38;AI(%d) : アタック情報
ai/086.bin;0x10882;B3 AD 45 3A;ブラスター
ai/086.bin;0x10882;03 D4 54 45; ヒットされない
ai/086.bin;0x10882;2D 3A A7 45;AI(%d) : ガードステップ情報
ai/086.bin;0x10882;2C A5 7B 4D;枚選択する必要があるが、
ai/086.bin;0x10882;9F A5 E0 4F;CEO Amaterasu
ai/086.bin;0x10882;3A D0 5B 51;Exxtreme Battler, Victor
ai/086.bin;0x10882;A6 11 33 52;Dark Dragon, Phantom Blaster "Diablo"
ai/086.bin;0x10882;A5 55 77 53;Silver Thorn Hypnos, Lydia
ai/086.bin;0x10882;3C E0 6F 55;Dragonic Overlord (Break Ride)
ai/086.bin;0x10882;DE C1 45 56;解放者
ai/086.bin;0x10882;F7 6D 78 57;Stamp Sea Otter
ai/086.bin;0x10882;C5 AF 0D 60;Crimson Roar, Metatron
ai/086.bin;0x10882;47 87 68 63;AI(%d) : 思考時間 %.3f秒 (行動カテゴリ:%d)
ai/086.bin;0x10882;55 C8 81 63;  完全ガード : %d/%d枚
ai/086.bin;0x10882;42 D7 DA 63;  ガーディアン候補
ai/086.bin;0x10882;33 8E E7 69;Duo True Sister, Meer
ai/086.bin;0x10882;E8 83 60 6B;Daredevil Samurai
ai/086.bin;0x10882;4B D4 AE 6B;  合計シールド : 
ai/086.bin;0x10882;DC 4C 2C 6E;Flower Princess of Spring's Beginning, Primavera
ai/086.bin;0x10882;11 E8 1D 70;Oracle Queen, Himiko
ai/086.bin;0x10882;FE 90 FB 70;Silver Thorn, Upright Lion
ai/086.bin;0x10882;E4 FB 3C 72;Blue Storm Cadet, Anos
ai/086.bin;0x10882;29 EF C2 73;  対象(%d) : %s
ai/086.bin;0x10882;EC 7D F3 7C;Silver Thorn Dragon Tamer, Luquier (Stride Bonus)
ai/086.bin;0x10882;8C 76 15 7D;Silver Thorn Beast Tamer, Maricica
ai/086.bin;0x10882;21 C0 DF 80;Silver Thorn, Rising Dragon
ai/086.bin;0x10882;7C 3A 8B 81;Liberator, Burning Blow
ai/086.bin;0x10882;DA 63 6D 85;Dimensional Robo, Daibrave
ai/086.bin;0x10882;46 DE 4B 88;Dark Metal Dragon
ai/086.bin;0x10882;6A D5 6E 8A;Katanaraizer
ai/086.bin;0x10882;A0 D8 63 8D;Great Cosmic Hero, Grandgallop
ai/086.bin;0x10882;93 66 DD 8E;Silver Thorn, Breathing Dragon
ai/086.bin;0x10882;1F 10 24 8F;上
ai/086.bin;0x10882;6C E6 93 8F;Pitch Black Sage, Charon
ai/086.bin;0x10882;BB E2 E9 90;Immortal, Asura Kaiser
ai/086.bin;0x10882;E1 26 37 94;Demonic Dragon Berserker, Chatura
ai/086.bin;0x10882;A0 A4 88 94;Silver Thorn Marionette, Natasha
ai/086.bin;0x10882;6A 0F 95 94;  アタッカーのパワー : %d(%d)
ai/086.bin;0x10882;7F BB 35 95;Supreme Heavenly Emperor Dragon, Dragonic Overlord "the Ace"
ai/086.bin;0x10882;0C DD 47 9B;Battle Sister, Parfait
ai/086.bin;0x10882;BC 4C A6 9C;銀の茨
ai/086.bin;0x10882;1A 2D D2 9C;Myth Guard, Fomalhaut
ai/086.bin;0x10882;69 08 3B A2;Blue Wave Dragon, Tetra-drive Dragon
ai/086.bin;0x10882;F1 51 AA A2;Steam Fighter, Balih
ai/086.bin;0x10882;A4 F3 D7 A7;  アタッカーのクリティカル : %d
ai/086.bin;0x10882;BD FD F6 A7;Extreme Battler, Runbhol
ai/086.bin;0x10882;98 72 4A AA;Silver Thorn Dragon Master, Mystique Luquier
ai/086.bin;0x10882;3C 14 F3 AA;Silver Thorn Dragon Empress, Venus Luquier
ai/086.bin;0x10882;9F 77 42 AC;Flare Whip Dragon
ai/086.bin;0x10882;DC 8C AB AC;Fire Breeze, Carrie
ai/086.bin;0x10882;39 6A 36 B5;Hyper Metalborg, Heavyduke
ai/086.bin;0x10882;F7 48 21 B9;Dragon Knight, Jaral
ai/086.bin;0x10882;88 EF 6D BC;Enigman Tornado
ai/086.bin;0x10882;ED F8 CC BD;Final Wrench
ai/086.bin;0x10882;11 9F 48 BE;Shura Stealth Dragon, Daranicongo
ai/086.bin;0x10882;D0 CE 85 BF;Poison Juggler
ai/086.bin;0x10882;CF AA 4F C1;Perdition Dragon, Dragonic Neoflame
ai/086.bin;0x10882;7C 17 CE C1;Ranunculus Flower Maiden, Ahsha
ai/086.bin;0x10882;15 6E A2 C8;Wisteria Knight
ai/086.bin;0x10882;90 9C 38 CB;Drawing Dread
ai/086.bin;0x10882;AB 51 A7 CB;AI(%d) : レシピ (フラグ:%08x)
ai/086.bin;0x10882;6B 08 5A D0;Silver Thorn, Barking Dragon
ai/086.bin;0x10882;A2 F2 DC D4;Silver Thorn Assistant, Irina
ai/086.bin;0x10882;D7 DA C1 D6;AI(%d) : 思考開始 (行動カテゴリ:%d)
ai/086.bin;0x10882;7C 46 0A D9;Stealth Dragon, Dreadmaster
ai/086.bin;0x10882;6B 1D DB DC;Machining Mosquito mkII
ai/086.bin;0x10882;69 E8 61 E1;オーバーロード
ai/086.bin;0x10882;7D 1F 65 E6;Beast Deity, Night Jackal
ai/086.bin;0x10882;57 CD 2E E8;    
ai/086.bin;0x10882;CC 1A C6 E8;AI未設定 : attrib = %s
ai/086.bin;0x10882;C7 3C 1C EE;Silver Thorn Beast Tamer, Ana
ai/086.bin;0x10882;39 17 8B F0;Starry Skies Liberator, Guinevere
ai/086.bin;0x10882;4B 16 BE F0;Knight of Frevor, Hector
ai/086.bin;0x10882;BF 43 2B F1;  アタッカー : %s
ai/086.bin;0x10882;27 25 50 F1;Bear Down Samurai
ai/086.bin;0x10882;37 CA 90 F3;Egg Juggler
ai/086.bin;0x10882;D1 1B 7A F4;Silver Thorn Juggler, Nadia
ai/086.bin;0x10882;FC B0 EB F6;Purification Regalia, Pure Angel
ai/086.bin;0x10882;89 20 23 F8;下
ai/086.bin;0x10882;DD 4C B3 F8;ターン開始 AI(%d)
ai/087.bin;0x100AC;DC A5 CF 01;  クインテットウォール : %d/%d枚
ai/087.bin;0x100AC;51 5B 2F 06;Hexagonal Magus
ai/087.bin;0x100AC;DD 9F CC 07;Blue Storm Dragon, Maelstrom
ai/087.bin;0x100AC;8D 9F AA 08;  シールドの要求値 : 
ai/087.bin;0x100AC;76 AE E0 09;Dragonic Overlord "The Яe-birth" (Trigger)
ai/087.bin;0x100AC;F5 FE 9B 0B;Amon's Follower, Hell's Draw
ai/087.bin;0x100AC;02 DC 8B 0D;Mond Blaukluger
ai/087.bin;0x100AC;B1 2D 5D 0E;  対象のパワー : %d(%d)%s
ai/087.bin;0x100AC;46 3A 98 0E;Flying Librarian
ai/087.bin;0x100AC;24 A1 3B 11;Rising Lionet
ai/087.bin;0x100AC;CA 98 65 11;Mythic Beast, Fenrir
ai/087.bin;0x100AC;2F 96 22 12;Dancing Wolf
ai/087.bin;0x100AC;2F CE 1C 13;Goddess of Flower Divination, Sakuya
ai/087.bin;0x100AC;9F 3C 4E 15; + %d
ai/087.bin;0x100AC;26 7B 30 1A;Cat Butler
ai/087.bin;0x100AC;8D 20 89 1A;AI未設定 : %s %d
ai/087.bin;0x100AC;49 58 50 21;Dimensional Robo, Daijet
ai/087.bin;0x100AC;8E BC BB 21;  シールドの目標値 : 
ai/087.bin;0x100AC;50 41 74 23;Hope Child, Turiel
ai/087.bin;0x100AC;AE A3 BF 26;Amon's Follower, Hell's Deal
ai/087.bin;0x100AC;9C 4B E1 26;Love Tempest, Kisskill Lira
ai/087.bin;0x100AC;39 5F 97 27;Promising Knight, David
ai/087.bin;0x100AC;BE 51 F9 27;Ravenous Dragon, Battlerex
ai/087.bin;0x100AC;F7 2E E0 29;～%d
ai/087.bin;0x100AC;A6 8F 2A 2A;Brawler, Fighting Dracokid
ai/087.bin;0x100AC;D6 8D 8A 2C;Amon's Follower, Psychic Waitress
ai/087.bin;0x100AC;E7 24 00 2D;!!!!! soul:[%d->%d]
ai/087.bin;0x100AC;44 62 0C 2D;Soundless Archer, Conductance
ai/087.bin;0x100AC;14 30 63 2D;!!!! AI ERROR !!!!\n  
ai/087.bin;0x100AC;EE 81 9E 32;Titan of the Capturing Arm
ai/087.bin;0x100AC;C5 4D EE 32;Blaster Dark "Diablo"
ai/087.bin;0x100AC;F1 28 16 33;枚しか選んでいない
ai/087.bin;0x100AC;BC 1F 35 33;  ブースター : %s
ai/087.bin;0x100AC;AE 97 95 34;Abominable One, Gilles de Rais
ai/087.bin;0x100AC;B8 BC F2 37;Ambush Demon Stealth Rogue, Kagamijishi
ai/087.bin;0x100AC;C1 A0 B8 38;Amon's Follower, Hell's Trick
ai/087.bin;0x100AC;6E 42 D6 38;AI(%d) : アタック情報
ai/087.bin;0x100AC;B3 AD 45 3A;ブラスター
ai/087.bin;0x100AC;1B 39 6F 3C;Amon's Follower, Hell's Nail
ai/087.bin;0x100AC;03 D4 54 45; ヒットされない
ai/087.bin;0x100AC;2D 3A A7 45;AI(%d) : ガードステップ情報
ai/087.bin;0x100AC;2C A5 7B 4D;枚選択する必要があるが、
ai/087.bin;0x100AC;9F A5 E0 4F;CEO Amaterasu
ai/087.bin;0x100AC;3A D0 5B 51;Exxtreme Battler, Victor
ai/087.bin;0x100AC;A6 11 33 52;Dark Dragon, Phantom Blaster "Diablo"
ai/087.bin;0x100AC;3C E0 6F 55;Dragonic Overlord (Break Ride)
ai/087.bin;0x100AC;DE C1 45 56;解放者
ai/087.bin;0x100AC;F7 6D 78 57;Stamp Sea Otter
ai/087.bin;0x100AC;42 E6 8C 58;Doreen the Thruster
ai/087.bin;0x100AC;C5 AF 0D 60;Crimson Roar, Metatron
ai/087.bin;0x100AC;47 87 68 63;AI(%d) : 思考時間 %.3f秒 (行動カテゴリ:%d)
ai/087.bin;0x100AC;55 C8 81 63;  完全ガード : %d/%d枚
ai/087.bin;0x100AC;42 D7 DA 63;  ガーディアン候補
ai/087.bin;0x100AC;33 8E E7 69;Duo True Sister, Meer
ai/087.bin;0x100AC;E8 83 60 6B;Daredevil Samurai
ai/087.bin;0x100AC;4B D4 AE 6B;  合計シールド : 
ai/087.bin;0x100AC;FE 13 3B 6D;Hysteric Shirley
ai/087.bin;0x100AC;DC 4C 2C 6E;Flower Princess of Spring's Beginning, Primavera
ai/087.bin;0x100AC;11 E8 1D 70;Oracle Queen, Himiko
ai/087.bin;0x100AC;E4 FB 3C 72;Blue Storm Cadet, Anos
ai/087.bin;0x100AC;29 EF C2 73;  対象(%d) : %s
ai/087.bin;0x100AC;DC C4 0E 74;Demon World Marquis, Amon
ai/087.bin;0x100AC;7C 3A 8B 81;Liberator, Burning Blow
ai/087.bin;0x100AC;14 C1 EF 83;Amon's Follower, Cruel Hand
ai/087.bin;0x100AC;DA 63 6D 85;Dimensional Robo, Daibrave
ai/087.bin;0x100AC;46 DE 4B 88;Dark Metal Dragon
ai/087.bin;0x100AC;6A D5 6E 8A;Katanaraizer
ai/087.bin;0x100AC;A0 D8 63 8D;Great Cosmic Hero, Grandgallop
ai/087.bin;0x100AC;1F 10 24 8F;上
ai/087.bin;0x100AC;6C E6 93 8F;Pitch Black Sage, Charon
ai/087.bin;0x100AC;BB E2 E9 90;Immortal, Asura Kaiser
ai/087.bin;0x100AC;E1 26 37 94;Demonic Dragon Berserker, Chatura
ai/087.bin;0x100AC;6A 0F 95 94;  アタッカーのパワー : %d(%d)
ai/087.bin;0x100AC;7F BB 35 95;Supreme Heavenly Emperor Dragon, Dragonic Overlord "the Ace"
ai/087.bin;0x100AC;BF 8F 01 97;Succubus of Pure Love
ai/087.bin;0x100AC;19 BF 10 9B;Amon's Leader, Astaroth
ai/087.bin;0x100AC;0C DD 47 9B;Battle Sister, Parfait
ai/087.bin;0x100AC;1A 2D D2 9C;Myth Guard, Fomalhaut
ai/087.bin;0x100AC;69 08 3B A2;Blue Wave Dragon, Tetra-drive Dragon
ai/087.bin;0x100AC;F1 51 AA A2;Steam Fighter, Balih
ai/087.bin;0x100AC;BF AD 1C A3;Amon's Talon, Marchocias
ai/087.bin;0x100AC;A4 F3 D7 A7;  アタッカーのクリティカル : %d
ai/087.bin;0x100AC;BD FD F6 A7;Extreme Battler, Runbhol
ai/087.bin;0x100AC;9F 77 42 AC;Flare Whip Dragon
ai/087.bin;0x100AC;4B 95 61 B0;Flag Breaker
ai/087.bin;0x100AC;38 23 F1 B3;アモン
ai/087.bin;0x100AC;39 6A 36 B5;Hyper Metalborg, Heavyduke
ai/087.bin;0x100AC;01 87 62 B5;Amon's Follower, Barmaid Grace
ai/087.bin;0x100AC;F7 48 21 B9;Dragon Knight, Jaral
ai/087.bin;0x100AC;D9 11 4F BB;Amon's Follower, Grausam
ai/087.bin;0x100AC;88 EF 6D BC;Enigman Tornado
ai/087.bin;0x100AC;ED F8 CC BD;Final Wrench
ai/087.bin;0x100AC;11 9F 48 BE;Shura Stealth Dragon, Daranicongo
ai/087.bin;0x100AC;CF AA 4F C1;Perdition Dragon, Dragonic Neoflame
ai/087.bin;0x100AC;7C 17 CE C1;Ranunculus Flower Maiden, Ahsha
ai/087.bin;0x100AC;15 6E A2 C8;Wisteria Knight
ai/087.bin;0x100AC;AB 51 A7 CB;AI(%d) : レシピ (フラグ:%08x)
ai/087.bin;0x100AC;D7 DA C1 D6;AI(%d) : 思考開始 (行動カテゴリ:%d)
ai/087.bin;0x100AC;7C 46 0A D9;Stealth Dragon, Dreadmaster
ai/087.bin;0x100AC;6B 1D DB DC;Machining Mosquito mkII
ai/087.bin;0x100AC;69 E8 61 E1;オーバーロード
ai/087.bin;0x100AC;7D 1F 65 E6;Beast Deity, Night Jackal
ai/087.bin;0x100AC;57 CD 2E E8;    
ai/087.bin;0x100AC;CC 1A C6 E8;AI未設定 : attrib = %s
ai/087.bin;0x100AC;39 17 8B F0;Starry Skies Liberator, Guinevere
ai/087.bin;0x100AC;4B 16 BE F0;Knight of Frevor, Hector
ai/087.bin;0x100AC;BF 43 2B F1;  アタッカー : %s
ai/087.bin;0x100AC;27 25 50 F1;Bear Down Samurai
ai/087.bin;0x100AC;FC B0 EB F6;Purification Regalia, Pure Angel
ai/087.bin;0x100AC;89 20 23 F8;下
ai/087.bin;0x100AC;DD 4C B3 F8;ターン開始 AI(%d)
ai/088.bin;0x10F09;DC A5 CF 01;  クインテットウォール : %d/%d枚
ai/088.bin;0x10F09;51 7E 68 03;Angler Soldier of the Blue Storm Fleet
ai/088.bin;0x10F09;51 5B 2F 06;Hexagonal Magus
ai/088.bin;0x10F09;DD 9F CC 07;Blue Storm Dragon, Maelstrom
ai/088.bin;0x10F09;8D 9F AA 08;  シールドの要求値 : 
ai/088.bin;0x10F09;76 AE E0 09;Dragonic Overlord "The Яe-birth" (Trigger)
ai/088.bin;0x10F09;02 DC 8B 0D;Mond Blaukluger
ai/088.bin;0x10F09;B1 2D 5D 0E;  対象のパワー : %d(%d)%s
ai/088.bin;0x10F09;24 A1 3B 11;Rising Lionet
ai/088.bin;0x10F09;CA 98 65 11;Mythic Beast, Fenrir
ai/088.bin;0x10F09;2F 96 22 12;Dancing Wolf
ai/088.bin;0x10F09;2F CE 1C 13;Goddess of Flower Divination, Sakuya
ai/088.bin;0x10F09;16 0E 9B 14;Blue Storm Soldier, Kitchen Sailor
ai/088.bin;0x10F09;9F 3C 4E 15; + %d
ai/088.bin;0x10F09;51 1C C6 16;Blue Storm Soldier, Tempest Blader
ai/088.bin;0x10F09;26 7B 30 1A;Cat Butler
ai/088.bin;0x10F09;8D 20 89 1A;AI未設定 : %s %d
ai/088.bin;0x10F09;53 C3 3F 1B;Battle Siren, Orthia
ai/088.bin;0x10F09;49 58 50 21;Dimensional Robo, Daijet
ai/088.bin;0x10F09;8E BC BB 21;  シールドの目標値 : 
ai/088.bin;0x10F09;50 41 74 23;Hope Child, Turiel
ai/088.bin;0x10F09;91 E8 D4 24;Blue Storm Marshal Dragon, Admiral Maelstrom
ai/088.bin;0x10F09;41 38 8B 27;Blue Storm Marine General, Gregorios
ai/088.bin;0x10F09;39 5F 97 27;Promising Knight, David
ai/088.bin;0x10F09;BE 51 F9 27;Ravenous Dragon, Battlerex
ai/088.bin;0x10F09;F7 2E E0 29;～%d
ai/088.bin;0x10F09;A6 8F 2A 2A;Brawler, Fighting Dracokid
ai/088.bin;0x10F09;44 62 0C 2D;Soundless Archer, Conductance
ai/088.bin;0x10F09;14 30 63 2D;!!!! AI ERROR !!!!\n  
ai/088.bin;0x10F09;EE 81 9E 32;Titan of the Capturing Arm
ai/088.bin;0x10F09;C5 4D EE 32;Blaster Dark "Diablo"
ai/088.bin;0x10F09;F1 28 16 33;枚しか選んでいない
ai/088.bin;0x10F09;BC 1F 35 33;  ブースター : %s
ai/088.bin;0x10F09;B8 BC F2 37;Ambush Demon Stealth Rogue, Kagamijishi
ai/088.bin;0x10F09;6E 42 D6 38;AI(%d) : アタック情報
ai/088.bin;0x10F09;B3 AD 45 3A;ブラスター
ai/088.bin;0x10F09;03 D4 54 45; ヒットされない
ai/088.bin;0x10F09;2D 3A A7 45;AI(%d) : ガードステップ情報
ai/088.bin;0x10F09;2C A5 7B 4D;枚選択する必要があるが、
ai/088.bin;0x10F09;9F A5 E0 4F;CEO Amaterasu
ai/088.bin;0x10F09;3A D0 5B 51;Exxtreme Battler, Victor
ai/088.bin;0x10F09;A6 11 33 52;Dark Dragon, Phantom Blaster "Diablo"
ai/088.bin;0x10F09;72 A4 48 52;Magnum Assault
ai/088.bin;0x10F09;A2 CA 0A 55;Officer Cadet, Andrey
ai/088.bin;0x10F09;3C E0 6F 55;Dragonic Overlord (Break Ride)
ai/088.bin;0x10F09;B6 EB DA 55;Blue Storm Marine General, Despina
ai/088.bin;0x10F09;DE C1 45 56;解放者
ai/088.bin;0x10F09;F7 6D 78 57;Stamp Sea Otter
ai/088.bin;0x10F09;F9 34 5E 59;Blue Storm Battle Princess, Doria
ai/088.bin;0x10F09;C5 AF 0D 60;Crimson Roar, Metatron
ai/088.bin;0x10F09;47 87 68 63;AI(%d) : 思考時間 %.3f秒 (行動カテゴリ:%d)
ai/088.bin;0x10F09;55 C8 81 63;  完全ガード : %d/%d枚
ai/088.bin;0x10F09;42 D7 DA 63;  ガーディアン候補
ai/088.bin;0x10F09;E6 C9 CF 66;メイルストローム
ai/088.bin;0x10F09;33 8E E7 69;Duo True Sister, Meer
ai/088.bin;0x10F09;E8 83 60 6B;Daredevil Samurai
ai/088.bin;0x10F09;4B D4 AE 6B;  合計シールド : 
ai/088.bin;0x10F09;DC 4C 2C 6E;Flower Princess of Spring's Beginning, Primavera
ai/088.bin;0x10F09;11 E8 1D 70;Oracle Queen, Himiko
ai/088.bin;0x10F09;E4 FB 3C 72;Blue Storm Cadet, Anos
ai/088.bin;0x10F09;BF 35 68 72;Tidal Assault
ai/088.bin;0x10F09;29 EF C2 73;  対象(%d) : %s
ai/088.bin;0x10F09;7C 3A 8B 81;Liberator, Burning Blow
ai/088.bin;0x10F09;A7 99 5A 83;Blue Storm Soldier, Missile Trooper
ai/088.bin;0x10F09;4D 9D 5C 83;Ocean Keeper, Plato
ai/088.bin;0x10F09;DA 63 6D 85;Dimensional Robo, Daibrave
ai/088.bin;0x10F09;46 DE 4B 88;Dark Metal Dragon
ai/088.bin;0x10F09;6A D5 6E 8A;Katanaraizer
ai/088.bin;0x10F09;A0 D8 63 8D;Great Cosmic Hero, Grandgallop
ai/088.bin;0x10F09;13 99 DC 8E;蒼嵐
ai/088.bin;0x10F09;1F 10 24 8F;上
ai/088.bin;0x10F09;6C E6 93 8F;Pitch Black Sage, Charon
ai/088.bin;0x10F09;BB E2 E9 90;Immortal, Asura Kaiser
ai/088.bin;0x10F09;E1 26 37 94;Demonic Dragon Berserker, Chatura
ai/088.bin;0x10F09;6A 0F 95 94;  アタッカーのパワー : %d(%d)
ai/088.bin;0x10F09;7F BB 35 95;Supreme Heavenly Emperor Dragon, Dragonic Overlord "the Ace"
ai/088.bin;0x10F09;0C DD 47 9B;Battle Sister, Parfait
ai/088.bin;0x10F09;1A 2D D2 9C;Myth Guard, Fomalhaut
ai/088.bin;0x10F09;69 08 3B A2;Blue Wave Dragon, Tetra-drive Dragon
ai/088.bin;0x10F09;F1 51 AA A2;Steam Fighter, Balih
ai/088.bin;0x10F09;A4 F3 D7 A7;  アタッカーのクリティカル : %d
ai/088.bin;0x10F09;BD FD F6 A7;Extreme Battler, Runbhol
ai/088.bin;0x10F09;43 39 46 AB;Blue Storm Marine General, Spyros
ai/088.bin;0x10F09;9F 77 42 AC;Flare Whip Dragon
ai/088.bin;0x10F09;6F FB 7F AC;Blue Storm Cadet, Marios
ai/088.bin;0x10F09;B0 B8 F2 B0;Marine General of Heavenly Silk, Sokrates
ai/088.bin;0x10F09;39 6A 36 B5;Hyper Metalborg, Heavyduke
ai/088.bin;0x10F09;D6 A3 DF B6;Swim Patrol Jellyfish Soldier
ai/088.bin;0x10F09;F7 48 21 B9;Dragon Knight, Jaral
ai/088.bin;0x10F09;88 EF 6D BC;Enigman Tornado
ai/088.bin;0x10F09;ED F8 CC BD;Final Wrench
ai/088.bin;0x10F09;11 9F 48 BE;Shura Stealth Dragon, Daranicongo
ai/088.bin;0x10F09;CF AA 4F C1;Perdition Dragon, Dragonic Neoflame
ai/088.bin;0x10F09;7C 17 CE C1;Ranunculus Flower Maiden, Ahsha
ai/088.bin;0x10F09;EC 8E 85 C3;booster(%s)
ai/088.bin;0x10F09;32 A7 9C C5;Couple Dagger Sailor
ai/088.bin;0x10F09;15 6E A2 C8;Wisteria Knight
ai/088.bin;0x10F09;AB 51 A7 CB;AI(%d) : レシピ (フラグ:%08x)
ai/088.bin;0x10F09;D7 DA C1 D6;AI(%d) : 思考開始 (行動カテゴリ:%d)
ai/088.bin;0x10F09;04 75 4F D7;Blue Storm Soldier, Rascal Sweeper
ai/088.bin;0x10F09;7C 46 0A D9;Stealth Dragon, Dreadmaster
ai/088.bin;0x10F09;01 AB C2 DC;attacker(%s)
ai/088.bin;0x10F09;6B 1D DB DC;Machining Mosquito mkII
ai/088.bin;0x10F09;6E E4 AA DE;Blue Storm Marine General, Hermes
ai/088.bin;0x10F09;69 E8 61 E1;オーバーロード
ai/088.bin;0x10F09;7D 1F 65 E6;Beast Deity, Night Jackal
ai/088.bin;0x10F09;57 CD 2E E8;    
ai/088.bin;0x10F09;CC 1A C6 E8;AI未設定 : attrib = %s
ai/088.bin;0x10F09;C0 86 27 ED;Blue Storm Supreme Dragon, Glory Maelstrom
ai/088.bin;0x10F09;39 17 8B F0;Starry Skies Liberator, Guinevere
ai/088.bin;0x10F09;4B 16 BE F0;Knight of Frevor, Hector
ai/088.bin;0x10F09;BF 43 2B F1;  アタッカー : %s
ai/088.bin;0x10F09;27 25 50 F1;Bear Down Samurai
ai/088.bin;0x10F09;FC B0 EB F6;Purification Regalia, Pure Angel
ai/088.bin;0x10F09;89 20 23 F8;下
ai/088.bin;0x10F09;DD 4C B3 F8;ターン開始 AI(%d)
ai/089.bin;0xF8D4;DC A5 CF 01;  クインテットウォール : %d/%d枚
ai/089.bin;0xF8D4;4B 85 CA 03;コキュートス
ai/089.bin;0xF8D4;51 5B 2F 06;Hexagonal Magus
ai/089.bin;0xF8D4;18 51 8C 06;Pirate King of the Abyss, Blueheart
ai/089.bin;0xF8D4;DD 9F CC 07;Blue Storm Dragon, Maelstrom
ai/089.bin;0xF8D4;8D 9F AA 08;  シールドの要求値 : 
ai/089.bin;0xF8D4;76 AE E0 09;Dragonic Overlord "The Яe-birth" (Trigger)
ai/089.bin;0xF8D4;02 DC 8B 0D;Mond Blaukluger
ai/089.bin;0xF8D4;B1 2D 5D 0E;  対象のパワー : %d(%d)%s
ai/089.bin;0xF8D4;24 A1 3B 11;Rising Lionet
ai/089.bin;0xF8D4;CA 98 65 11;Mythic Beast, Fenrir
ai/089.bin;0xF8D4;2F 96 22 12;Dancing Wolf
ai/089.bin;0xF8D4;2F CE 1C 13;Goddess of Flower Divination, Sakuya
ai/089.bin;0xF8D4;9F 3C 4E 15; + %d
ai/089.bin;0xF8D4;26 7B 30 1A;Cat Butler
ai/089.bin;0xF8D4;8D 20 89 1A;AI未設定 : %s %d
ai/089.bin;0xF8D4;FE 5E 31 1D;Rough Seas Banshee
ai/089.bin;0xF8D4;49 58 50 21;Dimensional Robo, Daijet
ai/089.bin;0xF8D4;8E BC BB 21;  シールドの目標値 : 
ai/089.bin;0xF8D4;50 41 74 23;Hope Child, Turiel
ai/089.bin;0xF8D4;39 5F 97 27;Promising Knight, David
ai/089.bin;0xF8D4;BE 51 F9 27;Ravenous Dragon, Battlerex
ai/089.bin;0xF8D4;F7 2E E0 29;～%d
ai/089.bin;0xF8D4;A6 8F 2A 2A;Brawler, Fighting Dracokid
ai/089.bin;0xF8D4;38 C2 88 2B;Evil Shade
ai/089.bin;0xF8D4;44 62 0C 2D;Soundless Archer, Conductance
ai/089.bin;0xF8D4;14 30 63 2D;!!!! AI ERROR !!!!\n  
ai/089.bin;0xF8D4;EE 81 9E 32;Titan of the Capturing Arm
ai/089.bin;0xF8D4;C5 4D EE 32;Blaster Dark "Diablo"
ai/089.bin;0xF8D4;F1 28 16 33;枚しか選んでいない
ai/089.bin;0xF8D4;BC 1F 35 33;  ブースター : %s
ai/089.bin;0xF8D4;0F 00 54 35;Knight Spirit
ai/089.bin;0xF8D4;B8 BC F2 37;Ambush Demon Stealth Rogue, Kagamijishi
ai/089.bin;0xF8D4;6E 42 D6 38;AI(%d) : アタック情報
ai/089.bin;0xF8D4;B3 AD 45 3A;ブラスター
ai/089.bin;0xF8D4;83 44 68 43;Ruin Shade
ai/089.bin;0xF8D4;03 D4 54 45; ヒットされない
ai/089.bin;0xF8D4;2D 3A A7 45;AI(%d) : ガードステップ情報
ai/089.bin;0xF8D4;2C A5 7B 4D;枚選択する必要があるが、
ai/089.bin;0xF8D4;09 4B 82 4F;Gunshot of Sorrow, Nightflare
ai/089.bin;0xF8D4;9F A5 E0 4F;CEO Amaterasu
ai/089.bin;0xF8D4;3A D0 5B 51;Exxtreme Battler, Victor
ai/089.bin;0xF8D4;A6 11 33 52;Dark Dragon, Phantom Blaster "Diablo"
ai/089.bin;0xF8D4;3C E0 6F 55;Dragonic Overlord (Break Ride)
ai/089.bin;0xF8D4;DE C1 45 56;解放者
ai/089.bin;0xF8D4;F7 6D 78 57;Stamp Sea Otter
ai/089.bin;0xF8D4;C5 AF 0D 60;Crimson Roar, Metatron
ai/089.bin;0xF8D4;C0 C3 D3 61;Dragon Corrode, Corrupt Dragon
ai/089.bin;0xF8D4;47 87 68 63;AI(%d) : 思考時間 %.3f秒 (行動カテゴリ:%d)
ai/089.bin;0xF8D4;55 C8 81 63;  完全ガード : %d/%d枚
ai/089.bin;0xF8D4;42 D7 DA 63;  ガーディアン候補
ai/089.bin;0xF8D4;33 8E E7 69;Duo True Sister, Meer
ai/089.bin;0xF8D4;E8 83 60 6B;Daredevil Samurai
ai/089.bin;0xF8D4;18 BC AE 6B;Rick the Ghostie
ai/089.bin;0xF8D4;4B D4 AE 6B;  合計シールド : 
ai/089.bin;0xF8D4;DC 4C 2C 6E;Flower Princess of Spring's Beginning, Primavera
ai/089.bin;0xF8D4;11 E8 1D 70;Oracle Queen, Himiko
ai/089.bin;0xF8D4;E4 FB 3C 72;Blue Storm Cadet, Anos
ai/089.bin;0xF8D4;29 EF C2 73;  対象(%d) : %s
ai/089.bin;0xF8D4;09 BC 06 79;Gust Djinn
ai/089.bin;0xF8D4;61 AF 84 7E;Peter the Ghostie
ai/089.bin;0xF8D4;7C 3A 8B 81;Liberator, Burning Blow
ai/089.bin;0xF8D4;DA 63 6D 85;Dimensional Robo, Daibrave
ai/089.bin;0xF8D4;46 DE 4B 88;Dark Metal Dragon
ai/089.bin;0xF8D4;6A D5 6E 8A;Katanaraizer
ai/089.bin;0xF8D4;A0 D8 63 8D;Great Cosmic Hero, Grandgallop
ai/089.bin;0xF8D4;1F 10 24 8F;上
ai/089.bin;0xF8D4;6C E6 93 8F;Pitch Black Sage, Charon
ai/089.bin;0xF8D4;BB E2 E9 90;Immortal, Asura Kaiser
ai/089.bin;0xF8D4;E1 26 37 94;Demonic Dragon Berserker, Chatura
ai/089.bin;0xF8D4;6A 0F 95 94;  アタッカーのパワー : %d(%d)
ai/089.bin;0xF8D4;7F BB 35 95;Supreme Heavenly Emperor Dragon, Dragonic Overlord "the Ace"
ai/089.bin;0xF8D4;98 3A D6 97;Brutal Shade
ai/089.bin;0xF8D4;0C DD 47 9B;Battle Sister, Parfait
ai/089.bin;0xF8D4;1A 2D D2 9C;Myth Guard, Fomalhaut
ai/089.bin;0xF8D4;69 08 3B A2;Blue Wave Dragon, Tetra-drive Dragon
ai/089.bin;0xF8D4;F1 51 AA A2;Steam Fighter, Balih
ai/089.bin;0xF8D4;A4 F3 D7 A7;  アタッカーのクリティカル : %d
ai/089.bin;0xF8D4;BD FD F6 A7;Extreme Battler, Runbhol
ai/089.bin;0xF8D4;9F 77 42 AC;Flare Whip Dragon
ai/089.bin;0xF8D4;EA 1D 50 AC;Commodore Blueblood
ai/089.bin;0xF8D4;39 6A 36 B5;Hyper Metalborg, Heavyduke
ai/089.bin;0xF8D4;F7 48 21 B9;Dragon Knight, Jaral
ai/089.bin;0xF8D4;88 EF 6D BC;Enigman Tornado
ai/089.bin;0xF8D4;ED F8 CC BD;Final Wrench
ai/089.bin;0xF8D4;11 9F 48 BE;Shura Stealth Dragon, Daranicongo
ai/089.bin;0xF8D4;CF AA 4F C1;Perdition Dragon, Dragonic Neoflame
ai/089.bin;0xF8D4;7C 17 CE C1;Ranunculus Flower Maiden, Ahsha
ai/089.bin;0xF8D4;C9 95 C9 C5;Ice Prison Hades Deity, Cocytus Negative
ai/089.bin;0xF8D4;15 6E A2 C8;Wisteria Knight
ai/089.bin;0xF8D4;AB 51 A7 CB;AI(%d) : レシピ (フラグ:%08x)
ai/089.bin;0xF8D4;F9 57 27 CC;Ice Prison Necromancer, Cocytus
ai/089.bin;0xF8D4;D7 DA C1 D6;AI(%d) : 思考開始 (行動カテゴリ:%d)
ai/089.bin;0xF8D4;7C 46 0A D9;Stealth Dragon, Dreadmaster
ai/089.bin;0xF8D4;6B 1D DB DC;Machining Mosquito mkII
ai/089.bin;0xF8D4;69 E8 61 E1;オーバーロード
ai/089.bin;0xF8D4;7D 1F 65 E6;Beast Deity, Night Jackal
ai/089.bin;0xF8D4;55 C1 D3 E6;Dancing Cutlass
ai/089.bin;0xF8D4;57 CD 2E E8;    
ai/089.bin;0xF8D4;CC 1A C6 E8;AI未設定 : attrib = %s
ai/089.bin;0xF8D4;39 17 8B F0;Starry Skies Liberator, Guinevere
ai/089.bin;0xF8D4;4B 16 BE F0;Knight of Frevor, Hector
ai/089.bin;0xF8D4;BF 43 2B F1;  アタッカー : %s
ai/089.bin;0xF8D4;E8 BA 47 F1;Sea Strolling Banshee
ai/089.bin;0xF8D4;27 25 50 F1;Bear Down Samurai
ai/089.bin;0xF8D4;FC B0 EB F6;Purification Regalia, Pure Angel
ai/089.bin;0xF8D4;89 20 23 F8;下
ai/089.bin;0xF8D4;DD 4C B3 F8;ターン開始 AI(%d)
ai/089.bin;0xF8D4;5B 81 7A FF;Lord of the Seven Seas, Nightmist
ai/090.bin;0x102BD;DC A5 CF 01;  クインテットウォール : %d/%d枚
ai/090.bin;0x102BD;0D 8D 84 03;Reckless Express
ai/090.bin;0x102BD;51 5B 2F 06;Hexagonal Magus
ai/090.bin;0x102BD;DD 9F CC 07;Blue Storm Dragon, Maelstrom
ai/090.bin;0x102BD;8D 9F AA 08;  シールドの要求値 : 
ai/090.bin;0x102BD;76 AE E0 09;Dragonic Overlord "The Яe-birth" (Trigger)
ai/090.bin;0x102BD;04 9E 17 0A;Cheer Girl, Adalaide
ai/090.bin;0x102BD;02 DC 8B 0D;Mond Blaukluger
ai/090.bin;0x102BD;B1 2D 5D 0E;  対象のパワー : %d(%d)%s
ai/090.bin;0x102BD;24 A1 3B 11;Rising Lionet
ai/090.bin;0x102BD;CA 98 65 11;Mythic Beast, Fenrir
ai/090.bin;0x102BD;2F 96 22 12;Dancing Wolf
ai/090.bin;0x102BD;2F CE 1C 13;Goddess of Flower Divination, Sakuya
ai/090.bin;0x102BD;9F 3C 4E 15; + %d
ai/090.bin;0x102BD;26 7B 30 1A;Cat Butler
ai/090.bin;0x102BD;8D 20 89 1A;AI未設定 : %s %d
ai/090.bin;0x102BD;67 A9 4B 1D;Dudley Mason
ai/090.bin;0x102BD;49 58 50 21;Dimensional Robo, Daijet
ai/090.bin;0x102BD;8E BC BB 21;  シールドの目標値 : 
ai/090.bin;0x102BD;76 10 32 22;Silence Joker
ai/090.bin;0x102BD;50 41 74 23;Hope Child, Turiel
ai/090.bin;0x102BD;39 5F 97 27;Promising Knight, David
ai/090.bin;0x102BD;BE 51 F9 27;Ravenous Dragon, Battlerex
ai/090.bin;0x102BD;F7 2E E0 29;～%d
ai/090.bin;0x102BD;A6 8F 2A 2A;Brawler, Fighting Dracokid
ai/090.bin;0x102BD;44 62 0C 2D;Soundless Archer, Conductance
ai/090.bin;0x102BD;14 30 63 2D;!!!! AI ERROR !!!!\n  
ai/090.bin;0x102BD;EE 81 9E 32;Titan of the Capturing Arm
ai/090.bin;0x102BD;C5 4D EE 32;Blaster Dark "Diablo"
ai/090.bin;0x102BD;F1 28 16 33;枚しか選んでいない
ai/090.bin;0x102BD;BC 1F 35 33;  ブースター : %s
ai/090.bin;0x102BD;B8 BC F2 37;Ambush Demon Stealth Rogue, Kagamijishi
ai/090.bin;0x102BD;6E 42 D6 38;AI(%d) : アタック情報
ai/090.bin;0x102BD;B3 AD 45 3A;ブラスター
ai/090.bin;0x102BD;03 D4 54 45; ヒットされない
ai/090.bin;0x102BD;2D 3A A7 45;AI(%d) : ガードステップ情報
ai/090.bin;0x102BD;7C 6C B6 48;ダッドリー
ai/090.bin;0x102BD;2C A5 7B 4D;枚選択する必要があるが、
ai/090.bin;0x102BD;9F A5 E0 4F;CEO Amaterasu
ai/090.bin;0x102BD;3A D0 5B 51;Exxtreme Battler, Victor
ai/090.bin;0x102BD;A6 11 33 52;Dark Dragon, Phantom Blaster "Diablo"
ai/090.bin;0x102BD;3C E0 6F 55;Dragonic Overlord (Break Ride)
ai/090.bin;0x102BD;DE C1 45 56;解放者
ai/090.bin;0x102BD;F7 6D 78 57;Stamp Sea Otter
ai/090.bin;0x102BD;C5 AF 0D 60;Crimson Roar, Metatron
ai/090.bin;0x102BD;47 87 68 63;AI(%d) : 思考時間 %.3f秒 (行動カテゴリ:%d)
ai/090.bin;0x102BD;55 C8 81 63;  完全ガード : %d/%d枚
ai/090.bin;0x102BD;42 D7 DA 63;  ガーディアン候補
ai/090.bin;0x102BD;73 C3 E8 66;Demonic Lord, Dudley Lucifer
ai/090.bin;0x102BD;33 8E E7 69;Duo True Sister, Meer
ai/090.bin;0x102BD;E8 83 60 6B;Daredevil Samurai
ai/090.bin;0x102BD;4B D4 AE 6B;  合計シールド : 
ai/090.bin;0x102BD;15 CB 01 6D;Great Warrior, Dudley Geronimo
ai/090.bin;0x102BD;DC 4C 2C 6E;Flower Princess of Spring's Beginning, Primavera
ai/090.bin;0x102BD;11 E8 1D 70;Oracle Queen, Himiko
ai/090.bin;0x102BD;E4 FB 3C 72;Blue Storm Cadet, Anos
ai/090.bin;0x102BD;29 EF C2 73;  対象(%d) : %s
ai/090.bin;0x102BD;FD 97 60 7C;Highspeed, Brakki
ai/090.bin;0x102BD;C7 40 D4 80;Demonic Lord, Dudley Emperor
ai/090.bin;0x102BD;7C 3A 8B 81;Liberator, Burning Blow
ai/090.bin;0x102BD;DA 63 6D 85;Dimensional Robo, Daibrave
ai/090.bin;0x102BD;46 DE 4B 88;Dark Metal Dragon
ai/090.bin;0x102BD;6A D5 6E 8A;Katanaraizer
ai/090.bin;0x102BD;A0 D8 63 8D;Great Cosmic Hero, Grandgallop
ai/090.bin;0x102BD;1F 10 24 8F;上
ai/090.bin;0x102BD;6C E6 93 8F;Pitch Black Sage, Charon
ai/090.bin;0x102BD;BB E2 E9 90;Immortal, Asura Kaiser
ai/090.bin;0x102BD;E1 26 37 94;Demonic Dragon Berserker, Chatura
ai/090.bin;0x102BD;6A 0F 95 94;  アタッカーのパワー : %d(%d)
ai/090.bin;0x102BD;7F BB 35 95;Supreme Heavenly Emperor Dragon, Dragonic Overlord "the Ace"
ai/090.bin;0x102BD;E1 3B 61 98;Fierce Leader, Zachary
ai/090.bin;0x102BD;0C DD 47 9B;Battle Sister, Parfait
ai/090.bin;0x102BD;1A 2D D2 9C;Myth Guard, Fomalhaut
ai/090.bin;0x102BD;CA 30 36 9F;Commander, Garry Gannon
ai/090.bin;0x102BD;E5 64 0C A0;Sonic Breaker
ai/090.bin;0x102BD;69 08 3B A2;Blue Wave Dragon, Tetra-drive Dragon
ai/090.bin;0x102BD;F1 51 AA A2;Steam Fighter, Balih
ai/090.bin;0x102BD;75 25 67 A7;Godly-speed, Flash Bruce
ai/090.bin;0x102BD;A4 F3 D7 A7;  アタッカーのクリティカル : %d
ai/090.bin;0x102BD;BD FD F6 A7;Extreme Battler, Runbhol
ai/090.bin;0x102BD;9F 77 42 AC;Flare Whip Dragon
ai/090.bin;0x102BD;39 6A 36 B5;Hyper Metalborg, Heavyduke
ai/090.bin;0x102BD;F7 48 21 B9;Dragon Knight, Jaral
ai/090.bin;0x102BD;88 EF 6D BC;Enigman Tornado
ai/090.bin;0x102BD;ED F8 CC BD;Final Wrench
ai/090.bin;0x102BD;11 9F 48 BE;Shura Stealth Dragon, Daranicongo
ai/090.bin;0x102BD;CF AA 4F C1;Perdition Dragon, Dragonic Neoflame
ai/090.bin;0x102BD;7C 17 CE C1;Ranunculus Flower Maiden, Ahsha
ai/090.bin;0x102BD;88 7B C9 C2;Mecha Trainer
ai/090.bin;0x102BD;9B EB FA C7;Medical Manager
ai/090.bin;0x102BD;15 6E A2 C8;Wisteria Knight
ai/090.bin;0x102BD;AB 51 A7 CB;AI(%d) : レシピ (フラグ:%08x)
ai/090.bin;0x102BD;74 62 BC D2;Field Driller
ai/090.bin;0x102BD;41 F6 55 D5;Juggernaut Maximum
ai/090.bin;0x102BD;D7 DA C1 D6;AI(%d) : 思考開始 (行動カテゴリ:%d)
ai/090.bin;0x102BD;7C 46 0A D9;Stealth Dragon, Dreadmaster
ai/090.bin;0x102BD;6B 1D DB DC;Machining Mosquito mkII
ai/090.bin;0x102BD;69 E8 61 E1;オーバーロード
ai/090.bin;0x102BD;7D 1F 65 E6;Beast Deity, Night Jackal
ai/090.bin;0x102BD;57 CD 2E E8;    
ai/090.bin;0x102BD;CC 1A C6 E8;AI未設定 : attrib = %s
ai/090.bin;0x102BD;DC 5C 61 E9;Machine Gun Gloria
ai/090.bin;0x102BD;EE 28 FE E9;Cheerful Lynx
ai/090.bin;0x102BD;39 17 8B F0;Starry Skies Liberator, Guinevere
ai/090.bin;0x102BD;4B 16 BE F0;Knight of Frevor, Hector
ai/090.bin;0x102BD;BF 43 2B F1;  アタッカー : %s
ai/090.bin;0x102BD;27 25 50 F1;Bear Down Samurai
ai/090.bin;0x102BD;FC B0 EB F6;Purification Regalia, Pure Angel
ai/090.bin;0x102BD;89 20 23 F8;下
ai/090.bin;0x102BD;DD 4C B3 F8;ターン開始 AI(%d)
ai/090.bin;0x102BD;9B 56 BF F8;Cheer Girl, Marilyn
ai/091.bin;0xF84B;DC A5 CF 01;  クインテットウォール : %d/%d枚
ai/091.bin;0xF84B;51 5B 2F 06;Hexagonal Magus
ai/091.bin;0xF84B;DD 9F CC 07;Blue Storm Dragon, Maelstrom
ai/091.bin;0xF84B;8D 9F AA 08;  シールドの要求値 : 
ai/091.bin;0xF84B;E9 CC C8 09;Machining Mantis
ai/091.bin;0xF84B;76 AE E0 09;Dragonic Overlord "The Яe-birth" (Trigger)
ai/091.bin;0xF84B;5F 9A 9E 0A;Machining Warsickle
ai/091.bin;0xF84B;94 76 C7 0B;Carapace Mutant Deity, Machining Destroyer
ai/091.bin;0xF84B;C2 4F E2 0C;マシニング
ai/091.bin;0xF84B;02 DC 8B 0D;Mond Blaukluger
ai/091.bin;0xF84B;B1 2D 5D 0E;  対象のパワー : %d(%d)%s
ai/091.bin;0xF84B;24 A1 3B 11;Rising Lionet
ai/091.bin;0xF84B;CA 98 65 11;Mythic Beast, Fenrir
ai/091.bin;0xF84B;2F 96 22 12;Dancing Wolf
ai/091.bin;0xF84B;2F CE 1C 13;Goddess of Flower Divination, Sakuya
ai/091.bin;0xF84B;9F 3C 4E 15; + %d
ai/091.bin;0xF84B;26 7B 30 1A;Cat Butler
ai/091.bin;0xF84B;8D 20 89 1A;AI未設定 : %s %d
ai/091.bin;0xF84B;56 1D 31 1E;Machining Cicada
ai/091.bin;0xF84B;49 58 50 21;Dimensional Robo, Daijet
ai/091.bin;0xF84B;8E BC BB 21;  シールドの目標値 : 
ai/091.bin;0xF84B;50 41 74 23;Hope Child, Turiel
ai/091.bin;0xF84B;39 5F 97 27;Promising Knight, David
ai/091.bin;0xF84B;BE 51 F9 27;Ravenous Dragon, Battlerex
ai/091.bin;0xF84B;F7 2E E0 29;～%d
ai/091.bin;0xF84B;A6 8F 2A 2A;Brawler, Fighting Dracokid
ai/091.bin;0xF84B;62 5E 38 2A;Deforestation Mutant Deity, Jaggydevil
ai/091.bin;0xF84B;44 62 0C 2D;Soundless Archer, Conductance
ai/091.bin;0xF84B;14 30 63 2D;!!!! AI ERROR !!!!\n  
ai/091.bin;0xF84B;78 C7 7C 32;Machining Hornet
ai/091.bin;0xF84B;EE 81 9E 32;Titan of the Capturing Arm
ai/091.bin;0xF84B;C5 4D EE 32;Blaster Dark "Diablo"
ai/091.bin;0xF84B;F1 28 16 33;枚しか選んでいない
ai/091.bin;0xF84B;BC 1F 35 33;  ブースター : %s
ai/091.bin;0xF84B;EF 7F A0 33;Machining Black Soldier
ai/091.bin;0xF84B;B8 BC F2 37;Ambush Demon Stealth Rogue, Kagamijishi
ai/091.bin;0xF84B;6E 42 D6 38;AI(%d) : アタック情報
ai/091.bin;0xF84B;B3 AD 45 3A;ブラスター
ai/091.bin;0xF84B;A8 8B EB 3A;Machining Red Soldier
ai/091.bin;0xF84B;CE E5 68 3E;Machining Mosquito
ai/091.bin;0xF84B;03 D4 54 45; ヒットされない
ai/091.bin;0xF84B;2D 3A A7 45;AI(%d) : ガードステップ情報
ai/091.bin;0xF84B;2C A5 7B 4D;枚選択する必要があるが、
ai/091.bin;0xF84B;9F A5 E0 4F;CEO Amaterasu
ai/091.bin;0xF84B;3A D0 5B 51;Exxtreme Battler, Victor
ai/091.bin;0xF84B;A6 11 33 52;Dark Dragon, Phantom Blaster "Diablo"
ai/091.bin;0xF84B;1C 7E 4B 54;Machining Little Bee
ai/091.bin;0xF84B;3C E0 6F 55;Dragonic Overlord (Break Ride)
ai/091.bin;0xF84B;DE C1 45 56;解放者
ai/091.bin;0xF84B;F7 6D 78 57;Stamp Sea Otter
ai/091.bin;0xF84B;C5 AF 0D 60;Crimson Roar, Metatron
ai/091.bin;0xF84B;47 87 68 63;AI(%d) : 思考時間 %.3f秒 (行動カテゴリ:%d)
ai/091.bin;0xF84B;55 C8 81 63;  完全ガード : %d/%d枚
ai/091.bin;0xF84B;42 D7 DA 63;  ガーディアン候補
ai/091.bin;0xF84B;33 8E E7 69;Duo True Sister, Meer
ai/091.bin;0xF84B;E8 83 60 6B;Daredevil Samurai
ai/091.bin;0xF84B;4B D4 AE 6B;  合計シールド : 
ai/091.bin;0xF84B;DC 4C 2C 6E;Flower Princess of Spring's Beginning, Primavera
ai/091.bin;0xF84B;11 E8 1D 70;Oracle Queen, Himiko
ai/091.bin;0xF84B;E4 FB 3C 72;Blue Storm Cadet, Anos
ai/091.bin;0xF84B;29 EF C2 73;  対象(%d) : %s
ai/091.bin;0xF84B;70 F8 2D 74;Machining Bombyx
ai/091.bin;0xF84B;7C 3A 8B 81;Liberator, Burning Blow
ai/091.bin;0xF84B;DA 63 6D 85;Dimensional Robo, Daibrave
ai/091.bin;0xF84B;46 DE 4B 88;Dark Metal Dragon
ai/091.bin;0xF84B;6A D5 6E 8A;Katanaraizer
ai/091.bin;0xF84B;A0 D8 63 8D;Great Cosmic Hero, Grandgallop
ai/091.bin;0xF84B;1F 10 24 8F;上
ai/091.bin;0xF84B;6C E6 93 8F;Pitch Black Sage, Charon
ai/091.bin;0xF84B;BB E2 E9 90;Immortal, Asura Kaiser
ai/091.bin;0xF84B;E1 26 37 94;Demonic Dragon Berserker, Chatura
ai/091.bin;0xF84B;6A 0F 95 94;  アタッカーのパワー : %d(%d)
ai/091.bin;0xF84B;7F BB 35 95;Supreme Heavenly Emperor Dragon, Dragonic Overlord "the Ace"
ai/091.bin;0xF84B;0C DD 47 9B;Battle Sister, Parfait
ai/091.bin;0xF84B;1A 2D D2 9C;Myth Guard, Fomalhaut
ai/091.bin;0xF84B;69 08 3B A2;Blue Wave Dragon, Tetra-drive Dragon
ai/091.bin;0xF84B;F1 51 AA A2;Steam Fighter, Balih
ai/091.bin;0xF84B;A4 F3 D7 A7;  アタッカーのクリティカル : %d
ai/091.bin;0xF84B;BD FD F6 A7;Extreme Battler, Runbhol
ai/091.bin;0xF84B;9F 77 42 AC;Flare Whip Dragon
ai/091.bin;0xF84B;39 6A 36 B5;Hyper Metalborg, Heavyduke
ai/091.bin;0xF84B;F7 48 21 B9;Dragon Knight, Jaral
ai/091.bin;0xF84B;88 EF 6D BC;Enigman Tornado
ai/091.bin;0xF84B;ED F8 CC BD;Final Wrench
ai/091.bin;0xF84B;11 9F 48 BE;Shura Stealth Dragon, Daranicongo
ai/091.bin;0xF84B;CF AA 4F C1;Perdition Dragon, Dragonic Neoflame
ai/091.bin;0xF84B;7C 17 CE C1;Ranunculus Flower Maiden, Ahsha
ai/091.bin;0xF84B;15 6E A2 C8;Wisteria Knight
ai/091.bin;0xF84B;AB 51 A7 CB;AI(%d) : レシピ (フラグ:%08x)
ai/091.bin;0xF84B;9C 63 7A CC;Machining Spark Hercules
ai/091.bin;0xF84B;48 C6 97 CD;Machining Tarantula
ai/091.bin;0xF84B;D7 DA C1 D6;AI(%d) : 思考開始 (行動カテゴリ:%d)
ai/091.bin;0xF84B;7C 46 0A D9;Stealth Dragon, Dreadmaster
ai/091.bin;0xF84B;6B 1D DB DC;Machining Mosquito mkII
ai/091.bin;0xF84B;D8 4F 0C E1;Machining Scorpion
ai/091.bin;0xF84B;69 E8 61 E1;オーバーロード
ai/091.bin;0xF84B;7D 1F 65 E6;Beast Deity, Night Jackal
ai/091.bin;0xF84B;57 CD 2E E8;    
ai/091.bin;0xF84B;CC 1A C6 E8;AI未設定 : attrib = %s
ai/091.bin;0xF84B;39 17 8B F0;Starry Skies Liberator, Guinevere
ai/091.bin;0xF84B;4B 16 BE F0;Knight of Frevor, Hector
ai/091.bin;0xF84B;BF 43 2B F1;  アタッカー : %s
ai/091.bin;0xF84B;27 25 50 F1;Bear Down Samurai
ai/091.bin;0xF84B;FC B0 EB F6;Purification Regalia, Pure Angel
ai/091.bin;0xF84B;89 20 23 F8;下
ai/091.bin;0xF84B;DD 4C B3 F8;ターン開始 AI(%d)
ai/091.bin;0xF84B;31 66 F8 F8;Machining Ladybug
ai/092.bin;0x11821;DC A5 CF 01;  クインテットウォール : %d/%d枚
ai/092.bin;0x11821;F6 CE 6B 04;Paint Otter
ai/092.bin;0x11821;94 BD 65 05;Eraser Alpaca
ai/092.bin;0x11821;51 5B 2F 06;Hexagonal Magus
ai/092.bin;0x11821;DD 9F CC 07;Blue Storm Dragon, Maelstrom
ai/092.bin;0x11821;8D 9F AA 08;  シールドの要求値 : 
ai/092.bin;0x11821;76 AE E0 09;Dragonic Overlord "The Яe-birth" (Trigger)
ai/092.bin;0x11821;02 DC 8B 0D;Mond Blaukluger
ai/092.bin;0x11821;B1 2D 5D 0E;  対象のパワー : %d(%d)%s
ai/092.bin;0x11821;24 A1 3B 11;Rising Lionet
ai/092.bin;0x11821;CA 98 65 11;Mythic Beast, Fenrir
ai/092.bin;0x11821;2F 96 22 12;Dancing Wolf
ai/092.bin;0x11821;2F CE 1C 13;Goddess of Flower Divination, Sakuya
ai/092.bin;0x11821;9F 3C 4E 15; + %d
ai/092.bin;0x11821;26 7B 30 1A;Cat Butler
ai/092.bin;0x11821;8D 20 89 1A;AI未設定 : %s %d
ai/092.bin;0x11821;A1 09 AD 1A;Coiling Duckbill
ai/092.bin;0x11821;DB 6C A4 20;Crayon Tiger
ai/092.bin;0x11821;49 58 50 21;Dimensional Robo, Daijet
ai/092.bin;0x11821;8E BC BB 21;  シールドの目標値 : 
ai/092.bin;0x11821;50 41 74 23;Hope Child, Turiel
ai/092.bin;0x11821;39 5F 97 27;Promising Knight, David
ai/092.bin;0x11821;BE 51 F9 27;Ravenous Dragon, Battlerex
ai/092.bin;0x11821;F7 2E E0 29;～%d
ai/092.bin;0x11821;A6 8F 2A 2A;Brawler, Fighting Dracokid
ai/092.bin;0x11821;44 62 0C 2D;Soundless Archer, Conductance
ai/092.bin;0x11821;14 30 63 2D;!!!! AI ERROR !!!!\n  
ai/092.bin;0x11821;EE 81 9E 32;Titan of the Capturing Arm
ai/092.bin;0x11821;C5 4D EE 32;Blaster Dark "Diablo"
ai/092.bin;0x11821;F1 28 16 33;枚しか選んでいない
ai/092.bin;0x11821;BC 1F 35 33;  ブースター : %s
ai/092.bin;0x11821;B8 BC F2 37;Ambush Demon Stealth Rogue, Kagamijishi
ai/092.bin;0x11821;6E 42 D6 38;AI(%d) : アタック情報
ai/092.bin;0x11821;B3 AD 45 3A;ブラスター
ai/092.bin;0x11821;03 D4 54 45; ヒットされない
ai/092.bin;0x11821;2D 3A A7 45;AI(%d) : ガードステップ情報
ai/092.bin;0x11821;2C A5 7B 4D;枚選択する必要があるが、
ai/092.bin;0x11821;9F A5 E0 4F;CEO Amaterasu
ai/092.bin;0x11821;3A D0 5B 51;Exxtreme Battler, Victor
ai/092.bin;0x11821;A6 11 33 52;Dark Dragon, Phantom Blaster "Diablo"
ai/092.bin;0x11821;3C E0 6F 55;Dragonic Overlord (Break Ride)
ai/092.bin;0x11821;DE C1 45 56;解放者
ai/092.bin;0x11821;F7 6D 78 57;Stamp Sea Otter
ai/092.bin;0x11821;C5 AF 0D 60;Crimson Roar, Metatron
ai/092.bin;0x11821;47 87 68 63;AI(%d) : 思考時間 %.3f秒 (行動カテゴリ:%d)
ai/092.bin;0x11821;71 6A 70 63;Honorary Professor, Chatnoir
ai/092.bin;0x11821;55 C8 81 63;  完全ガード : %d/%d枚
ai/092.bin;0x11821;42 D7 DA 63;  ガーディアン候補
ai/092.bin;0x11821;87 34 74 68;Omniscience Dragon, Managarmr
ai/092.bin;0x11821;C4 9B 91 69;Capable Assistant, Guru Wolf
ai/092.bin;0x11821;33 8E E7 69;Duo True Sister, Meer
ai/092.bin;0x11821;E8 83 60 6B;Daredevil Samurai
ai/092.bin;0x11821;4B D4 AE 6B;  合計シールド : 
ai/092.bin;0x11821;DC 4C 2C 6E;Flower Princess of Spring's Beginning, Primavera
ai/092.bin;0x11821;27 B5 87 6E;Battler of the Twin Brush, Polaris
ai/092.bin;0x11821;11 E8 1D 70;Oracle Queen, Himiko
ai/092.bin;0x11821;E4 FB 3C 72;Blue Storm Cadet, Anos
ai/092.bin;0x11821;29 EF C2 73;  対象(%d) : %s
ai/092.bin;0x11821;7C 3A 8B 81;Liberator, Burning Blow
ai/092.bin;0x11821;DA 63 6D 85;Dimensional Robo, Daibrave
ai/092.bin;0x11821;46 DE 4B 88;Dark Metal Dragon
ai/092.bin;0x11821;6A D5 6E 8A;Katanaraizer
ai/092.bin;0x11821;A0 D8 63 8D;Great Cosmic Hero, Grandgallop
ai/092.bin;0x11821;1F 10 24 8F;上
ai/092.bin;0x11821;6C E6 93 8F;Pitch Black Sage, Charon
ai/092.bin;0x11821;BB E2 E9 90;Immortal, Asura Kaiser
ai/092.bin;0x11821;E1 26 37 94;Demonic Dragon Berserker, Chatura
ai/092.bin;0x11821;6A 0F 95 94;  アタッカーのパワー : %d(%d)
ai/092.bin;0x11821;7F BB 35 95;Supreme Heavenly Emperor Dragon, Dragonic Overlord "the Ace"
ai/092.bin;0x11821;0C DD 47 9B;Battle Sister, Parfait
ai/092.bin;0x11821;1A 2D D2 9C;Myth Guard, Fomalhaut
ai/092.bin;0x11821;69 08 3B A2;Blue Wave Dragon, Tetra-drive Dragon
ai/092.bin;0x11821;F1 51 AA A2;Steam Fighter, Balih
ai/092.bin;0x11821;A4 F3 D7 A7;  アタッカーのクリティカル : %d
ai/092.bin;0x11821;BD FD F6 A7;Extreme Battler, Runbhol
ai/092.bin;0x11821;7C 4D 03 AB;Broadcast Rabbit
ai/092.bin;0x11821;9F 77 42 AC;Flare Whip Dragon
ai/092.bin;0x11821;57 03 24 AE;Cutter Falcon
ai/092.bin;0x11821;39 6A 36 B5;Hyper Metalborg, Heavyduke
ai/092.bin;0x11821;5B 82 DC B8;Diligent Assistant, Minibelly
ai/092.bin;0x11821;F7 48 21 B9;Dragon Knight, Jaral
ai/092.bin;0x11821;88 EF 6D BC;Enigman Tornado
ai/092.bin;0x11821;ED F8 CC BD;Final Wrench
ai/092.bin;0x11821;11 9F 48 BE;Shura Stealth Dragon, Daranicongo
ai/092.bin;0x11821;05 73 20 BF;Omniscience Dragon, Wisdom Teller Dragon
ai/092.bin;0x11821;CF AA 4F C1;Perdition Dragon, Dragonic Neoflame
ai/092.bin;0x11821;7C 17 CE C1;Ranunculus Flower Maiden, Ahsha
ai/092.bin;0x11821;15 6E A2 C8;Wisteria Knight
ai/092.bin;0x11821;AB 51 A7 CB;AI(%d) : レシピ (フラグ:%08x)
ai/092.bin;0x11821;7A 23 D9 D3;Binoculus Tiger
ai/092.bin;0x11821;D7 DA C1 D6;AI(%d) : 思考開始 (行動カテゴリ:%d)
ai/092.bin;0x11821;7C 46 0A D9;Stealth Dragon, Dreadmaster
ai/092.bin;0x11821;6B 1D DB DC;Machining Mosquito mkII
ai/092.bin;0x11821;69 E8 61 E1;オーバーロード
ai/092.bin;0x11821;7D 1F 65 E6;Beast Deity, Night Jackal
ai/092.bin;0x11821;57 CD 2E E8;    
ai/092.bin;0x11821;CC 1A C6 E8;AI未設定 : attrib = %s
ai/092.bin;0x11821;39 17 8B F0;Starry Skies Liberator, Guinevere
ai/092.bin;0x11821;4B 16 BE F0;Knight of Frevor, Hector
ai/092.bin;0x11821;BF 43 2B F1;  アタッカー : %s
ai/092.bin;0x11821;27 25 50 F1;Bear Down Samurai
ai/092.bin;0x11821;FC B0 EB F6;Purification Regalia, Pure Angel
ai/092.bin;0x11821;89 20 23 F8;下
ai/092.bin;0x11821;DD 4C B3 F8;ターン開始 AI(%d)
ai/092.bin;0x11821;E3 9C 69 F9;Alarm Chicken
ai/092.bin;0x11821;FB 17 1D FB;Contradictory Instructor, Shell Master
ai/092.bin;0x11821;A9 03 7C FD;Blackboard Parrot
ai/093.bin;0x108E7;DC A5 CF 01;  クインテットウォール : %d/%d枚
ai/093.bin;0x108E7;45 6F F8 03;Witch of Black Doves, Goewin
ai/093.bin;0x108E7;51 5B 2F 06;Hexagonal Magus
ai/093.bin;0x108E7;DD 9F CC 07;Blue Storm Dragon, Maelstrom
ai/093.bin;0x108E7;8D 9F AA 08;  シールドの要求値 : 
ai/093.bin;0x108E7;76 AE E0 09;Dragonic Overlord "The Яe-birth" (Trigger)
ai/093.bin;0x108E7;E7 79 6C 0B;Witch of Reality, Femme
ai/093.bin;0x108E7;02 DC 8B 0D;Mond Blaukluger
ai/093.bin;0x108E7;28 AF E8 0D;Little Skull Witch, Nemain
ai/093.bin;0x108E7;B1 2D 5D 0E;  対象のパワー : %d(%d)%s
ai/093.bin;0x108E7;24 A1 3B 11;Rising Lionet
ai/093.bin;0x108E7;CA 98 65 11;Mythic Beast, Fenrir
ai/093.bin;0x108E7;2F 96 22 12;Dancing Wolf
ai/093.bin;0x108E7;2F CE 1C 13;Goddess of Flower Divination, Sakuya
ai/093.bin;0x108E7;E7 B7 7E 14;Black Crow Witch, Eine
ai/093.bin;0x108E7;9F 3C 4E 15; + %d
ai/093.bin;0x108E7;8C C5 60 18;Snow Element, Blizza
ai/093.bin;0x108E7;26 7B 30 1A;Cat Butler
ai/093.bin;0x108E7;8D 20 89 1A;AI未設定 : %s %d
ai/093.bin;0x108E7;49 58 50 21;Dimensional Robo, Daijet
ai/093.bin;0x108E7;8E BC BB 21;  シールドの目標値 : 
ai/093.bin;0x108E7;50 41 74 23;Hope Child, Turiel
ai/093.bin;0x108E7;FA 6A DA 25;Mesmerizing Witch, Fianna
ai/093.bin;0x108E7;39 5F 97 27;Promising Knight, David
ai/093.bin;0x108E7;BE 51 F9 27;Ravenous Dragon, Battlerex
ai/093.bin;0x108E7;F7 2E E0 29;～%d
ai/093.bin;0x108E7;A6 8F 2A 2A;Brawler, Fighting Dracokid
ai/093.bin;0x108E7;44 62 0C 2D;Soundless Archer, Conductance
ai/093.bin;0x108E7;14 30 63 2D;!!!! AI ERROR !!!!\n  
ai/093.bin;0x108E7;EE 81 9E 32;Titan of the Capturing Arm
ai/093.bin;0x108E7;C5 4D EE 32;Blaster Dark "Diablo"
ai/093.bin;0x108E7;F1 28 16 33;枚しか選んでいない
ai/093.bin;0x108E7;BC 1F 35 33;  ブースター : %s
ai/093.bin;0x108E7;B8 BC F2 37;Ambush Demon Stealth Rogue, Kagamijishi
ai/093.bin;0x108E7;6E 42 D6 38;AI(%d) : アタック情報
ai/093.bin;0x108E7;B3 AD 45 3A;ブラスター
ai/093.bin;0x108E7;3E F7 5F 41;Witch of Ruination, Scathach
ai/093.bin;0x108E7;2B 9E 47 42;Witch of Nostrum, Arianrhod
ai/093.bin;0x108E7;03 D4 54 45; ヒットされない
ai/093.bin;0x108E7;2D 3A A7 45;AI(%d) : ガードステップ情報
ai/093.bin;0x108E7;CF 09 C8 49;Cultus Witch, Rias
ai/093.bin;0x108E7;2C A5 7B 4D;枚選択する必要があるが、
ai/093.bin;0x108E7;9F A5 E0 4F;CEO Amaterasu
ai/093.bin;0x108E7;3A D0 5B 51;Exxtreme Battler, Victor
ai/093.bin;0x108E7;A6 11 33 52;Dark Dragon, Phantom Blaster "Diablo"
ai/093.bin;0x108E7;B0 0E B9 54;Witch of Attraction, Adora
ai/093.bin;0x108E7;3C E0 6F 55;Dragonic Overlord (Break Ride)
ai/093.bin;0x108E7;DE C1 45 56;解放者
ai/093.bin;0x108E7;F7 6D 78 57;Stamp Sea Otter
ai/093.bin;0x108E7;32 4C 96 58;Black-winged Swordbreaker
ai/093.bin;0x108E7;C5 AF 0D 60;Crimson Roar, Metatron
ai/093.bin;0x108E7;47 87 68 63;AI(%d) : 思考時間 %.3f秒 (行動カテゴリ:%d)
ai/093.bin;0x108E7;55 C8 81 63;  完全ガード : %d/%d枚
ai/093.bin;0x108E7;42 D7 DA 63;  ガーディアン候補
ai/093.bin;0x108E7;F8 37 EB 66;Sharp Fang Witch, Fodla
ai/093.bin;0x108E7;A5 71 A7 67;Rain Element, Madew
ai/093.bin;0x108E7;33 8E E7 69;Duo True Sister, Meer
ai/093.bin;0x108E7;E8 83 60 6B;Daredevil Samurai
ai/093.bin;0x108E7;4B D4 AE 6B;  合計シールド : 
ai/093.bin;0x108E7;DC 4C 2C 6E;Flower Princess of Spring's Beginning, Primavera
ai/093.bin;0x108E7;11 E8 1D 70;Oracle Queen, Himiko
ai/093.bin;0x108E7;E4 FB 3C 72;Blue Storm Cadet, Anos
ai/093.bin;0x108E7;29 EF C2 73;  対象(%d) : %s
ai/093.bin;0x108E7;7C 3A 8B 81;Liberator, Burning Blow
ai/093.bin;0x108E7;DA 63 6D 85;Dimensional Robo, Daibrave
ai/093.bin;0x108E7;9F 7A EA 85;BA[%d]=%3d(%2d:%s)
ai/093.bin;0x108E7;46 DE 4B 88;Dark Metal Dragon
ai/093.bin;0x108E7;6A D5 6E 8A;Katanaraizer
ai/093.bin;0x108E7;A0 D8 63 8D;Great Cosmic Hero, Grandgallop
ai/093.bin;0x108E7;1F 10 24 8F;上
ai/093.bin;0x108E7;6C E6 93 8F;Pitch Black Sage, Charon
ai/093.bin;0x108E7;BB E2 E9 90;Immortal, Asura Kaiser
ai/093.bin;0x108E7;E1 26 37 94;Demonic Dragon Berserker, Chatura
ai/093.bin;0x108E7;6A 0F 95 94;  アタッカーのパワー : %d(%d)
ai/093.bin;0x108E7;7F BB 35 95;Supreme Heavenly Emperor Dragon, Dragonic Overlord "the Ace"
ai/093.bin;0x108E7;0C DD 47 9B;Battle Sister, Parfait
ai/093.bin;0x108E7;09 36 AC 9C;Lizard Witch, Eine
ai/093.bin;0x108E7;1A 2D D2 9C;Myth Guard, Fomalhaut
ai/093.bin;0x108E7;69 08 3B A2;Blue Wave Dragon, Tetra-drive Dragon
ai/093.bin;0x108E7;F1 51 AA A2;Steam Fighter, Balih
ai/093.bin;0x108E7;A4 F3 D7 A7;  アタッカーのクリティカル : %d
ai/093.bin;0x108E7;BD FD F6 A7;Extreme Battler, Runbhol
ai/093.bin;0x108E7;9F 77 42 AC;Flare Whip Dragon
ai/093.bin;0x108E7;39 6A 36 B5;Hyper Metalborg, Heavyduke
ai/093.bin;0x108E7;F7 48 21 B9;Dragon Knight, Jaral
ai/093.bin;0x108E7;88 EF 6D BC;Enigman Tornado
ai/093.bin;0x108E7;ED F8 CC BD;Final Wrench
ai/093.bin;0x108E7;11 9F 48 BE;Shura Stealth Dragon, Daranicongo
ai/093.bin;0x108E7;CF AA 4F C1;Perdition Dragon, Dragonic Neoflame
ai/093.bin;0x108E7;7C 17 CE C1;Ranunculus Flower Maiden, Ahsha
ai/093.bin;0x108E7;15 6E A2 C8;Wisteria Knight
ai/093.bin;0x108E7;60 6F 89 CA;FR[%d]=%3d(%2d:%s)
ai/093.bin;0x108E7;E4 DF E0 CA;Inspection Witch, Deirdre
ai/093.bin;0x108E7;AB 51 A7 CB;AI(%d) : レシピ (フラグ:%08x)
ai/093.bin;0x108E7;53 5F 5A D0;Dark Knight, Grim Recruiter
ai/093.bin;0x108E7;D7 DA C1 D6;AI(%d) : 思考開始 (行動カテゴリ:%d)
ai/093.bin;0x108E7;7C 46 0A D9;Stealth Dragon, Dreadmaster
ai/093.bin;0x108E7;6B 1D DB DC;Machining Mosquito mkII
ai/093.bin;0x108E7;3D 8D 17 DE;Witch of Black Cats, Milcra
ai/093.bin;0x108E7;69 E8 61 E1;オーバーロード
ai/093.bin;0x108E7;C1 74 EC E5;Witch of Banquets, Lir
ai/093.bin;0x108E7;7D 1F 65 E6;Beast Deity, Night Jackal
ai/093.bin;0x108E7;57 CD 2E E8;    
ai/093.bin;0x108E7;CC 1A C6 E8;AI未設定 : attrib = %s
ai/093.bin;0x108E7;52 BA CD EA;Witch of Goats, Medb
ai/093.bin;0x108E7;13 81 D2 EB;魔女
ai/093.bin;0x108E7;39 17 8B F0;Starry Skies Liberator, Guinevere
ai/093.bin;0x108E7;4B 16 BE F0;Knight of Frevor, Hector
ai/093.bin;0x108E7;BF 43 2B F1;  アタッカー : %s
ai/093.bin;0x108E7;27 25 50 F1;Bear Down Samurai
ai/093.bin;0x108E7;FC B0 EB F6;Purification Regalia, Pure Angel
ai/093.bin;0x108E7;89 20 23 F8;下
ai/093.bin;0x108E7;DD 4C B3 F8;ターン開始 AI(%d)
ai/094.bin;0x1030C;DC A5 CF 01;  クインテットウォール : %d/%d枚
ai/094.bin;0x1030C;C2 A9 15 06;Metalborg, Russell Blizzard
ai/094.bin;0x1030C;51 5B 2F 06;Hexagonal Magus
ai/094.bin;0x1030C;DD 9F CC 07;Blue Storm Dragon, Maelstrom
ai/094.bin;0x1030C;8D 9F AA 08;  シールドの要求値 : 
ai/094.bin;0x1030C;76 AE E0 09;Dragonic Overlord "The Яe-birth" (Trigger)
ai/094.bin;0x1030C;02 DC 8B 0D;Mond Blaukluger
ai/094.bin;0x1030C;B1 2D 5D 0E;  対象のパワー : %d(%d)%s
ai/094.bin;0x1030C;24 A1 3B 11;Rising Lionet
ai/094.bin;0x1030C;CA 98 65 11;Mythic Beast, Fenrir
ai/094.bin;0x1030C;2F 96 22 12;Dancing Wolf
ai/094.bin;0x1030C;2F CE 1C 13;Goddess of Flower Divination, Sakuya
ai/094.bin;0x1030C;9F 3C 4E 15; + %d
ai/094.bin;0x1030C;26 7B 30 1A;Cat Butler
ai/094.bin;0x1030C;8D 20 89 1A;AI未設定 : %s %d
ai/094.bin;0x1030C;49 58 50 21;Dimensional Robo, Daijet
ai/094.bin;0x1030C;8E BC BB 21;  シールドの目標値 : 
ai/094.bin;0x1030C;50 41 74 23;Hope Child, Turiel
ai/094.bin;0x1030C;39 5F 97 27;Promising Knight, David
ai/094.bin;0x1030C;BE 51 F9 27;Ravenous Dragon, Battlerex
ai/094.bin;0x1030C;F7 2E E0 29;～%d
ai/094.bin;0x1030C;A6 8F 2A 2A;Brawler, Fighting Dracokid
ai/094.bin;0x1030C;44 62 0C 2D;Soundless Archer, Conductance
ai/094.bin;0x1030C;14 30 63 2D;!!!! AI ERROR !!!!\n  
ai/094.bin;0x1030C;38 D1 0E 31;Metalborg, Hammerhel
ai/094.bin;0x1030C;EE 81 9E 32;Titan of the Capturing Arm
ai/094.bin;0x1030C;C5 4D EE 32;Blaster Dark "Diablo"
ai/094.bin;0x1030C;F1 28 16 33;枚しか選んでいない
ai/094.bin;0x1030C;BC 1F 35 33;  ブースター : %s
ai/094.bin;0x1030C;AD E4 AE 37;Metalborg, Sin Buster
ai/094.bin;0x1030C;B8 BC F2 37;Ambush Demon Stealth Rogue, Kagamijishi
ai/094.bin;0x1030C;6E 42 D6 38;AI(%d) : アタック情報
ai/094.bin;0x1030C;B3 AD 45 3A;ブラスター
ai/094.bin;0x1030C;03 D4 54 45; ヒットされない
ai/094.bin;0x1030C;2D 3A A7 45;AI(%d) : ガードステップ情報
ai/094.bin;0x1030C;2C A5 7B 4D;枚選択する必要があるが、
ai/094.bin;0x1030C;9F A5 E0 4F;CEO Amaterasu
ai/094.bin;0x1030C;BC E9 22 51;Metalborg, Lionetter
ai/094.bin;0x1030C;3A D0 5B 51;Exxtreme Battler, Victor
ai/094.bin;0x1030C;A6 11 33 52;Dark Dragon, Phantom Blaster "Diablo"
ai/094.bin;0x1030C;3C E0 6F 55;Dragonic Overlord (Break Ride)
ai/094.bin;0x1030C;DE C1 45 56;解放者
ai/094.bin;0x1030C;F7 6D 78 57;Stamp Sea Otter
ai/094.bin;0x1030C;5E C4 E4 57;Metalborg, Mist Ghost
ai/094.bin;0x1030C;73 11 69 59;Metalborg, Black Nurse
ai/094.bin;0x1030C;C5 AF 0D 60;Crimson Roar, Metatron
ai/094.bin;0x1030C;47 87 68 63;AI(%d) : 思考時間 %.3f秒 (行動カテゴリ:%d)
ai/094.bin;0x1030C;55 C8 81 63;  完全ガード : %d/%d枚
ai/094.bin;0x1030C;42 D7 DA 63;  ガーディアン候補
ai/094.bin;0x1030C;A5 71 A7 67;Rain Element, Madew
ai/094.bin;0x1030C;33 8E E7 69;Duo True Sister, Meer
ai/094.bin;0x1030C;E8 83 60 6B;Daredevil Samurai
ai/094.bin;0x1030C;4B D4 AE 6B;  合計シールド : 
ai/094.bin;0x1030C;DC 4C 2C 6E;Flower Princess of Spring's Beginning, Primavera
ai/094.bin;0x1030C;11 E8 1D 70;Oracle Queen, Himiko
ai/094.bin;0x1030C;E4 FB 3C 72;Blue Storm Cadet, Anos
ai/094.bin;0x1030C;29 EF C2 73;  対象(%d) : %s
ai/094.bin;0x1030C;7C 3A 8B 81;Liberator, Burning Blow
ai/094.bin;0x1030C;DA 63 6D 85;Dimensional Robo, Daibrave
ai/094.bin;0x1030C;22 07 8F 86;Cosmic Hero, Grandguard
ai/094.bin;0x1030C;46 DE 4B 88;Dark Metal Dragon
ai/094.bin;0x1030C;4B 92 A7 89;Metalborg, X Blaise
ai/094.bin;0x1030C;6A D5 6E 8A;Katanaraizer
ai/094.bin;0x1030C;A0 D8 63 8D;Great Cosmic Hero, Grandgallop
ai/094.bin;0x1030C;1F 10 24 8F;上
ai/094.bin;0x1030C;6C E6 93 8F;Pitch Black Sage, Charon
ai/094.bin;0x1030C;BB E2 E9 90;Immortal, Asura Kaiser
ai/094.bin;0x1030C;15 3E E5 91;Metalborg, Ur Buster
ai/094.bin;0x1030C;E1 26 37 94;Demonic Dragon Berserker, Chatura
ai/094.bin;0x1030C;6A 0F 95 94;  アタッカーのパワー : %d(%d)
ai/094.bin;0x1030C;50 7A C9 94;Metalborg, Barrengrader
ai/094.bin;0x1030C;E2 95 E1 94;Metalborg, Battle Roller
ai/094.bin;0x1030C;7F BB 35 95;Supreme Heavenly Emperor Dragon, Dragonic Overlord "the Ace"
ai/094.bin;0x1030C;0C DD 47 9B;Battle Sister, Parfait
ai/094.bin;0x1030C;1A 2D D2 9C;Myth Guard, Fomalhaut
ai/094.bin;0x1030C;69 08 3B A2;Blue Wave Dragon, Tetra-drive Dragon
ai/094.bin;0x1030C;F1 51 AA A2;Steam Fighter, Balih
ai/094.bin;0x1030C;A4 F3 D7 A7;  アタッカーのクリティカル : %d
ai/094.bin;0x1030C;BD FD F6 A7;Extreme Battler, Runbhol
ai/094.bin;0x1030C;9F 77 42 AC;Flare Whip Dragon
ai/094.bin;0x1030C;39 6A 36 B5;Hyper Metalborg, Heavyduke
ai/094.bin;0x1030C;A1 C5 3F B5;Metalborg, Locobattler
ai/094.bin;0x1030C;F7 48 21 B9;Dragon Knight, Jaral
ai/094.bin;0x1030C;88 EF 6D BC;Enigman Tornado
ai/094.bin;0x1030C;ED F8 CC BD;Final Wrench
ai/094.bin;0x1030C;11 9F 48 BE;Shura Stealth Dragon, Daranicongo
ai/094.bin;0x1030C;CF AA 4F C1;Perdition Dragon, Dragonic Neoflame
ai/094.bin;0x1030C;7C 17 CE C1;Ranunculus Flower Maiden, Ahsha
ai/094.bin;0x1030C;15 6E A2 C8;Wisteria Knight
ai/094.bin;0x1030C;AB 51 A7 CB;AI(%d) : レシピ (フラグ:%08x)
ai/094.bin;0x1030C;D7 DA C1 D6;AI(%d) : 思考開始 (行動カテゴリ:%d)
ai/094.bin;0x1030C;7C 46 0A D9;Stealth Dragon, Dreadmaster
ai/094.bin;0x1030C;6B 1D DB DC;Machining Mosquito mkII
ai/094.bin;0x1030C;AD 02 89 DD;Metalborg Operator, Kilika
ai/094.bin;0x1030C;69 E8 61 E1;オーバーロード
ai/094.bin;0x1030C;7D 1F 65 E6;Beast Deity, Night Jackal
ai/094.bin;0x1030C;57 CD 2E E8;    
ai/094.bin;0x1030C;CC 1A C6 E8;AI未設定 : attrib = %s
ai/094.bin;0x1030C;39 17 8B F0;Starry Skies Liberator, Guinevere
ai/094.bin;0x1030C;4B 16 BE F0;Knight of Frevor, Hector
ai/094.bin;0x1030C;BF 43 2B F1;  アタッカー : %s
ai/094.bin;0x1030C;27 25 50 F1;Bear Down Samurai
ai/094.bin;0x1030C;FC B0 EB F6;Purification Regalia, Pure Angel
ai/094.bin;0x1030C;89 20 23 F8;下
ai/094.bin;0x1030C;DD 4C B3 F8;ターン開始 AI(%d)
ai/094.bin;0x1030C;74 9B A8 FD;Metalborg, Grasscutter
ai/095.bin;0x10C57;DC A5 CF 01;  クインテットウォール : %d/%d枚
ai/095.bin;0x10C57;51 5B 2F 06;Hexagonal Magus
ai/095.bin;0x10C57;DD 9F CC 07;Blue Storm Dragon, Maelstrom
ai/095.bin;0x10C57;8D 9F AA 08;  シールドの要求値 : 
ai/095.bin;0x10C57;76 AE E0 09;Dragonic Overlord "The Яe-birth" (Trigger)
ai/095.bin;0x10C57;02 DC 8B 0D;Mond Blaukluger
ai/095.bin;0x10C57;B1 2D 5D 0E;  対象のパワー : %d(%d)%s
ai/095.bin;0x10C57;24 A1 3B 11;Rising Lionet
ai/095.bin;0x10C57;CA 98 65 11;Mythic Beast, Fenrir
ai/095.bin;0x10C57;2F 96 22 12;Dancing Wolf
ai/095.bin;0x10C57;2F CE 1C 13;Goddess of Flower Divination, Sakuya
ai/095.bin;0x10C57;9F 3C 4E 15; + %d
ai/095.bin;0x10C57;C6 46 1A 17;Great Wish Liberator, Esus
ai/095.bin;0x10C57;7E 02 6A 19;Butterfly Liberator, Korderia
ai/095.bin;0x10C57;26 7B 30 1A;Cat Butler
ai/095.bin;0x10C57;8D 20 89 1A;AI未設定 : %s %d
ai/095.bin;0x10C57;49 58 50 21;Dimensional Robo, Daijet
ai/095.bin;0x10C57;8E BC BB 21;  シールドの目標値 : 
ai/095.bin;0x10C57;50 41 74 23;Hope Child, Turiel
ai/095.bin;0x10C57;39 5F 97 27;Promising Knight, David
ai/095.bin;0x10C57;BE 51 F9 27;Ravenous Dragon, Battlerex
ai/095.bin;0x10C57;F7 2E E0 29;～%d
ai/095.bin;0x10C57;A6 8F 2A 2A;Brawler, Fighting Dracokid
ai/095.bin;0x10C57;44 62 0C 2D;Soundless Archer, Conductance
ai/095.bin;0x10C57;14 30 63 2D;!!!! AI ERROR !!!!\n  
ai/095.bin;0x10C57;EE 81 9E 32;Titan of the Capturing Arm
ai/095.bin;0x10C57;C5 4D EE 32;Blaster Dark "Diablo"
ai/095.bin;0x10C57;F1 28 16 33;枚しか選んでいない
ai/095.bin;0x10C57;BC 1F 35 33;  ブースター : %s
ai/095.bin;0x10C57;B8 BC F2 37;Ambush Demon Stealth Rogue, Kagamijishi
ai/095.bin;0x10C57;6E 42 D6 38;AI(%d) : アタック情報
ai/095.bin;0x10C57;B3 AD 45 3A;ブラスター
ai/095.bin;0x10C57;45 5D 8F 3C;Golden Dragon, Spearcross Dragon
ai/095.bin;0x10C57;0A E1 65 44;Fast Chase Golden Knight, Cambell
ai/095.bin;0x10C57;03 D4 54 45; ヒットされない
ai/095.bin;0x10C57;2D 3A A7 45;AI(%d) : ガードステップ情報
ai/095.bin;0x10C57;9E BD DA 4B;Oath Liberator, Aglovale
ai/095.bin;0x10C57;2C A5 7B 4D;枚選択する必要があるが、
ai/095.bin;0x10C57;9F A5 E0 4F;CEO Amaterasu
ai/095.bin;0x10C57;A0 EB F0 50;Bluish Flame Liberator, Prominence Core
ai/095.bin;0x10C57;3A D0 5B 51;Exxtreme Battler, Victor
ai/095.bin;0x10C57;A6 11 33 52;Dark Dragon, Phantom Blaster "Diablo"
ai/095.bin;0x10C57;3C E0 6F 55;Dragonic Overlord (Break Ride)
ai/095.bin;0x10C57;DE C1 45 56;解放者
ai/095.bin;0x10C57;F7 6D 78 57;Stamp Sea Otter
ai/095.bin;0x10C57;C5 AF 0D 60;Crimson Roar, Metatron
ai/095.bin;0x10C57;47 87 68 63;AI(%d) : 思考時間 %.3f秒 (行動カテゴリ:%d)
ai/095.bin;0x10C57;55 C8 81 63;  完全ガード : %d/%d枚
ai/095.bin;0x10C57;42 D7 DA 63;  ガーディアン候補
ai/095.bin;0x10C57;44 08 7B 65;Koronagal Liberator
ai/095.bin;0x10C57;33 8E E7 69;Duo True Sister, Meer
ai/095.bin;0x10C57;E8 83 60 6B;Daredevil Samurai
ai/095.bin;0x10C57;4B D4 AE 6B;  合計シールド : 
ai/095.bin;0x10C57;DC 4C 2C 6E;Flower Princess of Spring's Beginning, Primavera
ai/095.bin;0x10C57;11 E8 1D 70;Oracle Queen, Himiko
ai/095.bin;0x10C57;E4 FB 3C 72;Blue Storm Cadet, Anos
ai/095.bin;0x10C57;29 EF C2 73;  対象(%d) : %s
ai/095.bin;0x10C57;7F 88 65 76;Holy Mage, Bryderi
ai/095.bin;0x10C57;B4 6A 3B 7A;Ascendant Liberator, Barbtruc
ai/095.bin;0x10C57;1D 15 1E 81;Fast Chase Liberator, Josephus
ai/095.bin;0x10C57;7C 3A 8B 81;Liberator, Burning Blow
ai/095.bin;0x10C57;DA 63 6D 85;Dimensional Robo, Daibrave
ai/095.bin;0x10C57;46 DE 4B 88;Dark Metal Dragon
ai/095.bin;0x10C57;1F DD 57 88;Golden Dragon, Scourge Point Dragon
ai/095.bin;0x10C57;6A D5 6E 8A;Katanaraizer
ai/095.bin;0x10C57;A0 D8 63 8D;Great Cosmic Hero, Grandgallop
ai/095.bin;0x10C57;1F 10 24 8F;上
ai/095.bin;0x10C57;6C E6 93 8F;Pitch Black Sage, Charon
ai/095.bin;0x10C57;BB E2 E9 90;Immortal, Asura Kaiser
ai/095.bin;0x10C57;E1 26 37 94;Demonic Dragon Berserker, Chatura
ai/095.bin;0x10C57;6A 0F 95 94;  アタッカーのパワー : %d(%d)
ai/095.bin;0x10C57;7F BB 35 95;Supreme Heavenly Emperor Dragon, Dragonic Overlord "the Ace"
ai/095.bin;0x10C57;CA 6E 17 98;Ketchgal Liberator
ai/095.bin;0x10C57;0C DD 47 9B;Battle Sister, Parfait
ai/095.bin;0x10C57;1A 2D D2 9C;Myth Guard, Fomalhaut
ai/095.bin;0x10C57;8F 11 13 9F;Regulation Liberator, Aglovale
ai/095.bin;0x10C57;69 08 3B A2;Blue Wave Dragon, Tetra-drive Dragon
ai/095.bin;0x10C57;F1 51 AA A2;Steam Fighter, Balih
ai/095.bin;0x10C57;A4 F3 D7 A7;  アタッカーのクリティカル : %d
ai/095.bin;0x10C57;BD FD F6 A7;Extreme Battler, Runbhol
ai/095.bin;0x10C57;9F 77 42 AC;Flare Whip Dragon
ai/095.bin;0x10C57;E1 97 D1 AF;Bluish Flame Liberator, Prominence Glare
ai/095.bin;0x10C57;39 6A 36 B5;Hyper Metalborg, Heavyduke
ai/095.bin;0x10C57;F7 48 21 B9;Dragon Knight, Jaral
ai/095.bin;0x10C57;88 EF 6D BC;Enigman Tornado
ai/095.bin;0x10C57;ED F8 CC BD;Final Wrench
ai/095.bin;0x10C57;11 9F 48 BE;Shura Stealth Dragon, Daranicongo
ai/095.bin;0x10C57;CF AA 4F C1;Perdition Dragon, Dragonic Neoflame
ai/095.bin;0x10C57;7C 17 CE C1;Ranunculus Flower Maiden, Ahsha
ai/095.bin;0x10C57;15 6E A2 C8;Wisteria Knight
ai/095.bin;0x10C57;AB 51 A7 CB;AI(%d) : レシピ (フラグ:%08x)
ai/095.bin;0x10C57;80 87 74 D4;May Rain Liberator, Bruno
ai/095.bin;0x10C57;D7 DA C1 D6;AI(%d) : 思考開始 (行動カテゴリ:%d)
ai/095.bin;0x10C57;7C 46 0A D9;Stealth Dragon, Dreadmaster
ai/095.bin;0x10C57;6B 1D DB DC;Machining Mosquito mkII
ai/095.bin;0x10C57;69 E8 61 E1;オーバーロード
ai/095.bin;0x10C57;EF 25 46 E3;解放者 ローフル・トランペッター
ai/095.bin;0x10C57;7D 1F 65 E6;Beast Deity, Night Jackal
ai/095.bin;0x10C57;57 CD 2E E8;    
ai/095.bin;0x10C57;CC 1A C6 E8;AI未設定 : attrib = %s
ai/095.bin;0x10C57;F7 16 CC EF;青き炎
ai/095.bin;0x10C57;39 17 8B F0;Starry Skies Liberator, Guinevere
ai/095.bin;0x10C57;4B 16 BE F0;Knight of Frevor, Hector
ai/095.bin;0x10C57;BF 43 2B F1;  アタッカー : %s
ai/095.bin;0x10C57;27 25 50 F1;Bear Down Samurai
ai/095.bin;0x10C57;42 AB 0B F4;Numinous Tree Liberator, Elchea
ai/095.bin;0x10C57;FC B0 EB F6;Purification Regalia, Pure Angel
ai/095.bin;0x10C57;89 20 23 F8;下
ai/095.bin;0x10C57;DD 4C B3 F8;ターン開始 AI(%d)
ai/096.bin;0xFD1B;34 53 5F 00;Lake Maiden, Lien
ai/096.bin;0xFD1B;DC A5 CF 01;  クインテットウォール : %d/%d枚
ai/096.bin;0xFD1B;CE A0 AE 04;Holy Knight Guardian
ai/096.bin;0xFD1B;51 5B 2F 06;Hexagonal Magus
ai/096.bin;0xFD1B;DD 9F CC 07;Blue Storm Dragon, Maelstrom
ai/096.bin;0xFD1B;8D 9F AA 08;  シールドの要求値 : 
ai/096.bin;0xFD1B;76 AE E0 09;Dragonic Overlord "The Яe-birth" (Trigger)
ai/096.bin;0xFD1B;02 DC 8B 0D;Mond Blaukluger
ai/096.bin;0xFD1B;B1 2D 5D 0E;  対象のパワー : %d(%d)%s
ai/096.bin;0xFD1B;24 A1 3B 11;Rising Lionet
ai/096.bin;0xFD1B;CA 98 65 11;Mythic Beast, Fenrir
ai/096.bin;0xFD1B;2F 96 22 12;Dancing Wolf
ai/096.bin;0xFD1B;2F CE 1C 13;Goddess of Flower Divination, Sakuya
ai/096.bin;0xFD1B;08 F5 FB 13;Divine Knight of Flashing Flame, Samuel
ai/096.bin;0xFD1B;9F 3C 4E 15; + %d
ai/096.bin;0xFD1B;26 7B 30 1A;Cat Butler
ai/096.bin;0xFD1B;8D 20 89 1A;AI未設定 : %s %d
ai/096.bin;0xFD1B;C0 17 EB 1D;Majesty Lord Blaster (Trigger)
ai/096.bin;0xFD1B;49 58 50 21;Dimensional Robo, Daijet
ai/096.bin;0xFD1B;BD D1 61 21;Knight of Flash
ai/096.bin;0xFD1B;8E BC BB 21;  シールドの目標値 : 
ai/096.bin;0xFD1B;00 8C ED 21;Miru Biru
ai/096.bin;0xFD1B;50 41 74 23;Hope Child, Turiel
ai/096.bin;0xFD1B;39 5F 97 27;Promising Knight, David
ai/096.bin;0xFD1B;BE 51 F9 27;Ravenous Dragon, Battlerex
ai/096.bin;0xFD1B;F7 2E E0 29;～%d
ai/096.bin;0xFD1B;A6 8F 2A 2A;Brawler, Fighting Dracokid
ai/096.bin;0xFD1B;44 62 0C 2D;Soundless Archer, Conductance
ai/096.bin;0xFD1B;14 30 63 2D;!!!! AI ERROR !!!!\n  
ai/096.bin;0xFD1B;0D 0A F2 2D;Sanctuary Guard Dragon
ai/096.bin;0xFD1B;EE 81 9E 32;Titan of the Capturing Arm
ai/096.bin;0xFD1B;C5 4D EE 32;Blaster Dark "Diablo"
ai/096.bin;0xFD1B;F1 28 16 33;枚しか選んでいない
ai/096.bin;0xFD1B;BC 1F 35 33;  ブースター : %s
ai/096.bin;0xFD1B;63 BD 80 33;Knight of Twin Sword
ai/096.bin;0xFD1B;B8 BC F2 37;Ambush Demon Stealth Rogue, Kagamijishi
ai/096.bin;0xFD1B;6E 42 D6 38;AI(%d) : アタック情報
ai/096.bin;0xFD1B;B3 AD 45 3A;ブラスター
ai/096.bin;0xFD1B;11 D6 7F 3E;Sword of Hope, Richard
ai/096.bin;0xFD1B;24 82 DE 40;Shining Knight, Millius
ai/096.bin;0xFD1B;03 D4 54 45; ヒットされない
ai/096.bin;0xFD1B;2D 3A A7 45;AI(%d) : ガードステップ情報
ai/096.bin;0xFD1B;2C A5 7B 4D;枚選択する必要があるが、
ai/096.bin;0xFD1B;9F A5 E0 4F;CEO Amaterasu
ai/096.bin;0xFD1B;3A D0 5B 51;Exxtreme Battler, Victor
ai/096.bin;0xFD1B;A6 11 33 52;Dark Dragon, Phantom Blaster "Diablo"
ai/096.bin;0xFD1B;3C E0 6F 55;Dragonic Overlord (Break Ride)
ai/096.bin;0xFD1B;DE C1 45 56;解放者
ai/096.bin;0xFD1B;5D 73 EE 56;Holy Dragon, Sanctuary Guard Regalie
ai/096.bin;0xFD1B;F7 6D 78 57;Stamp Sea Otter
ai/096.bin;0xFD1B;B0 93 08 5A;Laurel Knight, Sicilus
ai/096.bin;0xFD1B;C5 AF 0D 60;Crimson Roar, Metatron
ai/096.bin;0xFD1B;75 87 53 62;Knight of Reform, Ladinas
ai/096.bin;0xFD1B;47 87 68 63;AI(%d) : 思考時間 %.3f秒 (行動カテゴリ:%d)
ai/096.bin;0xFD1B;55 C8 81 63;  完全ガード : %d/%d枚
ai/096.bin;0xFD1B;42 D7 DA 63;  ガーディアン候補
ai/096.bin;0xFD1B;E5 93 1E 69;Sanctuary Archer
ai/096.bin;0xFD1B;33 8E E7 69;Duo True Sister, Meer
ai/096.bin;0xFD1B;E8 83 60 6B;Daredevil Samurai
ai/096.bin;0xFD1B;4B D4 AE 6B;  合計シールド : 
ai/096.bin;0xFD1B;DC 4C 2C 6E;Flower Princess of Spring's Beginning, Primavera
ai/096.bin;0xFD1B;11 E8 1D 70;Oracle Queen, Himiko
ai/096.bin;0xFD1B;E4 FB 3C 72;Blue Storm Cadet, Anos
ai/096.bin;0xFD1B;29 EF C2 73;  対象(%d) : %s
ai/096.bin;0xFD1B;5A 1C 38 7C;Jewel Knight, Prizmy
ai/096.bin;0xFD1B;7C 3A 8B 81;Liberator, Burning Blow
ai/096.bin;0xFD1B;E1 95 2F 85;Sacred Wielding Seeker, Octavius
ai/096.bin;0xFD1B;DA 63 6D 85;Dimensional Robo, Daibrave
ai/096.bin;0xFD1B;68 C9 7B 87;Burning Mane Lion
ai/096.bin;0xFD1B;46 DE 4B 88;Dark Metal Dragon
ai/096.bin;0xFD1B;6A D5 6E 8A;Katanaraizer
ai/096.bin;0xFD1B;A0 D8 63 8D;Great Cosmic Hero, Grandgallop
ai/096.bin;0xFD1B;1F 10 24 8F;上
ai/096.bin;0xFD1B;6C E6 93 8F;Pitch Black Sage, Charon
ai/096.bin;0xFD1B;BB E2 E9 90;Immortal, Asura Kaiser
ai/096.bin;0xFD1B;E1 26 37 94;Demonic Dragon Berserker, Chatura
ai/096.bin;0xFD1B;6A 0F 95 94;  アタッカーのパワー : %d(%d)
ai/096.bin;0xFD1B;7F BB 35 95;Supreme Heavenly Emperor Dragon, Dragonic Overlord "the Ace"
ai/096.bin;0xFD1B;5D 10 30 98;Shrouded Divine Knight, Gablade
ai/096.bin;0xFD1B;0C DD 47 9B;Battle Sister, Parfait
ai/096.bin;0xFD1B;1A 2D D2 9C;Myth Guard, Fomalhaut
ai/096.bin;0xFD1B;69 08 3B A2;Blue Wave Dragon, Tetra-drive Dragon
ai/096.bin;0xFD1B;F1 51 AA A2;Steam Fighter, Balih
ai/096.bin;0xFD1B;A4 F3 D7 A7;  アタッカーのクリティカル : %d
ai/096.bin;0xFD1B;BD FD F6 A7;Extreme Battler, Runbhol
ai/096.bin;0xFD1B;9F 77 42 AC;Flare Whip Dragon
ai/096.bin;0xFD1B;39 6A 36 B5;Hyper Metalborg, Heavyduke
ai/096.bin;0xFD1B;F7 48 21 B9;Dragon Knight, Jaral
ai/096.bin;0xFD1B;88 EF 6D BC;Enigman Tornado
ai/096.bin;0xFD1B;ED F8 CC BD;Final Wrench
ai/096.bin;0xFD1B;11 9F 48 BE;Shura Stealth Dragon, Daranicongo
ai/096.bin;0xFD1B;CF AA 4F C1;Perdition Dragon, Dragonic Neoflame
ai/096.bin;0xFD1B;7C 17 CE C1;Ranunculus Flower Maiden, Ahsha
ai/096.bin;0xFD1B;15 6E A2 C8;Wisteria Knight
ai/096.bin;0xFD1B;AB 51 A7 CB;AI(%d) : レシピ (フラグ:%08x)
ai/096.bin;0xFD1B;E7 C2 F9 CC;Healing Pegasus
ai/096.bin;0xFD1B;8E 25 88 CE;Battlesong Angel
ai/096.bin;0xFD1B;D7 DA C1 D6;AI(%d) : 思考開始 (行動カテゴリ:%d)
ai/096.bin;0xFD1B;7C 46 0A D9;Stealth Dragon, Dreadmaster
ai/096.bin;0xFD1B;E2 CC 7C D9;Exculpate the Blaster
ai/096.bin;0xFD1B;6B 1D DB DC;Machining Mosquito mkII
ai/096.bin;0xFD1B;69 E8 61 E1;オーバーロード
ai/096.bin;0xFD1B;7D 1F 65 E6;Beast Deity, Night Jackal
ai/096.bin;0xFD1B;57 CD 2E E8;    
ai/096.bin;0xFD1B;CC 1A C6 E8;AI未設定 : attrib = %s
ai/096.bin;0xFD1B;83 A0 BD E9;Grynngal Seeker
ai/096.bin;0xFD1B;FE D7 5F ED;Sanctuary Guard Guarantee
ai/096.bin;0xFD1B;39 17 8B F0;Starry Skies Liberator, Guinevere
ai/096.bin;0xFD1B;4B 16 BE F0;Knight of Frevor, Hector
ai/096.bin;0xFD1B;BF 43 2B F1;  アタッカー : %s
ai/096.bin;0xFD1B;27 25 50 F1;Bear Down Samurai
ai/096.bin;0xFD1B;FC B0 EB F6;Purification Regalia, Pure Angel
ai/096.bin;0xFD1B;89 20 23 F8;下
ai/096.bin;0xFD1B;DD 4C B3 F8;ターン開始 AI(%d)
ai/096.bin;0xFD1B;BF 4D 6C F9;Transmigration Knight, Brede
ai/096.bin;0xFD1B;97 B0 A0 FB;Bringer of Good Luck, Epona
ai/097.bin;0x103A3;5D 7A A9 01;Infinitesimal Star-vader, Mayoron
ai/097.bin;0x103A3;DC A5 CF 01;  クインテットウォール : %d/%d枚
ai/097.bin;0x103A3;51 5B 2F 06;Hexagonal Magus
ai/097.bin;0x103A3;DD 9F CC 07;Blue Storm Dragon, Maelstrom
ai/097.bin;0x103A3;8D 9F AA 08;  シールドの要求値 : 
ai/097.bin;0x103A3;76 AE E0 09;Dragonic Overlord "The Яe-birth" (Trigger)
ai/097.bin;0x103A3;02 DC 8B 0D;Mond Blaukluger
ai/097.bin;0x103A3;B1 2D 5D 0E;  対象のパワー : %d(%d)%s
ai/097.bin;0x103A3;B0 D8 F1 10;Star-vader of Silence, Dilaton
ai/097.bin;0x103A3;24 A1 3B 11;Rising Lionet
ai/097.bin;0x103A3;CA 98 65 11;Mythic Beast, Fenrir
ai/097.bin;0x103A3;2F 96 22 12;Dancing Wolf
ai/097.bin;0x103A3;2F CE 1C 13;Goddess of Flower Divination, Sakuya
ai/097.bin;0x103A3;9F 3C 4E 15; + %d
ai/097.bin;0x103A3;06 9E 51 16;Barrier Star-vader, Promethium
ai/097.bin;0x103A3;26 7B 30 1A;Cat Butler
ai/097.bin;0x103A3;8D 20 89 1A;AI未設定 : %s %d
ai/097.bin;0x103A3;E9 70 59 20;Nebula Dragon, Maximum Seal Dragon
ai/097.bin;0x103A3;49 58 50 21;Dimensional Robo, Daijet
ai/097.bin;0x103A3;8E BC BB 21;  シールドの目標値 : 
ai/097.bin;0x103A3;50 41 74 23;Hope Child, Turiel
ai/097.bin;0x103A3;39 5F 97 27;Promising Knight, David
ai/097.bin;0x103A3;BE 51 F9 27;Ravenous Dragon, Battlerex
ai/097.bin;0x103A3;F7 2E E0 29;～%d
ai/097.bin;0x103A3;A6 8F 2A 2A;Brawler, Fighting Dracokid
ai/097.bin;0x103A3;44 62 0C 2D;Soundless Archer, Conductance
ai/097.bin;0x103A3;14 30 63 2D;!!!! AI ERROR !!!!\n  
ai/097.bin;0x103A3;8E 49 BC 30;Vortex Star-vader, Molybdenum
ai/097.bin;0x103A3;EE 81 9E 32;Titan of the Capturing Arm
ai/097.bin;0x103A3;C5 4D EE 32;Blaster Dark "Diablo"
ai/097.bin;0x103A3;F1 28 16 33;枚しか選んでいない
ai/097.bin;0x103A3;BC 1F 35 33;  ブースター : %s
ai/097.bin;0x103A3;1C 38 B1 33;Star-vader, Apollonel Dragon
ai/097.bin;0x103A3;B8 BC F2 37;Ambush Demon Stealth Rogue, Kagamijishi
ai/097.bin;0x103A3;6E 42 D6 38;AI(%d) : アタック情報
ai/097.bin;0x103A3;B3 AD 45 3A;ブラスター
ai/097.bin;0x103A3;79 D5 87 3C;Nebula Dragon, Big Crunch Dragon
ai/097.bin;0x103A3;03 D4 54 45; ヒットされない
ai/097.bin;0x103A3;2D 3A A7 45;AI(%d) : ガードステップ情報
ai/097.bin;0x103A3;C9 91 11 46;Star-vader, Null Chameleon
ai/097.bin;0x103A3;2C A5 7B 4D;枚選択する必要があるが、
ai/097.bin;0x103A3;9F A5 E0 4F;CEO Amaterasu
ai/097.bin;0x103A3;3A D0 5B 51;Exxtreme Battler, Victor
ai/097.bin;0x103A3;A6 11 33 52;Dark Dragon, Phantom Blaster "Diablo"
ai/097.bin;0x103A3;3C E0 6F 55;Dragonic Overlord (Break Ride)
ai/097.bin;0x103A3;DE C1 45 56;解放者
ai/097.bin;0x103A3;F7 6D 78 57;Stamp Sea Otter
ai/097.bin;0x103A3;C1 53 FC 5C;Star-vader, Bravefang
ai/097.bin;0x103A3;C5 AF 0D 60;Crimson Roar, Metatron
ai/097.bin;0x103A3;47 87 68 63;AI(%d) : 思考時間 %.3f秒 (行動カテゴリ:%d)
ai/097.bin;0x103A3;55 C8 81 63;  完全ガード : %d/%d枚
ai/097.bin;0x103A3;42 D7 DA 63;  ガーディアン候補
ai/097.bin;0x103A3;33 8E E7 69;Duo True Sister, Meer
ai/097.bin;0x103A3;E8 83 60 6B;Daredevil Samurai
ai/097.bin;0x103A3;4B D4 AE 6B;  合計シールド : 
ai/097.bin;0x103A3;DC 4C 2C 6E;Flower Princess of Spring's Beginning, Primavera
ai/097.bin;0x103A3;11 E8 1D 70;Oracle Queen, Himiko
ai/097.bin;0x103A3;E4 FB 3C 72;Blue Storm Cadet, Anos
ai/097.bin;0x103A3;29 EF C2 73;  対象(%d) : %s
ai/097.bin;0x103A3;3D 73 3A 79;Star-vader, Pixie Powder
ai/097.bin;0x103A3;7C 3A 8B 81;Liberator, Burning Blow
ai/097.bin;0x103A3;DA 63 6D 85;Dimensional Robo, Daibrave
ai/097.bin;0x103A3;46 DE 4B 88;Dark Metal Dragon
ai/097.bin;0x103A3;6A D5 6E 8A;Katanaraizer
ai/097.bin;0x103A3;81 56 0D 8C;Demon Claw Star-vader, Lanthanum
ai/097.bin;0x103A3;A0 D8 63 8D;Great Cosmic Hero, Grandgallop
ai/097.bin;0x103A3;1F 10 24 8F;上
ai/097.bin;0x103A3;6C E6 93 8F;Pitch Black Sage, Charon
ai/097.bin;0x103A3;BB E2 E9 90;Immortal, Asura Kaiser
ai/097.bin;0x103A3;E1 26 37 94;Demonic Dragon Berserker, Chatura
ai/097.bin;0x103A3;6A 0F 95 94;  アタッカーのパワー : %d(%d)
ai/097.bin;0x103A3;7F BB 35 95;Supreme Heavenly Emperor Dragon, Dragonic Overlord "the Ace"
ai/097.bin;0x103A3;0C DD 47 9B;Battle Sister, Parfait
ai/097.bin;0x103A3;7B 9F B5 9C;Star-vader, Volt Line
ai/097.bin;0x103A3;1A 2D D2 9C;Myth Guard, Fomalhaut
ai/097.bin;0x103A3;D6 EC 5E 9E;Star-vader, Garnet Star Dragon
ai/097.bin;0x103A3;69 08 3B A2;Blue Wave Dragon, Tetra-drive Dragon
ai/097.bin;0x103A3;F1 51 AA A2;Steam Fighter, Balih
ai/097.bin;0x103A3;A4 F3 D7 A7;  アタッカーのクリティカル : %d
ai/097.bin;0x103A3;BD FD F6 A7;Extreme Battler, Runbhol
ai/097.bin;0x103A3;9F 77 42 AC;Flare Whip Dragon
ai/097.bin;0x103A3;EE CD 1C AE;Star-vader, Blaster Joker (Trigger)
ai/097.bin;0x103A3;39 6A 36 B5;Hyper Metalborg, Heavyduke
ai/097.bin;0x103A3;F7 48 21 B9;Dragon Knight, Jaral
ai/097.bin;0x103A3;88 EF 6D BC;Enigman Tornado
ai/097.bin;0x103A3;ED F8 CC BD;Final Wrench
ai/097.bin;0x103A3;11 9F 48 BE;Shura Stealth Dragon, Daranicongo
ai/097.bin;0x103A3;CF AA 4F C1;Perdition Dragon, Dragonic Neoflame
ai/097.bin;0x103A3;7C 17 CE C1;Ranunculus Flower Maiden, Ahsha
ai/097.bin;0x103A3;15 6E A2 C8;Wisteria Knight
ai/097.bin;0x103A3;AB 51 A7 CB;AI(%d) : レシピ (フラグ:%08x)
ai/097.bin;0x103A3;15 5D BE CE;Companion Star Star-vader, Photon (No Ability)
ai/097.bin;0x103A3;D6 80 69 CF;Star-vader, Colony Maker
ai/097.bin;0x103A3;D7 DA C1 D6;AI(%d) : 思考開始 (行動カテゴリ:%d)
ai/097.bin;0x103A3;7C 46 0A D9;Stealth Dragon, Dreadmaster
ai/097.bin;0x103A3;6B 1D DB DC;Machining Mosquito mkII
ai/097.bin;0x103A3;69 E8 61 E1;オーバーロード
ai/097.bin;0x103A3;7D 1F 65 E6;Beast Deity, Night Jackal
ai/097.bin;0x103A3;57 CD 2E E8;    
ai/097.bin;0x103A3;CC 1A C6 E8;AI未設定 : attrib = %s
ai/097.bin;0x103A3;39 17 8B F0;Starry Skies Liberator, Guinevere
ai/097.bin;0x103A3;4B 16 BE F0;Knight of Frevor, Hector
ai/097.bin;0x103A3;BF 43 2B F1;  アタッカー : %s
ai/097.bin;0x103A3;27 25 50 F1;Bear Down Samurai
ai/097.bin;0x103A3;FC B0 EB F6;Purification Regalia, Pure Angel
ai/097.bin;0x103A3;89 20 23 F8;下
ai/097.bin;0x103A3;DD 4C B3 F8;ターン開始 AI(%d)
ai/098.bin;0x106D4;DC A5 CF 01;  クインテットウォール : %d/%d枚
ai/098.bin;0x106D4;FF 39 DE 05;Duo Pride Crown, Madeira
ai/098.bin;0x106D4;51 5B 2F 06;Hexagonal Magus
ai/098.bin;0x106D4;DD 9F CC 07;Blue Storm Dragon, Maelstrom
ai/098.bin;0x106D4;8D 9F AA 08;  シールドの要求値 : 
ai/098.bin;0x106D4;76 AE E0 09;Dragonic Overlord "The Яe-birth" (Trigger)
ai/098.bin;0x106D4;5B 12 08 0A;Duo Love Joker, Chulym
ai/098.bin;0x106D4;02 DC 8B 0D;Mond Blaukluger
ai/098.bin;0x106D4;B1 2D 5D 0E;  対象のパワー : %d(%d)%s
ai/098.bin;0x106D4;24 A1 3B 11;Rising Lionet
ai/098.bin;0x106D4;CA 98 65 11;Mythic Beast, Fenrir
ai/098.bin;0x106D4;2F 96 22 12;Dancing Wolf
ai/098.bin;0x106D4;2F CE 1C 13;Goddess of Flower Divination, Sakuya
ai/098.bin;0x106D4;9F 3C 4E 15; + %d
ai/098.bin;0x106D4;69 4A D5 17;Image Master, Kukuri
ai/098.bin;0x106D4;26 7B 30 1A;Cat Butler
ai/098.bin;0x106D4;8D 20 89 1A;AI未設定 : %s %d
ai/098.bin;0x106D4;49 58 50 21;Dimensional Robo, Daijet
ai/098.bin;0x106D4;8E BC BB 21;  シールドの目標値 : 
ai/098.bin;0x106D4;50 41 74 23;Hope Child, Turiel
ai/098.bin;0x106D4;EE AC 3F 26;Duo Lovely Devil, Vepar
ai/098.bin;0x106D4;39 5F 97 27;Promising Knight, David
ai/098.bin;0x106D4;BE 51 F9 27;Ravenous Dragon, Battlerex
ai/098.bin;0x106D4;F7 2E E0 29;～%d
ai/098.bin;0x106D4;A6 8F 2A 2A;Brawler, Fighting Dracokid
ai/098.bin;0x106D4;7B 54 88 2B;Legend of the Glass Shoe, Amoris
ai/098.bin;0x106D4;44 62 0C 2D;Soundless Archer, Conductance
ai/098.bin;0x106D4;14 30 63 2D;!!!! AI ERROR !!!!\n  
ai/098.bin;0x106D4;EE 81 9E 32;Titan of the Capturing Arm
ai/098.bin;0x106D4;C5 4D EE 32;Blaster Dark "Diablo"
ai/098.bin;0x106D4;F1 28 16 33;枚しか選んでいない
ai/098.bin;0x106D4;BC 1F 35 33;  ブースター : %s
ai/098.bin;0x106D4;F9 37 D3 36;Duo Gorgeous Lady, Kazuha
ai/098.bin;0x106D4;B8 BC F2 37;Ambush Demon Stealth Rogue, Kagamijishi
ai/098.bin;0x106D4;6E 42 D6 38;AI(%d) : アタック情報
ai/098.bin;0x106D4;B3 AD 45 3A;ブラスター
ai/098.bin;0x106D4;5D 54 A9 3A;Duo Mini Heart, Rhone
ai/098.bin;0x106D4;A8 B3 65 3D;Legendary PR♥ISM-Duo, Nectaria
ai/098.bin;0x106D4;03 D4 54 45; ヒットされない
ai/098.bin;0x106D4;2D 3A A7 45;AI(%d) : ガードステップ情報
ai/098.bin;0x106D4;2C A5 7B 4D;枚選択する必要があるが、
ai/098.bin;0x106D4;9F A5 E0 4F;CEO Amaterasu
ai/098.bin;0x106D4;3A D0 5B 51;Exxtreme Battler, Victor
ai/098.bin;0x106D4;A6 11 33 52;Dark Dragon, Phantom Blaster "Diablo"
ai/098.bin;0x106D4;3C E0 6F 55;Dragonic Overlord (Break Ride)
ai/098.bin;0x106D4;DE C1 45 56;解放者
ai/098.bin;0x106D4;F7 6D 78 57;Stamp Sea Otter
ai/098.bin;0x106D4;5A 87 A2 59;Duo Falling Heart, Victoria
ai/098.bin;0x106D4;C5 AF 0D 60;Crimson Roar, Metatron
ai/098.bin;0x106D4;55 4B EE 61;Duo Falling Heart, Quancy
ai/098.bin;0x106D4;47 87 68 63;AI(%d) : 思考時間 %.3f秒 (行動カテゴリ:%d)
ai/098.bin;0x106D4;55 C8 81 63;  完全ガード : %d/%d枚
ai/098.bin;0x106D4;42 D7 DA 63;  ガーディアン候補
ai/098.bin;0x106D4;33 8E E7 69;Duo True Sister, Meer
ai/098.bin;0x106D4;E8 83 60 6B;Daredevil Samurai
ai/098.bin;0x106D4;4B D4 AE 6B;  合計シールド : 
ai/098.bin;0x106D4;DC 4C 2C 6E;Flower Princess of Spring's Beginning, Primavera
ai/098.bin;0x106D4;11 E8 1D 70;Oracle Queen, Himiko
ai/098.bin;0x106D4;E4 FB 3C 72;Blue Storm Cadet, Anos
ai/098.bin;0x106D4;29 EF C2 73;  対象(%d) : %s
ai/098.bin;0x106D4;55 6F AC 7C;Duo Petit Etoile, Peace
ai/098.bin;0x106D4;7C 3A 8B 81;Liberator, Burning Blow
ai/098.bin;0x106D4;DA 63 6D 85;Dimensional Robo, Daibrave
ai/098.bin;0x106D4;39 6C C0 85;Duo Lovely Angel, Nemuel
ai/098.bin;0x106D4;46 DE 4B 88;Dark Metal Dragon
ai/098.bin;0x106D4;6A D5 6E 8A;Katanaraizer
ai/098.bin;0x106D4;A0 D8 63 8D;Great Cosmic Hero, Grandgallop
ai/098.bin;0x106D4;1F 10 24 8F;上
ai/098.bin;0x106D4;6C E6 93 8F;Pitch Black Sage, Charon
ai/098.bin;0x106D4;BB E2 E9 90;Immortal, Asura Kaiser
ai/098.bin;0x106D4;E1 26 37 94;Demonic Dragon Berserker, Chatura
ai/098.bin;0x106D4;6A 0F 95 94;  アタッカーのパワー : %d(%d)
ai/098.bin;0x106D4;7F BB 35 95;Supreme Heavenly Emperor Dragon, Dragonic Overlord "the Ace"
ai/098.bin;0x106D4;0C DD 47 9B;Battle Sister, Parfait
ai/098.bin;0x106D4;1A 2D D2 9C;Myth Guard, Fomalhaut
ai/098.bin;0x106D4;ED 6D 33 A0;Duo Grampus Turn, Shannon
ai/098.bin;0x106D4;69 08 3B A2;Blue Wave Dragon, Tetra-drive Dragon
ai/098.bin;0x106D4;F1 51 AA A2;Steam Fighter, Balih
ai/098.bin;0x106D4;A4 F3 D7 A7;  アタッカーのクリティカル : %d
ai/098.bin;0x106D4;BD FD F6 A7;Extreme Battler, Runbhol
ai/098.bin;0x106D4;9F 77 42 AC;Flare Whip Dragon
ai/098.bin;0x106D4;F2 BB BF B1;Duo Tropical Healer, Medjerda
ai/098.bin;0x106D4;39 6A 36 B5;Hyper Metalborg, Heavyduke
ai/098.bin;0x106D4;F7 48 21 B9;Dragon Knight, Jaral
ai/098.bin;0x106D4;88 EF 6D BC;Enigman Tornado
ai/098.bin;0x106D4;ED F8 CC BD;Final Wrench
ai/098.bin;0x106D4;11 9F 48 BE;Shura Stealth Dragon, Daranicongo
ai/098.bin;0x106D4;CF AA 4F C1;Perdition Dragon, Dragonic Neoflame
ai/098.bin;0x106D4;7C 17 CE C1;Ranunculus Flower Maiden, Ahsha
ai/098.bin;0x106D4;15 6E A2 C8;Wisteria Knight
ai/098.bin;0x106D4;38 81 1D CA;Talent of Perseverance, Shandee
ai/098.bin;0x106D4;AB 51 A7 CB;AI(%d) : レシピ (フラグ:%08x)
ai/098.bin;0x106D4;D7 DA C1 D6;AI(%d) : 思考開始 (行動カテゴリ:%d)
ai/098.bin;0x106D4;7C 46 0A D9;Stealth Dragon, Dreadmaster
ai/098.bin;0x106D4;6B 1D DB DC;Machining Mosquito mkII
ai/098.bin;0x106D4;69 E8 61 E1;オーバーロード
ai/098.bin;0x106D4;7D 1F 65 E6;Beast Deity, Night Jackal
ai/098.bin;0x106D4;57 CD 2E E8;    
ai/098.bin;0x106D4;CC 1A C6 E8;AI未設定 : attrib = %s
ai/098.bin;0x106D4;39 17 8B F0;Starry Skies Liberator, Guinevere
ai/098.bin;0x106D4;4B 16 BE F0;Knight of Frevor, Hector
ai/098.bin;0x106D4;BF 43 2B F1;  アタッカー : %s
ai/098.bin;0x106D4;27 25 50 F1;Bear Down Samurai
ai/098.bin;0x106D4;FC B0 EB F6;Purification Regalia, Pure Angel
ai/098.bin;0x106D4;89 20 23 F8;下
ai/098.bin;0x106D4;8B F2 68 F8;Duo
ai/098.bin;0x106D4;DD 4C B3 F8;ターン開始 AI(%d)
ai/098.bin;0x106D4;30 BB 6C FD;Duo Lovers Singer, Darling
ai/099.bin;0xE662;DC A5 CF 01;  クインテットウォール : %d/%d枚
ai/099.bin;0xE662;26 9F A5 02;Gunnergear Dracokid
ai/099.bin;0xE662;8D 81 BB 03;Steam Soldier, Tauge
ai/099.bin;0xE662;51 5B 2F 06;Hexagonal Magus
ai/099.bin;0xE662;DD 9F CC 07;Blue Storm Dragon, Maelstrom
ai/099.bin;0xE662;8D 9F AA 08;  シールドの要求値 : 
ai/099.bin;0xE662;76 AE E0 09;Dragonic Overlord "The Яe-birth" (Trigger)
ai/099.bin;0xE662;02 DC 8B 0D;Mond Blaukluger
ai/099.bin;0xE662;B1 2D 5D 0E;  対象のパワー : %d(%d)%s
ai/099.bin;0xE662;24 A1 3B 11;Rising Lionet
ai/099.bin;0xE662;CA 98 65 11;Mythic Beast, Fenrir
ai/099.bin;0xE662;2F 96 22 12;Dancing Wolf
ai/099.bin;0xE662;2F CE 1C 13;Goddess of Flower Divination, Sakuya
ai/099.bin;0xE662;9F 3C 4E 15; + %d
ai/099.bin;0xE662;26 7B 30 1A;Cat Butler
ai/099.bin;0xE662;8D 20 89 1A;AI未設定 : %s %d
ai/099.bin;0xE662;49 58 50 21;Dimensional Robo, Daijet
ai/099.bin;0xE662;8E BC BB 21;  シールドの目標値 : 
ai/099.bin;0xE662;50 41 74 23;Hope Child, Turiel
ai/099.bin;0xE662;39 5F 97 27;Promising Knight, David
ai/099.bin;0xE662;BE 51 F9 27;Ravenous Dragon, Battlerex
ai/099.bin;0xE662;5A 00 2D 29;Withdrawn Gear Raven
ai/099.bin;0xE662;F7 2E E0 29;～%d
ai/099.bin;0xE662;A6 8F 2A 2A;Brawler, Fighting Dracokid
ai/099.bin;0xE662;44 62 0C 2D;Soundless Archer, Conductance
ai/099.bin;0xE662;14 30 63 2D;!!!! AI ERROR !!!!\n  
ai/099.bin;0xE662;9A C1 68 30;Steam Fighter, Amber
ai/099.bin;0xE662;EE 81 9E 32;Titan of the Capturing Arm
ai/099.bin;0xE662;C5 4D EE 32;Blaster Dark "Diablo"
ai/099.bin;0xE662;F1 28 16 33;枚しか選んでいない
ai/099.bin;0xE662;BC 1F 35 33;  ブースター : %s
ai/099.bin;0xE662;D4 80 E1 37;Steam Knight, Ubara-tutu
ai/099.bin;0xE662;B8 BC F2 37;Ambush Demon Stealth Rogue, Kagamijishi
ai/099.bin;0xE662;6E 42 D6 38;AI(%d) : アタック情報
ai/099.bin;0xE662;B3 AD 45 3A;ブラスター
ai/099.bin;0xE662;03 D4 54 45; ヒットされない
ai/099.bin;0xE662;2D 3A A7 45;AI(%d) : ガードステップ情報
ai/099.bin;0xE662;5C 11 0E 4C;Steam Battler, Dadasig
ai/099.bin;0xE662;2C A5 7B 4D;枚選択する必要があるが、
ai/099.bin;0xE662;9F A5 E0 4F;CEO Amaterasu
ai/099.bin;0xE662;3A D0 5B 51;Exxtreme Battler, Victor
ai/099.bin;0xE662;A6 11 33 52;Dark Dragon, Phantom Blaster "Diablo"
ai/099.bin;0xE662;3C E0 6F 55;Dragonic Overlord (Break Ride)
ai/099.bin;0xE662;DE C1 45 56;解放者
ai/099.bin;0xE662;F7 6D 78 57;Stamp Sea Otter
ai/099.bin;0xE662;C5 AF 0D 60;Crimson Roar, Metatron
ai/099.bin;0xE662;47 87 68 63;AI(%d) : 思考時間 %.3f秒 (行動カテゴリ:%d)
ai/099.bin;0xE662;55 C8 81 63;  完全ガード : %d/%d枚
ai/099.bin;0xE662;42 D7 DA 63;  ガーディアン候補
ai/099.bin;0xE662;33 8E E7 69;Duo True Sister, Meer
ai/099.bin;0xE662;E8 83 60 6B;Daredevil Samurai
ai/099.bin;0xE662;4B D4 AE 6B;  合計シールド : 
ai/099.bin;0xE662;DC 4C 2C 6E;Flower Princess of Spring's Beginning, Primavera
ai/099.bin;0xE662;11 E8 1D 70;Oracle Queen, Himiko
ai/099.bin;0xE662;E4 FB 3C 72;Blue Storm Cadet, Anos
ai/099.bin;0xE662;29 EF C2 73;  対象(%d) : %s
ai/099.bin;0xE662;65 B1 B8 76;腹時計付きのギアラビット
ai/099.bin;0xE662;7C 3A 8B 81;Liberator, Burning Blow
ai/099.bin;0xE662;DA 63 6D 85;Dimensional Robo, Daibrave
ai/099.bin;0xE662;46 DE 4B 88;Dark Metal Dragon
ai/099.bin;0xE662;6A D5 6E 8A;Katanaraizer
ai/099.bin;0xE662;85 BF 19 8C;Steam Mage, En-narda
ai/099.bin;0xE662;A0 D8 63 8D;Great Cosmic Hero, Grandgallop
ai/099.bin;0xE662;1F 10 24 8F;上
ai/099.bin;0xE662;6C E6 93 8F;Pitch Black Sage, Charon
ai/099.bin;0xE662;BB E2 E9 90;Immortal, Asura Kaiser
ai/099.bin;0xE662;E1 26 37 94;Demonic Dragon Berserker, Chatura
ai/099.bin;0xE662;6A 0F 95 94;  アタッカーのパワー : %d(%d)
ai/099.bin;0xE662;7F BB 35 95;Supreme Heavenly Emperor Dragon, Dragonic Overlord "the Ace"
ai/099.bin;0xE662;6F EB F7 95;Masergear Dragon
ai/099.bin;0xE662;0C DD 47 9B;Battle Sister, Parfait
ai/099.bin;0xE662;01 35 FF 9B;Smithereen Colossus
ai/099.bin;0xE662;1A 2D D2 9C;Myth Guard, Fomalhaut
ai/099.bin;0xE662;69 08 3B A2;Blue Wave Dragon, Tetra-drive Dragon
ai/099.bin;0xE662;F1 51 AA A2;Steam Fighter, Balih
ai/099.bin;0xE662;A4 F3 D7 A7;  アタッカーのクリティカル : %d
ai/099.bin;0xE662;BD FD F6 A7;Extreme Battler, Runbhol
ai/099.bin;0xE662;9F 77 42 AC;Flare Whip Dragon
ai/099.bin;0xE662;39 6A 36 B5;Hyper Metalborg, Heavyduke
ai/099.bin;0xE662;09 C0 E2 B6;Twinmaser Dragon
ai/099.bin;0xE662;F7 48 21 B9;Dragon Knight, Jaral
ai/099.bin;0xE662;88 EF 6D BC;Enigman Tornado
ai/099.bin;0xE662;ED F8 CC BD;Final Wrench
ai/099.bin;0xE662;11 9F 48 BE;Shura Stealth Dragon, Daranicongo
ai/099.bin;0xE662;83 0C AC BE;Smokegear Dragon
ai/099.bin;0xE662;04 0C B6 BE;Steam Rider, Burnham
ai/099.bin;0xE662;3D FB ED C0;Chronojet Dragon
ai/099.bin;0xE662;CF AA 4F C1;Perdition Dragon, Dragonic Neoflame
ai/099.bin;0xE662;7C 17 CE C1;Ranunculus Flower Maiden, Ahsha
ai/099.bin;0xE662;15 6E A2 C8;Wisteria Knight
ai/099.bin;0xE662;AB 51 A7 CB;AI(%d) : レシピ (フラグ:%08x)
ai/099.bin;0xE662;61 37 62 CC;Steam Knight, Shu Sin
ai/099.bin;0xE662;D7 DA C1 D6;AI(%d) : 思考開始 (行動カテゴリ:%d)
ai/099.bin;0xE662;7C 46 0A D9;Stealth Dragon, Dreadmaster
ai/099.bin;0xE662;78 6A 0D DA;Steam Maiden, Uluru
ai/099.bin;0xE662;6B 1D DB DC;Machining Mosquito mkII
ai/099.bin;0xE662;69 E8 61 E1;オーバーロード
ai/099.bin;0xE662;7D 1F 65 E6;Beast Deity, Night Jackal
ai/099.bin;0xE662;57 CD 2E E8;    
ai/099.bin;0xE662;19 BA 6C E8;Interdimensional Dragon, Mystery-flare Dragon
ai/099.bin;0xE662;CC 1A C6 E8;AI未設定 : attrib = %s
ai/099.bin;0xE662;5E C0 46 EB;Great Carapace, Gear Turtle
ai/099.bin;0xE662;69 F1 59 EF;Luckypot Dracokid
ai/099.bin;0xE662;39 17 8B F0;Starry Skies Liberator, Guinevere
ai/099.bin;0xE662;4B 16 BE F0;Knight of Frevor, Hector
ai/099.bin;0xE662;BF 43 2B F1;  アタッカー : %s
ai/099.bin;0xE662;27 25 50 F1;Bear Down Samurai
ai/099.bin;0xE662;FC B0 EB F6;Purification Regalia, Pure Angel
ai/099.bin;0xE662;89 20 23 F8;下
ai/099.bin;0xE662;DD 4C B3 F8;ターン開始 AI(%d)
ai/100.bin;0xF339;DC A5 CF 01;  クインテットウォール : %d/%d枚
ai/100.bin;0xF339;26 9F A5 02;Gunnergear Dracokid
ai/100.bin;0xF339;8D 81 BB 03;Steam Soldier, Tauge
ai/100.bin;0xF339;51 5B 2F 06;Hexagonal Magus
ai/100.bin;0xF339;DD 9F CC 07;Blue Storm Dragon, Maelstrom
ai/100.bin;0xF339;8D 9F AA 08;  シールドの要求値 : 
ai/100.bin;0xF339;76 AE E0 09;Dragonic Overlord "The Яe-birth" (Trigger)
ai/100.bin;0xF339;02 DC 8B 0D;Mond Blaukluger
ai/100.bin;0xF339;B1 2D 5D 0E;  対象のパワー : %d(%d)%s
ai/100.bin;0xF339;24 A1 3B 11;Rising Lionet
ai/100.bin;0xF339;CA 98 65 11;Mythic Beast, Fenrir
ai/100.bin;0xF339;2F 96 22 12;Dancing Wolf
ai/100.bin;0xF339;2F CE 1C 13;Goddess of Flower Divination, Sakuya
ai/100.bin;0xF339;9F 3C 4E 15; + %d
ai/100.bin;0xF339;26 7B 30 1A;Cat Butler
ai/100.bin;0xF339;8D 20 89 1A;AI未設定 : %s %d
ai/100.bin;0xF339;49 58 50 21;Dimensional Robo, Daijet
ai/100.bin;0xF339;8E BC BB 21;  シールドの目標値 : 
ai/100.bin;0xF339;50 41 74 23;Hope Child, Turiel
ai/100.bin;0xF339;39 5F 97 27;Promising Knight, David
ai/100.bin;0xF339;BE 51 F9 27;Ravenous Dragon, Battlerex
ai/100.bin;0xF339;5A 00 2D 29;Withdrawn Gear Raven
ai/100.bin;0xF339;F7 2E E0 29;～%d
ai/100.bin;0xF339;A6 8F 2A 2A;Brawler, Fighting Dracokid
ai/100.bin;0xF339;44 62 0C 2D;Soundless Archer, Conductance
ai/100.bin;0xF339;14 30 63 2D;!!!! AI ERROR !!!!\n  
ai/100.bin;0xF339;9A C1 68 30;Steam Fighter, Amber
ai/100.bin;0xF339;EE 81 9E 32;Titan of the Capturing Arm
ai/100.bin;0xF339;C5 4D EE 32;Blaster Dark "Diablo"
ai/100.bin;0xF339;F1 28 16 33;枚しか選んでいない
ai/100.bin;0xF339;BC 1F 35 33;  ブースター : %s
ai/100.bin;0xF339;D4 80 E1 37;Steam Knight, Ubara-tutu
ai/100.bin;0xF339;B8 BC F2 37;Ambush Demon Stealth Rogue, Kagamijishi
ai/100.bin;0xF339;6E 42 D6 38;AI(%d) : アタック情報
ai/100.bin;0xF339;B3 AD 45 3A;ブラスター
ai/100.bin;0xF339;03 D4 54 45; ヒットされない
ai/100.bin;0xF339;2D 3A A7 45;AI(%d) : ガードステップ情報
ai/100.bin;0xF339;5C 11 0E 4C;Steam Battler, Dadasig
ai/100.bin;0xF339;2C A5 7B 4D;枚選択する必要があるが、
ai/100.bin;0xF339;9F A5 E0 4F;CEO Amaterasu
ai/100.bin;0xF339;3A D0 5B 51;Exxtreme Battler, Victor
ai/100.bin;0xF339;A6 11 33 52;Dark Dragon, Phantom Blaster "Diablo"
ai/100.bin;0xF339;3C E0 6F 55;Dragonic Overlord (Break Ride)
ai/100.bin;0xF339;DE C1 45 56;解放者
ai/100.bin;0xF339;F7 6D 78 57;Stamp Sea Otter
ai/100.bin;0xF339;C5 AF 0D 60;Crimson Roar, Metatron
ai/100.bin;0xF339;47 87 68 63;AI(%d) : 思考時間 %.3f秒 (行動カテゴリ:%d)
ai/100.bin;0xF339;55 C8 81 63;  完全ガード : %d/%d枚
ai/100.bin;0xF339;42 D7 DA 63;  ガーディアン候補
ai/100.bin;0xF339;33 8E E7 69;Duo True Sister, Meer
ai/100.bin;0xF339;E8 83 60 6B;Daredevil Samurai
ai/100.bin;0xF339;4B D4 AE 6B;  合計シールド : 
ai/100.bin;0xF339;DC 4C 2C 6E;Flower Princess of Spring's Beginning, Primavera
ai/100.bin;0xF339;11 E8 1D 70;Oracle Queen, Himiko
ai/100.bin;0xF339;E4 FB 3C 72;Blue Storm Cadet, Anos
ai/100.bin;0xF339;29 EF C2 73;  対象(%d) : %s
ai/100.bin;0xF339;65 B1 B8 76;腹時計付きのギアラビット
ai/100.bin;0xF339;7C 3A 8B 81;Liberator, Burning Blow
ai/100.bin;0xF339;DA 63 6D 85;Dimensional Robo, Daibrave
ai/100.bin;0xF339;46 DE 4B 88;Dark Metal Dragon
ai/100.bin;0xF339;6A D5 6E 8A;Katanaraizer
ai/100.bin;0xF339;A0 D8 63 8D;Great Cosmic Hero, Grandgallop
ai/100.bin;0xF339;1F 10 24 8F;上
ai/100.bin;0xF339;6C E6 93 8F;Pitch Black Sage, Charon
ai/100.bin;0xF339;BB E2 E9 90;Immortal, Asura Kaiser
ai/100.bin;0xF339;E1 26 37 94;Demonic Dragon Berserker, Chatura
ai/100.bin;0xF339;6A 0F 95 94;  アタッカーのパワー : %d(%d)
ai/100.bin;0xF339;7F BB 35 95;Supreme Heavenly Emperor Dragon, Dragonic Overlord "the Ace"
ai/100.bin;0xF339;6F EB F7 95;Masergear Dragon
ai/100.bin;0xF339;0C DD 47 9B;Battle Sister, Parfait
ai/100.bin;0xF339;01 35 FF 9B;Smithereen Colossus
ai/100.bin;0xF339;1A 2D D2 9C;Myth Guard, Fomalhaut
ai/100.bin;0xF339;69 08 3B A2;Blue Wave Dragon, Tetra-drive Dragon
ai/100.bin;0xF339;F1 51 AA A2;Steam Fighter, Balih
ai/100.bin;0xF339;A4 F3 D7 A7;  アタッカーのクリティカル : %d
ai/100.bin;0xF339;BD FD F6 A7;Extreme Battler, Runbhol
ai/100.bin;0xF339;9F 77 42 AC;Flare Whip Dragon
ai/100.bin;0xF339;39 6A 36 B5;Hyper Metalborg, Heavyduke
ai/100.bin;0xF339;09 C0 E2 B6;Twinmaser Dragon
ai/100.bin;0xF339;F7 48 21 B9;Dragon Knight, Jaral
ai/100.bin;0xF339;88 EF 6D BC;Enigman Tornado
ai/100.bin;0xF339;ED F8 CC BD;Final Wrench
ai/100.bin;0xF339;11 9F 48 BE;Shura Stealth Dragon, Daranicongo
ai/100.bin;0xF339;83 0C AC BE;Smokegear Dragon
ai/100.bin;0xF339;04 0C B6 BE;Steam Rider, Burnham
ai/100.bin;0xF339;3D FB ED C0;Chronojet Dragon
ai/100.bin;0xF339;CF AA 4F C1;Perdition Dragon, Dragonic Neoflame
ai/100.bin;0xF339;7C 17 CE C1;Ranunculus Flower Maiden, Ahsha
ai/100.bin;0xF339;15 6E A2 C8;Wisteria Knight
ai/100.bin;0xF339;AB 51 A7 CB;AI(%d) : レシピ (フラグ:%08x)
ai/100.bin;0xF339;61 37 62 CC;Steam Knight, Shu Sin
ai/100.bin;0xF339;D7 DA C1 D6;AI(%d) : 思考開始 (行動カテゴリ:%d)
ai/100.bin;0xF339;7C 46 0A D9;Stealth Dragon, Dreadmaster
ai/100.bin;0xF339;78 6A 0D DA;Steam Maiden, Uluru
ai/100.bin;0xF339;6B 1D DB DC;Machining Mosquito mkII
ai/100.bin;0xF339;5A CA ED DD;Brasswing Dragon
ai/100.bin;0xF339;69 E8 61 E1;オーバーロード
ai/100.bin;0xF339;7D 1F 65 E6;Beast Deity, Night Jackal
ai/100.bin;0xF339;57 CD 2E E8;    
ai/100.bin;0xF339;19 BA 6C E8;Interdimensional Dragon, Mystery-flare Dragon
ai/100.bin;0xF339;CC 1A C6 E8;AI未設定 : attrib = %s
ai/100.bin;0xF339;5E C0 46 EB;Great Carapace, Gear Turtle
ai/100.bin;0xF339;69 F1 59 EF;Luckypot Dracokid
ai/100.bin;0xF339;39 17 8B F0;Starry Skies Liberator, Guinevere
ai/100.bin;0xF339;4B 16 BE F0;Knight of Frevor, Hector
ai/100.bin;0xF339;BF 43 2B F1;  アタッカー : %s
ai/100.bin;0xF339;27 25 50 F1;Bear Down Samurai
ai/100.bin;0xF339;FC B0 EB F6;Purification Regalia, Pure Angel
ai/100.bin;0xF339;89 20 23 F8;下
ai/100.bin;0xF339;DD 4C B3 F8;ターン開始 AI(%d)
ai/101.bin;0x10959;DC A5 CF 01;  クインテットウォール : %d/%d枚
ai/101.bin;0x10959;51 5B 2F 06;Hexagonal Magus
ai/101.bin;0x10959;DD 9F CC 07;Blue Storm Dragon, Maelstrom
ai/101.bin;0x10959;8D 9F AA 08;  シールドの要求値 : 
ai/101.bin;0x10959;76 AE E0 09;Dragonic Overlord "The Яe-birth" (Trigger)
ai/101.bin;0x10959;02 DC 8B 0D;Mond Blaukluger
ai/101.bin;0x10959;76 0E 98 0D;Override Deletor, Olg
ai/101.bin;0x10959;B1 2D 5D 0E;  対象のパワー : %d(%d)%s
ai/101.bin;0x10959;24 A1 3B 11;Rising Lionet
ai/101.bin;0x10959;CA 98 65 11;Mythic Beast, Fenrir
ai/101.bin;0x10959;2F 96 22 12;Dancing Wolf
ai/101.bin;0x10959;2F CE 1C 13;Goddess of Flower Divination, Sakuya
ai/101.bin;0x10959;7A FA 23 14;Bloating Deletor, Gio
ai/101.bin;0x10959;9F 3C 4E 15; + %d
ai/101.bin;0x10959;68 FD C4 16;Idolizing Deletor, Guim
ai/101.bin;0x10959;26 7B 30 1A;Cat Butler
ai/101.bin;0x10959;8D 20 89 1A;AI未設定 : %s %d
ai/101.bin;0x10959;49 58 50 21;Dimensional Robo, Daijet
ai/101.bin;0x10959;8E BC BB 21;  シールドの目標値 : 
ai/101.bin;0x10959;50 41 74 23;Hope Child, Turiel
ai/101.bin;0x10959;39 5F 97 27;Promising Knight, David
ai/101.bin;0x10959;BE 51 F9 27;Ravenous Dragon, Battlerex
ai/101.bin;0x10959;F7 2E E0 29;～%d
ai/101.bin;0x10959;A6 8F 2A 2A;Brawler, Fighting Dracokid
ai/101.bin;0x10959;6D 17 FA 2B;Genesis Dragon, Amnesty Messiah
ai/101.bin;0x10959;44 62 0C 2D;Soundless Archer, Conductance
ai/101.bin;0x10959;14 30 63 2D;!!!! AI ERROR !!!!\n  
ai/101.bin;0x10959;EE 81 9E 32;Titan of the Capturing Arm
ai/101.bin;0x10959;C5 4D EE 32;Blaster Dark "Diablo"
ai/101.bin;0x10959;F1 28 16 33;枚しか選んでいない
ai/101.bin;0x10959;BC 1F 35 33;  ブースター : %s
ai/101.bin;0x10959;B8 BC F2 37;Ambush Demon Stealth Rogue, Kagamijishi
ai/101.bin;0x10959;6E 42 D6 38;AI(%d) : アタック情報
ai/101.bin;0x10959;B3 AD 45 3A;ブラスター
ai/101.bin;0x10959;79 D5 87 3C;Nebula Dragon, Big Crunch Dragon
ai/101.bin;0x10959;03 D4 54 45; ヒットされない
ai/101.bin;0x10959;2D 3A A7 45;AI(%d) : ガードステップ情報
ai/101.bin;0x10959;2C A5 7B 4D;枚選択する必要があるが、
ai/101.bin;0x10959;9F A5 E0 4F;CEO Amaterasu
ai/101.bin;0x10959;3A D0 5B 51;Exxtreme Battler, Victor
ai/101.bin;0x10959;A6 11 33 52;Dark Dragon, Phantom Blaster "Diablo"
ai/101.bin;0x10959;3C E0 6F 55;Dragonic Overlord (Break Ride)
ai/101.bin;0x10959;DE C1 45 56;解放者
ai/101.bin;0x10959;58 57 73 57;Sprout Deletor, Luchi
ai/101.bin;0x10959;F7 6D 78 57;Stamp Sea Otter
ai/101.bin;0x10959;5B 68 7C 5E;Taunting Deletor, Gotho
ai/101.bin;0x10959;C5 AF 0D 60;Crimson Roar, Metatron
ai/101.bin;0x10959;47 87 68 63;AI(%d) : 思考時間 %.3f秒 (行動カテゴリ:%d)
ai/101.bin;0x10959;55 C8 81 63;  完全ガード : %d/%d枚
ai/101.bin;0x10959;42 D7 DA 63;  ガーディアン候補
ai/101.bin;0x10959;0B 41 AE 69;Genesis Dragon, Judgement Messiah
ai/101.bin;0x10959;33 8E E7 69;Duo True Sister, Meer
ai/101.bin;0x10959;E8 83 60 6B;Daredevil Samurai
ai/101.bin;0x10959;4B D4 AE 6B;  合計シールド : 
ai/101.bin;0x10959;E4 F0 C1 6C;Original Deletor, Egorg
ai/101.bin;0x10959;DC 4C 2C 6E;Flower Princess of Spring's Beginning, Primavera
ai/101.bin;0x10959;11 E8 1D 70;Oracle Queen, Himiko
ai/101.bin;0x10959;E4 FB 3C 72;Blue Storm Cadet, Anos
ai/101.bin;0x10959;29 EF C2 73;  対象(%d) : %s
ai/101.bin;0x10959;2A 0A 50 7D;Ill-fate Deletor, Drown
ai/101.bin;0x10959;A9 20 97 7F;Cramping Deletor, Edy
ai/101.bin;0x10959;7C 3A 8B 81;Liberator, Burning Blow
ai/101.bin;0x10959;DA 63 6D 85;Dimensional Robo, Daibrave
ai/101.bin;0x10959;46 DE 4B 88;Dark Metal Dragon
ai/101.bin;0x10959;6A D5 6E 8A;Katanaraizer
ai/101.bin;0x10959;A0 D8 63 8D;Great Cosmic Hero, Grandgallop
ai/101.bin;0x10959;1F 10 24 8F;上
ai/101.bin;0x10959;6C E6 93 8F;Pitch Black Sage, Charon
ai/101.bin;0x10959;BB E2 E9 90;Immortal, Asura Kaiser
ai/101.bin;0x10959;E1 26 37 94;Demonic Dragon Berserker, Chatura
ai/101.bin;0x10959;6A 0F 95 94;  アタッカーのパワー : %d(%d)
ai/101.bin;0x10959;7F BB 35 95;Supreme Heavenly Emperor Dragon, Dragonic Overlord "the Ace"
ai/101.bin;0x10959;0C DD 47 9B;Battle Sister, Parfait
ai/101.bin;0x10959;1A 2D D2 9C;Myth Guard, Fomalhaut
ai/101.bin;0x10959;E8 7A 6B 9D;Juxtapose Deletor, Gaele
ai/101.bin;0x10959;69 08 3B A2;Blue Wave Dragon, Tetra-drive Dragon
ai/101.bin;0x10959;F1 51 AA A2;Steam Fighter, Balih
ai/101.bin;0x10959;B8 14 C8 A2;Docking Deletor, Greion
ai/101.bin;0x10959;2B 2D A5 A5;根絶者
ai/101.bin;0x10959;A4 F3 D7 A7;  アタッカーのクリティカル : %d
ai/101.bin;0x10959;BD FD F6 A7;Extreme Battler, Runbhol
ai/101.bin;0x10959;BB AC 90 AB;Breaking Deletor, Gatario
ai/101.bin;0x10959;8D 7D C8 AB;Waving Deletor, Greidhol
ai/101.bin;0x10959;9F 77 42 AC;Flare Whip Dragon
ai/101.bin;0x10959;65 FA 28 AD;Pursuing Deletor, Egotte
ai/101.bin;0x10959;39 6A 36 B5;Hyper Metalborg, Heavyduke
ai/101.bin;0x10959;F7 48 21 B9;Dragon Knight, Jaral
ai/101.bin;0x10959;88 EF 6D BC;Enigman Tornado
ai/101.bin;0x10959;ED F8 CC BD;Final Wrench
ai/101.bin;0x10959;11 9F 48 BE;Shura Stealth Dragon, Daranicongo
ai/101.bin;0x10959;CF AA 4F C1;Perdition Dragon, Dragonic Neoflame
ai/101.bin;0x10959;7C 17 CE C1;Ranunculus Flower Maiden, Ahsha
ai/101.bin;0x10959;15 6E A2 C8;Wisteria Knight
ai/101.bin;0x10959;AB 51 A7 CB;AI(%d) : レシピ (フラグ:%08x)
ai/101.bin;0x10959;D7 DA C1 D6;AI(%d) : 思考開始 (行動カテゴリ:%d)
ai/101.bin;0x10959;7C 46 0A D9;Stealth Dragon, Dreadmaster
ai/101.bin;0x10959;6D 92 B4 DA;Instill Deletor, Ender
ai/101.bin;0x10959;6B 1D DB DC;Machining Mosquito mkII
ai/101.bin;0x10959;69 E8 61 E1;オーバーロード
ai/101.bin;0x10959;7D 1F 65 E6;Beast Deity, Night Jackal
ai/101.bin;0x10959;57 CD 2E E8;    
ai/101.bin;0x10959;CC 1A C6 E8;AI未設定 : attrib = %s
ai/101.bin;0x10959;39 17 8B F0;Starry Skies Liberator, Guinevere
ai/101.bin;0x10959;4B 16 BE F0;Knight of Frevor, Hector
ai/101.bin;0x10959;BF 43 2B F1;  アタッカー : %s
ai/101.bin;0x10959;27 25 50 F1;Bear Down Samurai
ai/101.bin;0x10959;85 C5 FC F3;Biting Deletor, Geeva
ai/101.bin;0x10959;FC B0 EB F6;Purification Regalia, Pure Angel
ai/101.bin;0x10959;89 20 23 F8;下
ai/101.bin;0x10959;DD 4C B3 F8;ターン開始 AI(%d)
common/choice.bin;0x0BC6;5C C9 AC 58;選択肢２－さしすせそたちつてとな
common/choice.bin;0x0BC6;2D A9 96 64;選択肢３－なにぬねのはひふへほま
common/choice.bin;0x0BC6;AC 99 DD FE;選択肢１－あいうえおかきくけこさ
common/line_mess.bin;0x60D0;23 11 12 63;行メッセージウィンドウ<|横|よこ|>２２<|文字|もじ|>。８９０１２\n<|縦|たて|>は１から３<|行|ぎょう|>。９０１２３４５６７８９０１２\n３<|行表示|ぎょうひょうじ|>した<|状態|じょうたい|>だとこんな<|感|かん|>じですようよう。
common/line_mess.bin;0x60D0;2E 2B AA 80;行メッセージウィンドウ<|横|よこ|>２２<|文字|もじ|>。８９０１２\n<|縦|たて|>は１から６<|行|ぎょう|>。９０１２３４５６７８９０１２\n１２３４５６７８９０１２３４５６７８９０１２\n１２３４５６７８９０１２３４５６７８９０１２\n１２３４５６７８９０１２３４５６７８９０１２\n１２３４５６７８９０１２３４５６７８９０１２
common/skip_yn.bin;0x0827;86 41 BD B9;イベントをスキップしますか？
common/yesno.bin;0x9DA4;E6 A9 05 B4;ヘルプウィンドウ<|横|よこ|>２０<|文字|もじ|>。５６７８９０\n<|縦|たて|>は１から３<|行|ぎょう|>。９０１２３４５６７８９０\n３<|行表示|ぎょうひょうじ|>した<|状態|じょうたい|>だとこんな<|感|かん|>じですよう。
cutin/cutin.bin;0x4F0C;9A C6 45 1B;Ultimate Dimensional Robo, Great Daiyusha
cutin/cutin.bin;0x4F0C;1F 18 FD 51;99th-gen Dimensional Robo Commander, Great Daiearth
cutin/cutin.bin;0x4F0C;4D 2A 1A 82;Ultimate Dimensional Robo, Great Daikaiser
cutin/cutin.bin;0x4F0C;F1 76 1B EE;Super Dimensional Robo, Daikaiser
event/evview.bin;0x4D89;D6 C5 4A 00;54 KIRIMIちゃん
event/evview.bin;0x4D89;8F F6 03 02;58 主人公男　橘アツシ
event/evview.bin;0x4D89;8F FC 50 05;79 男前たこ焼き
event/evview.bin;0x4D89;18 23 15 07;60 主人公男　鳴神アキ
event/evview.bin;0x4D89;B1 24 06 09;20 東雲ショウマ
event/evview.bin;0x4D89;81 E8 54 09;00 通常(ポーズ1)
event/evview.bin;0x4D89;20 82 D6 09;10 馬場タケル
event/evview.bin;0x4D89;B7 FF 00 0A;02 綺場シオン
event/evview.bin;0x4D89;7C 92 08 0C;体　　 = 
event/evview.bin;0x4D89;E8 16 27 11;29 店長代理Jr(白)
event/evview.bin;0x4D89;53 EE 14 13;78 ドーナツ
event/evview.bin;0x4D89;F1 39 2B 15;68 山路カル
event/evview.bin;0x4D89;20 25 00 16;73 MCミヤ（V）
event/evview.bin;0x4D89;66 8E A4 16;13 支部長
event/evview.bin;0x4D89;2A 7A 6E 18;84 ゲットアバター
event/evview.bin;0x4D89;B3 AA EE 18;33 石田ナオキ
event/evview.bin;0x4D89;B9 2A B4 1B;04 岡崎クミ
event/evview.bin;0x4D89;8F 13 F8 1B;12 安城マモル
event/evview.bin;0x4D89;20 D3 4E 1F;03 ポーズ4(ブレイドのみ)
event/evview.bin;0x4D89;51 97 F7 24;76 カレーライス
event/evview.bin;0x4D89;91 9C B9 25;46 矢作キョウ
event/evview.bin;0x4D89;97 C7 D6 25;64 主人公女　花島キララ
event/evview.bin;0x4D89;37 7A 23 26;22 伊吹コウジ
event/evview.bin;0x4D89;F7 BE 9E 2E;42 新城テツ
event/evview.bin;0x4D89;44 17 C2 32;90 モブ少年CD
event/evview.bin;0x4D89;AF E9 5B 34;32 先導アイチ
event/evview.bin;0x4D89;1F 47 BF 35;36 三和タイシ
event/evview.bin;0x4D89;1B FE 66 37;02 ポーズ3(15ソフィア,36アクシア,55シルフは無し)
event/evview.bin;0x4D89;98 38 33 38;01 カードキャピタル（外観）
event/evview.bin;0x4D89;25 A5 C0 3C;表示
event/evview.bin;0x4D89;CD F3 BD 3D;40 雀ケ森レン
event/evview.bin;0x4D89;BD E8 3B 44;MesWin = 
event/evview.bin;0x4D89;36 CF 0D 45;21 羽島リン
event/evview.bin;0x4D89;68 50 16 46;04 悲しみ
event/evview.bin;0x4D89;BE 38 2A 4A;35 櫂トシキ
event/evview.bin;0x4D89;96 68 AA 4B;38 井崎ユウタ
event/evview.bin;0x4D89;A9 93 41 4D;25 弥富サヤ
event/evview.bin;0x4D89;FA 67 FA 4F;202 カード画像　コキュートス
event/evview.bin;0x4D89;97 51 C8 54;31 ヴァンガ郎
event/evview.bin;0x4D89;57 B1 7C 57;48 オリビエ・ガイヤール
event/evview.bin;0x4D89;15 86 8F 58;23 神埼ユウイチロウ
event/evview.bin;0x4D89;93 90 71 5B;15 臼井ユリ
event/evview.bin;0x4D89;F0 96 A9 5B;67 長良ケイ
event/evview.bin;0x4D89;B4 04 27 5C;81 クレープ
event/evview.bin;0x4D89;BB 50 26 5F;57 主人公男　和泉キョウスケ
event/evview.bin;0x4D89;24 C8 78 5F;キャラ = 
event/evview.bin;0x4D89;65 CB B4 62;43 蒼龍レオン
event/evview.bin;0x4D89;52 3E F5 63;86 製品版告知（上画面）
event/evview.bin;0x4D89;8D 8D C8 64;28 戸倉ミサキ(V)
event/evview.bin;0x4D89;73 F7 63 65;08 大文字ナギサ（V）
event/evview.bin;0x4D89;F4 A7 55 66;77 ハヤシライス
event/evview.bin;0x4D89;3F B7 68 69;00 通常
event/evview.bin;0x4D89;5A 1E 9E 69;01 笑い
event/evview.bin;0x4D89;E1 AA 85 6A;26 新田シン（G）
event/evview.bin;0x4D89;AE 38 93 6A;01 新導クロノ
event/evview.bin;0x4D89;40 77 B6 73;65 主人公女　水城ユキノ
event/evview.bin;0x4D89;10 25 2D 75;30 店長代理Jr(黒)
event/evview.bin;0x4D89;82 C8 8C 77;03 驚き
event/evview.bin;0x4D89;99 DE 03 79;72 MCミヤ（G）
event/evview.bin;0x4D89;72 5B 6E 79;14 光定ケンジ
event/evview.bin;0x4D89;2D F5 0A 7A;17 明日川タイヨウ（闇堕ち）
event/evview.bin;0x4D89;C6 50 ED 7D;87 製品版告知（下画面）
event/evview.bin;0x4D89;FE BD 97 82;27 戸倉ミサキ
event/evview.bin;0x4D89;39 64 A7 82;70 ジリアン
event/evview.bin;0x4D89;EC 48 AC 85;53 店長代理
event/evview.bin;0x4D89;96 85 12 86;66 主人公女　天音アリス
event/evview.bin;0x4D89;B3 7D 02 92;＊苗字＊＊名前＊
event/evview.bin;0x4D89;A2 2A A1 94;49 フィリップ・ネーヴ
event/evview.bin;0x4D89;C1 E0 98 95;05 自信(ノボル),策略(孫六),照れ(鈴羽)(アクシア)
event/evview.bin;0x4D89;E2 A8 AA 95;比較　 = 
event/evview.bin;0x4D89;74 AE AB 99;07 大文字ナギサ
event/evview.bin;0x4D89;EB 47 6F 9A;51 日田リョータ
event/evview.bin;0x4D89;5E 9C B6 9B;50 ラティ・カーティ
event/evview.bin;0x4D89;A7 B5 9C 9E;11 ハイメ・アルカラス
event/evview.bin;0x4D89;42 3A C4 9E;03 安城トコハ
event/evview.bin;0x4D89;06 00 4D A1;34 先導エミ
event/evview.bin;0x4D89;53 91 61 A2;59 主人公男　氷堂リュウト
event/evview.bin;0x4D89;1F D9 8E A3;83 りんご飴
event/evview.bin;0x4D89;6B B2 B2 A3;45 大文字ゴウキ
event/evview.bin;0x4D89;D0 CC 03 A8;09 多度ツネト
event/evview.bin;0x4D89;3D 93 2D A9;82 冷やしキュウリ
event/evview.bin;0x4D89;35 9D DD AB;表情　 = 
event/evview.bin;0x4D89;BC 56 41 B3;44 クリス
event/evview.bin;0x4D89;6E 15 4A B3;89 モブ少年AB
event/evview.bin;0x4D89;B8 43 2D B5;背景　 = 
event/evview.bin;0x4D89;50 55 E7 B5;41 鳴海アサカ
event/evview.bin;0x4D89;AC E1 4C B8;05 葛木カムイ
event/evview.bin;0x4D89;B3 A5 0E BB;52 月城ルナ
event/evview.bin;0x4D89;A3 9D 2D C3;71 シャーリーン
event/evview.bin;0x4D89;B6 E8 55 C7;69 小茂井シンゴ
event/evview.bin;0x4D89;58 E8 72 C9;06 葛木カムイ（V）
event/evview.bin;0x4D89;2F A2 B9 CE;39 ニンジャマスターNEO
event/evview.bin;0x4D89;8B B1 F5 CE;全身　 = 
event/evview.bin;0x4D89;2D E1 98 CF;201 カード画像　インビンシブル
event/evview.bin;0x4D89;65 BF 03 D2;62 主人公女　佐倉ユイ
event/evview.bin;0x4D89;9E B2 DE D3;47 岸田オサム
event/evview.bin;0x4D89;DB 25 20 D6;80 イカ焼き
event/evview.bin;0x4D89;A2 EF C7 DD;%02d 
event/evview.bin;0x4D89;4A 19 D2 E0;37 森川カツミ
event/evview.bin;0x4D89;6F E3 8B E2;16 明日川タイヨウ
event/evview.bin;0x4D89;26 9E C6 E3;01 ポーズ2(36アクシア,37ジャック無し)
event/evview.bin;0x4D89;F7 AF 69 E8;19 刈谷スギル
event/evview.bin;0x4D89;C3 7D F0 EC;63 主人公女　日下部アン
event/evview.bin;0x4D89;47 06 03 EF;88 臼井ガイ（V）
event/evview.bin;0x4D89;09 13 EA F3;61 主人公男　日向マサト
event/evview.bin;0x4D89;33 D9 5C F6;02 怒り
event/evview.bin;0x4D89;31 8B CC F6;85 明日川タイヨウ（和解後）
event/evview.bin;0x4D89;D9 8B EC F6;非表示
event/evview.bin;0x4D89;A1 EA AB F8;18 烏森ユウヤ
event/evview.bin;0x4D89;1C B9 37 FB;75 葛木カムイ（ショップ店員）
event/evview.bin;0x4D89;87 EE C7 FD;＞
fe/fe0001.bin;0x17A5;AD B2 09 00;<|期待|きたい|>の<|新鋭|しんえい|><|同士|どうし|>のたたかい……\nどのようなファイトになるのでしょうか！？
fe/fe0001.bin;0x17A5;71 AF 2D 08;<|始|はじ|>めようぜ！！
fe/fe0001.bin;0x17A5;DD 28 50 14;いくぞ……\n<|本気|ほんき|>で<|来|こ|>い、<|三和|みわ|>！
fe/fe0001.bin;0x17A5;F7 90 9A 14;さて……せっかくのエキシビションマッチ\nですし、<|派手|はで|>にいきましょうか。
fe/fe0001.bin;0x17A5;8E 31 DC 2B;いくぜ……！！
fe/fe0001.bin;0x17A5;6B 9E 95 2C;<|全国大会出場|　　　　ぜんこくたいかいしゅつじょう|>をかけたたたかい、\n<|勝者|しょうしゃ|>はどちらだー！？
fe/fe0001.bin;0x17A5;B6 48 49 31;お<|前|まえ|>のカレーへの<|思|おも|>い……\n<|見|み|>せてもらおう！
fe/fe0001.bin;0x17A5;9F E7 A7 4C;どっちもがんばれなんだがー！
fe/fe0001.bin;0x17A5;EF 28 A7 6B;ついにやってきました……<|決勝戦|けっしょうせん|>！！\nどちらがこの<|大会|たいかい|>を<|制|せい|>するのかー！？
fe/fe0001.bin;0x17A5;64 2E C3 6D;……じゃ、いくぜ。
fe/fe0001.bin;0x17A5;8B AA 75 6F;どっちも<|一歩|いっぽ|>も<|引|ひ|>かないんだが！
fe/fe0001.bin;0x17A5;B5 9E C3 74;<|運命|うんめい|>の<|準決勝|じゅんけっしょう|>、なんだがー！！
fe/fe0001.bin;0x17A5;C6 AE BE 79;……<|全力|ぜんりょく|>でいくぞ、アイチ！\nイメージしろ！
fe/fe0001.bin;0x17A5;D8 D8 CA 79;よーし、いくぜ！！
fe/fe0001.bin;0x17A5;61 92 63 7D;ついに<|全国大会|ぜんこくたいかい|>、<|開幕|かいまく|>！\n<|注目|ちゅうもく|>の１<|回戦|かいせん|>、どうなるのでしょう！？
fe/fe0001.bin;0x17A5;55 6A 47 81;ドキドキなんだが～！
fe/fe0001.bin;0x17A5;38 A9 7E 87;……。<|始|はじ|>めたからには……\n<|絶対|ぜったい|>、<|勝|か|>つ！！
fe/fe0001.bin;0x17A5;EF 82 61 8A;さあ、<|盛|も|>り<|上|あ|>がってまいりました！
fe/fe0001.bin;0x17A5;90 81 55 9E;どっちが<|勝|か|>つんだが……！？
fe/fe0001.bin;0x17A5;CA 92 51 AD;いくぞ、レン。
fe/fe0001.bin;0x17A5;7F 2F 0B BC;さあ、<|見|み|>せてみろ。\nお<|前|まえ|>の<|力|ちから|>を！
fe/fe0001.bin;0x17A5;C0 35 FA C1;す、すごい<|気迫|きはく|>なんだが……
fe/fe0001.bin;0x17A5;75 16 CE C4;<|漢|おとこ|>なら<|覚悟|かくご|>を<|決|き|>めろ、カムイ！
fe/fe0001.bin;0x17A5;19 4C 38 CB;それじゃ……いくよ、<|櫂|かい|>くん！
fe/fe0001.bin;0x17A5;A6 8D 31 CC;この２<|回戦|かいせん|>を<|制|せい|>した<|選手|せんしゅ|>は、\n<|準決勝|じゅんけっしょう|>に<|進|すす|>むことになります！
fe/fe0001.bin;0x17A5;E6 C2 6A CF;よーし……\nいくよ、みさきん！
fe/fe0001.bin;0x17A5;F0 30 BC D9;<|始|はじ|>めるぞ……\nお<|前|まえ|>のファイトを<|見|み|>せてみろ。
fe/fe0001.bin;0x17A5;CC 92 E7 E7;いくよ、ガイヤールくん！
fe/fe0001.bin;0x17A5;D4 06 69 F7;いくわよ、コーテー！
fe/fe0001.bin;0x17A5;9B F9 2D FE;<|地区予選|ちくよせん|>、<|開幕|かいまく|>です！\nどんなファイトが<|繰|く|>り<|広|ひろ|>げられるのか！？
fe/tuto_001.bin;0x1C1F;26 9F A5 02;Gunnergear Dracokid
fe/tuto_001.bin;0x1C1F;9E BD 97 03;<|次|つぎ|>に、こっちの<|数字|すうじ|>。この<|数字|すうじ|>はカードの\n{$336600}『パワー』{$}よ。
fe/tuto_001.bin;0x1C1F;DA D4 F9 18;ダメージゾーンのカードが、\n{$336600}６<|枚|まい|>{$}になると<|負|ま|>けよ。
fe/tuto_001.bin;0x1C1F;A9 3D 0B 1B;{$336600}プレイマット{$}について、<|詳|くわ|>しく<|説明|せつめい|>するね。
fe/tuto_001.bin;0x1C1F;B1 41 08 23;<|次|つぎ|>に、その<|他|ほか|>のフィールドの<|説明|せつめい|>をするね。
fe/tuto_001.bin;0x1C1F;9C 49 17 29;それぞれの{$336600}フィールドに<|置|お|>かれた{$}{$336600}カード{$}の\nことは、{$336600}ユニット{$}って<|言|い|>うの。
fe/tuto_001.bin;0x1C1F;39 1F E9 30;ドロップゾーンは、\n{$336600}フィールドから<|退却|たいきゃく|>したカード{$}や
fe/tuto_001.bin;0x1C1F;D6 84 D7 36;{$336600}<|手札|てふだ|>から<|捨|す|>てたカード{$}を<|置|お|>く<|場所|ばしょ|>よ。
fe/tuto_001.bin;0x1C1F;D4 80 E1 37;Steam Knight, Ubara-tutu
fe/tuto_001.bin;0x1C1F;97 B4 EE 41;{$336600}フィールドとカード{$}についての\n<|説明|せつめい|>をするね。
fe/tuto_001.bin;0x1C1F;83 20 19 4A;<|最後|さいご|>に……この<|場所|ばしょ|>は、\n{$336600}ジェネレーションゾーン（Ｇゾーン）{$}。
fe/tuto_001.bin;0x1C1F;CB 8C 4F 4A;<|最後|さいご|>に、この<|数字|すうじ|>は{$336600}『シールド』{$}。\nシールドはガーディアンとしての、
fe/tuto_001.bin;0x1C1F;1D 9F 7B 4E;{$336600}ヴァンガードがダメージを<|受|う|>ける{$}と、\nここにカードが<|置|お|>かれるわ。
fe/tuto_001.bin;0x1C1F;61 9C C6 51;この<|数字|すうじ|>は、{$336600}『グレード』{$}を<|表|あらわ|>しているの。
fe/tuto_001.bin;0x1C1F;E8 B8 44 5A;ここは{$336600}ダメージゾーン{$}。
fe/tuto_001.bin;0x1C1F;6C 32 B7 5A;<|他|ほか|>にもカードについては\n<|色々教|いろいろおし|>えることがあるんだけど…
fe/tuto_001.bin;0x1C1F;44 E8 5F 5E;パワーは{$336600}<|攻撃|こうげき|>する<|時|とき|>{$}も、{$336600}<|防御|ぼうぎょ|>する<|時|とき|>{$}も\n<|高|たか|>いほうが<|有利|ゆうり|>よ。
fe/tuto_001.bin;0x1C1F;AE 02 3A 63;{$336600}<|下画面|したがめん|>のカード<|画像|がぞう|>をタッチ{$}すると、\n{$336600}カード<|画像|がぞう|>を<|拡大|かくだい|>{$}することもできるよ。
fe/tuto_001.bin;0x1C1F;E6 0E 71 65;ファイトは、この{$336600}プレイマット{$}の<|上|うえ|>で\n<|行|おこな|>われるの。
fe/tuto_001.bin;0x1C1F;9F 26 3C 67;{$336600}ドライブチェック{$}や、\n{$336600}ダメージチェック{$}をした<|際|さい|>に
fe/tuto_001.bin;0x1C1F;1C DE C3 68;このカード<|達|たち|>（デッキ）は{$336600}あなたと<|一緒|いっしょ|>に{$}\n{$336600}<|戦|たたか|>う<|仲間|なかま|>{$}よ。
fe/tuto_001.bin;0x1C1F;A2 00 1F 6C;あなたが<|呼|よ|>び<|出|だ|>した\n{$336600}<|味方|みかた|>のカード{$}を<|置|お|>く<|場所|ばしょ|>ね。
fe/tuto_001.bin;0x1C1F;10 F3 CF 6C;Maiden of Gladiolus
fe/tuto_001.bin;0x1C1F;6F B5 5A 77;それから、ここは{$336600}ドロップゾーン{$}。
fe/tuto_001.bin;0x1C1F;84 20 50 80;そして、ここが{$336600}ガーディアンサークル{$}。
fe/tuto_001.bin;0x1C1F;05 48 5C 81;{$336600}ガードをする<|力|ちから|>{$}を<|表|あらわ|>しているの。\n<|中|なか|>にはシールドがないカードもあるけどね。
fe/tuto_001.bin;0x1C1F;D2 7E B4 88;それは、<|他|ほか|>のチュートリアルで\n<|教|おし|>えていくね。
fe/tuto_001.bin;0x1C1F;27 D9 89 8D;あなたの<|分身|ぶんしん|>になるカード、{$336600}『ヴァンガード』{$}を\n<|置|お|>く<|場所|ばしょ|>よ。
fe/tuto_001.bin;0x1C1F;BD 7D A6 91;Spring-Heralding Maiden, Ozu
fe/tuto_001.bin;0x1C1F;8C A0 DC 91;ジェネレーションゾーンは、\nあなたの{$336600}Ｇユニットを<|置|お|>く<|場所|ばしょ|>{$}よ。
fe/tuto_001.bin;0x1C1F;5C 8D 8A 93;<|山札|やまふだ|>からめくったカードを<|一度|いちど|><|置|お|>いて、\n{$336600}<|相手|あいて|>に<|見|み|>せる{$}ための<|場所|ばしょ|>よ。
fe/tuto_001.bin;0x1C1F;48 E0 F3 94;その<|他|ほか|>のサークルは、\n{$336600}リアガードサークル{$}。
fe/tuto_001.bin;0x1C1F;BF 18 40 95;<|次|つぎ|>に、カードについての<|説明|せつめい|>をするね。\n{$336600}<|下画面|したがめん|>の<|印|しるし|>のついている<|部分|ぶぶん|>{$}を<|見|み|>て。
fe/tuto_001.bin;0x1C1F;6F EB F7 95;Masergear Dragon
fe/tuto_001.bin;0x1C1F;9D B9 A4 A3;Jungle Lord Dragon
fe/tuto_001.bin;0x1C1F;BE B2 28 A7;この<|場所|ばしょ|>は{$336600}<|山札|やまふだ|>{$}と<|言|い|>って、\nあなたのカードの<|束|たば|>を<|置|お|>く<|場所|ばしょ|>。
fe/tuto_001.bin;0x1C1F;21 E9 82 B2;デッキのカード<|枚数|まいすう|>は{$336600}５０<|枚|まい|>ちょうど{$}\nじゃないといけないから、<|注意|ちゅうい|>してね。
fe/tuto_001.bin;0x1C1F;47 71 A2 B2;Grace Knight
fe/tuto_001.bin;0x1C1F;BE 2D 93 BA;<|真|ま|>ん<|中|なか|>に{$336600}カード{$}があるでしょ？その<|下|した|>の\nサークルは{$336600}ヴァンガードサークル{$}と<|言|い|>って
fe/tuto_001.bin;0x1C1F;83 0C AC BE;Smokegear Dragon
fe/tuto_001.bin;0x1C1F;3D FB ED C0;Chronojet Dragon
fe/tuto_001.bin;0x1C1F;90 A9 21 C1;グレードは{$336600}『０』～『４』{$}まであるから、\n<|覚|おぼ|>えておいてね。
fe/tuto_001.bin;0x1C1F;0E 8F 46 C1;Full Bloom Dragon
fe/tuto_001.bin;0x1C1F;7C 17 CE C1;Ranunculus Flower Maiden, Ahsha
fe/tuto_001.bin;0x1C1F;09 A8 5A D5;さっき<|教|おし|>えた<|山札|やまふだ|>にあるカードの<|束|たば|>。\nこれを{$336600}デッキ{$}っていうの。
fe/tuto_001.bin;0x1C1F;A6 CF 3D D6;Ｇデッキには、{$336600}Ｇユニット{$}っていう\n<|特別|とくべつ|>なカードを、{$336600}<|最大|さいだい|>８<|枚|まい|>まで{$}<|入|い|>れられるわ。
fe/tuto_001.bin;0x1C1F;CB C4 FD DA;アタックされた<|味方|みかた|>を<|守|まも|>る、{$336600}ガーディアン{$}と\n<|呼|よ|>ばれるカードを<|置|お|>く<|場所|ばしょ|>なの。
fe/tuto_001.bin;0x1C1F;7A D2 75 DC;まずは、{$336600}フィールド{$}の<|説明|せつめい|>。
fe/tuto_001.bin;0x1C1F;5A CA ED DD;Brasswing Dragon
fe/tuto_001.bin;0x1C1F;D8 DA 66 ED;そして、この<|場所|ばしょ|>は{$336600}トリガーゾーン{$}。
fe/tuto_001.bin;0x1C1F;57 EB F2 EE;<|次|つぎ|>に、ジェネレーションゾーンにあるカードの<|束|たば|>。\nこっちは、{$336600}Ｇデッキ{$}っていうの。
fe/tuto_002.bin;0x1AAF;2F 80 17 01;ただし、{$336600}５ターン<|目|め|>になる<|前|まえ|>に<|投了|とうりょう|>{$}すると\n{$3333FF}<|獲得|かくとく|>ＶＰが０{$}になるからこれも<|注意|ちゅうい|>して！
fe/tuto_002.bin;0x1AAF;26 9F A5 02;Gunnergear Dracokid
fe/tuto_002.bin;0x1AAF;BF E9 4F 03;１つ<|目|め|>は、{$336600}スタンドフェイズ{$}。\n<|自分|じぶん|>のカードを{$336600}スタンド{$}するんだ。
fe/tuto_002.bin;0x1AAF;71 49 50 21;ファイトを<|途中|とちゅう|>で<|終|お|>わらせることができるけど、\n{$336600}<|敗北扱|　はいぼくあつか|>い{$}になるから<|気|き|>を<|付|つ|>けてね。
fe/tuto_002.bin;0x1AAF;3A D3 53 21;<|今回|こんかい|>はこれで<|終|お|>わりよ。\n<|各|かく|>フェイズの<|詳細|しょうさい|>は、<|他|ほか|>の<|項目|こうもく|>で<|説明|せつめい|>するね。
fe/tuto_002.bin;0x1AAF;C9 15 5D 22;{$336600}<|通信|つうしん|>ファイト{$}は５ターン<|目|め|>になるまで\n<|投了|とうりょう|>できないけど、
fe/tuto_002.bin;0x1AAF;4C 92 10 25;<|次|つぎ|>に、{$336600}じゃんけん{$}をして{$336600}<|先攻後攻|せんこうこうこう|>{$}を<|決|き|>める。
fe/tuto_002.bin;0x1AAF;66 02 36 2D;４つ<|目|め|>は、{$336600}メインフェイズ{$}。\nフィールドに{$336600}<|仲間|なかま|>をコール{$}したり、
fe/tuto_002.bin;0x1AAF;25 10 AE 36;２つ<|目|め|>は、{$336600}ドローフェイズ{$}。\n<|自分|じぶん|>の<|山札|やまふだ|>からカードを{$336600}１<|枚|まい|><|引|ひ|>ける{$}の。
fe/tuto_002.bin;0x1AAF;D4 80 E1 37;Steam Knight, Ubara-tutu
fe/tuto_002.bin;0x1AAF;39 DF B3 3D;１つのターンは、{$336600}６つのフェイズ{$}で\n<|成|な|>り<|立|た|>っているの。
fe/tuto_002.bin;0x1AAF;82 5C C7 44;{$336600}ストーリー{$}<|中|ちゅう|>のファイトでは{$336600}\n{$336600}１ターン<|目|め|>から{$}<|投了|とうりょう|>できるよ。
fe/tuto_002.bin;0x1AAF;1B 14 C1 49;まずは、ファイトを<|始|はじ|>めるための\n{$336600}<|準備|じゅんび|>{$}から<|始|はじ|>めよう。
fe/tuto_002.bin;0x1AAF;C9 18 F8 57;この３つが<|終|お|>わったら、{$336600}スタンドアップ{$}と\n<|言|い|>って、ファイトを<|始|はじ|>めるの。
fe/tuto_002.bin;0x1AAF;8B B2 45 5D;お<|互|たが|>いのターンを<|交互|こうご|>に<|繰|く|>り<|返|かえ|>して、\n{$336600}<|相手|あいて|>のダメージを６{$}にするか、
fe/tuto_002.bin;0x1AAF;F6 DA D7 5F;ライドした<|後|あと|>、{$336600}お<|互|たが|>いのヴァンガード{$}が\n{$336600}グレード３<|以上|いじょう|>{$}なら……
fe/tuto_002.bin;0x1AAF;4B B0 09 65;６つ<|目|め|>は、{$336600}エンドフェイズ{$}。\n<|自分|じぶん|>の{$336600}ターンが<|終了|しゅうりょう|>{$}するフェイズよ。
fe/tuto_002.bin;0x1AAF;9F 9B 41 68;まず、{$336600}ファーストヴァンガード{$}を\n１<|枚|まい|><|決|き|>めて{$336600}<|裏向|うらむ|>き{$}で<|置|お|>く。
fe/tuto_002.bin;0x1AAF;10 F3 CF 6C;Maiden of Gladiolus
fe/tuto_002.bin;0x1AAF;5C 39 84 78;これが１つのターンの<|流|なが|>れ。ターンが<|終了|しゅうりょう|>\nすると、{$336600}<|相手|あいて|>のターンが<|開始|かいし|>{$}するの。
fe/tuto_002.bin;0x1AAF;C8 1C 8E 78;５つ<|目|め|>は、{$336600}バトルフェイズ{$}。\nヴァンガードやリアガードで、
fe/tuto_002.bin;0x1AAF;2D 98 AE 7E;３つ<|目|め|>は、{$336600}ライドフェイズ{$}。\n{$336600}ヴァンガードをライド{$}して、
fe/tuto_002.bin;0x1AAF;BD 7D A6 91;Spring-Heralding Maiden, Ozu
fe/tuto_002.bin;0x1AAF;E8 45 DD 91;ファイト<|中|ちゅう|>に{$336600}ＳＴＡＲＴボタン{$}を<|押|お|>して\n{$336600}<|投了|とうりょう|>を<|選択|せんたく|>{$}すると、
fe/tuto_002.bin;0x1AAF;6F EB F7 95;Masergear Dragon
fe/tuto_002.bin;0x1AAF;9D B9 A4 A3;Jungle Lord Dragon
fe/tuto_002.bin;0x1AAF;47 71 A2 B2;Grace Knight
fe/tuto_002.bin;0x1AAF;83 0C AC BE;Smokegear Dragon
fe/tuto_002.bin;0x1AAF;E4 59 B6 C0;<|最後|さいご|>に、<|手札|てふだ|>のカードを\n{$336600}１<|度|ど|>だけ<|交換|こうかん|>{$}できるよ。
fe/tuto_002.bin;0x1AAF;3D FB ED C0;Chronojet Dragon
fe/tuto_002.bin;0x1AAF;0E 8F 46 C1;Full Bloom Dragon
fe/tuto_002.bin;0x1AAF;7C 17 CE C1;Ranunculus Flower Maiden, Ahsha
fe/tuto_002.bin;0x1AAF;53 A9 47 CA;{$336600}<|指定|してい|>されたコストを<|払|はら|>う{$}と、Ｇゾーンから\n{$336600}Ｇユニットをストライド{$}できるの。
fe/tuto_002.bin;0x1AAF;5D 1F 82 CD;{$336600}<|起動能力|きどうのうりょく|>{$}を<|使|つか|>って\nファイトに<|備|そな|>えることができるよ。
fe/tuto_002.bin;0x1AAF;79 79 43 D0;<|先攻|せんこう|>のプレイヤーは、{$336600}<|最初|さいしょ|>のターン{$}は\n{$336600}アタックができない{$}から<|気|き|>をつけてね。
fe/tuto_002.bin;0x1AAF;14 23 2D D7;{$336600}<|相手|あいて|>の<|山札|やまふだ|>が０<|枚|まい|>{$}になったり、\n{$336600}カードの<|効果条件|こうかじょうけん|>が<|揃|そろ|>う{$}と{$336600}<|勝利|しょうり|>{$}よ。
fe/tuto_002.bin;0x1AAF;DE A2 A9 DA;<|次|つぎ|>に{$336600}ターン{$}の<|説明|せつめい|>をするね。
fe/tuto_002.bin;0x1AAF;A4 C0 8F DD;{$336600}パワーアップ{$}することができるよ。
fe/tuto_002.bin;0x1AAF;5A CA ED DD;Brasswing Dragon
fe/tuto_002.bin;0x1AAF;83 3C 16 E8;<|順番| じゅんばん|>に<|説明|せつめい|>していくね。
fe/tuto_002.bin;0x1AAF;7C B4 F7 E9;<|今回|こんかい|>は{$336600}ファイトの<|流|なが|>れ{$}と{$336600}<|勝利条件|しょうりじょうけん|>{$}を\n<|説明|せつめい|>するね。
fe/tuto_002.bin;0x1AAF;9B E3 AC F8;<|相手|あいて|>のユニットに{$336600}アタック{$}をして、\n{$336600}ダメージを<|与|あた|>える{$}ことができるの。
fe/tuto_003.bin;0x1907;FD BC 62 00;ファーストヴァンガードを{$336600}<|表|おもて|>にして{$}、\nファイトを<|始|はじ|>めましょ。
fe/tuto_003.bin;0x1907;C9 BC 6B 05;{$336600}『１ターン<|目|め|>はアタックが<|出来|でき|>ない』{$}\nっていう<|条件|じょうけん|>があるんだ。
fe/tuto_003.bin;0x1907;E7 B7 BA 15;<|今回|こんかい|>は{$336600}『Gunnergear Dracokid』{$}が\n<|自動|じどう|>で<|選|えら|>ばれるよ。
fe/tuto_003.bin;0x1907;14 D9 C1 4A;まず<|必要|ひつよう|>なのは\n{$336600}ファーストヴァンガードの<|選択|せんたく|>{$}よ。
fe/tuto_003.bin;0x1907;5C 11 0E 4C;Steam Battler, Dadasig
fe/tuto_003.bin;0x1907;F1 C9 D5 55;<|先攻|せんこう|>だと、{$336600}ヴァンガードのグレード{$}を\n{$336600}<|早|はや|>く<|上|あ|>げる{$}ことができるけど、
fe/tuto_003.bin;0x1907;4F F5 C6 6C;デッキカスタマイズで{$336600}デッキを<|作|つく|>る<|時|とき|>{$}に\n{$336600}ファーストヴァンガードを<|設定|せってい|>{$}すると
fe/tuto_003.bin;0x1907;E2 35 34 76;<|今回|こんかい|>は<|手札|てふだ|>の{$336600}グレード０を<|全部|ぜんぶ|>{$}\n<|交換|こうかん|>してみてね。
fe/tuto_003.bin;0x1907;50 DC AA 78;プレイヤーの\n{$336600}<|最初|さいしょ|>の<|分身|ぶんしん|>{$}となる{$336600}<|重要|じゅうよう|>なカード{$}なんだ。
fe/tuto_003.bin;0x1907;7C 2E B8 80;じゃあ<|次|つぎ|>は、<|山札|やまふだ|>の<|上|うえ|>から<|手札|てふだ|>として、\nお<|互|たが|>いに{$336600}カードを５<|枚引|まいひ|>く{$}よ。
fe/tuto_003.bin;0x1907;E2 F1 24 86;<|先攻|せんこう|>と<|後攻|こうこう|>で、それぞれの<|良|よ|>さがあるから、\n<|色々考|　いろいろかんが|>えてファイトしてみてね。
fe/tuto_003.bin;0x1907;6F EB F7 95;Masergear Dragon
fe/tuto_003.bin;0x1907;01 A9 66 97;{$336600}グレード１・２・３{$}が、\n<|手札|てふだ|>に{$336600}<|揃|そろ|>うように{$}するといいよ。
fe/tuto_003.bin;0x1907;E0 7F BC BA;いくわよ！
fe/tuto_003.bin;0x1907;83 0C AC BE;Smokegear Dragon
fe/tuto_003.bin;0x1907;F5 8B 6F BF;{$336600}<|自動|じどう|>で<|選|えら|>ばれる{$}ようになるから\nデッキを<|作|つく|>る<|時|とき|>は、<|設定|せってい|>してみてね。
fe/tuto_003.bin;0x1907;3D FB ED C0;Chronojet Dragon
fe/tuto_003.bin;0x1907;12 D5 89 C3;<|次|つぎ|>は{$336600}じゃんけん{$}で{$336600}<|先攻後攻|せんこうこうこう|>{$}を<|決|き|>めるの。\nそれじゃ、じゃんけんしてみよっか。
fe/tuto_003.bin;0x1907;CE B8 04 CB;うん、<|交換|こうかん|>できたね。
fe/tuto_003.bin;0x1907;61 37 62 CC;Steam Knight, Shu Sin
fe/tuto_003.bin;0x1907;78 6A 0D DA;Steam Maiden, Uluru
fe/tuto_003.bin;0x1907;5E 09 9F DA;<|次|つぎ|>は、いよいよファイト<|開始|かいし|>ね！
fe/tuto_003.bin;0x1907;DC DA F9 DC;<|今回|こんかい|>は{$336600}スタンドアップまでの<|流|なが|>れ{$}を\n<|説明|せつめい|>するね。
fe/tuto_003.bin;0x1907;ED 12 54 E0;ファーストヴァンガードは{$336600}グレード０{$}の\nカードじゃないといけないから<|注意|ちゅうい|>してね。
fe/tuto_003.bin;0x1907;37 D6 81 EE;<|気|き|>にいらない<|手札|てふだ|>の<|時|とき|>は{$336600}<|一度|いちど|>だけ{$}、\n{$336600}<|好|す|>きな<|枚数|まいすう|>{$}<|引|ひ|>き<|直|なお|>しができるんだ。
fe/tuto_003.bin;0x1907;32 1E 9D FB;{$336600}<|勝|か|>ったほうが<|先攻|せんこう|>{$}だから、\n<|今回|こんかい|>はあなたが<|先攻|せんこう|>ね。
fe/tuto_003.bin;0x1907;D8 B0 BD FC;スタンドアップまでの<|流|なが|>れはこんな<|感|かん|>じ。\nちゃんと<|覚|おぼ|>えられた？
fe/tuto_004.bin;0x1772;26 9F A5 02;Gunnergear Dracokid
fe/tuto_004.bin;0x1772;A4 6C 84 09;スタンドフェイズでは、\n{$336600}レスト{$}しているユニットを、
fe/tuto_004.bin;0x1772;E1 DC CA 09;ドローフェイズでは{$336600}<|山札|やまふだ|>からカードを{$}\n{$336600}1<|枚|まい|><|引|ひ|>くことができる{$}よ。
fe/tuto_004.bin;0x1772;77 00 EA 12;スタンドフェイズとドローフェイズの<|説明|せつめい|>は\nこれで<|終|お|>わりよ。
fe/tuto_004.bin;0x1772;2B 73 15 61;<|今回|こんかい|>は{$336600}スタンドフェイズ{$}と\n{$336600}ドローフェイズ{$}の<|説明|せつめい|>をするね。
fe/tuto_004.bin;0x1772;54 7B 13 6B;ユニット（カード）は、\n{$336600}レスト（<|横向|よこむ|>きの<|状態|じょうたい|>）{$}していると
fe/tuto_004.bin;0x1772;DE 78 34 7F;<|次|つぎ|>は{$336600}ドローフェイズ{$}の<|説明|せつめい|>をするね。
fe/tuto_004.bin;0x1772;B6 D5 44 82;{$336600}アタックすることができない{$}から……
fe/tuto_004.bin;0x1772;D3 8C 4A 87;{$336600}スタンド（<|縦向|たてむ|>きの<|状態|じょうたい|>）{$}することで\n{$336600}アタックできる{$}ようにするの。
fe/tuto_004.bin;0x1772;F8 8F 19 8C;「Ｇアシスト」については、\nまた<|別|べつ|>の<|項目|こうもく|>で<|説明|せつめい|>するね。
fe/tuto_004.bin;0x1772;B7 9B 79 8E;カードを<|引|ひ|>いた<|後|あと|>、<|条件|じょうけん|>を<|満|み|>たすと\n{$336600}『Ｇアシスト』{$}を<|使|つか|>えるんだけど……
fe/tuto_004.bin;0x1772;BD 7D A6 91;Spring-Heralding Maiden, Ozu
fe/tuto_004.bin;0x1772;DE 05 F9 D8;{$336600}スタンドフェイズ{$}は、ターンの<|最初|さいしょ|>に\n<|行|おこな|>うフェイズなんだ。
fe/tuto_004.bin;0x1772;C8 7B 5D FF;ドローフェイズはスタンドフェイズの\n<|次|つぎ|>に<|行|おこな|>われるの。
fe/tuto_005.bin;0x1924;69 FA AC 20;さっそく{$336600}『スモークギア・ドラゴン』で、{$}\n{$336600}ライド{$}してみましょ。
fe/tuto_005.bin;0x1924;6A 84 4F 22;ライドフェイズの<|説明|せつめい|>はこれで<|終|お|>わりよ。
fe/tuto_005.bin;0x1924;45 92 FC 23;ヴァンガードサークルにある\n{$336600}『メーザーギア・ドラゴン』{$}の
fe/tuto_005.bin;0x1924;A9 FD 21 2E;<|他|ほか|>のカードを{$336600}『ライド』{$}することで\nアップさせることができるわ。
fe/tuto_005.bin;0x1924;31 37 96 2F;あなたの<|手札|てふだ|>のグレード２のカードは……\n{$336600}『スモークギア・ドラゴン』{$}だね。
fe/tuto_005.bin;0x1924;9C A2 CB 31;よく<|考|かんが|>えてライドしてね。
fe/tuto_005.bin;0x1924;CC A9 5D 32;いかに<|早|はや|>く、{$336600}グレード３までライド{$}\n{$336600}できるか{$}が<|勝敗|しょうはい|>の<|分|わ|>かれ<|目|め|>になるよ。
fe/tuto_005.bin;0x1924;3A 89 20 33;<|下画面|したがめん|>のパワー<|部分|ぶぶん|>を<|見|み|>てみましょ。
fe/tuto_005.bin;0x1924;6D FE 53 3F;つまり……\n{$336600}グレード１から２{$}へはライドできるけど、
fe/tuto_005.bin;0x1924;91 8C 59 44;<|今回|こんかい|>は{$336600}ライドフェイズ{$}の<|説明|せつめい|>をするね。
fe/tuto_005.bin;0x1924;F8 39 51 4F;あと、{$336600}グレード１から１{$}のように\n{$336600}<|同|おな|>じグレードへライド{$}することはできるけど
fe/tuto_005.bin;0x1924;0A 40 6F 5C;{$336600}『スモークギア・ドラゴン』{$}の\nパワーは@07{$336600}１００００{$}。
fe/tuto_005.bin;0x1924;6F CA 15 6A;ライドすると、パワー<|以外|いがい|>にも<|色々|いろいろ|>な<|面|めん|>で\nヴァンガードがパワーアップするよ。
fe/tuto_005.bin;0x1924;ED 4D 58 84;パワー@07{$336600}８０００{$}よりも\n<|高|たか|>いことが<|分|わ|>かるよね。
fe/tuto_005.bin;0x1924;7D 63 76 8E;それじゃ、あなたの<|手札|てふだ|>を<|見|み|>てみましょ。
fe/tuto_005.bin;0x1924;6F EB F7 95;Masergear Dragon
fe/tuto_005.bin;0x1924;BE A9 8C A8;Budding Maiden, Diane
fe/tuto_005.bin;0x1924;49 3F 74 AF;こうして{$336600}ライド{$}することで、ヴァンガードの\n{$336600}グレードをアップ{$}させていくの。
fe/tuto_005.bin;0x1924;D4 11 7A B9;{$336600}ライドフェイズで{$}\nライドできるのは{$336600}１<|回|かい|>だけ{$}だから、
fe/tuto_005.bin;0x1924;83 0C AC BE;Smokegear Dragon
fe/tuto_005.bin;0x1924;67 4C 9B BF;あなたの{$336600}ヴァンガードのグレードは１{$}だから\n{$336600}グレード２まで{$}のカードをライドできるね。
fe/tuto_005.bin;0x1924;3D FB ED C0;Chronojet Dragon
fe/tuto_005.bin;0x1924;61 37 62 CC;Steam Knight, Shu Sin
fe/tuto_005.bin;0x1924;2A 50 42 CE;ライドフェイズでは、\n<|自分|じぶん|>の{$336600}ヴァンガードのグレード{$}を、
fe/tuto_005.bin;0x1924;99 D3 B9 D1;ライドできたわね。
fe/tuto_005.bin;0x1924;22 01 DE D4;ただし、{$336600}グレードは<|順番|じゅんばん|>{$}に\n{$336600}<|上|あ|>げて{$}いかないといけないの。
fe/tuto_005.bin;0x1924;12 3B 6F EB;{$336600}『スモークギア・ドラゴン』で、{$}\n{$336600}ライド{$}してみましょ。
fe/tuto_005.bin;0x1924;26 44 85 F0;これであなたのヴァンガードの{$336600}グレードが{$}\n{$336600}１から２に{$}なったよ。
fe/tuto_005.bin;0x1924;66 55 2F FB;{$336600}１から３{$}にはライドできないってこと。
fe/tuto_006.bin;0x1E20;ED 5B F1 16;うん、コールできたね！
fe/tuto_006.bin;0x1E20;3C 56 73 17;カードが<|持|も|>つ<|能力|のうりょく|>は、\n<|他|ほか|>にも<|色々|いろいろ|>な<|種類|しゅるい|>があるんだけど、
fe/tuto_006.bin;0x1E20;0C BE 9F 23;{$336600}ヴァンガード{$}のパワーが<|上昇|　じょうしょう|>したでしょ？
fe/tuto_006.bin;0x1E20;F5 F3 BC 23;これは、それぞれのカードが\n{$336600}<|持|も|>っている<|能力|のうりょく|>のひとつ{$}なの。
fe/tuto_006.bin;0x1E20;15 A4 FC 26;{$336600}Ａボタンで<|選択|せんたく|>{$}してみてね。
fe/tuto_006.bin;0x1E20;48 D3 DB 29;@0D{$336600}<|起動能力|きどうのうりょく|>を<|選択|せんたく|>{$}してね。
fe/tuto_006.bin;0x1E20;6C 0F F7 2E;２つ、アイコンがあるよね。
fe/tuto_006.bin;0x1E20;F5 84 C8 2F;これはその<|効果|こうか|>を{$336600}<|発動|はつどう|>できる<|場所|ばしょ|>{$}を\n<|表|あらわ|>してるの。
fe/tuto_006.bin;0x1E20;A2 84 7A 32;<|効果|こうか|>の<|対象|たいしょう|>はヴァンガードにしてみて。
fe/tuto_006.bin;0x1E20;2B 05 9C 39;<|起動能力|きどうのうりょく|>はコストがある<|限|かぎ|>り、\n{$336600}メインフェイ<|ズ中|ちゅう|>{$}、<|何度|なんど|>でも<|使|つか|>える<|能力|のうりょく|>よ。
fe/tuto_006.bin;0x1E20;FC 33 E2 39;<|手札|てふだ|>を<|上手|じょうず|>に<|使|つか|>って、<|場|ば|>を<|整|ととの|>えてね。
fe/tuto_006.bin;0x1E20;16 45 12 3B;その<|次|つぎ|>……[]で<|囲|かこ|>われている<|文章|ぶんしょう|>は、\n{$336600}<|能力|のうりょく|>を<|使|つか|>うためのコスト{$}よ。
fe/tuto_006.bin;0x1E20;66 6D 3E 3F;<|今回|こんかい|>は、<|手札|てふだ|>の{$336600}『ラッキーポット・ドラコキッド』{$}\nにカーソルを<|合|あ|>わせて、
fe/tuto_006.bin;0x1E20;C7 FA DC 59;『ラッキーポット・ドラコキッド』に\nカーソルを<|合|あ|>わせて{$336600}Ａボタンで<|選択|せんたく|>{$}してみて。
fe/tuto_006.bin;0x1E20;25 BA 77 65;<|移動|いどう|>は{$336600}<|何回|なんかい|>でも{$}できるから、\n<|活用|かつよう|>してみてね。
fe/tuto_006.bin;0x1E20;DB 66 81 74;それから@0Dの<|次|つぎ|>……\n@1Aって<|書|か|>いてあるでしょ？
fe/tuto_006.bin;0x1E20;CD 89 0E 8A;{$336600}ヴァンガードとその<|後|うし|>ろのリアガード<|以外|いがい|>は{$}\n<|前後|ぜんご|>に<|移動|いどう|>することができるの。
fe/tuto_006.bin;0x1E20;84 8C 3D 8B;{$336600}『ラッキーポット・ドラコキッド』{$}を\n{$336600}<|左前|ひだりまえ|>のリアガードサークルにコール{$}してね。
fe/tuto_006.bin;0x1E20;38 B0 D5 8B;{$336600}『ラッキーポット・ドラコキッド』{$}を\n{$336600}Ａボタンで<|選択|せんたく|>{$}してね。
fe/tuto_006.bin;0x1E20;F8 52 93 9B;@1Cは{$336600}ヴァンガードサークル{$}のことで、
fe/tuto_006.bin;0x1E20;7B 52 F3 9D;まずは<|味方|みかた|>を<|呼|よ|>び<|出|だ|>す{$336600}コール{$}の\n<|説明|せつめい|>をするから、やってみよっか。
fe/tuto_006.bin;0x1E20;51 76 97 A6;コストには<|色々|いろいろ|>な<|種類|しゅるい|>があるんだけど、\nこれも{$336600}<|他|ほか|>のチュートリアルで<|説明|せつめい|>{$}するね。
fe/tuto_006.bin;0x1E20;ED 0C 13 A8;<|今回|こんかい|>の<|場合|ばあい|>は@1Aだから、{$336600}リアガードサークル{$}\nでしか<|使|つか|>えない<|能力|のうりょく|>ってことね。
fe/tuto_006.bin;0x1E20;BE A9 8C A8;Budding Maiden, Diane
fe/tuto_006.bin;0x1E20;59 87 36 AA;<|今回|こんかい|>は{$336600}メインフェイズ{$}の<|説明|せつめい|>をするね。
fe/tuto_006.bin;0x1E20;C3 2A 6B AB;リアガードが<|後|うし|>ろに<|移動|いどう|>したよね？
fe/tuto_006.bin;0x1E20;60 FD CD AB;メインフェイズの<|説明|せつめい|>はこれで<|終|お|>わりよ。
fe/tuto_006.bin;0x1E20;C1 13 B3 AD;それについては、{$336600}『カードの<|能力|のうりょく|>とコストに{$}\n{$336600}ついて』{$}で<|詳|くわ|>しく<|説明|せつめい|>するわね。
fe/tuto_006.bin;0x1E20;FE CA 8C B0;それじゃ、<|次|つぎ|>は{$336600}<|移動|いどう|>{$}について<|説明|せつめい|>するよ。\nさっきコールした、
fe/tuto_006.bin;0x1E20;3F 85 08 B1;{$336600}<|左前|ひだりまえ|>のリアガードサークルに、{$}\nコールをしてみて。
fe/tuto_006.bin;0x1E20;20 E7 7E B5;{$336600}<|同|おな|>じか、それ<|以下|いか|>のグレード{$}じゃないと\nいけないから、<|気|き|>をつけて。
fe/tuto_006.bin;0x1E20;D8 DE 67 BB;{$336600}Ａボタン{$}でメニューを<|開|ひら|>き、\n{$336600}コールのアイコンを<|選択|せんたく|>{$}して、
fe/tuto_006.bin;0x1E20;83 0C AC BE;Smokegear Dragon
fe/tuto_006.bin;0x1E20;AC 27 DB C5;<|下画面|したがめん|>の{$336600}『ラッキーポット・ドラコキッド』{$}\nの<|能力|のうりょく|>を<|見|み|>て。
fe/tuto_006.bin;0x1E20;10 B1 2B C6;ヴァンガードを{$336600}Ａボタンで<|選択|せんたく|>{$}して\n{$336600}Ｙボタンで<|決定|けってい|>{$}してね。
fe/tuto_006.bin;0x1E20;35 A7 B2 C6;それじゃあ、この@0D{$336600}<|起動能力|きどうのうりょく|>を{$}\n{$336600}<|選択|せんたく|>{$}してみてね。
fe/tuto_006.bin;0x1E20;80 58 E2 CB;こうやって{$336600}<|能力|のうりょく|>を<|使用|しよう|>{$}することで、\n{$336600}ファイトを<|有利|ゆうり|>に{$}<|進|すす|>められるわよ。
fe/tuto_006.bin;0x1E20;62 1D E4 CE;@0D{$336600}<|起動能力|きどうのうりょく|>{$}のアイコンがあるでしょ？
fe/tuto_006.bin;0x1E20;86 73 62 D0;{$336600}<|味方|みかた|>のユニットを<|呼|よ|>ぶこと{$}を、\n{$336600}コール{$}っていうんだ。
fe/tuto_006.bin;0x1E20;E1 4B BA DE;{$336600}<|十字|じゅうじ|>ボタンの<|下|した|>{$}を<|押|お|>して\n{$336600}<|移動|いどう|>を<|選択|せんたく|>{$}してみて。
fe/tuto_006.bin;0x1E20;22 04 87 DF;{$336600}<|移動|いどう|>を<|選択|せんたく|>{$}してね。
fe/tuto_006.bin;0x1E20;FF 07 E3 E7;{$336600}メインフェイズ<|中|ちゅう|>{$}なら{$336600}<|何枚|なんまい|>{$}でも\nコールすることができるから……
fe/tuto_006.bin;0x1E20;69 F1 59 EF;Luckypot Dracokid
fe/tuto_006.bin;0x1E20;C4 E4 7B F7;コールするユニットは、\n{$336600}ヴァンガードサークルのユニットと、{$}
fe/tuto_006.bin;0x1E20;A5 A7 EE F7;<|最初|さいしょ|>に@0Dって<|書|か|>いてあるよね。\nこれが<|起動能力|きどうのうりょく|>のことを<|表|あらわ|>しているの。
fe/tuto_006.bin;0x1E20;D8 6C 3D FA;@1Aは{$336600}リアガードサークル{$}のこと。
fe/tuto_006.bin;0x1E20;9D 77 A1 FA;<|最後|さいご|>に@0D{$336600}<|起動能力|きどうのうりょく|>{$}を<|説明|せつめい|>するね。
fe/tuto_006.bin;0x1E20;BE 3A 96 FC;もう<|一度|いちど|>{$336600}『ラッキーポット・ドラコキッド』{$}に\nカーソルを<|合|あ|>わせて、
fe/tuto_007.bin;0x27DA;7B 17 20 00;この<|時|とき|>、ドライブチェックと<|同|おな|>じように\n{$336600}ダメージチェック{$}が<|行|おこな|>われるわ。
fe/tuto_007.bin;0x27DA;FD 08 42 02;それと……<|今回|こんかい|>のアタックは\n{$336600}リアガードでのアタック{$}だから、
fe/tuto_007.bin;0x27DA;A8 72 6B 04;{$336600}パワーが<|同|おな|>じ{$}ならアタックは\n{$336600}ヒット{$}するんだ。
fe/tuto_007.bin;0x27DA;11 BF 1B 07;またアタックステップに<|戻|もど|>って\n{$336600}<|他|ほか|>のユニットでアタック{$}ができるわ。
fe/tuto_007.bin;0x27DA;1B 99 8E 08;アタックされたユニットが、\nヴァンガードじゃないから
fe/tuto_007.bin;0x27DA;C4 8E 19 09;{$336600}アタックされたユニットのパワーに{$}\n{$336600}プラス{$}されるよ。
fe/tuto_007.bin;0x27DA;41 39 59 0A;アタックが{$336600}ヒットした<|時|とき|>、{$}\n{$336600}<|与|あた|>えるダメージの<|数|かず|>{$}のことよ。
fe/tuto_007.bin;0x27DA;ED DC 00 0E;この<|時|とき|>、{$336600}<|後列|こうれつ|>のユニットはアタック<|出来|でき|>ない{$}\nから<|注意|ちゅうい|>してね。
fe/tuto_007.bin;0x27DA;EA B9 33 0E;クリティカルっていうのは、\n{$336600}<|相手|あいて|>のヴァンガードに{$}
fe/tuto_007.bin;0x27DA;7A 24 60 0E;もしトリガーユニットがでたら、\n{$336600}アイコンの<|効果|こうか|>が<|発動|はつどう|>{$}するの。
fe/tuto_007.bin;0x27DA;47 2D 89 0E;<|私|わたし|>のヴァンガードよりもパワーが<|高|たか|>く\nなって、アタックがヒットしたよね。
fe/tuto_007.bin;0x27DA;00 3F 19 12;『ブラスウイング・ドラゴン』の\nパワー@07{$336600}７０００{$}を
fe/tuto_007.bin;0x27DA;9B 91 2A 13;まだブーストの<|説明|せつめい|>をしてなかったよね。
fe/tuto_007.bin;0x27DA;D2 3F 73 13;<|種類|しゅるい|>によって<|色々|いろいろ|>な<|効果|こうか|>が<|発動|はつどう|>するわ。
fe/tuto_007.bin;0x27DA;D2 DC 2B 20;{$336600}『ブラスウイング・ドラゴン』{$}で\nヴァンガードをブーストして。
fe/tuto_007.bin;0x27DA;F3 B5 97 22;{$336600}ドロップゾーンに<|置|お|>かれる{$}わ。
fe/tuto_007.bin;0x27DA;5E B9 23 2A;そうだなぁ…\n<|私|わたし|>はガードするね。
fe/tuto_007.bin;0x27DA;40 1A BD 2F;{$336600}<|右側|みぎがわ|>のリアガード{$}で\n{$336600}<|私|わたし|>のリアガード{$}にアタックしてね。
fe/tuto_007.bin;0x27DA;BB 35 E9 35;{$336600}<|私|わたし|>のヴァンガードを{$}、\n{$336600}Ａボタンで<|選択|せんたく|>{$}してね。
fe/tuto_007.bin;0x27DA;6F 9C 5A 38;２<|枚目|まいめ|>もトリガーユニットじゃなかったね。\n<|残念|ざんねん|>。
fe/tuto_007.bin;0x27DA;75 32 D1 38;{$336600}ダメージチェックは<|無|な|>し{$}よ。
fe/tuto_007.bin;0x27DA;5B C0 71 40;フィールドにアタックできる\nユニットがいなくなったから、
fe/tuto_007.bin;0x27DA;BD DA B5 42;めくったカードが、<|下|した|>の<|部分|ぶぶん|>に{$336600}<|黄色|きいろ|>いライン{$}\nの<|入|はい|>った{$336600}『トリガーユニット』{$}だと、
fe/tuto_007.bin;0x27DA;67 2C A2 45;<|今回|こんかい|>は{$336600}バトルフェイズ{$}の<|説明|せつめい|>をするね。
fe/tuto_007.bin;0x27DA;33 BD 00 46;<|今回|こんかい|>の<|場合|ばあい|>は『メーザーギア・ドラゴン』の\nパワー@07{$336600}８０００{$}に
fe/tuto_007.bin;0x27DA;5C 11 0E 4C;Steam Battler, Dadasig
fe/tuto_007.bin;0x27DA;B6 E2 5D 54;まずは、{$336600}ヴァンガードから{$}\nアタックしてみよっか。
fe/tuto_007.bin;0x27DA;60 13 AD 55;ヴァンガードの<|後|うし|>ろのユニット、\n{$336600}『ブラスウイング・ドラゴン』{$}を、
fe/tuto_007.bin;0x27DA;3F 1A F6 55;{$336600}『トリガーゾーン』{$}に\nそのカードを<|表|おもて|>にして<|出|だ|>すのよ。
fe/tuto_007.bin;0x27DA;97 78 CE 58;これでバトルフェイズは<|終了|しゅうりょう|>。
fe/tuto_007.bin;0x27DA;2C 2D E7 62;アタックは{$336600}<|相手|あいて|>の<|前列|ぜんれつ|>ユニットに<|対|たい|>して{$}\n<|行|おこな|>うことができるわ。
fe/tuto_007.bin;0x27DA;71 5B D7 64;ファイトの<|状況|じょうきょう|>に<|合|あ|>わせて、\n<|効果|こうか|>を<|使|つか|>うユニットを<|決|き|>めてね。
fe/tuto_007.bin;0x27DA;B0 32 F6 69;ヴァンガードがダメージを<|受|う|>けたら\n<|山札|やまふだ|>から{$336600}クリティカルの<|数分|かずぶん|>{$}、
fe/tuto_007.bin;0x27DA;D3 38 75 6B;それぞれ、{$336600}<|別|べつ|>のユニットに{$}\n{$336600}<|使|つか|>うこともできる{$}から
fe/tuto_007.bin;0x27DA;FA BF 23 6D;リアガードにヒットした<|場合|ばあい|>は、\nそのユニットは{$336600}<|退却|たいきゃく|>して、{$}
fe/tuto_007.bin;0x27DA;3A A8 AA 6E;ちなみに、ブーストできるのは@0C{$336600}を<|持|も|>って{$}\n{$336600}いるグレード１<|以下|いか|>のユニットだけ{$}よ。
fe/tuto_007.bin;0x27DA;27 BD 27 70;{$336600}<|後列|こうれつ|>のユニットのパワーをプラスする{$}ことを\n{$336600}ブースト{$}って<|言|い|>うの。
fe/tuto_007.bin;0x27DA;E3 F7 C3 70;パワーも{$336600}ヴァンガードに{$}\nプラスしてみてね。
fe/tuto_007.bin;0x27DA;33 9A 12 76;<|有利|ゆうり|>にファイトを<|進|すす|>められるわよ。
fe/tuto_007.bin;0x27DA;26 EF 66 79;{$336600}レスト（<|横向|よこむ|>き）する{$}ことで、\nアタックができるの。
fe/tuto_007.bin;0x27DA;B9 1F E0 7E;<|今回|こんかい|>は<|同|おな|>じユニットにトリガーの<|効果|こうか|>を\n<|両方|りょうほう|>とも<|使|つか|>ったけど、
fe/tuto_007.bin;0x27DA;55 01 0E 82;じゃあ、ブーストしてみましょ。
fe/tuto_007.bin;0x27DA;38 A5 6F 82;これでドライブステップは<|終了| しゅうりょう|>よ。
fe/tuto_007.bin;0x27DA;00 6F 7C 83;<|次|つぎ|>は{$336600}ブースト{$}をするユニットを、\n<|選択|せんたく|>するんだけど……
fe/tuto_007.bin;0x27DA;62 8C AB 86;それじゃあ１<|枚|まい|>めくってみて。
fe/tuto_007.bin;0x27DA;DB FC B3 8D;{$336600}アタックがヒットしない{$}の。
fe/tuto_007.bin;0x27DA;08 E5 05 8E;{$336600}ドライブチェックはなし{$}ね。
fe/tuto_007.bin;0x27DA;BF B0 35 92;{$336600}Ａボタンで<|選択|せんたく|>{$}してね。
fe/tuto_007.bin;0x27DA;6F EB F7 95;Masergear Dragon
fe/tuto_007.bin;0x27DA;1A EF 35 99;ダメージとしてカードを\n{$336600}ダメージゾーンに<|置|お|>く{$}の。
fe/tuto_007.bin;0x27DA;28 57 93 9A;これで<|一度|いちど|>の<|攻撃|こうげき|>で、<|相手|あいて|>に{$336600}２ダメージを{$}\n{$336600}<|与|あた|>え{$}られるの。
fe/tuto_007.bin;0x27DA;9F 92 F1 9A;だけど、<|今回|こんかい|>あなたは{$336600}ヴァンガード{$}で\nアタックしたよね？
fe/tuto_007.bin;0x27DA;C1 C4 80 9D;これで、<|私|わたし|>のユニットの<|方|ほう|>が\nパワーが<|高|たか|>くなったね。
fe/tuto_007.bin;0x27DA;56 10 48 9E;ガードに<|出|だ|>したユニットが<|持|も|>ってる\n{$336600}@08シールドの<|数字|すうじ|>が、{$}
fe/tuto_007.bin;0x27DA;83 36 D2 A2;あなたの{$336600}ヴァンガードに{$}\n{$336600}クリティカルを＋１{$}してみてね。
fe/tuto_007.bin;0x27DA;BE 72 B3 A3;これは@16{$336600}クリティカルトリガー{$}といって、\nアイコンの<|効果|こうか|>が２つ<|発動|はつどう|>するの。
fe/tuto_007.bin;0x27DA;71 FF 3D A4;{$336600}プラスする{$}ことになるね。
fe/tuto_007.bin;0x27DA;BE A9 8C A8;Budding Maiden, Diane
fe/tuto_007.bin;0x27DA;27 97 59 A9;<|今|いま|>、あなたのヴァンガードのパワーは、\n<|私|わたし|>のヴァンガードより<|低|ひく|>いけど、
fe/tuto_007.bin;0x27DA;6E 94 0C AA;<|今回|こんかい|>は、{$336600}<|私|わたし|>のヴァンガードを{$}、\n{$336600}Ａボタンで<|選択|せんたく|>{$}してね。
fe/tuto_007.bin;0x27DA;24 ED 3B AB;Maiden of Dimorphotheca
fe/tuto_007.bin;0x27DA;37 75 6B AB;リアガードにアタックすると、\n{$336600}<|相手|あいて|>のユニットを<|減|へ|>らす{$}ことができて
fe/tuto_007.bin;0x27DA;C9 9C E2 AF;<|前列|ぜんれつ|>のユニットが{$336600}アタックする<|時|とき|>{$}、
fe/tuto_007.bin;0x27DA;A3 A9 82 B0;ヴァンガードでアタックした<|時|とき|>は、\n{$336600}『ドライブチェック』が<|行|おこな|>われる{$}よ。
fe/tuto_007.bin;0x27DA;D4 E1 8C B0;{$336600}ヴァンガードを<|選択|せんたく|>{$}してね。
fe/tuto_007.bin;0x27DA;47 71 A2 B2;Grace Knight
fe/tuto_007.bin;0x27DA;69 95 F5 BB;それと、ドライブチェックでめくった\nカードは{$336600}<|自分|じぶん|>の<|手札|てふだ|>になる{$}からね。 
fe/tuto_007.bin;0x27DA;CA 40 22 BC;<|今回|こんかい|>は{$336600}ダメージ２{$}だから、{$336600}２<|枚|まい|>{$}めくるね。
fe/tuto_007.bin;0x27DA;61 56 05 BF;じゃあ２<|枚目|まいめ|>。
fe/tuto_007.bin;0x27DA;0E 8F 46 C1;Full Bloom Dragon
fe/tuto_007.bin;0x27DA;98 1E 3C C5;パワーを{$336600}＋５０００する{$}ことで\n{$336600}<|私|わたし|>のヴァンガードより<|高|たか|>く{$}なるわ。
fe/tuto_007.bin;0x27DA;F3 BF 6B C7;<|次|つぎ|>にアタックの<|対象|たいしょう|>を<|選|えら|>びましょ。
fe/tuto_007.bin;0x27DA;50 4F 93 CA;このカードは{$336600}ダメージゾーン{$}に<|送|おく|>られるの。
fe/tuto_007.bin;0x27DA;4B 7F 73 CB;１<|枚目|まいめ|>はトリガーユニットじゃなかったか。
fe/tuto_007.bin;0x27DA;58 40 BB D2;パワーがプラスされるのは{$336600}ブーストしている{$}\n{$336600}<|間|あいだ|>だけ{$}だから<|気|き|>をつけて。
fe/tuto_007.bin;0x27DA;7B 94 AF D5;それからさっき<|説明|せつめい|>した<|通|とお|>り、パワーも\n{$336600}＋５０００{$}することができるよ。
fe/tuto_007.bin;0x27DA;FC E0 D8 D7;１つ<|目|め|>は、{$336600}@16クリティカルを＋１{$}する<|効果|こうか|>。
fe/tuto_007.bin;0x27DA;74 47 2E D9;<|次|つぎ|>は{$336600}ガードステップ{$}ね。あなたの\n<|攻撃|こうげき|>をガードするか、<|相手|あいて|>が<|決|き|>めるの。
fe/tuto_007.bin;0x27DA;B8 F8 60 DA;@16クリティカル<|の数|すうじ|>字が{$336600}２{$}に\nなったでしょ？
fe/tuto_007.bin;0x27DA;5A CA ED DD;Brasswing Dragon
fe/tuto_007.bin;0x27DA;45 2D F2 DD;お<|互|たが|>いのリアガードのパワーは\n@07８０００。<|同|おな|>じ<|数値|すうち|>だけど……
fe/tuto_007.bin;0x27DA;F7 69 AB DF;すごい！\n{$336600}トリガーユニット{$}だよ。
fe/tuto_007.bin;0x27DA;00 83 4C E0;ヴァンガードを{$336600}Ａボタンで<|選択|せんたく|>{$}してみて。
fe/tuto_007.bin;0x27DA;0C 66 4F E0;バトルフェイズについての<|説明|せつめい|>は\nこれで<|終|お|>わりよ。
fe/tuto_007.bin;0x27DA;19 08 47 E1;フィールドにまだアタックできる\nユニットがいる<|場合|ばあい|>は、
fe/tuto_007.bin;0x27DA;F0 E3 5A E1;２つ<|目|め|>は、このターン<|中|ちゅう|>{$336600}ユニット１<|体|たい|>の{$}\n{$336600}パワーに、＋５０００{$}する<|効果|こうか|>。
fe/tuto_007.bin;0x27DA;CB 6A DB E1;ドライブチェックの<|時|とき|>には、\n<|山札|やまふだ|>からカードをめくって、
fe/tuto_007.bin;0x27DA;B3 F3 25 E4;<|次|つぎ|>は、あなたの{$336600}<|右側|みぎがわ|>のリアガード{$}で\n{$336600}<|私|わたし|>のリアガードに{$}アタックしてね。
fe/tuto_007.bin;0x27DA;6D 8D 0E E5;ダメージステップでは\nバトルの<|結果|けっか|>が<|判定|はんてい|>されるの。
fe/tuto_007.bin;0x27DA;49 FF 1B E7;じゃあ１<|枚目|まいめ|>。
fe/tuto_007.bin;0x27DA;D9 EA D1 EC;これでアタックステップは<|終了|しゅうりょう|>よ。
fe/tuto_007.bin;0x27DA;B4 0B 76 ED;アタックステップでは、{$336600}<|前列|ぜんれつ|>の{$}\n{$336600}スタンド（<|縦向|たてむ|>き）<|状態|じょうたい|>のユニットを{$}
fe/tuto_007.bin;0x27DA;A9 49 94 F4;<|次|つぎ|>はダメージステップね。
fe/tuto_007.bin;0x27DA;A0 7D EF F5;{$336600}アタックした<|側|がわ|>のパワー{$}より、\n{$336600}アタックされた<|側|がわ|>のパワー{$}が<|高|たか|>い<|場合|ばあい|>は、
fe/tuto_007.bin;0x27DA;90 D1 99 F6;<|今回|こんかい|>は、あなたの{$336600}ヴァンガードに{$}\n{$336600}クリティカルを＋１{$}してみてね。
fe/tuto_007.bin;0x27DA;43 78 B3 F6;<|私|わたし|>はノーガード。\nアタックがヒットするわよ。
fe/tuto_007.bin;0x27DA;BA CF 94 FA;<|今回|こんかい|>はドライブチェックで\nトリガーが<|出|で|>たから、
fe/tuto_008.bin;0x22F2;DC AE 06 02;{$336600}『バトルフェイズ』{$}で<|説明|せつめい|>したように、
fe/tuto_008.bin;0x22F2;26 9F A5 02;Gunnergear Dracokid
fe/tuto_008.bin;0x22F2;ED 62 95 05;<|今|いま|>、あなたのヴァンガードの\nグレードは２だから、
fe/tuto_008.bin;0x22F2;4B E3 66 0F;このままだとアタックが\nヒットしちゃうから、
fe/tuto_008.bin;0x22F2;31 4C 06 10;だけど、まだ<|私|わたし|>のヴァンガードよりも\nパワーが<|低|ひく|>いわね。
fe/tuto_008.bin;0x22F2;40 E9 93 14;ヴァンガードがアタックをすると\n{$336600}『ドライブチェック』{$}が<|行|おこな|>われるわ。
fe/tuto_008.bin;0x22F2;BF 17 4B 17;パワーが<|高|たか|>くなったから、\n<|私|わたし|>のターンはこれでおしまいね。
fe/tuto_008.bin;0x22F2;9E 76 07 1D;{$336600}Ｙボタンでノーガードを{$}\n<|宣言|せんげん|>してね。
fe/tuto_008.bin;0x22F2;34 2C F7 1F;@0Bインターセプトの<|説明|せつめい|>をするね。
fe/tuto_008.bin;0x22F2;56 F0 96 21;<|私|わたし|>のアタックステップになったわね。
fe/tuto_008.bin;0x22F2;1E 96 DF 22;<|今|いま|>はヴァンガードしかいないから、\n{$336600}ヴァンガードを<|選択|せんたく|>して{$}ね。
fe/tuto_008.bin;0x22F2;41 B3 F6 25;<|回復|かいふく|>できるのは、自分のダメージが\n{$336600}<|相手|あいて|>のダメージと<|同|おな|>じ{$}か、{$336600}<|多|おお|>い<|時|とき|>{$}だけ。
fe/tuto_008.bin;0x22F2;8F 72 D9 29;ヴァンガードのパワーにプラスされたわね。
fe/tuto_008.bin;0x22F2;35 35 7D 2D;グレード２までのカードを\n{$336600}<|手札|てふだ|>からコール{$}できるわ。
fe/tuto_008.bin;0x22F2;27 13 9E 2E;コールすると、\nユニットの{$336600}シールド<|分|ぶん|>の<|数値|すうち|>{$}が、
fe/tuto_008.bin;0x22F2;5A FB 9B 34;{$336600}Ｙボタンを<|押|お|>してノーガードを{$}<|宣言|せんげん|>してね。
fe/tuto_008.bin;0x22F2;50 62 36 3E;{$336600}『メーザーギア・ドラゴン』{$}のシールドの<|値|あたい|>が
fe/tuto_008.bin;0x22F2;A4 BA 65 43;あなたのヴァンガードは@07{$336600}１００００{$}だから\n<|私|わたし|>の<|方|ほう|>が<|高|たか|>いよね。
fe/tuto_008.bin;0x22F2;09 6D B3 44;…したいけど、さっきのトリガーで\nあなたのヴァンガードのほうが
fe/tuto_008.bin;0x22F2;CD FE 7F 46;<|手札|てふだ|>から{$336600}ガーディアンサークルに\nユニットをコール{$}することができるわ。
fe/tuto_008.bin;0x22F2;E0 2D F6 48;{$336600}ヴァンガードと<|同|おな|>じか、それ<|以下|いか|>の{$}\n{$336600}グレード{$}のカードだけよ。
fe/tuto_008.bin;0x22F2;7A 25 61 52;じゃあ、ガードしてみよう。\n{$336600}Ｙボタンで<|決定|けってい|>{$}してね。
fe/tuto_008.bin;0x22F2;C6 2B B6 52;アタックする<|側|がわ|>のパワーが、\nアタックされた<|側|がわ|>のパワーより
fe/tuto_008.bin;0x22F2;04 0C DF 5C;これで、あなたのヴァンガードのほうが\nパワーが<|高|たか|>くなったね。
fe/tuto_008.bin;0x22F2;AB 16 27 5E;これは@18{$336600}ヒールトリガー{$}といって、\n{$336600}ダメージを１<|回復|かいふく|>{$}できるの。ただし……
fe/tuto_008.bin;0x22F2;4A 2C 82 61;<|今回|こんかい|>は<|私|わたし|>よりもあなたのダメージの<|方|ほう|>が\n<|多|おお|>いから、１<|回復|かいふく|>できるよ。
fe/tuto_008.bin;0x22F2;84 B7 D8 63;ドライブチェックでトリガーが<|出|で|>れば、\nこのアタックはヒットするね。
fe/tuto_008.bin;0x22F2;46 C4 5D 64;<|今|いま|>は{$336600}ユニットを１<|枚|まい|>ずつコール{$}したけど、\n{$336600}まとめてコール{$}することもできるよ。
fe/tuto_008.bin;0x22F2;DA 78 CB 68;Maiden of Safflower
fe/tuto_008.bin;0x22F2;C9 33 D5 6A;{$336600}『メーザーギア・ドラゴン』を{$336600}<|選択|せんたく|>{$}して、\n{$336600}Ｙボタン{$}で{$336600}コール{$}して。
fe/tuto_008.bin;0x22F2;82 EF FB 6B;ドライブチェック！
fe/tuto_008.bin;0x22F2;77 7D 44 6E;Qool Qute Qiwi
fe/tuto_008.bin;0x22F2;D5 A4 93 70;<|次|つぎ|>は、リアガードであなたの\nヴァンガードをアタックするわ。
fe/tuto_008.bin;0x22F2;D2 DC EF 72;あと、{$336600}パワーも＋５０００{$}できるよ。
fe/tuto_008.bin;0x22F2;17 D3 F3 76;<|今回|こんかい|>は{$336600}<|相手|あいて|>ターン<|時|じ|>の{$}\n{$336600}ガード（<|防御|ぼうぎょ|>）について{$}<|説明|せつめい|>するね。
fe/tuto_008.bin;0x22F2;C3 AB 09 77;すごい！！\n{$336600}トリガーユニット{$}ね。
fe/tuto_008.bin;0x22F2;47 99 B5 7A;{$336600}Ａボタンで<|選択|せんたく|>して、Ｙボタンで{$}\n{$336600}ガーディアンサークルにコール{$}してね。
fe/tuto_008.bin;0x22F2;43 8A DF 7B;Blossoming Maiden, Cela
fe/tuto_008.bin;0x22F2;B5 9D 24 7C;@0Bのスキルを<|持|も|>つ\n{$336600}グレード２{$}の{$336600}<|前列|ぜんれつ|>リアガード{$}は、
fe/tuto_008.bin;0x22F2;66 06 37 82;<|私|わたし|>のユニットはまだ<|残|のこ|>っているから、\nもう<|一度|いちど|>アタックステップよ。
fe/tuto_008.bin;0x22F2;35 45 D4 88;Ｙボタンで<|終了|しゅうりょう|>してね。
fe/tuto_008.bin;0x22F2;C9 14 F5 88;<|手札|てふだ|>の{$336600}『メーザーギア・ドラゴン』{$}を{$336600}Ａボタン{$}で\n<|選択|せんたく|>して、{$336600}Ｙボタン{$}でコールして。
fe/tuto_008.bin;0x22F2;D6 E4 67 8F;リアガードであなたのヴァンガードに\nアタック！
fe/tuto_008.bin;0x22F2;BD 7D A6 91;Spring-Heralding Maiden, Ozu
fe/tuto_008.bin;0x22F2;6F EB F7 95;Masergear Dragon
fe/tuto_008.bin;0x22F2;E8 C8 73 98;これでガードが<|成功|せいこう|>したよ。
fe/tuto_008.bin;0x22F2;E5 54 BE 9D;でも、<|私|わたし|>がアタックしたユニットは\nヴァンガード。
fe/tuto_008.bin;0x22F2;BE A9 8C A8;Budding Maiden, Diane
fe/tuto_008.bin;0x22F2;33 24 D1 A8;<|相手|あいて|>の{$336600}クリティカルの<|数字分|すうじぶん|>、{$}\n{$336600}ダメージチェックが<|行|おこな|>われる{$}の。
fe/tuto_008.bin;0x22F2;BF EA A0 AC;ヴァンガードがアタックをされて\nダメージを<|受|う|>けると、
fe/tuto_008.bin;0x22F2;F8 FD 1C B0;それじゃあ<|私|わたし|>のヴァンガードで、\nあなたのヴァンガードにアタックよ。
fe/tuto_008.bin;0x22F2;D4 E1 8C B0;{$336600}ヴァンガードを<|選択|せんたく|>{$}してね。
fe/tuto_008.bin;0x22F2;40 D7 03 B2;<|相手|あいて|>もあなたと<|同|おな|>じように、\n{$336600}ドローやライドを<|行|おこな|>う{$}の。
fe/tuto_008.bin;0x22F2;AD 5A 48 B2;インターセプトできたみたいね。
fe/tuto_008.bin;0x22F2;83 E1 53 B2;それから、ガーディアンサークルに\nコールできるカードは、
fe/tuto_008.bin;0x22F2;17 98 EC B3;{$336600}『スモークギア・ドラゴン』{$}を\n{$336600}<|選択|せんたく|>{$}して、Ｙボタンを<|押|お|>してね。
fe/tuto_008.bin;0x22F2;B2 01 BF BB;コールしても{$336600}パワーがプラスされない{$}から\n<|気|き|>を<|付|つ|>けてね。
fe/tuto_008.bin;0x22F2;83 0C AC BE;Smokegear Dragon
fe/tuto_008.bin;0x22F2;3D FB ED C0;Chronojet Dragon
fe/tuto_008.bin;0x22F2;1F 66 4A C1;アタックされたユニットの\n{$336600}パワーにプラス{$}されるの。
fe/tuto_008.bin;0x22F2;7C 17 CE C1;Ranunculus Flower Maiden, Ahsha
fe/tuto_008.bin;0x22F2;CE B6 F4 C1;{$336600}@0Bインターセプト{$}も\nしてみよう。
fe/tuto_008.bin;0x22F2;88 5F FE C3;<|私|わたし|>のリアガードのほうがパワーが<|高|たか|>いから、\nあなたはダメージを１<|受|う|>けるわよ。
fe/tuto_008.bin;0x22F2;CF 7B C6 C7;<|今回|こんかい|>は{$336600}『メーザーギア・ドラゴン』{$}を\nコールしてみよっか。
fe/tuto_008.bin;0x22F2;EF 7E 11 CB;<|次|つぎ|>は、パワーを＋５０００する\nユニットを<|決|き|>めるんだけど、
fe/tuto_008.bin;0x22F2;CE DB D7 CE;{$336600}アタックされているユニットを{$}\n{$336600}<|守|まも|>る{$}ことができるのよ。
fe/tuto_008.bin;0x22F2;F4 9D 78 D0;<|今|いま|>のあなたの<|手札|てふだ|>のカードだとシールドが\n<|足|た|>りなくて、ガード<|出来|でき|>ないから……
fe/tuto_008.bin;0x22F2;78 6A 0D DA;Steam Maiden, Uluru
fe/tuto_008.bin;0x22F2;DE 14 FC DC;<|各|かく|>フェイズの<|行動|こうどう|>をするから\n<|少|すこ|>し<|見|み|>ててね。
fe/tuto_008.bin;0x22F2;E2 A7 9C DF;ここから、{$336600}ガード（<|防御|ぼうぎょ|>）{$}<|側|がわ|>の<|説明|せつめい|>よ。
fe/tuto_008.bin;0x22F2;5E D7 AB E0;アタックステップではまず、{$336600}どのユニットで{$}\n{$336600}アタックをするか<|決|き|>める{$}の。
fe/tuto_008.bin;0x22F2;69 4B 73 E3;お<|互|たが|>いのパワーの<|数値|すうち|>を<|比|くら|>べると、\n<|私|わたし|>のヴァンガードは@07{$336600}１８０００{$}
fe/tuto_008.bin;0x22F2;F0 17 EB E6;う～ん<|残念|ざんねん|>。\nトリガーユニットじゃなかったか。
fe/tuto_008.bin;0x22F2;52 CF 20 EF;じゃあ、やってみて。<|前列|ぜんれつ|>リアガードの\n{$336600}『スモークギア・ドラゴン』{$}も
fe/tuto_008.bin;0x22F2;4D 3E 02 F2;<|今回|こんかい|>はダメージが１だから、\n<|山札|やまふだ|>のカードを１<|枚|まい|>めくってね。
fe/tuto_008.bin;0x22F2;0C 60 31 F4;ダメージゾーンにあるカードを\n{$336600}Ａボタン{$}で<|選択|せんたく|>してね。
fe/tuto_008.bin;0x22F2;59 C0 01 F5;{$336600}シールド<|部分|ぶぶん|>に<|数字|すうじ|>のないカード{$}は、
fe/tuto_008.bin;0x22F2;9D 63 B6 F5;<|下画面|したがめん|>にも<|注目|ちゅうもく|>してね。\nアタックを<|受|う|>けているファイターは、
fe/tuto_008.bin;0x22F2;10 FB 2C F7;これで、ガードについての<|説明|せつめい|>は<|終|お|>わり。
fe/tuto_008.bin;0x22F2;65 17 B5 F9;{$336600}<|高|たか|>い{$}、もしくは{$336600}<|同|おな|>じ<|場合|ばあい|>{$}は\n{$336600}アタックがヒットする{$}んだけど…
fe/tuto_009.bin;0x19DE;26 9F A5 02;Gunnergear Dracokid
fe/tuto_009.bin;0x19DE;3C 47 79 04;トリガー<|次第|しだい|>で、\n<|不利|ふり|>な<|状況|じょうきょう|>でも<|逆転|ぎゃくてん|>できるから
fe/tuto_009.bin;0x19DE;73 37 38 12;<|次|つぎ|>は@19{$336600}スタンドトリガー{$}。\n<|青|あお|>い{$336600}『醒』{$}の<|文字|もじ|>が<|描|か|>いてあるわ。
fe/tuto_009.bin;0x19DE;0C F4 3F 36;{$336600}リアガード１<|体|たい|>だけ{$}だから、\n<|慎重|しんちょう|>にユニットを<|選|えら|>んでね。
fe/tuto_009.bin;0x19DE;77 F6 A1 38;これで、トリガーについての\n<|説明|せつめい|>は<|終|お|>わりよ。
fe/tuto_009.bin;0x19DE;5E D3 66 43;{$336600}<|効果|こうか|>が<|発動|はつどう|>しない{$}から<|気|き|>をつけて。
fe/tuto_009.bin;0x19DE;5C 11 0E 4C;Steam Battler, Dadasig
fe/tuto_009.bin;0x19DE;E0 E2 07 50;<|自分|じぶん|>のダメージを{$336600}\n１<|枚回復|まいかいふく|>{$}することができるの。
fe/tuto_009.bin;0x19DE;22 2E F6 53;{$336600}ヴァンガードへのアタック{$}がヒットした<|時|とき|>は\n{$336600}クリティカルの<|数字|すうじ|><|分|ぶん|>{$}
fe/tuto_009.bin;0x19DE;39 9F 8C 58;クランは、{$336600}そのカードが<|属|ぞく|>するグループ{$}を\n<|表|あらわ|>してるわ。
fe/tuto_009.bin;0x19DE;08 D9 B5 64;まずは、【@16】{$336600}クリティカルトリガー{$}。\n<|黄色|きいろ|>い<|星|ほし|>のような<|模様|もよう|>よ。
fe/tuto_009.bin;0x19DE;10 F3 CF 6C;Maiden of Gladiolus
fe/tuto_009.bin;0x19DE;B7 AA B2 6E;クリティカルトリガーが<|出|で|>ると、\n{$336600}クリティカルを＋１{$}できるんだ。
fe/tuto_009.bin;0x19DE;65 B1 B8 76;腹時計付きのギアラビット
fe/tuto_009.bin;0x19DE;B8 24 37 78;トリガーは<|全部|ぜんぶ|>で{$336600}４<|種類|しゅるい|>あって{$}、\nそれぞれ<|特別|とくべつ|>な<|効果|こうか|>が<|発動|はつどう|>するの。
fe/tuto_009.bin;0x19DE;C8 74 E2 7F;<|次|つぎ|>に@17{$336600}ドロートリガー{$}。\n<|赤|あか|>い{$336600}『引』{$}の<|文字|もじ|>が<|描|か|>いてあるわ。
fe/tuto_009.bin;0x19DE;D0 D0 A9 83;ここに<|書|か|>いてある{$336600}『ギアクロニクル』{$}は\nこのカードの{$336600}クラン{$}よ。
fe/tuto_009.bin;0x19DE;FF 86 BE 8B;<|今回|こんかい|>は{$336600}トリガーについて{$}<|説明|せつめい|>をするわ。
fe/tuto_009.bin;0x19DE;BD 7D A6 91;Spring-Heralding Maiden, Ozu
fe/tuto_009.bin;0x19DE;8B 1C 4B 9D;どのトリガーも<|味方|みかた|>ユニット１<|体|たい|>のパワーを\n{$336600}＋５０００{$}することができるからね。
fe/tuto_009.bin;0x19DE;6B 7E 80 9D;{$336600}スタンド（<|縦向|たてむ|>き）{$}することが\nできるの。
fe/tuto_009.bin;0x19DE;8D 9E BA 9E;ただ、スタンドトリガーで\nスタンドできるのは、
fe/tuto_009.bin;0x19DE;9D B9 A4 A3;Jungle Lord Dragon
fe/tuto_009.bin;0x19DE;47 71 A2 B2;Grace Knight
fe/tuto_009.bin;0x19DE;3A C1 C0 B6;<|最後|さいご|>まであきらめないで\nファイトしてね。
fe/tuto_009.bin;0x19DE;2C EE 7E B7;ドロートリガーが<|出|で|>ると、<|山札|やまふだ|>からカードを\n{$336600}１<|枚引|まいひ|>いて<|手札|てふだ|>に{$}することができるの。
fe/tuto_009.bin;0x19DE;7B 38 45 BE;ヒールトリガーがでた<|時|とき|>、<|自分|じぶん|>のダメージが\n<|相手|あいて|>のダメージと<|同|おな|>じか、それ<|以上|いじょう|>なら
fe/tuto_009.bin;0x19DE;20 3C A8 C0;ダメージを<|与|あた|>えられるから、\nクリティカルトリガーが<|出|で|>ると、
fe/tuto_009.bin;0x19DE;0E 8F 46 C1;Full Bloom Dragon
fe/tuto_009.bin;0x19DE;7C 17 CE C1;Ranunculus Flower Maiden, Ahsha
fe/tuto_009.bin;0x19DE;9A 9F 14 C8;@1C{$336600}ヴァンガードサークル{$}か、\n@1A{$336600}リアガードサークル{$}にいないと
fe/tuto_009.bin;0x19DE;61 37 62 CC;Steam Knight, Shu Sin
fe/tuto_009.bin;0x19DE;18 DB 61 D6;トリガーが<|出|で|>た<|時|とき|>、トリガーユニットと\n{$336600}<|同|おな|>じクランのユニット{$}が、
fe/tuto_009.bin;0x19DE;F6 1D 20 D9;{$336600}１<|点多|てんおお|>くダメージを<|与|あた|>える{$}ことが\nできるわ。
fe/tuto_009.bin;0x19DE;78 6A 0D DA;Steam Maiden, Uluru
fe/tuto_009.bin;0x19DE;77 78 E7 EA;スタンドトリガーが<|出|で|>ると、\n{$336600}レスト（<|横向|よこむ|>き）<|状態|じょうたい|>のリアガード{$}を
fe/tuto_009.bin;0x19DE;B2 6A A2 F2;スタンドしたユニットは、{$336600}もう<|一度|いちど|>{$}\n{$336600}アタック{$}できるわ。
fe/tuto_009.bin;0x19DE;84 CF 70 F8;<|最後|さいご|>にトリガーの{$336600}<|発動条件|はつどうじょうけん|>{$}を\n<|説明|せつめい|>するから、<|下画面|したがめん|>を<|見|み|>てね。
fe/tuto_009.bin;0x19DE;54 92 84 FC;<|最後|さいご|>は@18{$336600}ヒールトリガー{$}。\n<|緑|みどり|>で{$336600}『治』{$}の<|文字|もじ|>が<|描|か|>いてあるわ。
fe/tuto_010.bin;0x1CE5;7A B9 7D 00;<|手札|てふだ|>の{$336600}グレード０と１{$}のカードを<|選|えら|>んで\nＹボタンで<|決定|けってい|>してみて。
fe/tuto_010.bin;0x1CE5;40 77 ED 01;グレードが１つ<|高|たか|>いカードが<|無|な|>くて\nライドできない<|時|とき|>は、
fe/tuto_010.bin;0x1CE5;26 9F A5 02;Gunnergear Dracokid
fe/tuto_010.bin;0x1CE5;81 BF 5B 03;Ａボタンを<|押|お|>して{$336600}Ｇアシスト{$}をしてみてね。
fe/tuto_010.bin;0x1CE5;29 40 CE 0F;{$336600}Ｇゾーンから２<|枚|まい|>{$}を<|選|えら|>んで、\n{$336600}<|相手|あいて|>に<|公開|こうかい|>{$}してね。
fe/tuto_010.bin;0x1CE5;50 B6 D4 14;{$336600}<|手札|てふだ|>とＧゾーンからカードを<|選|えら|>ぶ<|必要|ひつよう|>はない{$}\nからそのままライドフェイズに<|進|すす|>んでね。
fe/tuto_010.bin;0x1CE5;5D FB 27 1B;Ｇアシストステップでは３つの<|条件|じょうけん|>を\n<|満|み|>たしていると{$336600}Ｇアシスト{$}ができるの。
fe/tuto_010.bin;0x1CE5;84 DC 0D 21;さっきドローした{$336600}グレード３{$}の\nカードがあるわね。
fe/tuto_010.bin;0x1CE5;88 6F 8F 22;２つめは、{$336600}<|手札|てふだ|>に<|自分|じぶん|>のヴァンガードより、{$}\n{$336600}グレードが１つ<|高|たか|>いカードが<|無|な|>い。{$}
fe/tuto_010.bin;0x1CE5;23 F1 49 23;<|公開|こうかい|>したカードは、{$336600}このファイトでは{$}\n{$336600}<|使|つか|>えなくなる{$}から<|気|き|>をつけて。
fe/tuto_010.bin;0x1CE5;EA 2F B6 25;もし、<|山札|やまふだ|>の<|上|うえ|>から５<|枚|まい|>カードを<|見|み|>た<|時|とき|>に\n{$336600}<|必要|ひつよう|>なグレードのカードがなかった{$}ら、
fe/tuto_010.bin;0x1CE5;DA 7C C5 53;<|手札|てふだ|>にカードを<|加|くわ|>えた<|場合|ばあい|>は、\n{$336600}<|自分|じぶん|>の<|手札|てふだ|>から２<|枚|まい|>と……{$}
fe/tuto_010.bin;0x1CE5;36 A8 0A 56;<|今回|こんかい|>は{$336600}Ｇアシスト{$}について{$}<|説明|せつめい|>をするね。
fe/tuto_010.bin;0x1CE5;52 C4 AA 57;{$336600}Ｇアシスト{$}の<|説明|せつめい|>はこれでおしまいよ。
fe/tuto_010.bin;0x1CE5;4F A7 F0 6C;そんな<|時|とき|>は、{$336600}Ｇアシスト{$}をするといいよ。
fe/tuto_010.bin;0x1CE5;0F 79 D7 6D;ドローできたわね。\nそれじゃ<|手札|てふだ|>を<|見|み|>てみましょ。
fe/tuto_010.bin;0x1CE5;E2 B1 3A 78;<|次|つぎ|>に、{$336600}Ｇゾーンのカードを{$}\n{$336600}２<|枚|まい|>{$}<|選|　えら|>んでね。
fe/tuto_010.bin;0x1CE5;8C 20 9A 79;{$336600}Ｇゾーンのカードを{$}\n{$336600}２枚{$}選んでみて。
fe/tuto_010.bin;0x1CE5;C8 51 E9 79;{$336600}グレード０{$}と、
fe/tuto_010.bin;0x1CE5;31 78 EF 88;<|今回|こんかい|>はすべての<|条件|じょうけん|>を<|満|み|>たしているから、\n{$336600}Ｇアシスト{$}ができるわ。
fe/tuto_010.bin;0x1CE5;D5 1D FA 88;<|次|つぎ|>に、<|山札|やまふだ|>の<|上|うえ|>から５<|枚|まい|>カードを<|見|み|>て……
fe/tuto_010.bin;0x1CE5;BD 7D A6 91;Spring-Heralding Maiden, Ozu
fe/tuto_010.bin;0x1CE5;36 2E 6D 95;<|今|いま|>あなたの<|手札|てふだ|>には、{$336600}グレード１{$}と
fe/tuto_010.bin;0x1CE5;6F EB F7 95;Masergear Dragon
fe/tuto_010.bin;0x1CE5;B2 E2 86 9A;１つめは、{$336600}<|自分|じぶん|>のヴァンガードが\nグレード３<|以上|いじょう|>でない。{$}
fe/tuto_010.bin;0x1CE5;0C CC 8F 9A;<|積極的|せっきょくてき|>に、{$336600}Ｇアシスト{$}をしてみてね。
fe/tuto_010.bin;0x1CE5;0C D9 BC 9A;あなたのヴァンガードは<|今|いま|>……\n{$336600}グレード１{$}だよね。
fe/tuto_010.bin;0x1CE5;A9 21 53 A2;{$336600}グレード２{$}のカードを<|選|えら|>んでね。
fe/tuto_010.bin;0x1CE5;BE A9 8C A8;Budding Maiden, Diane
fe/tuto_010.bin;0x1CE5;77 51 6C A9;その<|中|なか|>から、{$336600}<|自分|じぶん|>のヴァンガードより\nグレードが１つ<|高|たか|>いカード{$}を１<|枚|まい|>まで<|探|さが|>して、
fe/tuto_010.bin;0x1CE5;83 0C AC BE;Smokegear Dragon
fe/tuto_010.bin;0x1CE5;4D 37 FC BE;３つめは、{$336600}Ｇゾーンにカードが\n２<|枚以上|まいいじょう|>ある。{$}
fe/tuto_010.bin;0x1CE5;3D FB ED C0;Chronojet Dragon
fe/tuto_010.bin;0x1CE5;E4 62 88 C5;<|最初|さいしょ|>にグレードが<|高|たか|>いカードがないことを\n<|相手|あいて|>に<|示|しめ|>すため、{$336600}<|手札|てふだ|>を<|公開|こうかい|>{$}しましょ。
fe/tuto_010.bin;0x1CE5;61 37 62 CC;Steam Knight, Shu Sin
fe/tuto_010.bin;0x1CE5;BC 5D E3 CC;それじゃあ、<|手札|てふだ|>の{$336600}グレード０と１{$}の\nカードを<|選|えら|>んで、
fe/tuto_010.bin;0x1CE5;3B 53 C9 CF;それじゃあ５<|枚引|まいひ|>いて、その<|中|なか|>から\n{$336600}グレード２{$}のカードを<|選|えら|>んでみて。
fe/tuto_010.bin;0x1CE5;4F 05 E7 E4;<|次|つぎ|>はヴァンガードを<|見|み|>てみましょ。
fe/tuto_010.bin;0x1CE5;35 F1 E0 E5;このままだと<|手札|てふだ|>に{$336600}グレード２{$}が<|無|な|>いから\nライドすることができないわ。
fe/tuto_010.bin;0x1CE5;19 B3 23 F2;まずはカードをドローするわよ。
fe/tuto_010.bin;0x1CE5;08 FA 3C F2;Ｙボタンで<|決定|けってい|>してみて。
fe/tuto_010.bin;0x1CE5;09 66 62 F8;さっき<|言|い|>った<|通|とお|>り、ここに<|置|お|>かれたカードは\n{$336600}このファイト<|中|ちゅう|><|使|つか|>えなくなる{$}よ。
fe/tuto_010.bin;0x1CE5;8B A5 89 F8;<|相手|あいて|>に<|見|み|>せてから、{$336600}<|手札|てふだ|>に<|加|くわ|>えられる{$}の。\nその<|後|あと|>、<|山札|やまふだ|>はシャッフルしてね。
fe/tuto_011.bin;0x22D7;8A 1F 1B 01;<|今回|こんかい|>はどっちを<|選|えら|>んでも<|変|か|>わらないから\n<|好|す|>きな<|方|ほう|>を<|選|えら|>んでみよう。
fe/tuto_011.bin;0x22D7;FD C3 92 07;これを、{$336600}シークメイト{$}っていうんだ。\n<|実際|じっさい|>にやってみよう。
fe/tuto_011.bin;0x22D7;6A 46 1B 0C;{$336600}<|双闘|レギオン|>{$}しているユニットが\n{$336600}アタックされた<|場合|ばあい|>{$}は、
fe/tuto_011.bin;0x22D7;EF C4 6B 13;{$336600}<|強力|きょうりょく|>なアタックが<|出来|でき|>るんだ。
fe/tuto_011.bin;0x22D7;DD 7D 35 14;{$336600}「<|探索者|シーカー|> セイクリッド・ういんがる」{$}の\n{$336600}<|自動能力|じどうのうりょく|>{$}が<|発動|はつどう|>したよ。
fe/tuto_011.bin;0x22D7;FB B3 91 16;{$3040ff}レギオンメイト{$}が<|並|なら|>び<|立|た|>ち、\n<|共|とも|>に<|闘|たたか|>う<|能力|のうりょく|>だ。
fe/tuto_011.bin;0x22D7;25 C0 34 18;Seeker, Youthful Mage
fe/tuto_011.bin;0x22D7;C4 A9 64 18;もう<|片方|かたほう|>のユニットも{$336600}スタンド（レスト）{$}\n{$336600}する{$}ことも、<|覚|おぼ|>えておいて。
fe/tuto_011.bin;0x22D7;D6 B4 DB 19;じゃあ、{$336600}Ｙボタン{$}を<|押|お|>して\n<|君|きみ|>の{$336600}ターンを<|終了|しゅうりょう|>{$}してみて。
fe/tuto_011.bin;0x22D7;67 A8 67 1E;<|下画面|したがめん|>の<|能力|のうりょく|>を<|見|み|>てみよう。
fe/tuto_011.bin;0x22D7;66 0A 23 21;Seeker, Rune Eagle
fe/tuto_011.bin;0x22D7;26 F2 0B 23;{$336600}ブーストしたヴァンガード{$}で\n{$336600}アタック{$}してみて。
fe/tuto_011.bin;0x22D7;D9 86 BC 25;<|僕|ぼく|>のターンになったけど、\n<|君|きみ|>のヴァンガードは{$336600}<|双闘|レギオン|>{$}したままだね。
fe/tuto_011.bin;0x22D7;91 FA CD 26;<|今回|こんかい|>は{$336600}<|双闘|レギオン|>{$}についての<|説明|せつめい|>をするよ。
fe/tuto_011.bin;0x22D7;EB AD 44 2D;ただし、アタックが<|相手|あいて|>のヴァンガードに\nヒットした<|時|とき|>は、
fe/tuto_011.bin;0x22D7;A2 48 24 2F;{$336600}<|双闘|レギオン|>{$}できたね。
fe/tuto_011.bin;0x22D7;36 BE 20 31;Seeker, Sacred Wingal
fe/tuto_011.bin;0x22D7;86 48 23 31;Natural Talent Seeker, Valrod
fe/tuto_011.bin;0x22D7;4E 68 BC 34;Absolute Blade Knight, Livarot
fe/tuto_011.bin;0x22D7;A9 C5 0D 37;{$3040ff}「「ブラスター・ブレード・<|探索者|シーカー|>」{$}を<|含|ふく|>む\n４<|枚|まい|>のカードを<|山札|やまふだ|>に<|戻|もど|>してね。
fe/tuto_011.bin;0x22D7;74 5F 88 3F;{$3040ff}「ブラスター・ブレード・<|探索者|シーカー|>」{$}を<|選|えら|>んで\n{$336600}<|双闘|レギオン|>{$}してみよう。
fe/tuto_011.bin;0x22D7;82 04 28 40;ブーストする<|側|がわ|>のユニットの<|能力|のうりょく|>が、\n{$336600}<|名称|めいしょう|>{$}に<|関係|かんけい|>する<|能力|のうりょく|>の<|場合|ばあい|>、
fe/tuto_011.bin;0x22D7;95 62 4B 40;{$336600}レギオンリーダー{$}か{$3040ff}レギオンメイト{$}の\nどちらかが{$336600}スタンド（レスト）{$}すると、
fe/tuto_011.bin;0x22D7;38 4B 02 45;{$3040ff}「ブラスター・ブレード・<|探索者|シーカー|>」{$}を<|含|ふく|>む\n４<|枚|まい|>を<|選|えら|>んで<|山札|やまふだ|>に<|戻|もど|>そう。
fe/tuto_011.bin;0x22D7;2E CB 13 46;{$336600}Ｙボタン{$}を<|押|お|>して、<|君|きみ|>の{$336600}ターンを<|終了|しゅうりょう|>{$}してね。
fe/tuto_011.bin;0x22D7;FF 82 D3 48;じゃあ、<|山札|やまふだ|>から{$3040ff}「ブラスター・ブレード・<|探索者|シーカー|>」{$}\nを<|選|えら|>んで{$336600}<|双闘|レギオン|>{$}してみよう。
fe/tuto_011.bin;0x22D7;6C 8C 8A 49;Blaster Blade Seeker
fe/tuto_011.bin;0x22D7;28 87 E9 4A;どちらを{$336600}ブーストの<|対象|たいしょう|>にするか{$}を\n<|選|えら|>ぶことができるんだ。
fe/tuto_011.bin;0x22D7;4A F9 EF 4A;ヴァンガードのパワーにブーストした\nユニットのパワーだけじゃなく、
fe/tuto_011.bin;0x22D7;AC 7C 57 4C;<|後列|こうれつ|>のユニットで{$336600}ブースト{$}するのを\n<|忘|わす|>れないでね。
fe/tuto_011.bin;0x22D7;24 B2 8C 51;{$336600}コール{$}できたね。\n{$336600}バトルフェイズ{$}に<|移行|いこう|>しよう。
fe/tuto_011.bin;0x22D7;65 92 6C 59;{$336600}レギオンリーダー{$}だけが{$336600}アタック<|対象|たいしょう|>として{$}\n{$336600}<|参照|さんしょう|>される{$}ことと……
fe/tuto_011.bin;0x22D7;F0 E5 C5 5B;<|今|いま|>、<|山札|やまふだ|>には {$3040ff}「ブラスター・ブレード・<|探索者|シーカー|>」{$}が\n<|入|はい|>っていないから……
fe/tuto_011.bin;0x22D7;0D 65 56 5C;{$336600}ブーストの<|対象|たいしょう|>にするユニット{$}を\n<|選|えら|>んでね。
fe/tuto_011.bin;0x22D7;29 CF 10 62;Lunar Crescent Knight, Felax
fe/tuto_011.bin;0x22D7;FD 41 7A 62;{$336600}<|双闘|レギオン|>{$}したヴァンガードに\nもう<|一度|いちど|>ライドをするか、
fe/tuto_011.bin;0x22D7;DF 9B 25 64;それじゃ、カードを<|選|えら|>んでみて。
fe/tuto_011.bin;0x22D7;18 09 E2 6E;{$336600}<|双闘|レギオン|>{$}について、<|大体|だいたい|><|分|わ|>かったかな？\nあとは、ちょっと<|細|こま|>かいことだけど……
fe/tuto_011.bin;0x22D7;72 01 E8 70;<|君|きみ|>のヴァンガードは\n{$336600}「<|探索者|シーカー|> セイクリッド・ういんがる{$}」。
fe/tuto_011.bin;0x22D7;B8 1C 10 7C;<|該当|がいとう|>する{$336600}<|名称|めいしょう|>{$}を<|持|も|>っているユニットを\n<|選択|せんたく|>するといいよ。
fe/tuto_011.bin;0x22D7;00 A9 C0 84;{$3040ff}レギオンメイト{$}のパワーも\nプラスされたね。
fe/tuto_011.bin;0x22D7;B2 FC 6A 86;ここで<|指定|してい|>されたユニットが、{$3040ff}レギオンメイト{$}。
fe/tuto_011.bin;0x22D7;3B 1B AC 86;それじゃあ{$336600}ヴァンガード{$}で\n{$336600}<|僕|ぼく|>のヴァンガードにアタック{$}してみようか。
fe/tuto_011.bin;0x22D7;7A 8B 02 88;{$336600}アタックステップ{$}になったね。
fe/tuto_011.bin;0x22D7;8A D9 76 8B;<|君|きみ|>のメインフェイズに、{$336600}<|相手|あいて|>のヴァンガード{$}\n{$336600}のグレードが３<|以上|いじょう|>{$}で……
fe/tuto_011.bin;0x22D7;CE 43 21 8C;{$336600}レギオンリーダー{$}のクリティカルの<|値|あたい|>のみが\n<|参照|さんしょう|>されるから<|気|き|>をつけてね。
fe/tuto_011.bin;0x22D7;02 3D D5 8C;それじゃ、{$336600}<|双闘|レギオン|>{$}してみよう。
fe/tuto_011.bin;0x22D7;51 7B F7 8D;ヴァンガードの{$336600}<|起動能力|きどうのうりょく|>{$}を\n<|使|つか|>ってみて。
fe/tuto_011.bin;0x22D7;B4 4C CE 90;{$336600}ドロップゾーンに４<|枚|まい|>のカードがあれば{$}、\n{$336600}<|双闘|レギオン|>{$}することができるよ。
fe/tuto_011.bin;0x22D7;21 C7 D1 91;{$336600}<|双闘|レギオン|>{$}をしている<|時|とき|>は\n{$336600}レギオンリーダー{$}と{$3040ff}レギオンメイト{$}の
fe/tuto_011.bin;0x22D7;8A 72 0B 97;カードが<|山札|やまふだ|>に<|戻|もど|>ったね。
fe/tuto_011.bin;0x22D7;DF DB 28 99;<|特定|とくてい|>のカードの<|能力|のうりょく|>を<|使|つか|>わない<|限|かぎ|>り\n{$336600}<|双闘|レギオン|>{$}は<|解除|かいじょ|>されないよ。
fe/tuto_011.bin;0x22D7;50 97 07 9A;これで<|君|きみ|>のターンは<|終了|しゅうりょう|>したね。
fe/tuto_011.bin;0x22D7;15 BA FE 9A;{$336600}<|双闘|レギオン|>{$}は、\n<|君|きみ|>の<|分身|ぶんしん|>であるヴァンガードと……
fe/tuto_011.bin;0x22D7;57 37 C3 9F;この<|自動能力|じどうのうりょく|>は、{$336600}<|双闘|レギオン|>{$}した<|時|とき|>に\n<|発動|はつどう|>するんだ。
fe/tuto_011.bin;0x22D7;71 7D C2 A0;これで{$336600}<|双闘|レギオン|>{$}についての\n<|説明|せつめい|>は<|終|お|>わりだよ。
fe/tuto_011.bin;0x22D7;A7 B7 07 A2;それじゃあ、<|能力|のうりょく|>を<|使|つか|>ってみよう。
fe/tuto_011.bin;0x22D7;4A 63 95 A7;{$3040ff}レギオンメイト{$}が<|全|すべ|>てドロップゾーンにある<|時|とき|>は\nこのタイミングで{$336600}<|山札|やまふだ|>に<|戻|もど|>して{$}おこう。
fe/tuto_011.bin;0x22D7;6B B6 7E A8;ヴァンガードの{$336600}<|起動能力|きどうのうりょく|>{$}を<|使|つか|>ってね。
fe/tuto_011.bin;0x22D7;64 D9 9E A8;<|通常|つうじょう|>はブーストする<|対象|たいしょう|>は<|自動|じどう|>で\n<|選|えら|>ばれるんだけど、
fe/tuto_011.bin;0x22D7;CF 47 D2 AB;{$336600}<|双闘|レギオン|>{$}をすると、\n{$3040ff}レギオンメイト{$}の{$336600}パワー{$}も<|加|くわ|>わって、
fe/tuto_011.bin;0x22D7;DD 0F 2B AC;<|次|つぎ|>に、{$336600}ドロップゾーンのカードを４<|枚|まい|>{$}<|選| えら|>んで、\n{$336600}<|山札|やまふだ|>に<|戻|もど|>す{$}んだけど……
fe/tuto_011.bin;0x22D7;80 35 A7 AC;{$336600}ドロップゾーン{$}からカードを{$336600}４<|枚山札|まいやまふだ|>に<|戻|もど|>したら{$}、\n{$3040ff}レギオンメイト{$}を<|山札|やまふだ|>から<|探|さが|>すことができる。
fe/tuto_011.bin;0x22D7;7E 9D B2 B5;アタックがヒットしたね。
fe/tuto_011.bin;0x22D7;4E 31 67 BB;Provocation Seeker, Blumental
fe/tuto_011.bin;0x22D7;EC E7 56 C8;Ｙボタンを<|押|お|>して、{$336600}メインフェイズ{$}を\n<|終了|しゅうりょう|>してね。
fe/tuto_011.bin;0x22D7;B8 9F F7 CC;{$336600}シークメイト{$}する<|時|とき|>、<|山札|やまふだ|>に{$3040ff}レギオンメイト{$}が\nいないと、{$336600}<|双闘|レギオン|>{$}できないから、
fe/tuto_011.bin;0x22D7;44 6F 1E DA;メインフェイズになったね。
fe/tuto_011.bin;0x22D7;FC D3 CE DC;このユニットが、{$336600}<|双闘|レギオン|>{$}を<|行|おこな|>う、\n{$336600}レギオンリーダー{$}だ。
fe/tuto_011.bin;0x22D7;D2 5E 55 EA;どちらを<|選|えら|>んでも、プラスされる\nパワー<|値|ち|>は<|変|か|>わらないけど、
fe/tuto_011.bin;0x22D7;FE 94 67 EC;{$336600}<|起動能力|きどうのうりょく|>{$}を<|発動|はつどう|>できたね。
fe/tuto_011.bin;0x22D7;24 E6 DA EC;@1F {$3040ff}「ブラスター・ブレード・<|探索者|シーカー|>」{$}と\n<|書|か|>いてあるね。
fe/tuto_011.bin;0x22D7;18 6E 1D ED;<|好|す|>きなユニットを<|選択|せんたく|>して\n<|左上|ひだりうえ|>のリアガードサークルに{$336600}コール{$}してね。
fe/tuto_011.bin;0x22D7;D7 AF 7D F5;Blue Sky Knight, Altmile
fe/tuto_012.bin;0x209A;DF 7A 3E 00;{$336600}<|超越|ストライド|>{$}は、{$336600}ライドステップ{$}の<|後|あと|>、\n{$336600}ストライドステップ{$}で<|行|おこな|>うの。
fe/tuto_012.bin;0x209A;26 9F A5 02;Gunnergear Dracokid
fe/tuto_012.bin;0x209A;5A 8E 53 03;{$336600}「<|時空竜|じくうりゅう|> ミステリーフレア・ドラゴン」{$}を\n<|選|えら|>んでね。
fe/tuto_012.bin;0x209A;6E CF 39 07;<|次|つぎ|>は{$336600}<|右側|みぎがわ|>のリアガードで{$336600}アタックを\nしてみてね。
fe/tuto_012.bin;0x209A;AF 34 8E 0D;ドライブチェックが{$336600}３<|回|かい|>{$}あったのが\n<|分|わ|>かった？
fe/tuto_012.bin;0x209A;A5 41 71 15;それじゃ、<|能力|のうりょく|>を<|使|つか|>ってみて。
fe/tuto_012.bin;0x209A;44 EF 79 25;{$336600}「<|豪腕粉砕|ごうわんふんさい|>の<|時空巨兵|コロッサス|>」{$}を<|選|えら|>んでね。
fe/tuto_012.bin;0x209A;F1 33 05 2C;Ｙボタンで{$336600}メインフェイズ{$}を<|終了|しゅうりょう|>してね。
fe/tuto_012.bin;0x209A;74 DC 2B 2D;あなたのアタックフェイズはこれで<|終|お|>わりね。
fe/tuto_012.bin;0x209A;0C 57 F3 2D;{$336600}<|能力|のうりょく|>は<|使|つか|>わない{$}で{$336600}Ｙボタンで<|終了|しゅうりょう|>{$}してね。
fe/tuto_012.bin;0x209A;9A C1 68 30;Steam Fighter, Amber
fe/tuto_012.bin;0x209A;D9 73 2E 34;{$336600}Ｇゾーン{$}のカードが<|表示|ひょうじ|>されるから、\nその<|中|なか|>から、１<|枚選|まいえら|>んで{$336600}<|超越|ストライド|>{$}するの。
fe/tuto_012.bin;0x209A;9D E2 25 35;{$336600}<|超越|ストライド|>{$}したＧユニットは、\nこの{$336600}「ハーツ」の<|名前|なまえ|>とパワーを<|得|え|>る{$}の。
fe/tuto_012.bin;0x209A;D4 80 E1 37;Steam Knight, Ubara-tutu
fe/tuto_012.bin;0x209A;DD A4 F4 40;それじゃあ、<|次|つぎ|>は{$336600}Ｇユニットでアタック{$}\nしてみましょ。
fe/tuto_012.bin;0x209A;BC C9 33 48;アイコンに<|付|つ|>いている<|数字|すうじ|>が、{$336600}<|必要|ひつよう|>な{$}\n{$336600}<|表向|おもてむ|>きのＧユニットの<|枚数|まいすう|>{$}を<|表|あらわ|>しているの。
fe/tuto_012.bin;0x209A;72 FA 68 5B;Ｙボタンを<|押|お|>して、\n{$336600}メインフェイズ{$}を<|終了|しゅうりょう|>してね。
fe/tuto_012.bin;0x209A;0D FE AA 66;{$336600}<|超越|ストライド|>{$}する<|時|とき|>は、\n{$336600}ハーツとなるユニットの<|能力|のうりょく|>{$}も<|考|かんが|>えてみて。
fe/tuto_012.bin;0x209A;DA 78 CB 68;Maiden of Safflower
fe/tuto_012.bin;0x209A;D2 CD 36 6A;<|能力|のうりょく|>が<|発動|はつどう|>したけど、この{$336600}<|能力|のうりょく|>は<|使|つか|>わない{$}で\n{$336600}Ｙボタンで<|終了|しゅうりょう|>{$}してね。
fe/tuto_012.bin;0x209A;9F 9B DB 6A;{$336600}<|右側|みぎがわ|>のリアガード{$}で{$336600}アタック{$}をしてね。
fe/tuto_012.bin;0x209A;A1 2A 48 6C;<|次|つぎ|>は{$336600}コスト{$}の<|選択|せんたく|>。
fe/tuto_012.bin;0x209A;59 B1 2B 6D;あなたの{$336600}ヴァンガード{$}で\n{$336600}<|私|わたし|>のヴァンガードにアタック{$}をしてみて。
fe/tuto_012.bin;0x209A;90 25 7E 6D;{$336600}レギオンメイト{$}と{$336600}レギオンリーダー{$}の{$336600}<|両方|りょうほう|>が{$}\n{$336600}ハーツになる{$}から<|覚|おぼ|>えておいてね。
fe/tuto_012.bin;0x209A;67 A9 88 72;Ｇユニットの<|下|した|>に<|入|はい|>る<|元|もと|>のヴァンガードは、\n{$336600}「ハーツ」{$}と<|呼|よ|>ばれるよ。
fe/tuto_012.bin;0x209A;62 8F 88 7F;<|能力|のうりょく|>の<|最初|さいしょ|>に@25って<|書|か|>いてあるよね。
fe/tuto_012.bin;0x209A;24 6E 64 81;{$336600}<|超越|ストライド|>{$}したＧユニットは{$336600}エンドフェイズ{$}に\n{$336600}<|表向|おもてむ|>き{$}でＧゾーンに<|戻|もど|>って……
fe/tuto_012.bin;0x209A;0D C0 9E 89;{$336600}ドロップゾーン{$}に<|送|おく|>らないといけないの。
fe/tuto_012.bin;0x209A;B7 04 34 8C;{$336600}お<|互|たが|>いのヴァンガードがグレード３<|以上|いじょう|>{$}の<|時|とき|>、\n<|指定|してい|>された{$336600}コスト{$}を<|払|はら|>うと、{$336600}<|超越|ストライド|>{$}できるわ。
fe/tuto_012.bin;0x209A;AA ED 5A 95;ヴァンガードのアタックだから、\n{$336600}ドライブチェック{$}が<|行|おこな|>われるわ。
fe/tuto_012.bin;0x209A;62 C1 73 95;これでコストを<|払|はら|>ったから、\n{$336600}「<|時空竜|じくうりゅう|> ミステリーフレア・ドラゴン」{$}を
fe/tuto_012.bin;0x209A;B2 A9 DE 95;<|手札|てふだ|>から{$336600}「<|豪腕粉砕|ごうわんふんさい|>の<|時空巨兵|コロッサス|>」{$}を\n<|選|えら|>んでみて。
fe/tuto_012.bin;0x209A;6F EB F7 95;Masergear Dragon
fe/tuto_012.bin;0x209A;01 35 FF 9B;Smithereen Colossus
fe/tuto_012.bin;0x209A;9D B9 A4 A3;Jungle Lord Dragon
fe/tuto_012.bin;0x209A;47 71 A2 B2;Grace Knight
fe/tuto_012.bin;0x209A;44 D2 80 B4;<|今回|こんかい|>は<|手札|てふだ|>に<|丁度|ちょうど|>グレード３のカードが\nあるから、このカードをコストにしよう。
fe/tuto_012.bin;0x209A;DF 1B F9 B4;{$336600}ライドステップ{$}をＹボタンで<|終|お|>わらせてね。
fe/tuto_012.bin;0x209A;09 C0 E2 B6;Twinmaser Dragon
fe/tuto_012.bin;0x209A;83 0C AC BE;Smokegear Dragon
fe/tuto_012.bin;0x209A;D4 DB 7D C2;<|今回|こんかい|>は{$336600}<|超越|ストライド|>{$}についての<|説明|せつめい|>ね。
fe/tuto_012.bin;0x209A;6E 10 EF C3;Ｇユニットは{$336600}@24トリプルドライブ{$}を<|持|も|>っていて\n{$336600}３<|回|かい|>ドライブチェックができる{$}のよ。
fe/tuto_012.bin;0x209A;A7 88 80 C5;ヴァンガードの<|上|うえ|>に<|重|かさ|>ねて、\n{$336600}<|超越|ストライド|>{$}できるわ。
fe/tuto_012.bin;0x209A;03 4A 81 C5;<|下|した|>にあった{$336600}ハーツカード{$}が\nまた{$336600}ヴァンガード{$}になるの。
fe/tuto_012.bin;0x209A;66 96 BC CB;{$336600}<|超越|ストライド|>{$}する<|時|とき|>は{$336600}<|手札|てふだ|>{$}から{$336600}グレードの<|合計|ごうけい|>が{$}\n{$336600}３<|以上|いじょう|>になるように１<|枚以上選|まいいじょうえら|>んで{$}、
fe/tuto_012.bin;0x209A;AF 45 24 CC;{$336600}<|超越|ストライド|>{$}した<|時|とき|>ヴァンガードサークルにいると\n<|能力|のうりょく|>が<|発動|はつどう|>するユニットもあるから……
fe/tuto_012.bin;0x209A;EE 61 20 CD;<|今回|こんかい|>は、{$336600}「<|時空竜|じくうりゅう|> ミステリーフレア・ドラゴン」{$}を\n<|選|えら|>んでみて。
fe/tuto_012.bin;0x209A;5E 37 CD D2;{$336600}<|超越|ストライド|>{$}の<|説明|せつめい|>はこれでおしまいよ。
fe/tuto_012.bin;0x209A;21 18 8F D6;これは、\n{$336600}ジェネレーションブレイク{$}っていって……
fe/tuto_012.bin;0x209A;E1 98 75 DD;ちなみに、{$336600}<|双闘|レギオン|>{$}しているユニットに\n{$336600}<|超越|ストライド|>{$}した<|時|とき|>は、
fe/tuto_012.bin;0x209A;5A CA ED DD;Brasswing Dragon
fe/tuto_012.bin;0x209A;EF 6F C7 EB;{$336600}<|能力|のうりょく|>が<|発動|はつどう|>{$}したわね。\n<|下画面|したがめん|>を<|見|み|>てみて。
fe/tuto_012.bin;0x209A;22 33 2C EE;それじゃ、あなたの{$336600}ヴァンガード{$}で\n{$336600}<|私|わたし|>のヴァンガードにアタック{$}をしてみて。
fe/tuto_012.bin;0x209A;26 54 49 EE;@25～@2Cまであるんだ。<|今回|こんかい|>は、\n@25だから、{$336600}１<|枚|まい|>{$}ね。
fe/tuto_012.bin;0x209A;AE BB A1 FD;{$336600}ヴァンガードサークル{$}と{$336600}Ｇゾーン{$}に{$336600}<|表向|おもてむ|>きの{$}\n{$336600}Ｇユニットが<|指定|してい|><|枚数|まいすう|>あると<|使|つか|>える{$}<|能力|のうりょく|>よ。
fe/tuto_013.bin;0x2346;92 EA 99 03;<|自動能力|じどうのうりょく|>が<|発動|はつどう|>したね。
fe/tuto_013.bin;0x2346;E2 04 5E 06;{$336600}『<|星輝兵|スターベイダー|> メビウスブレス・ドラゴン』{$}を\n<|選択|せんたく|>して、<|能力|のうりょく|>を<|使|つか|>ってみよう。
fe/tuto_013.bin;0x2346;F9 09 38 08;{$336600}Ｙボタン{$}で{$336600}バトルフェイズを<|終了|しゅうりょう|>{$}してね。
fe/tuto_013.bin;0x2346;13 3E 25 09;<|次|つぎ|>は<|君|きみ|>の{$336600}<|右側|みぎがわ|>のリアガード{$}で\nアタックしてみよう。
fe/tuto_013.bin;0x2346;39 CE B0 0F;<|手札|てふだ|>の{$336600}『<|追撃|ついげき|>の<|星輝兵|スターベイダー|> フェルミウム』{$}を\n<|選択|せんたく|>してみて。
fe/tuto_013.bin;0x2346;04 3A E5 10;<|呪縛|ロック|>されているユニットは\n{$336600}<|移動|いどう|>をすることもできない{$}んだ。
fe/tuto_013.bin;0x2346;84 E4 8A 1A;<|今回|こんかい|>は{$336600}<|呪縛|ロック|>{$}についての<|説明|せつめい|>をするよ。
fe/tuto_013.bin;0x2346;DD DC 1E 1D;{$336600}ヴァンガードを<|選|えら|>んで{$}、{$336600}<|僕|ぼく|>のヴァンガードに\nアタック{$}してみよう。
fe/tuto_013.bin;0x2346;F3 F2 13 25;<|呪縛|ロック|>されたカードは、<|持|も|>ち<|主|ぬし|>のターンが\n<|終了|　　しゅうりょう|>するまで{$336600}<|元|もと|>に<|戻|もど|>らない{$}んだ。
fe/tuto_013.bin;0x2346;45 02 70 29;{$336600}<|呪縛|ロック|>されていない{$}\n{$336600}リアガードでインターセプト{$}してみよう。
fe/tuto_013.bin;0x2346;A0 83 68 2B;<|呪縛|ロック|>されたユニットがあるサークルには、\n{$336600}<|他|ほか|>のユニットをコールできない{$}んだ。
fe/tuto_013.bin;0x2346;2A B7 D3 2B;<|前列|ぜんれつ|>の<|左側|ひだりがわ|>のリアガードが\n{$336600}<|呪縛|ロック|>された{$}ね。
fe/tuto_013.bin;0x2346;B9 1E DD 2D;Nova Star-vader, Actinium
fe/tuto_013.bin;0x2346;05 B2 4E 2E;<|左下|ひだりした|>のリアガードを<|選択|せんたく|>してね。
fe/tuto_013.bin;0x2346;1E D2 B4 34;ヴァンガードで、<|僕|ぼく|>のヴァンガードに\nアタックしてね。
fe/tuto_013.bin;0x2346;4B 7A D6 36;<|裏返|うらがえ|>しになって、{$336600}アタック、ブースト、{$}\n{$336600}<|能力|のうりょく|>の<|使用|しよう|>、<|移動|いどう|>、<|退却|たいきゃく|>{$}といった
fe/tuto_013.bin;0x2346;05 45 0A 38;これが{$336600}<|呪縛|ロック|>{$}だよ。\n<|呪縛|ロック|>されたリアガードは
fe/tuto_013.bin;0x2346;EE 6F D4 39;<|持|も|>ち<|主|ぬし|>のターンが<|終了|しゅうりょう|>すると、ユニットは\n<|自動的|じどうてき|>に<|解呪|アンロック|>されるんだ。
fe/tuto_013.bin;0x2346;D7 AD FB 3D;<|君|きみ|>のリアガードは、<|君|きみ|>のターンが<|終|お|>わるまで\n{$336600}<|呪縛|ロック|>されたまま{$}だ。
fe/tuto_013.bin;0x2346;EB 98 B7 3F;<|僕|ぼく|>のターンが<|終了|しゅうりょう|>したから\n<|呪縛|ロック|>されていたユニットが
fe/tuto_013.bin;0x2346;10 3C E2 47;{$336600}<|右側|みぎがわ|>のリアガードでアタック{$}してね。
fe/tuto_013.bin;0x2346;E3 42 67 4B;<|次|つぎ|>はリアガードでアタックするよ。
fe/tuto_013.bin;0x2346;4F EB 7C 4D;{$336600}Ｙボタン{$}を<|押|お|>して、{$336600}ノーガードを<|選択|せんたく|>{$}してね。
fe/tuto_013.bin;0x2346;92 41 0B 56;<|今回|こんかい|>は、ヴァンガードにアタックしてみて。
fe/tuto_013.bin;0x2346;60 AE F2 5C;Star-vader, Infinite Zero Dragon
fe/tuto_013.bin;0x2346;CA DD 75 63;リアガードが<|行|おこな|>える<|行動|こうどう|>が\n{$336600}<|全|すべ|>てできなくなる{$}んだ。
fe/tuto_013.bin;0x2346;5D 50 47 68;<|呪縛|ロック|>されているユニットは\n{$336600}インターセプトできない{$}から
fe/tuto_013.bin;0x2346;E6 0A A3 6A;Star-vader, Francium
fe/tuto_013.bin;0x2346;F0 D9 D2 70;Strike Star-vader, Krypton
fe/tuto_013.bin;0x2346;B2 A9 D5 72;<|移動|いどう|>アイコンが<|無|な|>いよね？
fe/tuto_013.bin;0x2346;E5 77 EF 7D;{$336600}<|右側|みぎがわ|>のリアガードでヴァンガードに{$}\n{$336600}アタック{$}してね。
fe/tuto_013.bin;0x2346;28 DB 3E 83;まだユニットがいるけど、<|今回|こんかい|>は{$336600}Ｙボタン{$}で\n{$336600}バトルフェイズを<|終了|しゅうりょう|>{$}してね。
fe/tuto_013.bin;0x2346;5C A8 0F 87;{$336600}<|解呪|アンロック|>{$}されて、{$336600}<|表向|おもてむ|>きになった{$}ね。
fe/tuto_013.bin;0x2346;A7 F8 FD 8C;<|左下|ひだりした|>のリアガードサークルに\nコールしてね。
fe/tuto_013.bin;0x2346;33 84 7D 90;それじゃあ、コールしてみようか。
fe/tuto_013.bin;0x2346;BE ED F8 90;Ｙボタンを<|押|お|>して、ライドフェイズを\n<|終|お|>わらせてね。
fe/tuto_013.bin;0x2346;0A B7 2E 91;{$336600}<|呪縛|ロック|>{$}されたリアガードは<|裏向|うらむ|>きになって\n<|何|なに|>も<|出来|でき|>なくなるんだ。
fe/tuto_013.bin;0x2346;B5 82 AB 98;コールできたね。
fe/tuto_013.bin;0x2346;D8 68 20 A0;Star-vader, Mobius Breath Dragon
fe/tuto_013.bin;0x2346;FE E1 B6 A0;Homing Star-vader, Fermium
fe/tuto_013.bin;0x2346;7E 76 C7 A1;{$336600}『<|星輝兵|スターベイダー|> メビウスブレス・ドラゴン』{$}を\n<|選択|せんたく|>してね。
fe/tuto_013.bin;0x2346;44 1E AD A4;<|大体|だいたい|><|分|わ|>かったかな？\nこれで、<|呪縛|ロック|>についての<|説明|せつめい|>は<|終|お|>わりだよ。
fe/tuto_013.bin;0x2346;AF CF 46 AB;<|次|つぎ|>は<|僕|ぼく|>が<|呪縛|ロック|>をするよ。
fe/tuto_013.bin;0x2346;32 D7 29 B0;ちなみに、<|自分|じぶん|>のターン<|内|ない|>に、<|他|ほか|>のユニットを\n{$336600}<|解呪|アンロック|>する{$}{$336600}<|能力|のうりょく|>を<|持|も|>つユニットもいる{$}よ。
fe/tuto_013.bin;0x2346;47 FC 84 B1;{$336600}<|呪縛|ロック|>されているユニットの{$}\n{$336600}<|後|うし|>ろにコール{$}してみよう。
fe/tuto_013.bin;0x2346;82 C5 6D B8;アタックステップになったね。
fe/tuto_013.bin;0x2346;D7 52 95 B8;<|僕|ぼく|>のヴァンガードにアタックがヒットした\nから、<|下画面|したがめん|>に{$336600}<|自動能力|じどうのうりょく|>が<|表示|ひょうじ|>された{$}よ。
fe/tuto_013.bin;0x2346;8D 55 D4 B9;Unrivaled Star-vader, Radon
fe/tuto_013.bin;0x2346;57 D2 51 BB;<|呪縛|ロック|>されているユニットには{$336600}アタック{$}\n{$336600}できない{$}から<|注意|ちゅうい|>してね。
fe/tuto_013.bin;0x2346;83 A3 E1 BC;<|僕|ぼく|>のターンになったけど<|呪縛|ロック|>\nされたユニットは{$336600}<|裏返|うらがえ|>ったまま{$}だね。
fe/tuto_013.bin;0x2346;77 B6 99 CA;Mana Shot Star-vader, Neon
fe/tuto_013.bin;0x2346;8A A7 0D DA;ここからは<|実際|じっさい|>にプレイをしながら\n<|説明|せつめい|>をしていくね。
fe/tuto_013.bin;0x2346;44 6F 1E DA;メインフェイズになったね。
fe/tuto_013.bin;0x2346;B9 77 21 E0;{$336600}<|右側|みぎがわ|>のリアガード{$}で{$336600}インターセプト{$}\nしてね。
fe/tuto_013.bin;0x2346;B2 EF 13 E1;<|今|いま|>コールしたユニットをＡボタンで\n<|選択|せんたく|>してみて。
fe/tuto_013.bin;0x2346;3A 15 02 E3;<|手札|てふだ|>の{$336600}『<|追撃|ついげき|>の<|星輝兵|スターベイダー|> フェルミウム』{$}を\n<|選択|せんたく|>してみてね。
fe/tuto_013.bin;0x2346;89 42 DF E8;<|今回|こんかい|>はライドしないから、\n{$336600}Ｙボタンを<|押|お|>して{$}みて。
fe/tuto_013.bin;0x2346;99 E7 EF EE;{$336600}Ｙボタン{$}で{$336600}ノーガードを<|選択|せんたく|>{$}してね。
fe/tuto_013.bin;0x2346;E2 D8 A8 FF;Star-vader, Stellar Garage
fe/tuto_014.bin;0x1B69;7A FA 23 14;Bloating Deletor, Gio
fe/tuto_014.bin;0x1B69;EA 17 F4 1C;{$336600}デリート{$}されたヴァンガードは、\n{$336600}<|持|も|>ち<|主|ぬし|>のターンが<|終了|しゅうりょう|>{$}するまで、
fe/tuto_014.bin;0x1B69;59 80 BA 32;{$336600}パワーと<|能力|のうりょく|>テキストを<|失|うしな|>ってしまう{$}んだ。
fe/tuto_014.bin;0x1B69;A1 F8 3E 3A;そのユニットは{$336600}<|表向|おもてむ|>きになって{$}\n{$336600}ソウルに<|入|はい|>る{$}んだ。
fe/tuto_014.bin;0x1B69;64 44 0F 3D;Poisonous Deletor, Edda
fe/tuto_014.bin;0x1B69;53 23 25 42;Squirm Deletor, Lourelou
fe/tuto_014.bin;0x1B69;44 3A D8 42;<|今回|こんかい|>は{$336600}デリート{$}についての<|説明|せつめい|>をするよ。
fe/tuto_014.bin;0x1B69;08 88 D8 44;このユニットの<|能力|のうりょく|>はドライブチェックで\nグレード３のカードが<|出|で|>た<|時発動|ときはつどう|>するんだ。
fe/tuto_014.bin;0x1B69;16 4C 6F 4C;それじゃあ、{$336600}<|君|きみ|>のヴァンガード{$}で\n<|僕|ぼく|>のヴァンガードにアタックをしてみて。
fe/tuto_014.bin;0x1B69;F1 41 DA 54;ヴァンガードが{$336600}デリート{$}されていても\n{$336600}ライドやストライドはできる{$}んだ。
fe/tuto_014.bin;0x1B69;29 CF 10 62;Lunar Crescent Knight, Felax
fe/tuto_014.bin;0x1B69;6C 6F BC 6F;{$336600}<|元|もと|>に<|戻|もど|>らない{$}よ。
fe/tuto_014.bin;0x1B69;D9 F6 89 7C;ヴァンガードの<|能力|のうりょく|>が<|発動|はつどう|>したね。\n<|実際|じっさい|>に<|使|つか|>ってみよう。
fe/tuto_014.bin;0x1B69;61 C4 BA 85;ライドフェイズになったね。
fe/tuto_014.bin;0x1B69;8D 84 89 92;<|君|きみ|>の<|右前|みぎまえ|>のリアガードを<|退却|たいきゃく|>させて、\n<|僕|ぼく|>のヴァンガードを{$336600}デリート{$}してみてね。
fe/tuto_014.bin;0x1B69;9A 61 29 9F;<|実際|じっさい|>にためしてみようか。
fe/tuto_014.bin;0x1B69;0B 07 ED A1;{$336600}デリート{$}についての<|説明|せつめい|>は\nこれで<|終|お|>わりだよ。
fe/tuto_014.bin;0x1B69;8F 3A C4 A4;<|僕|ぼく|>のターンになってもヴァンガードは\n{$336600}<|裏向|うらむ|>き{$}のままだ。
fe/tuto_014.bin;0x1B69;F2 D7 98 A5;<|今君|いまきみ|>のヴァンガードサークルにいる\nユニットは{$336600}「<|蠢く根絶者|スクワーム・デリーター|> ルルヱルル」{$}。
fe/tuto_014.bin;0x1B69;1D E5 8D AC;{$336600}デリート{$}できたね。
fe/tuto_014.bin;0x1B69;5B 64 78 BC;デリートは、{$336600}<|特定|とくてい|>のユニットが<|持|も|>つ\nヴァンガードを<|無力化|むりょくか|>する<|能力|のうりょく|>{$}なんだ。
fe/tuto_014.bin;0x1B69;52 63 96 BC;Penetrate Deletor, Iggy
fe/tuto_014.bin;0x1B69;BD 94 62 C3;<|君|きみ|>のヴァンガードで\n<|僕|ぼく|>のヴァンガードにアタックをしてみてね。
fe/tuto_014.bin;0x1B69;EF 45 04 CF;ライドしてみるね。
fe/tuto_014.bin;0x1B69;0E AA 71 CF;これで<|君|きみ|>のターンは<|終了|しゅうりょう|>だね。
fe/tuto_014.bin;0x1B69;FF A6 BF D5;こんな<|風|ふう|>に、{$336600}デリート{$}されたユニットが\nライドされた<|時|とき|>は、
fe/tuto_014.bin;0x1B69;92 F2 76 DB;Acquire Deletor, Igor
fe/tuto_014.bin;0x1B69;AE 09 06 DE;ヴァンガードが{$336600}デリート{$}されると\n{$336600}<|裏向|うらむ|>き{$}になって……
fe/tuto_014.bin;0x1B69;D7 AF 7D F5;Blue Sky Knight, Altmile
fe/tuto_015.bin;0x1CC5;62 7F 4F 01;@0Dは、{$336600}メインフェイズ<|中|ちゅう|>{$}にコストを<|\n|\n|><|支払|しはら|>うことで{$336600}<|何度|なんど|>でも{$}<|使|つか|>える<|能力|のうりょく|>よ。
fe/tuto_015.bin;0x1CC5;C3 1E 56 03;<|今回|こんかい|>は{$336600}<|能力|のうりょく|>を<|発動|はつどう|>させない{$}から、\n{$336600}Ｙボタンで<|終了|しゅうりょう|>{$}を<|選択|せんたく|>してね。
fe/tuto_015.bin;0x1CC5;16 24 7B 0E;<|能力|のうりょく|>には、<|今回説明|こんかいせつめい|>した@0F・@0Eの<|他|ほか|>に\n@0Dの{$336600}<|起動能力|きどうのうりょく|>{$}もあるわ。
fe/tuto_015.bin;0x1CC5;A0 FB 15 13;<|能力|のうりょく|>を<|上手|うま|>く<|使|つか|>えば、ファイトを<|有利|ゆうり|>に\n<|進|すす|>められるから、<|試|ため|>してみてね。
fe/tuto_015.bin;0x1CC5;2F CE 1C 13;Goddess of Flower Divination, Sakuya
fe/tuto_015.bin;0x1CC5;9A 7B DF 16;<|効果|こうか|>を<|発動|はつどう|>する<|条件|じょうけん|>として、<|他|ほか|>に\n@13{$336600}ソウルチャージ{$}があるよ。
fe/tuto_015.bin;0x1CC5;6F A3 0D 18;<|今回|こんかい|>は{$336600}カードの<|能力|のうりょく|>とコストについて{$}\n<|説明|せつめい|>するよ。
fe/tuto_015.bin;0x1CC5;EA E0 4F 1D;<|手札|てふだ|>の{$336600}『ラック・バード』{$}を\nコールしてみて。
fe/tuto_015.bin;0x1CC5;9F 27 21 22;{$336600}『<|花占|はなうらな|>いの<|女神|めがみ|> サクヤ』{$}の\n<|自動能力|じどうのうりょく|>が<|発動|はつどう|>したの。
fe/tuto_015.bin;0x1CC5;5F 88 F1 22;Oracle Guardian, Gemini
fe/tuto_015.bin;0x1CC5;2C 60 32 27;こんな<|感|かん|>じで<|色々|いろいろ|>なコストがあるんだけど…\n<|下画面|したがめん|>の{$336600}<|能力|のうりょく|>テキスト{$}を<|見|み|>ると
fe/tuto_015.bin;0x1CC5;CC CB 1B 2C;『<|花占|はなうらな|>いの<|女神|めがみ|> サクヤ』の<|場合|ばあい|>は、\nあなたのターン<|中|ちゅう|>に、{$336600}<|手札|てふだ|>が４<|枚以上|まいいじょう|>{$}だと
fe/tuto_015.bin;0x1CC5;FD F7 70 30;その<|時|とき|>に『<|花占|はなうらな|>いの<|女神|めがみ|> サクヤ』の{$336600}パワーが{$}\n{$336600}プラスされた{$}んだけど、<|分|わ|>かった？
fe/tuto_015.bin;0x1CC5;3B 67 36 36;@15{$336600}は、カウンターブラスト{$}で、
fe/tuto_015.bin;0x1CC5;BE C0 71 3E;@14と@15の{$336600}<|両方|りょうほう|>{$}のコストが<|\n|\n|><|必要|ひつよう|>になるから<|注意|ちゅうい|>してね。
fe/tuto_015.bin;0x1CC5;DE B5 C6 3E;Oracle Guardian, Wiseman
fe/tuto_015.bin;0x1CC5;52 F1 F0 43;<|今度|こんど|>は<|自動能力|じどうのうりょく|>の<|後|うし|>ろに、\n@14{$336600}のアイコンと<|数字|すうじ|>{$}があるよね。
fe/tuto_015.bin;0x1CC5;E4 42 D1 50;{$336600}『コストを<|払|はら|>ってよい』{$}\nって<|書|か|>いてあるよね。
fe/tuto_015.bin;0x1CC5;C1 36 77 5B;{$336600}<|自動能力|じどうのうりょく|>{$}は\n@0Eのアイコンで<|表記|ひょうき|>される、
fe/tuto_015.bin;0x1CC5;36 8D 2C 62;これで、カードの<|能力|のうりょく|>とコストについての\n<|説明|せつめい|>は<|終|お|>わりよ。
fe/tuto_015.bin;0x1CC5;40 79 32 6A;<|手札|てふだ|>の{$336600}『<|花占|はなうらな|>いの<|女神|めがみ|> サクヤ』{$}に\n{$336600}ライド{$}してみてね。
fe/tuto_015.bin;0x1CC5;22 15 80 77;これは{$336600}ソウルブラスト{$}といって、\nヴァンガードの<|下|した|>にあるカード、
fe/tuto_015.bin;0x1CC5;E8 1F EB 78;{$336600}ソウル{$}を<|横|よこ|>の<|数字|すうじ|><|分|ぶん|>、ドロップゾーンに<|送|おく|>る\nことで<|能力|のうりょく|>が<|発動|はつどう|>することを<|表|あらわ|>しているんだ。
fe/tuto_015.bin;0x1CC5;0E EB 8E 7D;カードの<|能力|のうりょく|>は、<|全部|ぜんぶ|>で{$336600}３<|種類|しゅるい|>{$}あるの。\n<|実際|じっさい|>にプレイしながら<|説明|せつめい|>していくね。
fe/tuto_015.bin;0x1CC5;02 0F AB 84;@15と<|書|か|>いてある<|場合|ばあい|>、ダメージゾーンにある\n{$336600}<|表向|おもてむ|>き{$}のカードを{$336600}<|指定枚数分裏返|していまいすうぶんうらがえ|>す{$}ことで、
fe/tuto_015.bin;0x1CC5;54 EE 68 8F;<|確|たし|>かめてみてね。
fe/tuto_015.bin;0x1CC5;32 73 6C 8F;こんなふうに<|書|か|>かれている<|場合|ばあい|>は、\n<|能力|のうりょく|>が<|表示|ひょうじ|>された<|時|とき|>に、
fe/tuto_015.bin;0x1CC5;72 6A 42 96;こういう、<|効果|こうか|>を<|発動|はつどう|>するために<|必要|ひつよう|>な\n{$336600}『コスト』{$}は、<|他|ほか|>に@15があるよ。
fe/tuto_015.bin;0x1CC5;3D 6A 50 96;<|次|つぎ|>に、<|手札|てふだ|>の{$336600}『ラック・バード』{$}を\nコールしてみて。
fe/tuto_015.bin;0x1CC5;F7 5D 48 9D;{$336600}<|永続能力|えいぞくのうりょく|>によって{$}、{$336600}パワーが{$}\n{$336600}＋４０００{$}された<|状態|じょうたい|>になるの。
fe/tuto_015.bin;0x1CC5;BE A9 8C A8;Budding Maiden, Diane
fe/tuto_015.bin;0x1CC5;1E DC E4 AC;<|下画面|したがめん|>に、@0Fのアイコンが\n<|表示|ひょうじ|>されているよね。
fe/tuto_015.bin;0x1CC5;33 D0 8B B7;ちなみに、［@14⑧，@15⑤］みたいに２つ\n<|書|か|>かれている<|場合|ばあい|>は、
fe/tuto_015.bin;0x1CC5;2F A2 DF B8;{$336600}『<|花占|はなうらな|>いの<|女神|めがみ|> サクヤ』{$}を\n{$336600}Ａボタンで<|選択|せんたく|>{$}してね。
fe/tuto_015.bin;0x1CC5;CB 8D 67 BA;ライドしたら、【@0E】{$336600}<|自動能力|じどうのうりょく|>{$}が\n{$336600}<|下画面|したがめん|>に<|表示|ひょうじ|>{$}されたでしょ？
fe/tuto_015.bin;0x1CC5;4D 08 50 BE;これは、{$336600}<|条件|じょうけん|>を<|満|み|>たせば{$}\n{$336600}<|常|つね|>に<|効果|こうか|>が<|発生|はっせい|>{$}する{$336600}<|永続能力|えいぞくのうりょく|>{$}なのよ。
fe/tuto_015.bin;0x1CC5;7F B7 13 C1;<|他|ほか|>にどんな<|能力|のうりょく|>を<|持|も|>っているか、\nスライドパッドを<|左右|さゆう|>に<|入力|にゅうりょく|>して
fe/tuto_015.bin;0x1CC5;CA B2 7F C9;また@0E<|自動能力|じどうのうりょく|>が<|下画面|したがめん|>に<|表示|ひょうじ|>されたね。
fe/tuto_015.bin;0x1CC5;2C 73 82 CD;{$336600}<|自動能力|じどうのうりょく|>が<|発動|はつどう|>{$}して、あなたのフィールドの\nユニットがすべて<|手札|てふだ|>に<|戻|もど|>ったよね。
fe/tuto_015.bin;0x1CC5;D8 71 CC CE;Luck Bird
fe/tuto_015.bin;0x1CC5;17 89 CA D4;こうすれば、<|能力|のうりょく|>は<|発動|はつどう|>しないよ。\nコストを<|考|かんが|>えて<|能力|のうりょく|>を<|使|つか|>ってみてね。
fe/tuto_015.bin;0x1CC5;57 93 7B DA;コストを<|支払|しはら|>うんだ。
fe/tuto_015.bin;0x1CC5;2F DA F4 DA;まずは、{$336600}『<|花占|はなうらな|>いの<|女神|めがみ|> サクヤ』{$}に\n{$336600}ライド{$}してみてね。
fe/tuto_015.bin;0x1CC5;97 D4 20 DD;@13{$336600}ソウルチャージ{$}は、<|山札|やまふだ|>の<|上|うえ|>から<|\n|\n|><|指定枚数分|していまいすうぶん|>、{$336600}カードをソウルに<|入|い|>れる{$}の。
fe/tuto_015.bin;0x1CC5;0B 5B FC E1;あと、スライドパッドを<|左右|さゆう|>に<|入力|にゅうりょく|>すると、\n<|下画面|したがめん|>の<|能力|のうりょく|>のページが<|切|き|>り<|替|か|>わるんだ。
fe/tuto_015.bin;0x1CC5;AD 4E 9C E3;<|指定|してい|>の<|条件|じょうけん|>が<|満|み|>たされた<|時|とき|>に、\n{$336600}１<|度|ど|>だけ<|自動|じどう|>で<|発動|はつどう|>する<|能力|のうりょく|>{$}よ。
fe/tuto_015.bin;0x1CC5;D6 9C 5C EB;<|試|ため|>してみましょ。Ａボタンは<|押|お|>さないで、\n{$336600}Ｙボタンで<|終了|しゅうりょう|>{$}してみてね。
fe/tuto_015.bin;0x1CC5;56 02 EA FA;{$336600}『このユニットが@02に<|登場|とうじょう|>した<|時|とき|>』{$}\nという<|条件|じょうけん|>を<|満|み|>たしたから、
fe/tuto_015.bin;0x1CC5;DE 3A 60 FF;コストを<|支払|しはら|>わず、{$336600}<|能力|のうりょく|>を{$}\n{$336600}<|発動|はつどう|>させない{$}こともできるの。
fe/tuto_016.bin;0x2701;26 9F A5 02;Gunnergear Dracokid
fe/tuto_016.bin;0x2701;FA 8A 29 09;{$336600}<|右側|みぎがわ|>の<|前衛|ぜんえい|>のリアガード{$}にプラスしてね。
fe/tuto_016.bin;0x2701;43 0B 44 0E;パワーは{$336600}ヴァンガード{$}にプラスするよ。
fe/tuto_016.bin;0x2701;E6 90 93 10;{$336600}クリティカル２{$}のアタックだから\n{$336600}ダメージチェックは２<|回|かい|>{$}だ。
fe/tuto_016.bin;0x2701;88 CB 2D 11;@18{$336600}ヒールトリガー{$}<|が|で|>出たね。
fe/tuto_016.bin;0x2701;6A C3 BA 12;パワーをプラスする\nユニットを<|決|き|>めてみてね。
fe/tuto_016.bin;0x2701;F4 48 8E 1D;まずダメージを{$336600}１<|枚回復|まいかいふく|>{$}して、\n{$336600}ダメージが４になった<|後|あと|>{$}に、
fe/tuto_016.bin;0x2701;AE 44 A8 1D;<|後衛|こうえい|>のユニットで\n{$336600}ブースト{$}をするのも<|忘|わす|>れずにね。
fe/tuto_016.bin;0x2701;A1 16 B1 1F;クリティカルトリガーは、{$336600}<|好|す|>きなユニットの{$}\n{$336600}クリティカルを＋１{$}することができる。
fe/tuto_016.bin;0x2701;B9 E5 56 23;{$336600}ヴァンガードは{$336600}パワー１１０００{$}。
fe/tuto_016.bin;0x2701;E6 0C 75 24;アタックがヒットしたね。\n<|僕|ぼく|>のダメージチェックだ。
fe/tuto_016.bin;0x2701;53 51 06 30;どちらのアタックも\n<|通|とお|>る<|可能性|かのうせい|>があるんだけど……
fe/tuto_016.bin;0x2701;1B B1 3C 30;<|相手|あいて|>に{$336600}<|効率|こうりつ|>よくダメージを{$}\n{$336600<|与|あた|>える{$}ことができる<|場合|ばあい|>もあるから、
fe/tuto_016.bin;0x2701;AA 1F 75 30;{$336600}スタンドトリガー{$}が<|出|で|>ても、{$336600}スタンド{$}できる\nユニットがいないよね。
fe/tuto_016.bin;0x2701;75 55 5C 31;{$336600}<|左側|ひだりがわ|>のリアガード{$}で<|僕|ぼく|>のヴァンガードに\nアタックしてね。
fe/tuto_016.bin;0x2701;CB 0D AF 31;だからパワーの<|低|ひく|>い{$336600}<|右側|みぎがわ|>のリアガード{$}で\n<|先|さき|>にアタックしておこう。
fe/tuto_016.bin;0x2701;4E 68 BC 34;Absolute Blade Knight, Livarot
fe/tuto_016.bin;0x2701;E5 7C 05 38;<|左側|ひだりがわ|>のリアガードは<|僕|ぼく|>が{$336600}トリガーを２<|回|かい|>{$}\n{$336600}<|引|ひ|>いてもアタックが<|通|とお|>る{$}けど、
fe/tuto_016.bin;0x2701;AF DE 30 38;デッキに<|入|はい|>っている{$336600}トリガーの<|種類|しゅるい|>{$}や\n{$336600}<|場|ば|>の<|状況|じょうきょう|>{$}をよく<|考|かんが|>えてみてね。
fe/tuto_016.bin;0x2701;EE C0 D9 3E;まず、<|最初|さいしょ|>に{$336600}どのユニットから\nアタックするか{$}、だけど……
fe/tuto_016.bin;0x2701;2B 2F CE 3F;{$336600}クリティカルトリガーが<|出|で|>たね。
fe/tuto_016.bin;0x2701;24 82 DE 40;Shining Knight, Millius
fe/tuto_016.bin;0x2701;6F ED 88 44;それじゃあ、{$336600}<|右側|みぎがわ|>の<|前衛|ぜんえい|>のリアガード{$}に\nパワーをプラスしてみよう。
fe/tuto_016.bin;0x2701;7C 81 AB 45;{$336600}<|左側|ひだりがわ|>のリアガード{$}は、<|後衛|こうえい|>のブーストを\nプラスすると{$336600}パワー１８０００{$}で、
fe/tuto_016.bin;0x2701;A5 83 AB 45;<|次|つぎ|>のアタックで<|僕|ぼく|>がノーガード\nだった<|場合|ばあい|>……
fe/tuto_016.bin;0x2701;57 CB B2 45;<|上手|じょうず|>にアタックをすることで、{$336600}それ<|以上|いじょう|>の\nダメージ{$}を<|与|あた|>えられる<|可能性|かのうせい|>があるんだ。
fe/tuto_016.bin;0x2701;9C CD D9 47;{$336600}<|右側|みぎがわ|>のリアガード{$}で<|僕|ぼく|>のヴァンガードに\nアタックしよう。
fe/tuto_016.bin;0x2701;66 27 F7 4A;<|実際|じっさい|>のファイトでは、その<|時|とき|>の{$336600}<|場|ば|>の<|状況|じょうきょう|>{$}や\n{$336600}<|相手|あいて|>の<|残|のこ|>りトリガー<|数|すう|>{$}を<|考|かんが|>えて
fe/tuto_016.bin;0x2701;5C 11 0E 4C;Steam Battler, Dadasig
fe/tuto_016.bin;0x2701;2A C4 13 4F;こうやってカードが\nダメージゾーンに<|送|おく|>られるから、
fe/tuto_016.bin;0x2701;BF F7 A1 51;そのユニットを<|選|えら|>んで、{$336600}スタンド{$}してね。
fe/tuto_016.bin;0x2701;C4 53 80 59;{$336600}<|右側|みぎがわ|>のリアガード{$}でアタックしてね。
fe/tuto_016.bin;0x2701;38 47 6E 5C;ヴァンガードからアタックしてしまうと、\nその<|時|とき|>のドライブチェックで、
fe/tuto_016.bin;0x2701;E8 BD C8 61;{$336600}<|左側|ひだりがわ|>のリアガード{$}と、{$336600}ヴァンガード{$}だ。
fe/tuto_016.bin;0x2701;29 CF 10 62;Lunar Crescent Knight, Felax
fe/tuto_016.bin;0x2701;43 77 57 66;だから、<|今|いま|>のうちに{$336600}ヴァンガード{$}で\nアタックしておこう。
fe/tuto_016.bin;0x2701;DD 23 C4 67;Knight of Festival
fe/tuto_016.bin;0x2701;DA 7E A5 68;まずは{$336600}<|右側|みぎがわ|>のリアガード{$}で\n<|僕|ぼく|>のヴァンガードにアタックしよう。
fe/tuto_016.bin;0x2701;30 E7 DD 70;<|僕|ぼく|>のリアガードサークルにはリアガードが\nいないから{$336600}スタンド{$}はできないね。
fe/tuto_016.bin;0x2701;59 10 B7 72;それじゃあ、\n２<|枚目|まいめ|>のドライブチェックだ。
fe/tuto_016.bin;0x2701;65 B1 B8 76;腹時計付きのギアラビット
fe/tuto_016.bin;0x2701;79 B7 1D 81;{$336600}<|右側|みぎがわ|>のリアガード{$}のアタックは、\n{$336600}<|通|とお|>らなくなる{$}。
fe/tuto_016.bin;0x2701;58 14 27 82;{$336600}ヴァンガードのパワーが<|足|た|>りない<|時|とき|>{$}は\n{$336600}ヴァンガードにプラス{$}するけど、
fe/tuto_016.bin;0x2701;21 73 B9 8D;ヒールトリガーは、{$336600}ダメージを１<|枚回復|まいかいふく|>{$}して\n{$336600}パワーを＋５０００{$}できる。
fe/tuto_016.bin;0x2701;01 23 C3 92;{$336600}<|君|きみ|>のヴァンガードよりパワーが{$}\n{$336600}<|高|たか|>くなってしまう{$}よね。
fe/tuto_016.bin;0x2701;6F EB F7 95;Masergear Dragon
fe/tuto_016.bin;0x2701;D3 7C FE 95;{$336600}ヴァンガード{$}でアタックをしてみよう。
fe/tuto_016.bin;0x2701;E1 12 27 97;{$336600}スタンドトリガー{$}が<|出|で|>たけど……
fe/tuto_016.bin;0x2701;B3 C7 98 98;<|次|つぎ|>のアタックだね。\nこのアタックが<|通|とお|>った<|時|とき|>……
fe/tuto_016.bin;0x2701;E0 81 69 9D;<|例|たと|>えば、デッキに{$336600}スタンドトリガー{$}を\n<|入|い|>れている<|時|とき|>は……
fe/tuto_016.bin;0x2701;96 A4 FC 9E;これで、{$336600}アタックのコツ{$}についての\n<|説明|せつめい|>は<|終|お|>わりだよ。
fe/tuto_016.bin;0x2701;CD 24 BB 9F;もし<|次|つぎ|>のアタックの{$336600}ダメージチェック{$}で\n<|僕|ぼく|>が{$336600}トリガー{$}を<|引|ひ|>いた<|場合|ばあい|>、
fe/tuto_016.bin;0x2701;82 CE F9 A1;<|結果的|けっかてき|>にダメージは５で、\n{$336600}<|敗北|はいぼく|>にはならない{$}んだ。
fe/tuto_016.bin;0x2701;29 CF C4 AD;トリガーが<|出|で|>たから、{$336600}<|好|す|>きなユニットに{$}\n{$336600}パワーを＋５０００{$}できるよ。
fe/tuto_016.bin;0x2701;D4 BC D3 AF;<|今|いま|>みたいに、{$336600}アタックする<|順番|じゅんばん|>{$}と\n{$336600}トリガー<|効果|こうか|>{$}をうまく<|使|つか|>うと、
fe/tuto_016.bin;0x2701;F7 03 2E B3;{$336600}スタンドトリガー{$}が<|出|で|>たね。
fe/tuto_016.bin;0x2701;30 C6 76 B5;それじゃあ、<|実際|じっさい|>にプレイしながら\n<|教|おし|>えていくね。
fe/tuto_016.bin;0x2701;6B DC B9 B5;さあ、<|次|つぎ|>のアタックだね。
fe/tuto_016.bin;0x2701;D0 BB FD B9;だから<|今|いま|><|引|ひ|>いたトリガーの{$336600}パワー＋５０００{$}\nは{$336600}<|右側|みぎがわ|>のリアガード{$}に<|使|つか|>ってみよう。
fe/tuto_016.bin;0x2701;D0 61 A6 BB;<|今回|こんかい|>は{$336600}アタックのコツ{$}を\n<|説明|せつめい|>するね。
fe/tuto_016.bin;0x2701;9E 27 9E BC;<|君|きみ|>の{$336600}ヴァンガード{$}で<|僕|ぼく|>のヴァンガードに\nアタックをしてみて。
fe/tuto_016.bin;0x2701;6B 6E FC BC;<|僕|ぼく|>はヴァンガードの{$336600}パワーを{$}\n{$336600}＋５０００{$}できる。そうなると……
fe/tuto_016.bin;0x2701;26 3C 9A BE;それじゃあ<|僕|ぼく|>のダメージチェックだね。
fe/tuto_016.bin;0x2701;83 0C AC BE;Smokegear Dragon
fe/tuto_016.bin;0x2701;B6 93 C9 C0;もちろん、<|相手|あいて|>のガードを<|見越|みこ|>して<|左側|ひだりがわ|>の\nリアガードのパワーを<|上|あ|>げる<|場合|ばあい|>もあるから
fe/tuto_016.bin;0x2701;3D FB ED C0;Chronojet Dragon
fe/tuto_016.bin;0x2701;0C 5C 5B C3;{$336600}パワー＋５０００{$}はヴァンガードに<|使|つか|>うよ。
fe/tuto_016.bin;0x2701;D4 1E 50 C5;<|今|いま|>は、<|最初|さいしょ|>にアタックした{$336600}<|右側|みぎがわ|>のユニット{$}が\n{$336600}レスト{$}しているね。
fe/tuto_016.bin;0x2701;49 00 34 C6;{$336600}ヴァンガードを<|選|えら|>んでね。
fe/tuto_016.bin;0x2701;5D 4A A0 C6;{$336600}スタンドトリガー{$}は、{$336600}レスト{$}<|状態|じょうたい|>の\nユニットを{$336600}スタンド{$}することができるんだ。
fe/tuto_016.bin;0x2701;7C A4 D5 C6;{$336600}<|右側|みぎがわ|>の<|前衛|ぜんえい|>リアガード{$}を<|選|えら|>んで、\n{$336600}スタンド{$}してね。
fe/tuto_016.bin;0x2701;71 67 58 C7;{$336600}<|左側|ひだりがわ|>のリアガード{$}はさっきのトリガーで\n{$336600}パワーが＋５０００{$}されているから、
fe/tuto_016.bin;0x2701;33 74 2F C9;<|君|きみ|>のヴァンガードは{$336600}グレード３{$}だから、\n{$336600}２<|回|かい|>ドライブチェックができる{$}よ。
fe/tuto_016.bin;0x2701;E7 C2 F9 CC;Healing Pegasus
fe/tuto_016.bin;0x2701;E4 27 18 CF;<|今回|こんかい|>はヒットしているから、{$336600}<|左側|ひだりがわ|>の<|前衛|ぜんえい|>{$}\n{$336600}リアガード{$}にプラスしてみよう。
fe/tuto_016.bin;0x2701;27 DB 3D CF;<|左側|ひだりがわ|>の{$336600}<|前衛|ぜんえい|>リアガード{$}にプラスしてね。
fe/tuto_016.bin;0x2701;C1 12 70 D2;<|僕|ぼく|>はノーガードだよ。
fe/tuto_016.bin;0x2701;51 0F 4A D4;<|今回|こんかい|>のデッキには{$336600}スタンドトリガー{$}が\n<|入|はい|>っているから、
fe/tuto_016.bin;0x2701;EA 6C 30 D6;このアタックはヒットするから、\n{$336600}ヴァンガードのクリティカルを＋１{$}しておこう。
fe/tuto_016.bin;0x2701;DA 70 47 DD;<|僕|ぼく|>のダメージチェックでトリガーが出ると、\n{$336600}パワーがまた＋５０００される{$}から、
fe/tuto_016.bin;0x2701;3C 7C 7F E4;<|僕|ぼく|>のヴァンガードのパワーは\n{$336600}１１０００{$}だから、
fe/tuto_016.bin;0x2701;B6 F0 AD E4;<|右側|みぎがわ|>のリアガードは{$336600}トリガーを１<|枚|まい|>でも{$}\n{$336600}<|引|ひ|>かれると、アタックが<|通|とお|>らなくなる{$}よね。
fe/tuto_016.bin;0x2701;4A F3 8E E6;<|普通|ふつう|>にアタックすると、\n<|与|あた|>えられるダメージは{$336600}３{$}だけど
fe/tuto_016.bin;0x2701;6F E1 68 E8;<|君|きみ|>のフィールドには{$336600}ユニットが４<|体|たい|>いるから\nこのユニット<|達|たち|>で<|僕|ぼく|>にアタックをしていこう。
fe/tuto_016.bin;0x2701;66 76 CB E9;<|状況|　じょうきょう|>をよく<|見|み|>て<|順番|じゅんばん|>を<|決|き|>めよう。\n<|君|きみ|>の<|残|のこ|>りのアタックは{$336600}２<|回|かい|>{$}。
fe/tuto_016.bin;0x2701;82 FF CC EF;<|最後|さいご|>のアタックだ。{$336600}<|左側|ひだりがわ|>のリアガード{$}で\n<|僕|ぼく|>のヴァンガードをアタックしてみよう。
fe/tuto_016.bin;0x2701;D7 AF 7D F5;Blue Sky Knight, Altmile
fe/tuto_016.bin;0x2701;72 BB 58 F9;トリーガーはなしだね。\nこれで<|僕|ぼく|>の{$336600}ダメージは６{$}。<|君|きみ|>の<|勝|か|>ちだ。
fe/tuto_016.bin;0x2701;98 59 47 FB;ブースト<|込|こ|>みで、{$336600}パワー２３０００{$}。\n<|今|いま|>スタンドしたユニットは{$336600}パワー１１０００{$}。
fe/tuto_016.bin;0x2701;E1 D0 B1 FB;<|今|いま|>みたいに、{$336600}ダメージが５の<|時|とき|>{$}に\n{$336600}ヒールトリガー{$}を<|引|ひ|>くと
fe/tuto_016.bin;0x2701;9E AC 9A FC;アタックの<|順番|じゅんばん|>を<|決|き|>めるときは、{$336600}デッキの\n<|中|なか|>のトリガー{$}を<|考慮|こうりょ|>するようにしよう。
fe/tuto_017.bin;0x1958;72 7E 74 0A;それと、@12 を{$336600}ダメージゾーンが{$}\n{$336600}３<|枚|まい|><|以下|いか|>{$}でも<|使|つか|>えるようになる、
fe/tuto_017.bin;0x1958;BF 62 A3 1A;<|能力|のうりょく|>を<|持|も|>ったカードもあるから\n<|使|つか|>ってみるといいよ、
fe/tuto_017.bin;0x1958;04 C4 C8 2C;Knight of Elegant Skills, Gareth
fe/tuto_017.bin;0x1958;D8 78 49 30;<|他|ほか|>のユニットに{$336600}ライドされた<|時|とき|>に<|発動|はつどう|>{$}する\nものは{$336600}「ブレイクライド」{$}と<|呼|よ|>ばれるよ。
fe/tuto_017.bin;0x1958;92 94 75 32;これで、{$336600}リミットブレイク{$}の<|説明|せつめい|>は<|終|お|>わりだよ。
fe/tuto_017.bin;0x1958;41 E9 52 34;{$336600}「《ゴールドパラディン》がこのユニット{$}\n{$336600}にライドした<|時|とき|>」{$}の<|条件|じょうけん|>を、
fe/tuto_017.bin;0x1958;C4 05 FE 45;Dignified Gold Dragon
fe/tuto_017.bin;0x1958;A7 44 48 46;{$336600}ダメージゾーンのカードが５<|枚以上|まいいじょう|>{$}\nじゃないと{$336600}<|発動|はつどう|>しない{$}から<|注意|ちゅうい|>してね。
fe/tuto_017.bin;0x1958;E2 4C 9E 59;Solitary Liberator, Gancelot
fe/tuto_017.bin;0x1958;11 A8 90 5F;<|他|ほか|>にも{$336600}<|色々|いろいろ|>な<|能力|のうりょく|>{$}があるけど、\nどれも{$336600}<|強力|きょうりょく|>な<|能力|のうりょく|>ばかり{$}だから、
fe/tuto_017.bin;0x1958;6B 3B 63 61;<|能力|のうりょく|>を<|発動|はつどう|>できたね。これが{$336600}「<|孤高|ここう|>の<|解放者|リベレイター|>{$}\n{$336600}ガンスロット」{$}の{$336600}リミットブレイク{$}だ。
fe/tuto_017.bin;0x1958;E6 81 97 66;まずは<|君|きみ|>のヴァンガードの\n<|能力|のうりょく|>をみてみよう。
fe/tuto_017.bin;0x1958;C6 DE BD 77;{$336600}４<|枚以上|まいいじょう|>の<|時|とき|>{$}に<|発動|はつどう|>できる<|能力|のうりょく|>なんだ。
fe/tuto_017.bin;0x1958;7B 10 F7 78;Liberator of Silence, Gallatin
fe/tuto_017.bin;0x1958;DF AF 3A 8B;<|下画面|したがめん|>を<|見|み|>ると、<|効果|こうか|>の<|部分|ぶぶん|>に\n@12 がついてるよね。
fe/tuto_017.bin;0x1958;C6 76 17 9F;Elixir Liberator
fe/tuto_017.bin;0x1958;E1 76 5D A1;@12 は{$336600}リミットブレイク{$}と<|言|い|>って、<|\n|\n|><|自分|じぶん|>の{$336600}ダメージゾーンの<|枚数|まいすう|>{$}が
fe/tuto_017.bin;0x1958;8B 39 07 A7;{$336600}「ディグニファイド・ゴールド・ドラゴン」{$}を\nライドしてみよう。
fe/tuto_017.bin;0x1958;7C DE D3 B0;それじゃあ<|実際|じっさい|>に<|試|ため|>してみようか。
fe/tuto_017.bin;0x1958;D7 AF 86 B3;それじゃあ<|能力|のうりょく|>を<|使|つか|>ってみようか。
fe/tuto_017.bin;0x1958;BC CF 8E B6;ちなみにアイコンが@1E  となっているのは\n{$336600}「アルティメットブレイク」{$}って<|言|い|>って、
fe/tuto_017.bin;0x1958;D2 F3 1F BB;<|下画面|したがめん|>に@0E{$336600}<|自動能力|じどうのうりょく|>{$}が<|表示|ひょうじ|>されたね。
fe/tuto_017.bin;0x1958;96 54 39 C1;{$336600}「ディグニファイド・ゴールド・ドラゴン」{$}を\nライドしてみてね。
fe/tuto_017.bin;0x1958;1C F4 26 E3;この<|能力|のうりょく|>のように\nリミットブレイクの<|中|なか|>でも、
fe/tuto_017.bin;0x1958;01 9A E1 F0;<|今回|こんかい|>は{$336600}リミットブレイク{$}を\n<|説明|せつめい|>するね。
fe/tuto_017.bin;0x1958;94 0D 4C F1;<|満|み|>たしたから<|能力|のうりょく|>が<|発動|はつどう|>したんだ。
fe/tuto_017.bin;0x1958;28 DB B7 F4;リミットブレイクを<|持|も|>つカードをデッキに\n<|入|い|>れた<|時|とき|>は、<|積極的|せっきょくてき|>に<|使|つか|>ってみてね。
fe/tuto_017.bin;0x1958;D7 AF 7D F5;Blue Sky Knight, Altmile
fe/tuto_019.bin;0x1BFE;26 9F A5 02;Gunnergear Dracokid
fe/tuto_019.bin;0x1BFE;B9 76 E1 1E;{$336600}<|多|おお|>めにガードを<|出|だ|>していた{$}から……\n{$336600}このアタックは<|通|とお|>らない{$}よ。
fe/tuto_019.bin;0x1BFE;7A AB E5 25;<|僕|ぼく|>のアタックステップになったね。
fe/tuto_019.bin;0x1BFE;4E 68 BC 34;Absolute Blade Knight, Livarot
fe/tuto_019.bin;0x1BFE;D4 80 E1 37;Steam Knight, Ubara-tutu
fe/tuto_019.bin;0x1BFE;24 82 DE 40;Shining Knight, Millius
fe/tuto_019.bin;0x1BFE;C8 F6 ED 47;{$336600}ダメージが６{$}になると{$336600}<|敗北|はいぼく|>{$}してしまうから、\nこのアタックは{$336600}<|絶対|ぜったい|>にガード{$}しないとね。
fe/tuto_019.bin;0x1BFE;1B C9 AF 4B;<|今回|こんかい|>は{$336600}ガードする<|時|とき|>のコツ{$}を\n<|説明|せつめい|>するよ。
fe/tuto_019.bin;0x1BFE;45 FB 82 55;『スチームメイデン ウルル』のシールドの<|値|あたい|>が\nヴァンガードのパワーにプラスされたね。
fe/tuto_019.bin;0x1BFE;F0 F8 89 5D;これで、<|君|きみ|>のヴァンガードのパワーは\n@07２００００になったね。
fe/tuto_019.bin;0x1BFE;29 CF 10 62;Lunar Crescent Knight, Felax
fe/tuto_019.bin;0x1BFE;C4 ED 29 6D;{$336600}『スチームメイデン ウルル』{$}を\n{$336600}Ａボタン{$}で<|選択|せんたく|>してみて。
fe/tuto_019.bin;0x1BFE;66 7C C7 79;<|手札|てふだ|>にあるグレード２のカードは\n{$336600}ガードに<|使|つか|>えない{$}よ。
fe/tuto_019.bin;0x1BFE;15 D8 0C 7A;@07１５０００になって、\nアタックがヒットするかもしれない。
fe/tuto_019.bin;0x1BFE;68 C9 7B 87;Burning Mane Lion
fe/tuto_019.bin;0x1BFE;B5 82 AB 98;コールできたね。
fe/tuto_019.bin;0x1BFE;01 35 FF 9B;Smithereen Colossus
fe/tuto_019.bin;0x1BFE;62 38 E6 A1;ダメージゾーンのカードが５<|枚|まい|>だから\n<|今|いま|>、<|君|きみ|>の{$336600}ダメージは５{$}だ。
fe/tuto_019.bin;0x1BFE;46 F9 EF A4;パワーを＋５０００することが\nできるから、
fe/tuto_019.bin;0x1BFE;47 C2 79 A7;Ｙボタンを<|押|お|>して<|決定|けってい|>しよう。
fe/tuto_019.bin;0x1BFE;68 ED 42 A9;<|僕|ぼく|>のヴァンガードは\n@07１００００だ。
fe/tuto_019.bin;0x1BFE;6E 7C 90 AF;トリガーが<|出|で|>ても<|大丈夫|だいじょうぶ|>なように、\n{$336600}『スチームナイト シュ・シン』{$}も<|出|だ|>して
fe/tuto_019.bin;0x1BFE;A5 2E 14 BD;じゃあいくよ。ドライブチェック！
fe/tuto_019.bin;0x1BFE;83 0C AC BE;Smokegear Dragon
fe/tuto_019.bin;0x1BFE;3D FB ED C0;Chronojet Dragon
fe/tuto_019.bin;0x1BFE;5A AF 47 C1;Ｙボタンを<|押|お|>して<|決定|けってい|>してね。
fe/tuto_019.bin;0x1BFE;55 82 4E CC;もし<|僕|ぼく|>のドライブチェックで\n{$336600}トリガーが<|出|で|>たら{$}、
fe/tuto_019.bin;0x1BFE;61 37 62 CC;Steam Knight, Shu Sin
fe/tuto_019.bin;0x1BFE;58 36 10 D3;まずはアタックステップまで\n<|進|すす|>めよう。
fe/tuto_019.bin;0x1BFE;FC A2 3F D7;{$336600}『スチームメイデン ウルル』を{$336600}<|選択|せんたく|>{$}してね。
fe/tuto_019.bin;0x1BFE;EF 3A 42 D7;アタックを<|受|う|>ける<|前|まえ|>に、\n<|君|きみ|>のダメージを<|確認|かくにん|>してみよう。
fe/tuto_019.bin;0x1BFE;78 6A 0D DA;Steam Maiden, Uluru
fe/tuto_019.bin;0x1BFE;C5 35 2E DB;ヴァンガードよりもグレードが<|高|たか|>いカードは\nガードに<|出|だ|>せないから、
fe/tuto_019.bin;0x1BFE;BB C3 4D DE;それじゃあ、<|僕|ぼく|>のヴァンガードで\n<|君|きみ|>のヴァンガードにアタックするよ。
fe/tuto_019.bin;0x1BFE;BC 42 B0 DF;<|君|きみ|>のヴァンガードは\n@07１５０００になって、
fe/tuto_019.bin;0x1BFE;08 B0 7D E1;こんなふうに、{$336600}トリガーのことも{$}\n{$336600}<|考|かんが|>えて{$}ガードをしてみてね。
fe/tuto_019.bin;0x1BFE;83 6E 9B E6;{$336600}クリティカルトリガー{$}が<|出|で|>たけど、\nトリガーが<|出|で|>ても<|大丈夫|だいじょうぶ|>なように
fe/tuto_019.bin;0x1BFE;8E D4 07 EB;{$336600}２<|枚|まい|>のカード{$}でガードをしてみよう。
fe/tuto_019.bin;0x1BFE;57 40 1F F1;<|手札|てふだ|>のグレード０の\nカードでガードしてみよう。
fe/tuto_019.bin;0x1BFE;6C 5D EB F4;グレード０のカードを\n２<|枚選択|まいせんたく|>して、ガードしてね。
fe/tuto_019.bin;0x1BFE;83 1D 94 F6;<|今|いま|>、<|君|きみ|>のヴァンガードはグレード０だね。
fe/tuto_019.bin;0x1BFE;B3 72 55 FA;これで、ガードのコツについての\n<|説明|せつめい|>は<|終|お|>わりだよ。
fe/tuto_020.bin;0x1FFA;9D 28 89 01;<|前列|ぜんれつ|>のリアガードで@0B{$336600}インターセプト{$}してね。
fe/tuto_020.bin;0x1FFA;26 9F A5 02;Gunnergear Dracokid
fe/tuto_020.bin;0x1FFA;92 EA 99 03;<|自動能力|じどうのうりょく|>が<|発動|はつどう|>したね。
fe/tuto_020.bin;0x1FFA;36 A0 18 0A;<|今回|こんかい|>は{$336600}<|特殊|とくしゅ|>なガード{$}についての\n<|説明|せつめい|>をするよ。
fe/tuto_020.bin;0x1FFA;89 E1 A0 0A;「<|引|ひ|>っ<|込|こ|>み<|思案|じあん|>のギアレイヴン」は{$336600}<|守護者|センチネル|>{$}\nと<|言|い|>って、<|能力|のうりょく|>を<|使用|しよう|>することで、
fe/tuto_020.bin;0x1FFA;11 2D ED 0B;<|自分|じぶん|>のデッキに<|合|あ|>わせて、\n{$336600}２タイプの<|守護者|センチネル|>を<|選|えら|>ぶ<|事|こと|>が<|重要|じゅうよう|>{$}だよ。
fe/tuto_020.bin;0x1FFA;C2 5B 3F 0F;ダメージゾーンのカードを<|選択|せんたく|>してね。
fe/tuto_020.bin;0x1FFA;08 A1 F0 12;じゃあ<|僕|ぼく|>は{$336600}<|残|のこ|>りのリアガードで\nアタック{$}するよ。
fe/tuto_020.bin;0x1FFA;45 BE 99 13;<|守護者|センチネル|>のカードは、{$336600}デッキに４<|枚|まい|>までしか\n<|入|い|>れられない{$}から<|注意|ちゅうい|>してね。
fe/tuto_020.bin;0x1FFA;DB 4E FE 15;<|前列|ぜんれつ|>のリアガードで@0B{$336600}インターセプト{$}を\nしてみて。
fe/tuto_020.bin;0x1FFA;CC 52 B2 23;{$336600}「<|引|ひ|>っ<|込|こ|>み<|思案|じあん|>のギアレイヴン」{$}を<|選択|せんたく|>してね。
fe/tuto_020.bin;0x1FFA;37 C4 FA 25;<|手札|てふだ|>のカード（コスト）も<|頭|あたま|>に<|入|い|>れて<|使|つか|>おう。
fe/tuto_020.bin;0x1FFA;79 19 F7 26;コストを<|払|はら|>えたみたいだね。\nそれじゃ{$336600}Ｙボタンを<|押|お|>して{$}<|決定|けってい|>してね。
fe/tuto_020.bin;0x1FFA;5A 00 2D 29;Withdrawn Gear Raven
fe/tuto_020.bin;0x1FFA;DC 7B 32 2F;まずは、ガードについて<|今|いま|>まで\n<|覚|おぼ|>えたことをおさらいしよう。
fe/tuto_020.bin;0x1FFA;25 16 09 31;{$336600}<|特殊|とくしゅ|>なガードをすることができる{$}んだ。
fe/tuto_020.bin;0x1FFA;73 1E 59 32;うん、ガードできたね。\n<|次|つぎ|>は{$336600}ヴァンガードでアタック{$}するから、
fe/tuto_020.bin;0x1FFA;4E 68 BC 34;Absolute Blade Knight, Livarot
fe/tuto_020.bin;0x1FFA;24 82 DE 40;Shining Knight, Millius
fe/tuto_020.bin;0x1FFA;C2 16 0C 42;<|今度|こんど|>は、<|手札|てふだ|>の{$336600}「スチームメイジ エンナーダ」{$}\nを<|出|だ|>してみてね。
fe/tuto_020.bin;0x1FFA;A2 1D 07 44;どんなアタックでも<|防|ふせ|>げる\n<|強力| きょうりょく|>なカードだけど……
fe/tuto_020.bin;0x1FFA;92 95 76 4B;「スチームメイジ エンナーダ」は、さっきの\n<|守護者|センチネル|>と{$336600}<|違|ちが|>う<|能力|のうりょく|>を<|持|も|>っている{$}んだ。
fe/tuto_020.bin;0x1FFA;5C 11 0E 4C;Steam Battler, Dadasig
fe/tuto_020.bin;0x1FFA;E1 50 83 53;<|次|つぎ|>にコストとして、{$336600}<|手札|てふだ|>のカードを\n１<|枚|まい|><|捨|す|>てる{$}んだ。
fe/tuto_020.bin;0x1FFA;09 4D B0 58;カードによっては<|捨|す|>てるカードに{$336600}クランの{$}\n{$336600}<|指定|してい|>がある<|場合|ばあい|>もある{$}から<|注意|ちゅうい|>してね。
fe/tuto_020.bin;0x1FFA;2D 61 5F 5E;{$336600}ガーディアンサークルに<|直接|ちょくせつ|>コール{$}\n{$336600}する<|能力|のうりょく|>{$}を<|持|も|>っているんだ。
fe/tuto_020.bin;0x1FFA;29 CF 10 62;Lunar Crescent Knight, Felax
fe/tuto_020.bin;0x1FFA;88 8D 48 6C;{$336600}<|使用|しよう|>したバトル<|中|ちゅう|>、アタックが\nヒットしなくなる<|能力|のうりょく|>{$}を<|持|も|>っているんだ。
fe/tuto_020.bin;0x1FFA;37 A8 F6 75;それじゃあコストを<|選|えら|>んでみようか。
fe/tuto_020.bin;0x1FFA;3E 44 55 7A;<|手札|てふだ|>の{$336600}「<|引|ひ|>っ<|込|こ|>み<|思案|じあん|>のギアレイヴン」{$}を\nガーディアンサークルにコールしてみよう。
fe/tuto_020.bin;0x1FFA;15 B5 6B 7D;まずは「<|引|ひ|>っ<|込|こ|>み<|思案|じあん|>のギアレイヴン」の<|能力|のうりょく|>を\n<|使|つか|>ってみよう。
fe/tuto_020.bin;0x1FFA;85 BF 19 8C;Steam Mage, En-narda
fe/tuto_020.bin;0x1FFA;E6 85 48 8D;<|僕|ぼく|>のアタックフェイズだ。\n<|君|きみ|>のヴァンガードにアタックするよ。
fe/tuto_020.bin;0x1FFA;89 50 1E 92;コストを<|払|はら|>い<|終|お|>えたね。\nさあ、<|能力|のうりょく|>が<|発動|はつどう|>するよ。
fe/tuto_020.bin;0x1FFA;6F EB F7 95;Masergear Dragon
fe/tuto_020.bin;0x1FFA;71 D0 9F 9C;{$336600}『クロノジェット・ドラゴン』{$}\nを<|選択|せんたく|>してね。
fe/tuto_020.bin;0x1FFA;EF E7 52 9F;{$336600}<|能力|のうりょく|>を<|持|も|>つユニットが<|選択|せんたく|>できなくなる{$}\nから、<|覚|おぼ|>えておいてね。
fe/tuto_020.bin;0x1FFA;F3 A9 1E A1;{$336600}「スチームメイジ エンナーダ」{$}を<|選択|せんたく|>してね。
fe/tuto_020.bin;0x1FFA;A7 78 66 A9;{$336600}「スチームメイジ エンナーダ」{$}の<|能力|のうりょく|>を\n<|使|つか|>ってみよう。
fe/tuto_020.bin;0x1FFA;C8 7B 12 AE;<|他|ほか|>のユニットを{$336600}<|先|さき|>にＡボタンで\n<|選択|せんたく|>している<|場合|ばあい|>{$}には、
fe/tuto_020.bin;0x1FFA;FD 82 EA B2;この<|守護者|センチネル|>は、<|能力|のうりょく|>を<|発動|はつどう|>するための\nコストとして、@15①が<|必要|ひつよう|>だよ。
fe/tuto_020.bin;0x1FFA;83 0C AC BE;Smokegear Dragon
fe/tuto_020.bin;0x1FFA;3D FB ED C0;Chronojet Dragon
fe/tuto_020.bin;0x1FFA;71 EC 34 C5;それから、{$336600}ガーディアンサークルへ\nコールした<|時|とき|>に<|能力|のうりょく|>が<|発動|はつどう|>するユニット{$}は
fe/tuto_020.bin;0x1FFA;4E B8 1A C7;<|守護者|センチネル|>には{$336600}２<|種類|しゅるい|>のタイプがある{$}んだけど、
fe/tuto_020.bin;0x1FFA;D2 98 64 CA;そのユニットを{$336600}Ａボタンで<|選択|せんたく|>する{$}と\n<|他|ほか|>のユニットを{$336600}<|選択|せんたく|>できなくなる{$}んだ。
fe/tuto_020.bin;0x1FFA;74 55 98 CB;「スチームメイジ エンナーダ」を<|選択|せんたく|>してね。
fe/tuto_020.bin;0x1FFA;5C A2 02 CD;「スチームメイジ エンナーダ」は、\n{$336600}<|山札|やまふだ|>の<|上|うえ|>から５<|枚|まい|>のカードを{$}
fe/tuto_020.bin;0x1FFA;52 3F B5 D1;<|僕|ぼく|>のアタックをガードできたね。\n「<|引|ひ|>っ<|込|こ|>み<|思案|じあん|>のギアレイヴン」は、
fe/tuto_020.bin;0x1FFA;76 CC 75 D7;{$336600}Ｙボタンを<|押|お|>して{$}、<|決定|けってい|>してね。
fe/tuto_020.bin;0x1FFA;78 6A 0D DA;Steam Maiden, Uluru
fe/tuto_020.bin;0x1FFA;D2 96 3B DC;<|今回|こんかい|>は{$336600}『クロノジェット・ドラゴン』{$}\nをコストにしてね。
fe/tuto_020.bin;0x1FFA;81 3D 6D E5;{$336600}<|手札|てふだ|>からカードを１<|枚|まい|><|捨|す|>てないと{$}\n{$336600}いけない{$}んだ。
fe/tuto_020.bin;0x1FFA;D7 AF 7D F5;Blue Sky Knight, Altmile
fe/tuto_020.bin;0x1FFA;78 A0 0B F6;これで、<|特殊|とくしゅ|>なガードについての<|説明|せつめい|>は\n<|終|お|>わりだよ。
fe/tuto_020.bin;0x1FFA;C0 B1 D4 F6;ただし、<|山札|やまふだ|>のカードによっては、{$336600}シールド{$}\n{$336600}が<|足|た|>りない{$}<|可能性|かのうせい|>もあるから<|気|き|>を<|付|つ|>けてね。
fight/_fight_yesno.bin;0x0AFA;E9 F4 69 76;<|あいうえおかきくけこさしすせそたちつてと|あいうえおかきくけこさしすせそたちつてと|>
fight/btn_help.bin;0x0ECA;EF DE B9 02;バインドゾーン
fight/btn_help.bin;0x0ECA;FA D3 50 05;フェイズ終了
fight/btn_help.bin;0x0ECA;9C 9A C0 10;公開する
fight/btn_help.bin;0x0ECA;A8 B4 00 16;交換しない
fight/btn_help.bin;0x0ECA;9A 46 81 1A;Ｇゾーン
fight/btn_help.bin;0x0ECA;93 5A BE 1D;戻る
fight/btn_help.bin;0x0ECA;B5 FD 41 21;退却させない
fight/btn_help.bin;0x0ECA;04 11 42 23;見ない
fight/btn_help.bin;0x0ECA;BC 34 93 35;Ｇアシスト
fight/btn_help.bin;0x0ECA;75 4B 00 44;山札に戻さない
fight/btn_help.bin;0x0ECA;E4 CE 58 4A;する
fight/btn_help.bin;0x0ECA;D1 89 82 50;選択
fight/btn_help.bin;0x0ECA;67 6A 21 58;山札
fight/btn_help.bin;0x0ECA;BC 63 46 59;ノーガード
fight/btn_help.bin;0x0ECA;88 3D 44 5D;確認
fight/btn_help.bin;0x0ECA;EF D0 3F 5E;決定
fight/btn_help.bin;0x0ECA;46 ED 5D 6D;引かない
fight/btn_help.bin;0x0ECA;E9 94 11 6E;終了
fight/btn_help.bin;0x0ECA;EF 8F 63 70;再ライドしない
fight/btn_help.bin;0x0ECA;AD C2 A6 70;ゲーム外
fight/btn_help.bin;0x0ECA;EB 97 EE 81;交換を終了する
fight/btn_help.bin;0x0ECA;AE E9 09 83;ソウル
fight/btn_help.bin;0x0ECA;B8 A8 3B 88;公開しない
fight/btn_help.bin;0x0ECA;02 B4 F6 94;ブーストしない
fight/btn_help.bin;0x0ECA;7B A1 04 95;ガード
fight/btn_help.bin;0x0ECA;34 39 25 9C;リストに戻る
fight/btn_help.bin;0x0ECA;AC 79 26 A3;引く
fight/btn_help.bin;0x0ECA;27 52 6E A9;見る
fight/btn_help.bin;0x0ECA;D1 E1 7B AB;ドロップゾーン
fight/btn_help.bin;0x0ECA;F5 E8 53 BC;ガーディアンサークル
fight/btn_help.bin;0x0ECA;65 40 55 C7;フィールド確認
fight/btn_help.bin;0x0ECA;A1 5C C3 CF;ステップ終了
fight/btn_help.bin;0x0ECA;3D DA 50 D6;ソウル／ハーツ
fight/btn_help.bin;0x0ECA;59 FE 4A D9;ハーツ
fight/btn_help.bin;0x0ECA;2C 12 DA F2;しない
fight/btn_help.bin;0x0ECA;C2 50 B3 F8;交換する
fight/fight_result.bin;0x9789;6A B1 AB 37;メニューに<|戻|もど|>る
fight/fight_result.bin;0x9789;3F DE A3 7E;マップに<|戻|もど|>る
fight/fight_result.bin;0x9789;DD 8F 08 C9;もう<|一度|いちど|>ファイトする
fight/fight_signup.bin;0x8690;2F 6F 68 89;<|対戦相手|たいせんあいて|>の<|評価|ひょうか|>を<|変更|へんこう|>して<|下|くだ|>さい\n（<|評価|ひょうか|>は<|後|あと|>からでも<|変更|へんこう|>できます）
fight/fighter_info.bin;0x191E;42 FF 78 66;<|先導|せんどう|> アイチ
fight/fighter_info.bin;0x191E;A9 D0 4D F5;<|森川|もりかわ|> カツミ
fight/help_window.bin;0x0932;E9 F4 69 76;<|あいうえおかきくけこさしすせそたちつてと|あいうえおかきくけこさしすせそたちつてと|>
fight/sys_menu.bin;0x0FEB;86 B0 4B 20;アタックエフェクトや<|一部|いちぶ|>エフェクトの<|表示|ひょうじ|>・<|非表示|ひひょうじ|>を<|変更|へんこう|>します。
fight/sys_menu.bin;0x0FEB;C1 14 D1 25;<|投了|とうりょう|>します。<|通信|つうしん|>ファイトでは５ターン<|目|め|>まで<|行|おこな|>えません。
fight/sys_menu.bin;0x0FEB;0B AF A8 27;ファイナルターンを<|宣言|せんげん|>します。
fight/sys_menu.bin;0x0FEB;04 B3 E0 7C;ＶＯＩＣＥのＯＮ・ＯＦＦを<|変更|へんこう|>します。
fight/sys_menu.bin;0x0FEB;E1 CA 5B CA;<|各種項目|かくしゅこうもく|>とＧアシストステップのスキップのＯＮ/ＯＦＦを<|変更|へんこう|>します。
fight/sys_menu.bin;0x0FEB;70 F2 08 FF;カットインの<|表示|ひょうじ|>・<|非表示|ひひょうじ|>を<|変更|へんこう|>します。
